n_atoms,stable_atoms,mol_stable,smiles
20,19,0,[H]OC([H])([H])C1([H])C([H])([H])C12C([H])([H])C2([H])C([H])([H])O
16,16,1,[H]C([H])([H])C1([H])C2([H])OC(=O)N3C2([H])C31[H]
15,15,1,[H]OC1([H])c2c([H])c([H])c([H])n2C1([H])[H]
22,22,1,[H]C([H])([H])C1(C([H])([H])[H])C([H])([H])C2([H])C([H])([H])C([H])([H])C21[H]
18,17,0,
16,16,1,[H]OC12C3([H])C([H])([H])C1([H])C2(C#N)C3([H])[H]
23,23,1,[H]N1C2([H])C([H])([H])OC([H])(C2([H])[H])C1(OC([H])([H])[H])C([H])([H])[H]
14,10,0,[H]C1=C([H])C2NNN([H])C2C([H])=C1[H]
15,15,1,[H]N([H])C1(C#N)N([H])C2([H])C([H])([H])C12[H]
18,18,1,[H]C1([H])OC2([H])N1C([H])([H])C(=O)C([H])([H])C2([H])[H]
19,17,0,
17,17,1,[H]OC([H])([H])C1([H])C2(C#N)OC3([H])C2([H])C31[H]
19,18,0,[H]C([H])([H])N=C1OC([H])([H])C1C1([H])C([H])([H])C1([H])[H]
21,21,1,[H]C1=C(C([H])([H])[H])N=C(C([H])([H])N([H])C([H])([H])[H])C1([H])[H]
19,19,1,[H]C1([H])OC([H])([H])C2(OC([H])(C#N)C2([H])[H])C1([H])[H]
19,19,1,[H]C(=O)C([H])([H])C1(C([H])([H])[H])C([H])([H])C2([H])OC21[H]
16,16,1,[H]OC1(C([H])=O)C2([H])N([H])C3([H])C1([H])C23[H]
20,20,1,[H]OC([H])([H])OC([H])([H])C1([H])C([H])([H])N2C([H])([H])C21[H]
13,13,1,[H]C#Cc1nc(=N[H])n([H])nc1[H]
19,19,1,[H]OC1([H])C([H])=C([H])C2([H])C([H])(O[H])C([H])([H])C12[H]
15,15,1,[H]c1c(C2([H])C(=O)C2([H])[H])nn([H])c1[H]
25,25,1,[H]C(=O)C([H])([H])C(C([H])([H])[H])(C([H])([H])C([H])([H])[H])C([H])([H])C([H])([H])[H]
16,16,1,[H]C#CC1([H])OC(C#N)(C([H])([H])[H])C1([H])[H]
21,20,0,[H]OC([H])([H])C([H])C([H])([H])N1C([H])(O[H])C1([H])C([H])([H])[H]
16,15,0,[H]C1=C([H])C([H])([H])C2([H])N(C1C#N)C2([H])[H]
20,19,0,
20,20,1,[H]OC([H])(C([H])([H])C([H])([H])[H])C1([H])C([H])([H])C1([H])C#N
14,13,0,[H]C1=C(C([H])([H])[H])C(N([H])[H])OC1=O
15,15,1,[H]N=C(C([H])=O)C1(C#N)C([H])([H])C1([H])[H]
19,18,0,[H]C(=O)C(N(C([H])=O)C([H])([H])[H])C([H])([H])C([H])([H])[H]
14,14,1,[H]c1nc(C([H])([H])[H])c([H])n([H])c1=O
15,15,1,[H]N(C(=O)C(=O)OC([H])([H])[H])C([H])([H])[H]
16,16,1,[H]OC1([H])N([H])C([H])([H])C1([H])N([H])C([H])=O
19,19,1,[H]OC([H])([H])C1([H])C2([H])C([H])([H])C([H])([H])C12C([H])=O
18,17,0,[H]N=C1OC([H])N2C([H])([H])C1([H])C2([H])C([H])([H])[H]
19,18,0,[H]OC1([H])C([H])([H])N2C3([H])C([H])C([H])(C3([H])[H])C21[H]
19,18,0,[H]C1=C([H])C2([H])N(C1[H])C21C([H])([H])C([H])([H])C1([H])[H]
23,23,1,[H]OC1(C([H])([H])C([H])([H])[H])C([H])([H])C([H])([H])C1([H])OC([H])([H])[H]
14,13,0,[H]C#CC([H])([H])C1C([H])([H])OC1([H])[H]
11,11,1,[H]N=c1oc([H])c(F)nc1F
17,17,1,[H]N(C(=O)C(=O)C([H])([H])C([H])([H])[H])C([H])([H])[H]
16,16,1,[H]C1=C([H])C2([H])OC1([H])C2(C#N)C([H])([H])[H]
19,19,1,[H]C1=C([H])C(C([H])([H])[H])(C([H])([H])[H])C([H])([H])C(=O)O1
21,21,1,[H]N([H])C(=O)C([H])([H])C1([H])N([H])C1([H])C([H])([H])C([H])([H])[H]
17,17,1,[H]N1C([H])([H])C2([H])OC2([H])C1(C#N)C([H])([H])[H]
17,16,0,
17,17,1,[H]OC1(C#N)C([H])([H])OC([H])([H])C1([H])C([H])=O
17,17,1,[H]C([H])([H])C([H])([H])C1(C([H])([H])C#N)OC1([H])[H]
19,19,1,[H]C1=C(C([H])([H])[H])C2([H])N([H])C2(C([H])([H])[H])C1([H])[H]
19,18,0,[H]OC([H])([H])C1([H])N([H])C2(O)C([H])([H])C2([H])C1([H])[H]
19,19,1,[H]OC([H])([H])C12N(C(C([H])([H])[H])=NC1([H])[H])C2([H])[H]
18,18,1,[H]C(=O)C1(C([H])([H])[H])C(=O)C([H])([H])C([H])([H])N1[H]
19,19,1,[H]OC(=O)C([H])([H])C1(O[H])C([H])([H])C1([H])C([H])([H])[H]
18,18,1,[H]OC([H])(C#CC([H])([H])C([H])([H])OC([H])=O)O[H]
25,25,1,[H]OC([H])([H])C([H])([H])C(C([H])([H])[H])(C([H])([H])[H])C1([H])C([H])([H])C1([H])[H]
17,17,1,[H]C#CC([H])([H])N(C([H])=N[H])C1([H])OC1([H])[H]
20,20,1,[H]C([H])([H])C([H])([H])C12OC3([H])C([H])(C1=O)C([H])([H])C32[H]
16,16,1,[H]OC1(C#N)N([H])C(C([H])([H])[H])=NC1([H])[H]
18,18,1,[H]C#CC1([H])N=C([H])C([H])=C1C([H])([H])C([H])([H])[H]
17,16,0,[H]N([H])C1C(C([H])([H])C#N)=NC([H])([H])C1([H])[H]
19,19,1,[H]C([H])([H])OC(=O)C([H])([H])C([H])([H])C(=O)C([H])([H])[H]
19,19,1,[H]C([H])([H])C([H])(C#N)N1C([H])([H])C2([H])C([H])([H])C12[H]
18,18,1,[H]OC1(C([H])([H])N([H])C([H])([H])[H])C([H])([H])C1([H])[H]
17,17,1,[H]C1=C(N([H])[H])C([H])([H])C([H])=C(N([H])[H])C1=O
16,16,1,[H]C#CC1(O[H])OC([H])([H])C2([H])N([H])C12[H]
17,17,1,[H]C#CC12C3([H])C4([H])C3([H])C1(C([H])([H])[H])C42[H]
18,17,0,[H]C#CC1([H])C([H])(O)C([H])([H])C1([H])C([H])([H])O[H]
14,14,1,[H]C([H])([H])C1(C#N)C([H])([H])C1([H])C#N
20,20,1,[H]c1c2c(n([H])c1[H])OC([H])([H])C2(N([H])[H])C([H])([H])[H]
25,24,0,
23,23,1,[H]C([H])([H])OC1([H])C([H])(C([H])([H])[H])C12C([H])([H])C([H])([H])C2([H])[H]
17,17,1,[H]OC1(N([H])[H])C2([H])C([H])(C([H])([H])[H])C12C#N
19,17,0,[H]OC([H])([H])C1C(C([H])([H])C([H])([H])[H])=NN([H])C1[H]
18,18,1,[H]C#CC([H])([H])C([H])([H])C#CC([H])([H])C([H])([H])[H]
13,13,1,[H]C(=O)C(C#N)=C([H])OC([H])([H])[H]
20,20,1,[H]C(=O)C1([H])N2C([H])(C([H])([H])C([H])([H])[H])C21C([H])([H])[H]
15,15,1,[H]OC1([H])OC2([H])C(=C1C([H])=O)C2([H])[H]
14,14,1,[H]C#CC1([H])C(=O)OC(=O)C1([H])O[H]
17,16,0,
18,18,1,[H]OC([H])([H])C1([H])OC12C1([H])N([H])C([H])([H])C12[H]
21,21,1,[H]OC([H])([H])C#CC([H])(O[H])C([H])(C([H])([H])[H])C([H])([H])[H]
18,16,0,
19,19,1,[H]OC1([H])C([H])([H])C2(O[H])C([H])([H])C3([H])C1([H])C32[H]
20,20,1,[H]OC([H])([H])C12N([H])C13C(=NC([H])([H])C3([H])[H])C2([H])[H]
19,19,1,[H]N=C([H])N([H])C1([H])C([H])(O[H])C1([H])OC([H])([H])[H]
19,19,1,[H]OC1([H])C([H])([H])C2([H])N([H])C1(OC([H])=O)C2([H])[H]
18,18,1,[H]N([H])C([H])([H])C1=NC([H])([H])C(=NC([H])([H])[H])O1
22,22,1,[H]C1=NC([H])([H])C(C([H])([H])[H])(C([H])([H])N([H])C([H])([H])[H])N1[H]
13,13,1,[H]N=c1onc([H])c(O[H])c1O[H]
18,18,1,[H]OC12C([H])([H])C3([H])N4C([H])([H])C3([H])C1([H])C42[H]
21,20,0,[H]C1OC([H])([H])C1([H])OC([H])([H])N(C([H])([H])[H])C([H])([H])[H]
18,18,1,[H]N=C(C([H])([H])N([H])C([H])=O)C1([H])N([H])C1([H])[H]
7,7,1,[H]c1nnoc1[H]
19,18,0,[H]C1=C(C([H])([H])[H])C([H])([H])N=C1C([H])([H])OC([H])[H]
16,16,1,[H]c1nc2c(n1C([H])([H])[H])OC([H])([H])N2[H]
26,26,1,[H]C([H])([H])N1C([H])(C([H])([H])[H])C1(C([H])([H])[H])C([H])(C([H])([H])[H])C([H])([H])[H]
16,16,1,[H]C1([H])OC2([H])C([H])([H])C2(C#N)OC1([H])[H]
17,17,1,[H]OC([H])([H])C(=O)N([H])C(=O)N([H])C([H])([H])[H]
19,19,1,[H]C(=O)C([H])([H])C1(OC(=O)N([H])[H])C([H])([H])C1([H])[H]
16,16,1,[H]C([H])([H])C(=O)C1([H])OC2([H])C([H])([H])C12[H]
24,24,1,[H]C1=C([H])C([H])(C([H])([H])[H])C([H])([H])C([H])(N([H])C([H])([H])[H])C1([H])[H]
20,20,1,[H]OC12N([H])C([H])([H])C3([H])C([H])([H])C1([H])C3([H])C2([H])[H]
21,21,1,[H]C([H])([H])C([H])([H])C1([H])OC2([H])C3([H])C([H])([H])C3([H])C12[H]
22,22,1,[H]C([H])([H])C1([H])OC([H])(C([H])([H])[H])C([H])(C([H])([H])[H])C1([H])[H]
16,15,0,[H]N([H])C(=O)C([H])([H])C#CC([H])([H])[H]
21,21,1,[H]OC([H])(C([H])([H])[H])C([H])(OC([H])([H])[H])C1([H])OC1([H])[H]
20,20,1,[H]OC1(C([H])([H])[H])N2C([H])(C([H])([H])[H])C3([H])C2([H])C13[H]
16,15,0,[H]N=C1ON=C([H])C([H])C(C([H])([H])[H])=C1[H]
20,20,1,[H]C1=C([H])C2([H])C([H])([H])C([H])([H])C2([H])OC(=O)C1([H])[H]
27,27,1,[H]OC([H])([H])C([H])(C([H])([H])[H])C([H])([H])C([H])([H])C([H])([H])C([H])([H])C([H])([H])[H]
19,19,1,[H]N([H])C1=C2C3([H])N1C3([H])C([H])([H])C2([H])C([H])([H])[H]
14,14,1,[H]OC1([H])C([H])([H])N=C([H])C1([H])C#N
17,16,0,[H]OC([H])([H])C1C(=O)C([H])([H])C(N([H])[H])=C1[H]
18,17,0,
19,19,1,[H]C(=O)C1([H])C([H])(C([H])([H])[H])C12C([H])([H])OC2([H])[H]
16,16,1,[H]C1=C([H])C([H])=C([H])C([H])([H])N([H])C(=O)O1
21,21,1,[H]N1C([H])([H])C2([H])C1([H])C([H])(C([H])([H])[H])C2([H])C([H])([H])[H]
16,14,0,[H]C(=O)N([H])C1C([H])C([H])=NN1C([H])([H])[H]
17,17,1,[H]C1=C([H])C([H])(C([H])([H])[H])C2([H])N3C1([H])C32[H]
19,17,0,
20,20,1,[H]OC([H])([H])C(N([H])C([H])=O)(C([H])([H])[H])C([H])([H])O[H]
22,22,1,[H]OC([H])(C([H])([H])[H])C([H])([H])C([H])(N([H])C([H])=O)C([H])([H])[H]
16,16,1,[H]C#CC([H])(c1nonc1O[H])C([H])([H])[H]
23,23,1,[H]N1C([H])([H])C([H])([H])C1([H])C([H])([H])C([H])([H])C([H])([H])C([H])([H])[H]
22,22,1,[H]OC([H])([H])C1([H])C([H])(O[H])C([H])([H])C2(C([H])([H])[H])OC12[H]
15,15,1,[H]Oc1nc([H])n(C(=O)C([H])([H])[H])c1[H]
12,12,1,[H]C1([H])C2([H])OC3([H])C1([H])C23[H]
14,13,0,[H]C1=C([H])C([H])([H])C(C#N)C(=O)N1[H]
16,16,1,[H]C#CC1([H])C([H])=C(C([H])=O)C([H])([H])N1[H]
17,17,1,[H]N=C([H])c1noc(C([H])([H])[H])c1C([H])([H])[H]
20,20,1,[H]C1=C([H])C2([H])C([H])([H])C2([H])C1([H])C([H])([H])C([H])([H])[H]
16,16,1,[H]C1=C([H])C([H])([H])c2c(nn([H])c2[H])N1[H]
20,20,1,[H]N1C([H])([H])C2([H])C([H])([H])C([H])(C(=O)C([H])([H])[H])C12[H]
17,17,1,[H]OC1([H])C([H])=C(C([H])=O)C([H])([H])C1([H])O[H]
21,21,1,[H]OC1([H])C([H])([H])OC([H])(C([H])([H])[H])C1(O[H])C([H])([H])[H]
21,21,1,[H]C(=O)C([H])(C([H])([H])[H])C12C([H])([H])C1(C([H])([H])[H])C2([H])[H]
19,18,0,
23,23,1,[H]OC1([H])N2C([H])([H])C([H])(C([H])([H])[H])C1(O[H])C2([H])C([H])([H])[H]
16,16,1,[H]N([H])C(=O)C1([H])OC2(C([H])([H])[H])OC12[H]
23,22,0,[H]C1N(C([H])([H])[H])C2(C([H])([H])C([H])([H])[H])C([H])([H])C12C([H])([H])[H]
14,14,1,[H]n1nnn(C([H])([H])C([H])([H])[H])c1=O
22,22,1,[H]C([H])([H])N1C2([H])OC2(C([H])([H])[H])C1(C([H])([H])[H])C([H])([H])[H]
21,21,1,[H]OC12C([H])([H])C([H])(C([H])=C([H])C1([H])C([H])([H])[H])C2([H])[H]
15,14,0,[H]OC([H])([H])C1([H])N=C([H])C(C([H])=O)O1
19,19,1,[H]OC1([H])C([H])([H])C2([H])C([H])([H])C([H])([H])N([H])C12[H]
14,14,1,[H]C#CC([H])([H])C#COC(=O)N([H])[H]
19,19,1,[H]OC([H])([H])N=C([H])N(C([H])=O)C([H])([H])C([H])([H])[H]
19,19,1,[H]C([H])([H])OC([H])([H])C1([H])C([H])([H])OC(=O)C1([H])[H]
19,19,1,[H]C#CC([H])([H])OC1([H])C2([H])C([H])([H])C([H])([H])C12[H]
21,21,1,[H]OC([H])(C([H])([H])C#N)C([H])([H])N([H])C([H])([H])C([H])([H])[H]
17,17,1,[H]C1([H])C([H])([H])C2([H])C3([H])C([H])([H])C1([H])C23[H]
19,18,0,[H]ON=C1OC([H])(C([H])([H])[H])C([H])C1([H])C([H])([H])[H]
17,17,1,[H]N=C1OC([H])([H])C([H])=C1C1([H])N([H])C1([H])[H]
17,17,1,[H]C#CC1([H])N2C([H])([H])C2([H])C1([H])OC([H])=O
18,18,1,[H]OC([H])([H])C(=O)C(=O)N(C([H])([H])[H])C([H])([H])[H]
16,16,1,[H]N=C1C([H])([H])C23OC([H])([H])C12C([H])([H])O3
16,15,0,[H]C1=C(C([H])([H])[H])C([H])([H])C(=O)C2([H])OC12
19,18,0,[H]N1C([H])([H])C(=O)C(C([H])([H])[H])C1([H])OC([H])([H])[H]
21,21,1,[H]OC1([H])C([H])(OC([H])([H])[H])OC1([H])C([H])([H])C([H])([H])[H]
19,18,0,
16,14,0,
13,13,1,[H]OC([H])([H])C1=C([H])OC(=O)C1=O
18,18,1,[H]N(C(=O)C([H])([H])[H])C1(C([H])([H])[H])N([H])C1([H])[H]
17,16,0,[H]C([H])([H])ONC(=O)C([H])([H])C1([H])OC1([H])[H]
17,15,0,[H]N([H])C(N=N)=C(O)N([H])C([H])([H])C([H])([H])[H]
23,23,1,[H]OC1([H])C([H])([H])OC(C([H])([H])[H])(C([H])([H])C([H])([H])[H])C1([H])[H]
15,14,0,[H]C1=C2C(=NOC2[H])C([H])([H])OC1([H])[H]
19,19,1,[H]C#CC1([H])N([H])C(=N[H])C([H])([H])C([H])([H])C1([H])[H]
20,20,1,[H]OC([H])([H])C1(O[H])N(C([H])([H])[H])C2([H])C([H])([H])C21[H]
21,21,1,[H]C1=C([H])C([H])(C([H])([H])C([H])([H])C([H])([H])[H])C([H])([H])C1=O
16,16,1,[H]C1=C(C([H])=C([H])C([H])([H])N([H])[H])OC1=O
23,22,0,[H]C#CC([H])([H])C([H])([H])C([H])([H])C(=N[H])C([H])([H])C([H])([H])[H]
18,18,1,[H]OC(=O)C([H])(OC([H])([H])[H])N([H])C([H])([H])O[H]
13,13,1,[H]C#CC([H])([H])c1noc(O[H])n1
15,15,1,[H]OC1(O[H])C2([H])C3(OC3([H])[H])C12O[H]
14,13,0,
25,25,1,[H]OC([H])(C([H])([H])N([H])C([H])([H])[H])C([H])([H])C([H])(N([H])[H])C([H])([H])[H]
24,24,1,[H]N=C([H])C([H])(C([H])([H])O[H])C([H])([H])C([H])(C([H])([H])[H])C([H])([H])[H]
18,17,0,
14,14,1,[H]C#CC([H])(C([H])=O)C(=O)C([H])([H])[H]
19,19,1,[H]C(=O)C#CC([H])([H])C1([H])OC([H])([H])C([H])([H])N1[H]
16,16,1,[H]C([H])([H])N1C([H])([H])C12OC(=O)OC2([H])[H]
16,14,0,
13,13,1,[H]OC1=C(N([H])[H])OC(=O)C1([H])[H]
18,18,1,[H]C1=C([H])N([H])C(=O)C([H])([H])C([H])(C([H])([H])[H])O1
16,16,1,[H]C1([H])N2C1([H])C13OC4([H])C([H])([H])C21C43[H]
18,18,1,[H]N=C([H])OC1([H])C(=O)C([H])([H])C([H])([H])C1([H])[H]
14,14,1,[H]OC([H])(C([H])([H])[H])C([H])(C#N)C#N
15,15,1,[H]C(=O)C1([H])C([H])([H])C([H])([H])C1([H])C#N
14,14,1,[H]C([H])([H])C12OC1([H])C1([H])N2C1([H])[H]
16,16,1,[H]c1nn(C(=O)N([H])[H])c([H])c1C([H])([H])[H]
15,13,0,
20,20,1,[H]OC12OC1([H])C1([H])OC1([H])C2(C([H])([H])[H])C([H])([H])[H]
17,17,1,[H]N1C(=O)C2([H])N([H])C23C1([H])C3([H])C([H])([H])[H]
19,19,1,[H]OC1([H])C([H])(OC(=O)C([H])([H])[H])C1([H])C([H])([H])[H]
15,15,1,[H]OC1([H])C2([H])OC(=O)C3([H])C1([H])C23[H]
21,21,1,[H]OC([H])([H])C([H])([H])C1(O[H])C([H])([H])C2([H])C([H])([H])C21[H]
20,19,0,[H]NC1([H])C([H])([H])C1([H])C1([H])C2([H])N([H])C([H])([H])C21[H]
17,17,1,[H]N1C([H])([H])C2([H])OC2(C#N)C1([H])C([H])([H])[H]
18,18,1,[H]N1C([H])([H])C([H])([H])C2([H])OC([H])([H])C(=O)C12[H]
23,23,1,[H]N(C([H])([H])[H])C1([H])C([H])([H])C(=NC([H])([H])[H])C([H])([H])C1([H])[H]
17,17,1,[H]c1c(C([H])([H])C([H])([H])[H])c(N([H])[H])nn1[H]
20,20,1,[H]OC([H])([H])C([H])(C#N)C([H])([H])N(C([H])=O)C([H])([H])[H]
18,18,1,[H]N1C2([H])C([H])([H])C#CC3([H])C([H])([H])C3([H])C12[H]
17,16,0,[H]OC([H])([H])C1C([H])([H])C([H])([H])C2([H])OC12[H]
17,17,1,[H]n1nc(C([H])([H])C([H])([H])[H])nc1C([H])([H])[H]
19,18,0,[H]C1OC2(C1([H])[H])C([H])([H])C2(C([H])([H])[H])C([H])([H])[H]
17,17,1,[H]C1([H])OC2([H])C([H])([H])C([H])(O1)C21OC1([H])[H]
19,19,1,[H]C(=O)C1([H])C([H])([H])C1([H])N(C([H])([H])[H])C([H])([H])[H]
17,17,1,[H]C(=O)C12OC1([H])C([H])(C([H])([H])[H])C([H])=C2[H]
18,18,1,[H]Oc1noc([H])c1C([H])([H])C([H])([H])C([H])([H])[H]
15,15,1,[H]C(=O)C([H])(OC([H])([H])[H])C([H])([H])C#N
18,18,1,[H]N([H])C(=O)C([H])([H])C1(C([H])([H])[H])N([H])C1([H])[H]
21,21,1,[H]N1C([H])([H])C1([H])C1([H])C([H])([H])C([H])([H])C1([H])C([H])([H])[H]
21,21,1,[H]C1([H])OC1([H])C1([H])C([H])([H])C12C([H])([H])C([H])([H])C2([H])[H]
16,15,0,[H]N=C(C(O[H])C([H])([H])[H])N([H])C(=O)O[H]
21,20,0,[H]C1C([H])([H])N(C([H])([H])C(=O)C([H])([H])C([H])([H])[H])C1([H])[H]
14,14,1,[H]OC1([H])N=C(C([H])=O)C1([H])C([H])=O
15,13,0,
18,18,1,[H]OC([H])(C([H])=O)C([H])(O[H])C([H])([H])C([H])([H])[H]
16,15,0,
14,13,0,
20,20,1,[H]OC([H])([H])C([H])(C([H])=O)C([H])([H])N([H])C([H])([H])C#N
19,19,1,[H]N(C([H])([H])C#N)C([H])([H])C([H])(N([H])[H])C([H])([H])[H]
18,18,1,[H]C([H])([H])C([H])([H])C1([H])C(=O)OC([H])([H])C1([H])[H]
17,17,1,[H]OC1(C([H])([H])[H])C2([H])C([H])([H])C([H])([H])C21[H]
21,21,1,[H]N1C([H])([H])C1(C([H])([H])[H])C([H])([H])C1([H])C([H])([H])C1([H])[H]
19,19,1,[H]C1=C([H])C2(OC2([H])[H])C2(C([H])([H])[H])C([H])([H])C12[H]
22,21,0,
20,20,1,[H]OC([H])(C([H])([H])[H])C12OC([H])(C1([H])[H])C2([H])C([H])=O
22,22,1,[H]OC1([H])OC([H])([H])C([H])(C([H])([H])[H])N([H])C1([H])C([H])([H])[H]
19,19,1,[H]N([H])C12N3C4([H])C3([H])C1([H])C4([H])C([H])([H])C2([H])[H]
20,19,0,[H]OC([H])([H])C([H])([H])N([H])C(C#N)C([H])([H])C([H])([H])[H]
16,16,1,[H]C([H])([H])N1C([H])([H])C2([H])C([H])(C#N)C12[H]
16,16,1,[H]N=C1C([H])=NC2([H])N([H])C2([H])C([H])=C1[H]
19,17,0,[H]OC1C([H])=C(C([H])([H])[H])C([H])=C([H])C1C([H])([H])[H]
25,25,1,[H]N(C([H])([H])C([H])([H])[H])C([H])([H])C1(N([H])[H])C([H])([H])C1([H])C([H])([H])[H]
20,20,1,[H]N(C([H])([H])[H])C1(C#N)N([H])C([H])([H])C([H])([H])C1([H])[H]
12,12,1,[H]Oc1oc([H])c(C#N)c1O[H]
19,19,1,[H]N1C2([H])C([H])([H])C2([H])C12N1C([H])([H])C1([H])C2([H])[H]
21,21,1,[H]OC1([H])C(C([H])([H])[H])=C([H])C([H])([H])C1(O[H])C([H])([H])[H]
22,22,1,[H]OC1([H])C([H])([H])C([H])([H])C12C([H])([H])C1([H])OC2([H])C1([H])[H]
22,22,1,[H]OC([H])([H])C([H])([H])C([H])(N([H])C([H])([H])[H])C1([H])OC1([H])[H]
17,17,1,[H]C(=O)C([H])([H])C([H])(C([H])=O)C1([H])OC1([H])[H]
13,11,0,
14,12,0,
18,18,1,[H]C([H])([H])C12OC3([H])N1C1([H])C3([H])C12C([H])([H])[H]
16,16,1,[H]N=C1OC([H])([H])C([H])(OC([H])([H])[H])N1[H]
21,21,1,[H]C([H])([H])C([H])([H])C([H])([H])C1([H])OC([H])([H])C([H])([H])C1=O
21,21,1,[H]OC([H])([H])C1([H])C([H])([H])C([H])=C([H])C([H])(O[H])C1([H])[H]
25,25,1,[H]C([H])([H])OC([H])([H])C1([H])C([H])(C([H])([H])[H])C1(C([H])([H])[H])C([H])([H])[H]
21,21,1,[H]C1=C([H])C2([H])C([H])(C1([H])[H])C1([H])C([H])([H])C21C([H])([H])[H]
15,13,0,
20,19,0,[H]C(OC([H])([H])[H])C12OC(C([H])([H])[H])(C1([H])[H])C2([H])[H]
14,13,0,
21,21,1,[H]OC12C([H])([H])OC([H])([H])C1(C([H])([H])[H])C2([H])C([H])([H])[H]
18,18,1,[H]N([H])C12C3([H])OC1([H])C2([H])C1([H])C([H])([H])C31[H]
17,17,1,[H]N([H])c1nc(OC([H])([H])[H])c(C([H])([H])[H])o1
14,12,0,[H]N1C(N=N)=C(O)OC([H])([H])C1([H])[H]
17,17,1,[H]C#CC1([H])OC([H])([H])C(O[H])(O[H])C1([H])[H]
16,15,0,
19,19,1,[H]N1C2([H])N3C([H])([H])OC([H])([H])C3([H])C1([H])C2([H])[H]
15,15,1,[H]Oc1c([H])c([H])c([H])c([H])c(=O)c1[H]
14,11,0,[H]C(=O)C1C(=O)N([H])NC1C([H])([H])[H]
20,20,1,[H]N1C(=O)C([H])([H])C(OC([H])([H])[H])(C([H])([H])[H])C1([H])[H]
19,19,1,[H]C1([H])OC([H])([H])C2([H])OC([H])(C([H])([H])O1)C2([H])[H]
19,19,1,[H]C([H])([H])C(=O)C([H])([H])C([H])(C([H])([H])[H])C([H])([H])[H]
18,17,0,[H]OC([H])([H])C1OC([H])([H])C12C([H])([H])C2([H])O[H]
12,12,1,[H]C#CC(=O)C(=O)N([H])C([H])=O
16,16,1,[H]Oc1nn([H])c([H])c1C1([H])N([H])C1([H])[H]
23,23,1,[H]N1C2([H])N(C([H])([H])[H])C([H])([H])C1(C([H])([H])[H])C2([H])C([H])([H])[H]
21,21,1,[H]OC([H])([H])C1(C([H])(N([H])[H])C2([H])OC2([H])[H])OC1([H])[H]
13,9,0,
23,23,1,[H]OC1([H])C2([H])N([H])C([H])([H])C2([H])C2([H])C([H])([H])C12C([H])([H])[H]
14,14,1,[H]OC12OC(=O)C1([H])N1C([H])([H])C12[H]
15,15,1,[H]C([H])([H])c1nnnn(C([H])([H])[H])c1=O
21,21,1,[H]N1C([H])([H])C([H])([H])C1(C([H])([H])[H])C([H])(C#N)C([H])([H])[H]
17,17,1,[H]N=C1OC(=O)N(C([H])([H])[H])C([H])([H])C1([H])[H]
17,17,1,[H]C(=O)C12OC1([H])C1([H])C([H])([H])C([H])([H])C21[H]
23,23,1,[H]C1=C(C([H])([H])C([H])([H])[H])OC(C([H])([H])[H])(C([H])([H])[H])C1([H])[H]
17,17,1,[H]N1C(=O)N2C3([H])C1([H])C2([H])C3([H])C([H])([H])[H]
19,19,1,[H]OC1([H])C([H])([H])C(=NC([H])([H])[H])C1([H])C([H])([H])[H]
15,15,1,[H]C1=NC2(OC2([H])[H])C([H])([H])C([H])=C1[H]
17,17,1,[H]OC([H])(N([H])C(=O)N([H])[H])C([H])([H])N([H])[H]
14,14,1,[H]N=C1OC([H])([H])C([H])=C([H])OC1=O
18,18,1,[H]OC([H])([H])C12C([H])([H])C3([H])C([H])(C1([H])[H])C32[H]
27,27,1,[H]N([H])C([H])([H])C([H])([H])C([H])([H])N(C([H])([H])[H])C([H])(C([H])([H])[H])C([H])([H])[H]
14,14,1,[H]Oc1nc(C#N)nc(C([H])([H])[H])n1
19,19,1,[H]N=C1OC([H])([H])C1(C([H])([H])[H])C([H])([H])C([H])([H])[H]
18,18,1,[H]c1nc2c(nc1[H])N([H])C([H])([H])C([H])([H])N2[H]
20,20,1,[H]OC([H])(C#N)C([H])([H])C(O[H])(C([H])([H])[H])C([H])([H])[H]
23,23,1,[H]C1=C([H])C([H])([H])C([H])(C([H])([H])C([H])([H])C([H])([H])[H])OC1([H])[H]
18,18,1,[H]OC([H])([H])C([H])([H])N([H])c1nc([H])n([H])c1[H]
16,16,1,[H]OC12C(=O)C([H])([H])C([H])([H])C1([H])C2([H])[H]
18,17,0,[H]N=C1OC([H])([H])C([H])(O[H])C1N([H])C([H])([H])[H]
19,19,1,[H]N1C(=O)C2(N([H])C([H])([H])C2([H])[H])C([H])([H])C1([H])[H]
20,20,1,[H]C1=C([H])C2([H])N([H])C2(C([H])([H])[H])C1([H])OC([H])([H])[H]
21,21,1,[H]C([H])([H])OC(=O)C1([H])C([H])([H])C1([H])C([H])([H])C([H])([H])[H]
23,23,1,[H]OC([H])(C([H])([H])[H])C1([H])OC([H])([H])C([H])([H])C1([H])C([H])([H])[H]
15,11,0,[H]OC([H])([H])C1N=C([H])C([H])C([H])C1[H]
18,18,1,[H]N1C([H])([H])C1([H])C#CC([H])([H])C1([H])OC1([H])[H]
18,18,1,[H]N=C(C#N)C([H])([H])N=C(C([H])([H])[H])C([H])([H])[H]
14,14,1,[H]OC12C([H])(C#N)N3N([H])C1([H])C32[H]
18,18,1,[H]OC1([H])C([H])([H])C1([H])N=C([H])C(=O)C([H])([H])[H]
20,20,1,[H]N1C([H])([H])C12C([H])([H])OC1([H])C([H])([H])C([H])([H])C12[H]
21,21,1,[H]C(=NC1(C([H])([H])[H])C([H])([H])C12N([H])C2([H])[H])C([H])([H])[H]
16,14,0,
13,12,0,[H]OC1=C([H])C(N([H])[H])C(=O)N1[H]
19,18,0,[H]N1C2(C([H])([H])[H])C3([H])C([H])(O)C3([H])C12C([H])([H])[H]
14,12,0,
17,17,1,[H]OC([H])([H])C1([H])N2C3([H])C([H])([H])C([H])([H])C213
19,19,1,[H]C(=O)N([H])C([H])([H])C([H])([H])C(=O)C1([H])OC1([H])[H]
16,15,0,[H]N=C1C([H])=NC([H])([H])C([H])=C([H])C1O[H]
19,19,1,[H]C(=O)OC12C([H])([H])C([H])([H])C([H])([H])C1([H])C2([H])[H]
16,16,1,[H]OC([H])([H])C([H])(c1nc([H])no1)N([H])[H]
18,18,1,[H]C([H])([H])C1=NC([H])([H])N2C([H])([H])N3C1([H])C23[H]
20,19,0,
17,17,1,[H]C(=O)N1C([H])([H])C1([H])C([H])(C#N)C([H])([H])[H]
16,16,1,[H]OC([H])([H])C1([H])N([H])C2(C#N)N([H])C21[H]
19,18,0,[H]C1=C2C(C([H])([H])OC1([H])[H])C1([H])OC1([H])C2([H])[H]
20,19,0,
21,21,1,[H]N=C1N2C([H])([H])C(C([H])([H])[H])(C2([H])[H])C1([H])C([H])([H])[H]
18,18,1,[H]C([H])([H])C([H])([H])C([H])([H])N1C([H])([H])C1([H])C#N
15,15,1,[H]c1c(C([H])([H])C([H])([H])[H])oc(=O)n1[H]
17,17,1,[H]C1([H])N2C(=O)C3([H])N1C2([H])C([H])([H])C3([H])[H]
18,18,1,[H]OC([H])([H])C1(C#N)OC([H])([H])C([H])([H])C1([H])[H]
18,17,0,[H]C#CC(=O)N([H])C(C([H])=O)C([H])([H])C([H])([H])[H]
23,23,1,[H]C([H])([H])C([H])([H])OC([H])([H])C1(C([H])([H])[H])C([H])([H])OC1([H])[H]
19,19,1,[H]N=C(O[H])C1(C([H])([H])[H])C([H])([H])C1([H])C([H])([H])[H]
17,16,0,[H]C1N2C([H])([H])C2([H])C12C1([H])OC([H])([H])C12[H]
19,19,1,[H]C([H])([H])N1C(=O)C([H])([H])C2([H])N(C([H])([H])[H])C12[H]
17,17,1,[H]C([H])([H])OC12OC([H])(C1([H])[H])C1([H])OC12[H]
22,22,1,[H]C1=C(C([H])([H])[H])C(N([H])[H])(C2([H])OC2([H])[H])C([H])([H])N1[H]
20,19,0,[H]OC([H])C1([H])C(=C([H])[H])C([H])([H])C([H])=C([H])C1([H])[H]
20,20,1,[H]OC([H])([H])C1([H])C2([H])N(C([H])([H])[H])C([H])([H])C21O[H]
18,18,1,[H]OC1([H])C([H])([H])C2(O[H])N([H])C2(O[H])C1([H])[H]
17,17,1,[H]N=C([H])C1([H])C2([H])OC([H])([H])C23N([H])C13[H]
18,18,1,[H]C#CC1=C(C([H])([H])[H])C([H])([H])N=C1C([H])([H])[H]
16,16,1,[H]C1=C([H])C2(N([H])C2([H])[H])C([H])([H])C1([H])[H]
18,18,1,[H]C(=O)C12N([H])C([H])([H])C1([H])C1([H])C([H])([H])C21[H]
20,20,1,[H]C1([H])OC2([H])C([H])([H])C([H])([H])C3(OC3([H])[H])C2([H])O1
19,19,1,[H]OC1([H])C2([H])C(=C([H])[H])C3([H])C([H])([H])C2([H])C13[H]
17,17,1,[H]OC([H])([H])C1(C([H])=O)C([H])([H])C2([H])OC21[H]
17,17,1,[H]C1=NC2([H])OC([H])(C1=NC([H])([H])[H])C2([H])[H]
10,9,0,[H]c1nnnn1C([H])N=O
17,17,1,[H]C1([H])C(=O)C([H])([H])C([H])([H])C([H])([H])C1([H])[H]
18,18,1,[H]OC([H])(C([H])([H])[H])C1([H])OC([H])([H])C([H])=C1[H]
23,23,1,[H]C(=O)C([H])([H])C1(C([H])([H])[H])C([H])([H])C([H])(C([H])([H])[H])C1([H])[H]
16,16,1,[H]C(=O)N1C([H])([H])C([H])([H])C1([H])C([H])([H])[H]
20,19,0,[H]C1C2([H])OC([H])([H])C3(C([H])([H])[H])C1([H])C([H])([H])C23[H]
14,14,1,[H]C([H])([H])OC(=O)C([H])([H])C([H])([H])[H]
18,17,0,
15,15,1,[H]Oc1nc([H])c(C([H])([H])C([H])([H])[H])o1
16,16,1,[H]C([H])([H])C1=NC2([H])C([H])([H])C2([H])C1([H])[H]
19,18,0,[H]C1=NC(C2([H])C([H])([H])C2([H])N([H])[H])C([H])([H])N1[H]
19,19,1,[H]OC([H])([H])C12OC3([H])C([H])([H])C1([H])C2([H])C3([H])[H]
20,20,1,[H]OC([H])([H])C1([H])C([H])([H])C12OC([H])([H])N([H])C2([H])[H]
15,15,1,[H]N=C([H])c1c(O[H])noc1C([H])([H])[H]
15,14,0,[H]N=C([H])C1=C([H])OC([H])=NC1N([H])[H]
20,20,1,[H]N=C1OC([H])=C(C([H])([H])[H])C([H])([H])C([H])([H])C1([H])[H]
21,21,1,[H]ON=C(C([H])([H])[H])C([H])([H])C([H])(C([H])([H])[H])C([H])([H])[H]
21,21,1,[H]OC([H])([H])C12C([H])([H])OC([H])([H])C1([H])C2([H])C([H])([H])[H]
23,23,1,[H]C(=O)C([H])([H])C([H])([H])C1([H])C([H])([H])C1(C([H])([H])[H])C([H])([H])[H]
16,16,1,[H]OC1([H])C(=O)C2([H])C([H])([H])C1([H])C2([H])[H]
18,18,1,[H]C1=C([H])C([H])([H])C2([H])N([H])C2(C([H])([H])[H])C1=O
20,20,1,[H]C1=C2C([H])(C([H])([H])N1[H])C2(OC([H])([H])[H])C([H])([H])[H]
20,20,1,[H]C#CC1=C([H])C(C([H])([H])[H])(C([H])([H])[H])C([H])([H])N1[H]
17,17,1,[H]OC12C(=O)C([H])([H])OC([H])(C1([H])[H])C2([H])[H]
17,17,1,[H]C#CC1([H])C(C([H])([H])C([H])([H])[H])=NC1([H])[H]
19,17,0,
16,16,1,[H]OC1([H])C([H])([H])C2([H])C([H])=C(C#N)C12[H]
18,18,1,[H]N1C(=O)C2([H])C([H])([H])C3([H])C([H])([H])C2([H])C13[H]
22,22,1,[H]OC([H])([H])C1(N2C([H])([H])C2([H])C([H])([H])[H])C([H])([H])C1([H])[H]
22,22,1,[H]N(C([H])([H])C([H])([H])[H])C1([H])C([H])([H])C2([H])OC([H])([H])C21[H]
16,16,1,[H]C(=O)C1([H])C(=O)OC([H])(C([H])([H])[H])N1[H]
20,20,1,[H]N1C([H])([H])C([H])([H])OC([H])(C([H])([H])[H])C12OC2([H])[H]
15,15,1,[H]C(=O)C12N=C([H])OC1([H])C([H])([H])N2[H]
19,19,1,[H]OC([H])([H])C12OC3([H])C([H])([H])C([H])([H])C1([H])C32[H]
18,18,1,[H]C#CC1([H])C([H])([H])N([H])C(=O)C([H])([H])C1([H])[H]
18,18,1,[H]OC1(C([H])([H])[H])C([H])([H])C1([H])N=C([H])N([H])[H]
23,23,1,[H]C([H])([H])C1([H])C([H])([H])C([H])([H])C([H])([H])C([H])([H])C2([H])OC21[H]
13,12,0,
13,13,1,[H]C(=O)C1([H])OC2([H])N([H])C12C#N
15,15,1,[H]N=C1C2([H])OC(=NO[H])C1([H])C2([H])[H]
21,21,1,[H]C([H])([H])C1([H])C([H])([H])C2(C([H])([H])[H])C(=O)C([H])([H])C12[H]
20,20,1,[H]OC([H])([H])C1([H])N2C([H])([H])C3([H])C2([H])C3([H])C1([H])[H]
17,17,1,[H]c1c(C([H])([H])[H])oc(=O)n1C([H])([H])N([H])[H]
19,19,1,[H]N1C2([H])C3([H])C([H])([H])C([H])([H])C2(C([H])([H])[H])C13[H]
20,20,1,[H]N1C([H])([H])C(=O)C([H])([H])C([H])([H])C1([H])OC([H])([H])[H]
13,13,1,[H]C(=O)C1([H])C([H])([H])OC1([H])C#N
13,13,1,[H]C#CC12N3C1([H])C([H])(O[H])C32[H]
17,17,1,[H]C#CC12OC([H])(C([H])([H])[H])N([H])C1([H])N2[H]
15,14,0,
23,23,1,[H]C([H])([H])C([H])([H])C([H])([H])C12C([H])([H])OC([H])(C1([H])[H])C2([H])[H]
18,17,0,
18,18,1,[H]N=C1C([H])([H])C([H])=C([H])C12OC([H])([H])C2([H])[H]
17,17,1,[H]N1C(=O)C([H])(C([H])([H])[H])C2([H])C([H])([H])C12[H]
17,17,1,[H]C([H])([H])C(=O)C1([H])C(=O)C2([H])C([H])([H])C12[H]
18,17,0,[H]C1=C([H])C([H])([H])C(C#N)(N([H])[H])C1C([H])([H])[H]
18,17,0,[H]C([H])([H])C1([H])OC([H])([H])C23OC([H])(C12)C3([H])[H]
18,18,1,[H]OC1([H])C([H])(OC([H])=O)N([H])C1([H])C([H])([H])[H]
21,21,1,[H]C(=O)N1C([H])([H])C([H])(C([H])([H])[H])C1([H])N([H])C([H])([H])[H]
22,22,1,[H]C([H])([H])N=C1C([H])(C([H])([H])[H])C([H])([H])C2([H])C([H])([H])C12[H]
17,16,0,[H]C(OC(=O)N([H])[H])C(=O)C([H])([H])C([H])([H])[H]
18,17,0,[H]OC([H])(C([H])([H])[H])C1(C([H])=O)C([H])OC1([H])[H]
19,19,1,[H]OC1([H])N([H])C([H])([H])C2(O[H])N([H])C([H])([H])C12[H]
19,19,1,[H]C([H])=C([H])OC1=NC2([H])OC([H])(C1([H])[H])C2([H])[H]
16,16,1,[H]C#CC1(C([H])(O[H])C([H])=O)N([H])C1([H])[H]
16,15,0,[H]C1=C([H])C2(OC([H])[H])C3([H])OC1([H])C32[H]
17,17,1,[H]C(=O)C1=NC([H])([H])C([H])=C([H])N([H])C1([H])[H]
9,9,1,[H]Oc1noc(C#N)n1
21,21,1,[H]C1=C([H])C([H])([H])C([H])(C([H])([H])[H])OC1([H])OC([H])([H])[H]
15,15,1,[H]OC1(O[H])C([H])=C([H])C([H])=NC1([H])[H]
16,16,1,[H]C1([H])C(=O)C2([H])OC([H])(C1([H])[H])C2([H])[H]
19,19,1,[H]C(=O)N(C([H])([H])[H])C([H])([H])C([H])([H])C([H])([H])C#N
11,11,1,[H]C([H])([H])OC(=O)C([H])([H])[H]
19,19,1,[H]OC([H])([H])C1([H])N([H])N2C([H])(OC([H])([H])[H])C21[H]
14,14,1,[H]Oc1c(C#N)nc(C([H])([H])[H])n1[H]
16,16,1,[H]OC([H])([H])C(=O)C([H])([H])C#CC([H])([H])[H]
16,15,0,[H]C(=O)NC([H])(C([H])=O)C1([H])N([H])C1([H])[H]
21,21,1,[H]N([H])C([H])([H])C([H])([H])C([H])([H])C([H])([H])C#CC([H])([H])[H]
18,18,1,[H]C(=O)C12N([H])C3([H])C1([H])C([H])([H])C32C([H])([H])[H]
18,18,1,[H]OC12C(=O)C(C([H])([H])C([H])([H])[H])(N1[H])C2([H])[H]
13,11,0,[H]C1=C([H])C(C#N)C([H])=C([H])C1F
13,12,0,[H]C#CC1=NC(=N[H])N([H])C1C#N
18,17,0,[H]OC1(C([H])=O)C([H])([H])C(OC([H])([H])[H])C1([H])[H]
16,16,1,[H]C([H])([H])C12C([H])([H])C1([H])C1([H])C(=O)C12[H]
17,17,1,[H]OC1([H])C(C(=O)C([H])([H])[H])=C([H])OC1([H])[H]
20,20,1,[H]OC1([H])C(=O)C([H])([H])N1C([H])(C([H])([H])[H])C([H])([H])[H]
19,19,1,[H]OC1([H])C([H])(C([H])([H])[H])C1(C([H])([H])[H])C([H])([H])[H]
17,17,1,[H]C([H])([H])C12OC(=O)C3([H])C([H])([H])C31C2([H])[H]
16,15,0,[H]ON=C1C([H])C([H])=C2N1C([H])([H])C2([H])[H]
13,13,1,[H]Oc1c([H])c(N([H])[H])n([H])c1[H]
24,24,1,[H]N1C([H])([H])C1(C([H])([H])[H])C1(C([H])([H])[H])C([H])([H])C1([H])C([H])([H])[H]
20,20,1,[H]OC1([H])N([H])C([H])=C([H])C([H])=C([H])C1([H])C([H])([H])[H]
19,19,1,[H]C(=O)C([H])(C([H])([H])[H])C([H])([H])OC(=O)C([H])([H])[H]
18,16,0,
19,19,1,[H]OC([H])([H])C1=C([H])C([H])=NC1([H])N([H])C([H])([H])[H]
16,16,1,[H]C([H])([H])C12OC1([H])C1([H])OC([H])([H])C12[H]
17,17,1,[H]N1C2([H])C(=O)C(=NC([H])([H])[H])C([H])([H])C12[H]
16,14,0,[H]C1=NN([H])C(N([H])[H])C1C(=O)C([H])([H])[H]
21,21,1,[H]C([H])([H])OC1([H])C([H])([H])C2([H])C([H])([H])C([H])([H])OC12[H]
25,25,1,[H]N1C([H])([H])C1(C([H])([H])[H])C1(C([H])([H])C([H])([H])C([H])([H])[H])OC1([H])[H]
14,14,1,[H]N=c1nc([H])n([H])c(=O)c([H])c1[H]
21,21,1,[H]C([H])([H])C1([H])C2([H])C(=O)C([H])([H])C([H])([H])C21C([H])([H])[H]
15,13,0,[H]C(=O)C1C([H])=NC(N([H])[H])C([H])=C1[H]
20,20,1,[H]N(C([H])([H])[H])C([H])(N=C(C#N)C([H])([H])[H])C([H])([H])[H]
19,19,1,[H]N1C([H])([H])C1([H])C1([H])C([H])([H])C1(C#N)C([H])([H])[H]
23,23,1,[H]N(C([H])([H])[H])C1(C([H])([H])[H])C([H])([H])C([H])([H])C12N([H])C2([H])[H]
21,21,1,[H]OC([H])([H])C([H])([H])C([H])(C([H])([H])[H])C1([H])N([H])C1([H])[H]
16,15,0,
18,16,0,[H]C1OC2([H])C([H])([H])N=C3NC3(C([H])([H])[H])C12[H]
20,20,1,[H]N=C([H])C(=O)C([H])([H])C1([H])C([H])([H])C1([H])C([H])([H])[H]
21,21,1,[H]C1=C(N([H])[H])C2(C([H])([H])[H])C1([H])N([H])C2([H])C([H])([H])[H]
19,19,1,[H]C([H])([H])C(=O)C1([H])C2([H])C([H])([H])OC12C([H])([H])[H]
17,17,1,[H]OC1([H])C([H])([H])C2([H])C3([H])OC3([H])C12O[H]
23,23,1,[H]OC([H])([H])C1(C([H])([H])[H])C([H])=C([H])C([H])(C([H])([H])[H])C1([H])[H]
18,18,1,[H]OC([H])(C([H])([H])[H])C1([H])C([H])([H])C1([H])N([H])[H]
18,18,1,[H]C#CC([H])([H])C([H])([H])C1([H])OC1([H])C([H])([H])[H]
14,14,1,[H]N1C(=O)C2([H])C([H])([H])C2([H])C1([H])[H]
19,19,1,[H]C1=C(N([H])C([H])([H])[H])C(=O)C([H])([H])N1C([H])([H])[H]
11,11,1,[H]C(=O)c1c([H])nn([H])c1[H]
18,18,1,[H]OC([H])(C([H])([H])[H])C1(C(=O)C([H])=O)OC1([H])[H]
23,23,1,[H]C([H])([H])N(C([H])([H])[H])C([H])([H])[H]
23,23,1,[H]OC([H])([H])C([H])(C([H])([H])[H])C1([H])C([H])([H])C1([H])OC([H])([H])[H]
17,17,1,[H]C([H])([H])C1([H])C([H])([H])C2([H])OC(=O)OC21[H]
18,18,1,[H]C1=C2C([H])([H])C([H])([H])C2(C([H])([H])[H])C(=O)N1[H]
15,15,1,[H]N1C(=O)C([H])([H])C2([H])C([H])(C#N)C12[H]
18,18,1,[H]OC1([H])N([H])C2([H])C3([H])C([H])([H])OC([H])([H])C123
18,18,1,[H]N1C2([H])C([H])([H])OC2([H])C1([H])C1([H])OC1([H])[H]
19,19,1,[H]C#CC1([H])C([H])([H])C(=O)C([H])([H])C1([H])C([H])([H])[H]
21,21,1,[H]OC12C([H])([H])C1([H])OC([H])([H])C2(C([H])([H])[H])C([H])([H])[H]
12,12,1,[H]c1nn(C([H])([H])[H])c([H])c1[H]
14,10,0,
18,18,1,[H]C#CC1(C([H])([H])O[H])N2C([H])([H])C2([H])C1([H])[H]
15,15,1,[H]C#CC12C([H])([H])C3([H])OC1([H])C32O[H]
19,19,1,[H]C1=C([H])C([H])([H])C2(C1([H])[H])C([H])([H])C1([H])OC12[H]
17,17,1,[H]C(=O)C([H])([H])C1([H])N=C([H])OC([H])([H])N1[H]
20,19,0,[H]C1C(=O)C([H])([H])C([H])(N([H])C([H])([H])[H])C1([H])N([H])[H]
19,19,1,[H]C1=NC2([H])C([H])([H])C3(C([H])([H])[H])N(C1([H])[H])C23[H]
21,21,1,[H]OC([H])([H])C1(OC([H])([H])[H])C([H])([H])C([H])=C([H])C1([H])[H]
20,20,1,[H]OC12C([H])([H])N3C([H])(C1([H])C([H])([H])[H])C32C([H])([H])[H]
20,20,1,[H]C(=O)C([H])([H])C1(C([H])([H])[H])C([H])([H])C2([H])N([H])C21[H]
22,22,1,[H]C([H])([H])C([H])(OC1([H])C([H])([H])C1([H])C([H])([H])[H])C([H])([H])[H]
20,20,1,[H]OC([H])(O[H])C1([H])C([H])(C([H])([H])[H])C1([H])C([H])([H])[H]
21,20,0,
19,19,1,[H]OC12C([H])([H])C1(C([H])([H])[H])C1([H])OC2([H])C1([H])[H]
23,23,1,[H]OC1([H])C([H])([H])C([H])(O[H])C1([H])C([H])(C([H])([H])[H])C([H])([H])[H]
20,19,0,
15,15,1,[H]C(=O)C1([H])N=C([H])C(=O)N([H])C1([H])[H]
16,16,1,[H]c1noc(C(=O)C([H])([H])[H])c1C([H])([H])[H]
23,23,1,[H]OC([H])(C([H])([H])[H])C([H])([H])C12C([H])([H])C([H])([H])C1([H])C2([H])[H]
16,16,1,[H]OC1([H])C2([H])OC2([H])C2([H])C([H])([H])C12[H]
21,21,1,[H]C#CC([H])([H])C(=O)C([H])([H])C([H])([H])C([H])([H])C([H])([H])[H]
19,19,1,[H]C1=C([H])C2([H])C([H])([H])C23OC([H])([H])C3([H])C1([H])[H]
18,17,0,[H]C1([H])C(=O)C([H])([H])C([H])([H])C2([H])C1OC2([H])[H]
19,19,1,[H]OC([H])(O[H])C12C([H])=C([H])C([H])([H])C1([H])C2([H])[H]
20,20,1,[H]N(C([H])([H])[H])C12C([H])([H])C([H])([H])C(=O)C1([H])C2([H])[H]
23,23,1,[H]C([H])([H])C12C([H])([H])C([H])([H])C3([H])C([H])([H])C([H])(C1([H])[H])C32[H]
20,19,0,
20,20,1,[H]N(C(=O)N([H])C([H])([H])C1([H])N([H])C1([H])[H])C([H])([H])[H]
17,17,1,[H]C#CC1=C([H])C2([H])C([H])([H])C2([H])C([H])=C1[H]
19,19,1,[H]C([H])([H])C12OC1([H])C1([H])N3C([H])([H])C2([H])OC31[H]
22,22,1,[H]C(=NC1([H])OC([H])([H])C1([H])C([H])([H])[H])C([H])([H])C([H])([H])[H]
19,19,1,[H]C1=C([H])C2([H])C3(OC([H])([H])C23C([H])([H])[H])C1([H])[H]
17,16,0,
20,20,1,[H]C1=C(C([H])([H])[H])C2([H])N([H])C2([H])C([H])([H])OC1([H])[H]
18,17,0,[H]OC1([H])C2([H])OC([H])C2([H])C12C([H])([H])C2([H])[H]
13,13,1,[H]c1oc(=O)c(N([H])[H])c(F)c1[H]
17,17,1,[H]N1C2([H])C3([H])C4([H])C([H])([H])C([H])([H])C12C43[H]
20,20,1,[H]C([H])([H])C1([H])C2=C(C([H])([H])C([H])([H])C2([H])[H])C1([H])[H]
15,15,1,[H]N([H])C12C(=O)C([H])(C1([H])[H])C2([H])C#N
16,12,0,
16,16,1,[H]C#CC12C3([H])N4C3([H])C([H])([H])C1([H])C42[H]
20,20,1,[H]OC1([H])C2([H])C([H])([H])C1([H])C2(C([H])([H])[H])C([H])([H])[H]
18,18,1,[H]N=C1OC(=O)C([H])([H])C1([H])C([H])([H])C([H])([H])[H]
15,14,0,
24,24,1,[H]OC1([H])C2([H])C([H])([H])C2(C([H])([H])C([H])([H])[H])C1(O[H])C([H])([H])[H]
13,13,1,[H]OC([H])(C#N)c1nnn([H])c1[H]
18,18,1,[H]OC([H])([H])N1C2([H])C3([H])C1([H])C1([H])C2([H])C31[H]
19,19,1,[H]N1C([H])(C([H])([H])[H])C1([H])C1(C#N)C([H])([H])C1([H])[H]
19,19,1,[H]OC([H])(C#N)C([H])(N([H])[H])C([H])(O[H])C([H])([H])[H]
19,18,0,[H]OC1([H])C2(C([H])=C([H])C([H])N2[H])C1([H])C([H])([H])[H]
19,19,1,[H]OC1(C([H])([H])C([H])([H])[H])C([H])([H])C1(C#N)N([H])[H]
16,16,1,[H]C(=O)N([H])C1([H])C([H])(C#N)C1([H])N([H])[H]
22,22,1,[H]C([H])([H])N1C(=O)C([H])([H])C([H])([H])C([H])([H])C1([H])C([H])([H])[H]
19,19,1,[H]C1=C(C(N([H])[H])(C([H])([H])[H])C([H])([H])[H])C(=O)N1[H]
15,15,1,[H]Oc1nnc([H])n1C([H])=NC([H])([H])[H]
18,18,1,[H]C1=C([H])C([H])([H])C([H])([H])N=C(C([H])([H])[H])C1=O
18,18,1,[H]C1=C(C([H])([H])[H])C([H])([H])C([H])([H])C(=O)C1([H])[H]
24,24,1,[H]OC([H])(C([H])([H])N([H])C1([H])C([H])([H])C1([H])[H])C([H])([H])C([H])([H])[H]
15,15,1,[H]C(=O)N1C(=O)N([H])C2([H])C([H])([H])C12[H]
14,14,1,[H]OC([H])(C#N)C([H])(O[H])C([H])([H])[H]
15,15,1,[H]C#CC([H])([H])C1(O[H])C(=O)OC1([H])[H]
21,21,1,[H]C([H])([H])C1(C2([H])C3([H])C([H])([H])C([H])([H])C32[H])OC1([H])[H]
25,25,1,[H]C([H])([H])C([H])(C([H])([H])[H])C([H])([H])C([H])(C([H])([H])[H])C1([H])OC1([H])[H]
17,17,1,[H]N=C1N([H])C2([H])C([H])([H])C3([H])OC2([H])C13[H]
16,13,0,
16,12,0,
17,17,1,[H]C([H])([H])C12C([H])([H])C([H])([H])C1(C#N)C2([H])[H]
21,21,1,[H]OC1([H])C([H])([H])N([H])C2([H])N([H])C([H])([H])C21C([H])([H])[H]
17,17,1,[H]C([H])([H])N1C([H])([H])C2(C#N)OC1([H])C2([H])[H]
22,22,1,[H]OC([H])(C([H])([H])C([H])([H])[H])C1([H])C([H])([H])C2([H])N([H])C21[H]
19,19,1,[H]N1C2([H])C1([H])C1([H])C3([H])N([H])C2([H])C31C([H])([H])[H]
13,13,1,[H]C(=O)OC1=NC2([H])C([H])([H])C12[H]
19,19,1,[H]OC1([H])C2([H])C([H])([H])C1(O[H])C2(O[H])C([H])([H])[H]
16,16,1,[H]C(=O)C1([H])N=C([H])N([H])C([H])([H])C1([H])[H]
21,21,1,[H]C1=C([H])N(C([H])([H])[H])C([H])([H])C([H])([H])C1=NC([H])([H])[H]
17,17,1,[H]C#CC(O[H])(C([H])([H])[H])C([H])([H])C([H])([H])[H]
17,17,1,[H]C([H])([H])C1([H])OC2([H])OC([H])([H])C2([H])C1=O
16,16,1,[H]Oc1nc(OC([H])([H])[H])n([H])c1N([H])[H]
15,12,0,
17,17,1,[H]N([H])C(=O)C1(N2C([H])([H])C2([H])[H])OC1([H])[H]
14,14,1,[H]N=C(c1c(O[H])noc1[H])N([H])[H]
19,19,1,[H]C1([H])OC12C1([H])C([H])([H])C1([H])C1([H])C([H])([H])C12[H]
23,23,1,[H]C([H])([H])C([H])(C([H])([H])[H])C([H])([H])C1([H])C(=O)C2([H])N1C2([H])[H]
21,21,1,[H]C1=C([H])C([H])([H])C2([H])C([H])([H])C([H])(C([H])=C1[H])C2([H])[H]
20,20,1,[H]C1=NC2([H])C([H])([H])C2([H])C([H])([H])C2([H])C([H])([H])C12[H]
19,19,1,[H]C(=O)N1C([H])(C([H])([H])[H])C2([H])N([H])C([H])([H])C12[H]
20,20,1,[H]C([H])([H])N1C(=O)C2([H])C([H])([H])C([H])([H])C2([H])C1([H])[H]
19,19,1,[H]C(=O)C12C([H])=C([H])C([H])(C([H])([H])C1([H])[H])C2([H])[H]
20,20,1,[H]C([H])([H])C1([H])C([H])([H])C1([H])OC([H])([H])C([H])([H])C#N
17,17,1,[H]C1=C([H])C2([H])OC2([H])C([H])([H])C([H])([H])N1[H]
21,21,1,[H]C(=O)C1([H])C([H])(C([H])([H])[H])C2(C([H])([H])[H])C([H])([H])C12[H]
21,20,0,
18,18,1,[H]OC1([H])C([H])([H])C([H])([H])C1([H])C([H])([H])C([H])=O
23,23,1,[H]OC([H])([H])C1([H])N(C([H])([H])C([H])([H])[H])C1(N([H])[H])C([H])([H])[H]
17,17,1,[H]C#CC1([H])C([H])(O[H])C1(O[H])C([H])([H])O[H]
21,21,1,[H]OC([H])([H])C([H])([H])C1([H])C([H])([H])OC([H])([H])C1([H])O[H]
18,18,1,[H]OC([H])(C(=O)N([H])[H])C([H])([H])C1([H])OC1([H])[H]
18,18,1,[H]OC1([H])C([H])=C([H])C2([H])OC([H])([H])C12C([H])=O
17,15,0,
23,23,1,[H]N(C([H])([H])[H])C([H])([H])C1=NC([H])([H])C([H])([H])C([H])([H])C1([H])[H]
20,20,1,[H]ON=C1C([H])([H])C([H])(C#N)C1(C([H])([H])[H])C([H])([H])[H]
20,20,1,[H]N1C2([H])C1([H])C1(OC([H])([H])C1([H])[H])C2([H])C([H])([H])[H]
22,22,1,[H]OC1([H])OC([H])([H])C(C([H])([H])[H])(C([H])([H])[H])C1([H])N([H])[H]
18,16,0,
18,18,1,[H]OC12OC3([H])N([H])C1([H])C2(C([H])([H])[H])C3([H])[H]
17,17,1,[H]Oc1oc(=NC([H])([H])[H])n(C([H])([H])[H])c1[H]
17,17,1,[H]C1([H])OC2(C(=O)C3([H])C([H])([H])C32[H])C1([H])[H]
16,14,0,[H]C1=NNC(C([H])([H])[H])C(C([H])([H])[H])=C1F
18,18,1,[H]C1=C([H])C2(N([H])[H])C([H])([H])C1([H])C1([H])OC12[H]
15,15,1,[H]OC([H])([H])c1oc([H])nc1C([H])([H])[H]
23,23,1,[H]C([H])([H])C1(C([H])([H])[H])C([H])([H])C2([H])OC([H])([H])C([H])([H])C21[H]
20,19,0,
19,18,0,[H]ON=C(C([H])OC([H])([H])[H])C1([H])C([H])([H])C1([H])[H]
21,20,0,[H]C([H])([H])C1([H])C([H])([H])C([H])([H])N2C([H])(C([H])([H])O)C21[H]
21,21,1,[H]N1C2([H])C([H])(C1(C([H])([H])[H])C([H])([H])[H])C21N([H])C1([H])[H]
21,21,1,[H]N1C([H])([H])C1([H])C1=NC([H])([H])C([H])([H])C([H])([H])C1([H])[H]
20,19,0,
16,15,0,
16,13,0,[H]OC1=C([H])C(N([H])C([H])([H])[H])C([H])C1[H]
19,19,1,[H]C(=O)C12C([H])([H])C3([H])C4([H])N([H])C([H])(C41[H])C32[H]
19,18,0,[H]N1C2([H])C([H])([H])C3([H])C([H])([H])C([H])([H])C3(O)C12[H]
11,11,1,[H]C([H])(C#N)N=C(C#N)C#N
19,19,1,[H]C([H])([H])C12C([H])([H])C([H])([H])OC(=O)C1([H])C2([H])[H]
22,22,1,[H]C([H])([H])C1([H])C([H])([H])C12C([H])(C([H])([H])[H])C2([H])C([H])([H])[H]
10,10,1,[H]Oc1noc([H])c1C#N
15,15,1,[H]C1=C([H])C2([H])C([H])([H])OC1([H])C2([H])[H]
13,13,1,[H]C1([H])OC2([H])C([H])([H])C(=O)C12[H]
16,16,1,[H]C([H])([H])C1([H])OC2([H])C(=O)C1([H])C2([H])[H]
22,22,1,[H]OC([H])([H])C([H])([H])C1([H])N(C([H])([H])[H])C1([H])C([H])([H])O[H]
15,15,1,[H]C#CC1=C([H])C([H])([H])OC(=N[H])N1[H]
18,18,1,[H]C#CC([H])([H])N([H])C([H])([H])C([H])(O[H])C([H])=O
16,16,1,[H]c1oc(N([H])[H])c(N([H])C([H])([H])[H])c1[H]
18,18,1,[H]C1=C([H])C([H])([H])C2(C1=O)C([H])([H])N([H])C2([H])[H]
16,15,0,[H]C#CC12OC([H])C1([H])C([H])=C([H])C2([H])[H]
15,15,1,[H]c1noc(C([H])([H])OC([H])([H])[H])c1[H]
19,19,1,[H]C1=C(C([H])([H])[H])C2([H])OC([H])([H])C3([H])C1([H])C23[H]
18,18,1,[H]N=C1N([H])C(=O)C(C([H])([H])[H])(C([H])([H])[H])N1[H]
18,18,1,[H]OC1([H])N([H])C(=O)C([H])([H])C1([H])OC([H])([H])[H]
21,21,1,[H]C(=O)OC([H])(C([H])([H])C([H])([H])[H])C1([H])C([H])([H])C1([H])[H]
18,18,1,[H]OC1([H])N2C3([H])OC(C([H])([H])[H])(C3([H])[H])C21[H]
20,18,0,[H]N=C(OC([H])([H])[H])C1C([H])=C([H])N([H])C1C([H])([H])[H]
16,16,1,[H]C#CC1([H])N([H])C([H])([H])N1C([H])([H])C#N
20,20,1,[H]OC1([H])C([H])([H])N2C([H])([H])C3([H])C([H])([H])C1([H])C23[H]
16,16,1,[H]OC([H])([H])C1([H])C(=O)C(=O)C([H])([H])N1[H]
20,19,0,
21,21,1,[H]C1=C(C([H])([H])[H])C2([H])C([H])([H])C2([H])OC([H])([H])C1([H])[H]
14,14,1,[H]C([H])([H])Oc1onnc1C([H])([H])[H]
23,23,1,[H]OC([H])(C(O[H])(O[H])C([H])([H])[H])C([H])(C([H])([H])[H])C([H])([H])[H]
14,14,1,[H]C(=O)C1(C#N)N(C([H])([H])[H])C1([H])[H]
18,18,1,[H]C#CC12N(C1([H])[H])C21C([H])([H])C1([H])C([H])([H])[H]
19,19,1,[H]OC([H])([H])C1([H])C([H])=C([H])C([H])([H])N=C([H])N1[H]
16,16,1,[H]OC([H])([H])C1(C(=O)C([H])=O)N([H])C1([H])[H]
20,20,1,[H]N1C([H])([H])C([H])([H])C([H])([H])C2([H])N(C([H])([H])[H])C12[H]
23,23,1,[H]N=C(N(C([H])([H])[H])C([H])([H])C1([H])C([H])([H])C1([H])[H])C([H])([H])[H]
14,14,1,[H]C#CC([H])([H])C1([H])OC([H])([H])C1=O
21,21,1,[H]C1=C([H])C([H])([H])C([H])(N([H])C([H])([H])C([H])([H])[H])C1([H])[H]
18,18,1,[H]OC([H])([H])C1([H])C2([H])C(=O)C1([H])N2C([H])([H])[H]
18,18,1,[H]C([H])([H])C12C([H])([H])C3([H])C([H])(C1([H])C#N)C32[H]
18,18,1,[H]OC([H])([H])C1([H])N=C(C([H])=O)C([H])([H])C1([H])[H]
16,16,1,[H]c1oc(C([H])([H])OC([H])([H])[H])c([H])c1[H]
20,20,1,[H]OC([H])([H])N=C([H])OC([H])([H])C([H])([H])C(=O)N([H])[H]
16,16,1,[H]OC1(C#N)OC([H])(C([H])([H])[H])C([H])=C1[H]
20,19,0,[H]C(=O)C([H])=C([H])C([H])([H])C(O)(C([H])([H])[H])C([H])([H])[H]
12,12,1,[H]N=C([H])OC([H])([H])C(=O)C#N
21,21,1,[H]OC1([H])C2([H])OC([H])([H])C([H])([H])C([H])([H])C1([H])C2([H])[H]
15,15,1,[H]OC([H])([H])C1(C([H])([H])O[H])OC1([H])[H]
18,18,1,[H]OC([H])([H])C([H])([H])N1C([H])=C([H])C(=O)C1([H])[H]
19,19,1,[H]C([H])([H])C1([H])C([H])([H])C([H])([H])C2([H])OC(=O)C21[H]
16,16,1,[H]C(=O)C([H])([H])C([H])([H])C([H])(C#N)C([H])=O
17,17,1,[H]OC1([H])OC2([H])C([H])(O[H])C2([H])C([H])=C1[H]
18,18,1,[H]C([H])([H])C1=NC([H])([H])C([H])(C([H])([H])[H])C(=O)O1
17,17,1,[H]C#CC([H])(C(=O)N([H])[H])C([H])([H])C([H])([H])[H]
19,19,1,[H]OC1([H])C(C#CC([H])([H])[H])=C([H])C([H])([H])C1([H])[H]
21,21,1,[H]C#CC1([H])C([H])(O[H])C([H])([H])C([H])([H])C1([H])C([H])([H])[H]
19,19,1,[H]N1C([H])([H])C12C([H])([H])OC([H])(C([H])([H])[H])C2([H])[H]
18,18,1,[H]OC1([H])C2([H])C3([H])C([H])([H])C1(C([H])([H])[H])C32[H]
20,20,1,[H]N([H])C1([H])C2([H])C([H])([H])C2([H])C([H])([H])C12OC2([H])[H]
17,15,0,[H]N1NNC2=C1C([H])([H])C([H])([H])N2C([H])([H])[H]
19,19,1,[H]OC1([H])N2C([H])([H])C3([H])N([H])C3(C([H])([H])[H])C21[H]
25,25,1,[H]C1=NC([H])(C([H])([H])[H])C(OC([H])([H])[H])(C([H])([H])[H])C1([H])C([H])([H])[H]
17,16,0,[H]C1=NC([H])([H])C(=O)N(C([H])([H])[H])C1N([H])[H]
18,18,1,[H]N([H])C([H])([H])C(=O)OC1([H])C([H])([H])OC1([H])[H]
17,17,1,[H]C1=C([H])C2(OC1([H])[H])C([H])([H])C(=O)C2([H])[H]
13,13,1,[H]C(=O)Oc1onc(N([H])[H])c1[H]
17,17,1,[H]N=C1C(=NO[H])C([H])(N([H])[H])C([H])([H])N1[H]
21,21,1,[H]C(=O)C1(C([H])([H])OC([H])([H])[H])N2C([H])([H])C2([H])C1([H])[H]
20,19,0,[H]N([H])C1C(=O)C([H])([H])C([H])([H])C1([H])C([H])([H])N([H])[H]
14,14,1,[H]N([H])C1(C#N)OC2([H])OC1([H])C2=O
20,19,0,[H]N=C([H])C(C([H])=C([H])C([H])([H])C([H])([H])O[H])N([H])[H]
20,20,1,[H]N1C2([H])C([H])([H])C([H])([H])C12C1([H])OC([H])([H])C1([H])[H]
13,13,1,[H]C(=O)C12OC1(F)C([H])([H])OC2=O
23,23,1,[H]OC([H])([H])C([H])([H])C(O[H])(C([H])([H])[H])C([H])([H])OC([H])([H])[H]
15,12,0,[H]C#CC([H])([H])NC([H])([H])C#N
22,22,1,[H]N1C(=O)C([H])(C([H])([H])[H])C([H])([H])C([H])([H])C1([H])C([H])([H])[H]
19,17,0,
22,22,1,[H]N([H])C1([H])C([H])([H])C12C([H])([H])C1([H])C([H])([H])C12C([H])([H])[H]
20,20,1,[H]C([H])([H])C1([H])N2C([H])([H])C2(C([H])([H])[H])C12OC2([H])[H]
23,23,1,[H]C#CC([H])(C([H])([H])[H])C([H])(O[H])C(=NC([H])([H])[H])C([H])([H])[H]
16,16,1,[H]OC([H])([H])C12OC([H])([H])C([H])([H])C1([H])O2
17,17,1,[H]OC(=O)C1([H])C([H])([H])C1([H])C1([H])OC1([H])[H]
15,15,1,[H]OC1([H])OC2([H])C(=O)C1([H])C2([H])O[H]
18,18,1,[H]OC12C([H])([H])OC1(C([H])([H])[H])C21N([H])C1([H])[H]
15,15,1,[H]OC12OC1([H])C(=O)C([H])=C([H])C2([H])[H]
21,20,0,[H]N(C1C(=O)C([H])([H])C([H])([H])C1([H])C([H])([H])[H])C([H])([H])[H]
20,20,1,[H]OC1(C([H])([H])[H])C([H])=C([H])C([H])([H])C([H])([H])C1([H])[H]
23,23,1,[H]OC12C([H])([H])C1([H])C([H])([H])C([H])([H])C([H])([H])C2([H])C([H])([H])[H]
21,21,1,[H]OC([H])([H])C([H])([H])C([H])([H])C(=NC([H])([H])[H])C([H])([H])[H]
16,16,1,[H]N([H])C([H])(C([H])([H])[H])C1(C#N)OC1([H])[H]
20,20,1,[H]C([H])([H])C1([H])C2([H])OC([H])([H])C1(C([H])([H])[H])C2([H])[H]
18,16,0,
21,21,1,[H]OC1([H])C([H])([H])C([H])(O[H])C2(C([H])([H])[H])C([H])([H])C12[H]
18,18,1,[H]N=c1c([H])nc(C([H])([H])C([H])([H])O[H])nn1[H]
9,8,0,
18,16,0,
16,15,0,[H]C#CC12OC(C1([H])[H])C1([H])C([H])([H])C21[H]
19,19,1,[H]OC([H])(C([H])([H])[H])C([H])([H])N([H])C(=O)C([H])([H])[H]
21,21,1,[H]OC1([H])C2([H])C1(C([H])([H])[H])C21C([H])([H])C1([H])C([H])([H])[H]
20,20,1,[H]C#CC([H])([H])C([H])([H])C([H])([H])C1(N([H])[H])OC1([H])[H]
14,13,0,
19,19,1,[H]C#CC([H])=C(C([H])([H])[H])C([H])([H])N([H])C([H])([H])[H]
18,18,1,[H]C([H])([H])C1([H])C(=O)C([H])([H])C([H])([H])OC1([H])[H]
16,16,1,[H]C(=O)N1C(=O)C([H])([H])C2([H])C([H])([H])C12[H]
18,18,1,[H]OC1([H])N=C([H])C([H])=C1C([H])(O[H])C([H])([H])[H]
18,18,1,[H]N([H])C(=O)N1C([H])([H])C(=O)OC1([H])C([H])([H])[H]
16,16,1,[H]N=C1N([H])C(N([H])[H])=C([H])C([H])([H])N1[H]
19,19,1,[H]C1([H])N2C([H])([H])C2([H])C2([H])C([H])([H])C2([H])C1([H])[H]
14,14,1,[H]N1C(C([H])([H])[H])=NC([H])([H])C1([H])[H]
20,20,1,[H]N1C([H])([H])C([H])([H])N([H])C1(C#N)C([H])([H])C([H])([H])[H]
23,23,1,[H]C([H])([H])C1([H])C([H])([H])OC([H])([H])C([H])([H])C2([H])C([H])([H])C12[H]
21,21,1,[H]C(=O)C1([H])C([H])([H])C1([H])C([H])=C(C([H])([H])[H])C([H])([H])[H]
19,19,1,[H]C#CC([H])([H])C1([H])N([H])C2([H])C([H])([H])C2([H])N1[H]
19,19,1,[H]C1=C2N(C([H])([H])C1([H])[H])C([H])([H])C1([H])N2C1([H])[H]
23,23,1,[H]OC([H])(C([H])([H])C([H])([H])C([H])([H])[H])C([H])(C([H])=O)C([H])([H])[H]
23,23,1,[H]N([H])C1([H])C([H])([H])C1([H])C([H])([H])C(=NC([H])([H])[H])C([H])([H])[H]
15,15,1,[H]C1([H])N2C3([H])OC3([H])C([H])([H])C21C#N
16,16,1,[H]C#CC([H])([H])C([H])([H])OC(=O)C([H])([H])[H]
19,19,1,[H]OC1([H])C([H])(O[H])C2([H])N([H])C1([H])C2([H])N([H])[H]
17,17,1,[H]N1C2([H])C(=O)C3([H])N(C3([H])[H])C([H])([H])C12[H]
19,19,1,[H]OC([H])([H])C1(C(=O)N([H])[H])N([H])C1([H])C([H])([H])[H]
20,19,0,[H]C(=O)N(C(N1C([H])([H])C1([H])[H])C([H])([H])[H])C([H])([H])[H]
16,16,1,[H]C1([H])C(=O)N2C([H])(C1=O)C2([H])C([H])([H])[H]
22,22,1,[H]N1C2([H])C1(C([H])([H])C([H])([H])[H])OC([H])([H])C2([H])C([H])([H])[H]
18,18,1,[H]OC1([H])C([H])([H])C2([H])C([H])([H])C([H])=C([H])C12[H]
23,23,1,[H]C([H])([H])C(C([H])([H])[H])(C([H])([H])[H])C12OC([H])([H])C1([H])C2([H])[H]
16,16,1,[H]C(=O)C12N3C1([H])C1([H])C([H])([H])C2([H])C31[H]
17,15,0,[H]C1=C2C(=NC([H])C1[H])C([H])([H])C([H])([H])N2[H]
15,15,1,[H]C1=NC(C#N)(C([H])([H])[H])C(=O)C1([H])[H]
19,19,1,[H]C([H])([H])N1C(=O)N(C([H])([H])[H])C2([H])C([H])([H])C12[H]
12,11,0,
18,18,1,[H]OC1(C([H])([H])[H])C([H])([H])C2([H])N([H])C(=O)C21[H]
18,18,1,[H]C(=O)C1([H])C([H])([H])C23N(C([H])([H])C2([H])[H])C13[H]
18,18,1,[H]OC([H])([H])C1(C([H])([H])N([H])[H])C([H])([H])C1([H])[H]
15,15,1,[H]OC1([H])C([H])([H])C2([H])OC2([H])C1([H])[H]
14,14,1,[H]C(=O)C([H])([H])C1([H])OC(=O)C1([H])[H]
16,16,1,[H]OC12C([H])([H])C3([H])OC3([H])C1([H])C2([H])[H]
19,19,1,[H]C(=O)N(C([H])([H])[H])C1(C([H])([H])[H])C([H])([H])C1([H])[H]
21,21,1,[H]N1N=C(C([H])([H])N(C([H])([H])[H])C([H])([H])[H])N([H])C1([H])[H]
21,21,1,[H]N=C1C([H])([H])N2C1([H])C([H])([H])C2([H])C([H])([H])C([H])([H])[H]
19,18,0,
22,21,0,[H]OC1([H])C([H])([H])C1(OC([H])([H])[H])C([H])C([H])([H])C([H])([H])[H]
25,25,1,[H]N([H])C([H])([H])C1(C([H])([H])[H])N([H])C1([H])C([H])([H])C([H])([H])C([H])([H])[H]
17,17,1,[H]OC12C([H])([H])C3(O[H])C1([H])C([H])=C([H])C23[H]
23,23,1,[H]OC1([H])N([H])C([H])(C([H])([H])[H])C([H])([H])OC2([H])C([H])([H])C12[H]
20,20,1,[H]N1C2([H])C([H])([H])C([H])([H])C3([H])OC([H])([H])C3([H])C12[H]
21,21,1,[H]N1C([H])([H])C([H])([H])C2([H])OC2(N([H])[H])C([H])([H])C1([H])[H]
20,20,1,[H]C([H])([H])C1=NC([H])([H])C([H])([H])C2([H])C([H])([H])C2([H])O1
18,18,1,[H]N1C2([H])C3([H])N(C([H])([H])[H])C([H])([H])C3([H])C12[H]
17,16,0,[H]OC12C(N([H])[H])C3([H])C([H])([H])OC1([H])C32[H]
25,25,1,[H]C([H])([H])C([H])([H])C1([H])C2([H])C([H])([H])C2([H])C1(C([H])([H])[H])C([H])([H])[H]
20,19,0,[H]OC1([H])C2([H])OC([H])([H])C1(C([H])([H])[H])C2C([H])([H])[H]
16,16,1,[H]OC1([H])C(C(=O)OC([H])([H])[H])=NC1([H])[H]
20,20,1,[H]OC([H])([H])C([H])([H])C1(O[H])C([H])=C([H])N([H])C1([H])[H]
17,17,1,[H]OC([H])([H])C#CC12OC([H])([H])C1([H])C2([H])[H]
18,18,1,[H]C([H])([H])C([H])([H])C12OC1([H])C([H])([H])OC2([H])[H]
16,16,1,[H]N=C1C(=NC([H])([H])[H])C(=O)C([H])([H])N1[H]
18,18,1,[H]N1C(=O)C2([H])C3([H])C([H])([H])C([H])(C1([H])[H])C23[H]
17,17,1,[H]C#CC([H])([H])C(=O)OC([H])(C#N)C([H])([H])[H]
23,21,0,[H]OC([H])([H])C1C([H])([H])C2(C1([H])[H])C([H])([H])C2([H])[H]
13,13,1,[H]N=C(Oc1noc([H])n1)N([H])[H]
20,20,1,[H]C([H])([H])C(=O)C1(C([H])([H])C([H])([H])[H])C([H])([H])C1([H])[H]
20,19,0,[H]OC([H])([H])C([H])(C([H])([H])C(=O)O)C([H])([H])C([H])([H])[H]
20,20,1,[H]C([H])([H])OC([H])([H])C(=O)C([H])([H])C([H])([H])C([H])([H])[H]
21,21,1,[H]N1C([H])([H])C([H])([H])C2([H])C([H])([H])C([H])([H])C12C([H])([H])[H]
18,18,1,[H]OC12C(=O)N(C([H])([H])[H])C1(C([H])([H])[H])C2([H])[H]
17,17,1,[H]N1C([H])([H])C1(C#N)C#CC([H])([H])C([H])([H])[H]
19,19,1,[H]C#CC([H])([H])C([H])([H])C1(C([H])([H])[H])N([H])C1([H])[H]
14,14,1,[H]N([H])ON=C1OC2([H])C([H])([H])C12[H]
21,21,1,[H]C1=C(C([H])([H])[H])C([H])([H])C([H])(C2([H])OC2([H])[H])C1([H])[H]
19,19,1,[H]C1=C([H])C2([H])C([H])([H])C2(C(=O)C([H])([H])[H])C1([H])[H]
10,10,1,[H]c1c(F)nnc(F)c1[H]
18,18,1,[H]C#CC1(C([H])([H])[H])C(=N[H])C([H])([H])OC1([H])[H]
18,18,1,[H]C#CC1([H])N([H])C([H])([H])C(=O)C1([H])C([H])([H])[H]
18,18,1,[H]C1([H])C(=O)N(C([H])([H])[H])C([H])([H])C([H])([H])C1=O
19,19,1,[H]N1C(=C2C([H])([H])N3C([H])([H])C([H])([H])C23[H])C1([H])[H]
19,19,1,[H]N=C([H])N([H])C1([H])N(C([H])([H])[H])C1([H])C([H])([H])[H]
23,23,1,[H]OC1([H])C([H])([H])C([H])([H])OC1([H])C([H])([H])C([H])([H])C([H])([H])[H]
21,21,1,[H]OC1([H])C2([H])OC2([H])C2([H])N(C([H])([H])C([H])([H])[H])C12[H]
25,25,1,[H]C([H])([H])C1([H])C([H])([H])C([H])([H])C12C([H])([H])C([H])([H])C2([H])C([H])([H])[H]
21,21,1,[H]OC12C([H])([H])C3([H])C([H])(C([H])([H])C31[H])C2([H])C([H])([H])[H]
9,8,0,O=C1OC(=O)C(F)C1=O
21,21,1,[H]OC([H])([H])C1(C2([H])N([H])C2([H])[H])N([H])C([H])([H])C1([H])[H]
16,15,0,[H]OC1([H])C2([H])C3([H])OC([H])C3(O[H])C12[H]
16,16,1,[H]N=C(OC([H])=O)N(C([H])([H])[H])C([H])([H])[H]
18,16,0,
20,20,1,[H]OC([H])([H])C#CC(=C1C([H])([H])OC1([H])[H])C([H])([H])[H]
13,13,1,[H]On1c([H])c([H])c2onc([H])c21
15,15,1,[H]C#CC1([H])OC2([H])C([H])([H])C12C#C[H]
18,17,0,
17,17,1,[H]OC([H])(C([H])=O)C1([H])C2([H])OC1([H])C2([H])[H]
20,19,0,
19,19,1,[H]OC1(C([H])([H])C([H])=O)C([H])([H])C2([H])C([H])([H])C21[H]
17,17,1,[H]OC1([H])C([H])([H])C12C([H])([H])OC(=O)C2([H])[H]
13,12,0,
17,16,0,[H]C1=NN([H])C(=O)C1N([H])C([H])([H])C([H])([H])[H]
18,18,1,[H]C1=C(C([H])([H])[H])N2C([H])([H])C([H])(C1=O)C2([H])[H]
21,21,1,[H]N([H])C([H])([H])C1([H])C2([H])C3([H])N([H])C3([H])C12C([H])([H])[H]
18,18,1,[H]C([H])([H])C1([H])C2([H])OC3([H])C([H])([H])C2([H])C31[H]
20,20,1,[H]C([H])([H])N1C2([H])C([H])([H])C1(C([H])([H])[H])C1([H])OC12[H]
19,19,1,[H]OC([H])(C#CC1([H])OC1([H])C([H])([H])[H])C([H])([H])[H]
17,17,1,[H]N([H])C([H])([H])C(=O)C#CC([H])([H])C([H])([H])[H]
14,14,1,[H]N([H])c1noc(C(=O)C([H])([H])[H])n1
15,15,1,[H]C#CC1([H])C([H])([H])N(C([H])=O)C1([H])[H]
17,17,1,[H]C([H])([H])N1C2([H])C(=O)C1([H])C([H])([H])C2([H])[H]
23,23,1,[H]C([H])([H])OC([H])(C([H])([H])[H])C([H])(C([H])([H])[H])C1([H])OC1([H])[H]
12,8,0,[H]C1=NC(C#N)C([H])C([H])C1[H]
21,21,1,[H]OC([H])([H])C1([H])C([H])([H])C([H])(O[H])C12C([H])([H])C2([H])[H]
17,15,0,
15,15,1,[H]C(=O)C1=NC([H])([H])N=C(C([H])([H])[H])O1
17,17,1,[H]C#CC([H])(C#C[H])C([H])(C([H])=O)C([H])([H])[H]
22,22,1,[H]C#CC1(N([H])C([H])([H])[H])C([H])([H])C([H])(C([H])([H])[H])C1([H])[H]
14,10,0,
16,16,1,[H]N([H])C1=NC([H])([H])C2([H])OC2([H])C1([H])[H]
16,16,1,[H]c1nc2c(n1[H])OC([H])([H])C([H])([H])N2[H]
18,18,1,[H]C(=O)OC1(C([H])([H])C([H])([H])[H])C([H])([H])C1([H])[H]
15,15,1,[H]C#CC1(C([H])([H])[H])N(C([H])=O)C1([H])[H]
16,16,1,[H]N1C2([H])C([H])([H])OC([H])([H])C12C([H])([H])[H]
23,23,1,[H]OC1([H])C([H])(C([H])([H])[H])C([H])([H])C1([H])C1([H])C([H])([H])C1([H])[H]
23,23,1,[H]C([H])([H])C([H])([H])C([H])([H])C12OC([H])(C1([H])[H])C2([H])C([H])([H])[H]
21,20,0,[H]C1=C([H])C([H])([H])C([H])(C2([H])C([H])([H])C2([H])[H])C1([H])[H]
14,14,1,[H]C(=O)C1([H])OC([H])([H])C2([H])OC12[H]
18,18,1,[H]C1([H])C(=O)N2C([H])([H])C3([H])C([H])([H])C21C3([H])[H]
22,22,1,[H]C1=NC([H])([H])C([H])([H])C([H])(C([H])([H])[H])C([H])=C([H])C1([H])[H]
15,13,0,
13,10,0,
15,15,1,[H]N1C(=O)C([H])([H])C2([H])OC12C([H])([H])[H]
18,18,1,[H]c1nc(C([H])([H])[H])c(C([H])([H])OC([H])([H])[H])o1
19,19,1,[H]N=C(N([H])[H])C([H])(C([H])=O)C([H])([H])OC([H])([H])[H]
22,22,1,[H]N1C2([H])C([H])([H])C([H])([H])C1(OC([H])([H])[H])C2([H])C([H])([H])[H]
20,20,1,[H]N([H])C1(C#CC([H])([H])[H])C([H])([H])C2([H])C([H])([H])C12[H]
16,15,0,
18,16,0,[H]C1=C([H])C(OC([H])([H])[H])C([H])C(C([H])([H])[H])=N1
21,21,1,[H]OC([H])([H])C([H])([H])C1([H])C([H])([H])C(=O)C([H])([H])C1([H])[H]
21,21,1,[H]C([H])([H])C12C3([H])C([H])([H])C3([H])C3([H])C([H])([H])C1([H])C32[H]
15,15,1,[H]N=C1C([H])=C([H])OC(=O)N([H])C1([H])[H]
16,16,1,[H]C1=C([H])C2([H])C3([H])C1([H])C1([H])C2([H])C31[H]
17,17,1,[H]C1=C([H])C([H])(OC([H])([H])C#N)C([H])([H])N1[H]
19,17,0,
23,23,1,[H]N(C([H])([H])[H])C1([H])C([H])([H])C2([H])N([H])C2(C([H])([H])[H])C1([H])[H]
14,14,1,[H]C#Cc1c([H])nc([H])c(=N[H])n1[H]
21,20,0,[H]OC([H])([H])C1=C([H])C([H])([H])N(C([H])([H])C([H])([H])[H])C1[H]
16,16,1,[H]N=C(c1c([H])c([H])n([H])c1[H])C([H])([H])[H]
17,17,1,[H]OC1([H])C2([H])OC1(C([H])([H])[H])C2([H])C([H])=O
20,20,1,[H]OC1(C#N)C([H])([H])C2(C([H])([H])[H])N([H])C12C([H])([H])[H]
11,11,1,[H]C(=O)c1c([H])nn([H])c1[H]
18,18,1,[H]C#CC([H])([H])C([H])(C([H])([H])O[H])C([H])([H])O[H]
16,16,1,[H]C(=O)C1(C#N)C([H])([H])C2([H])C([H])([H])C12[H]
13,13,1,[H]N([H])C1([H])C(=O)OC([H])([H])C1=O
23,23,1,[H]C([H])([H])C([H])([H])C12C([H])([H])C3([H])C([H])([H])C([H])([H])C1([H])C32[H]
16,16,1,[H]N=c1nc([H])c(C([H])([H])[H])nc([H])c1[H]
15,15,1,[H]C#CC12OC(C([H])([H])[H])=NC1([H])N2[H]
17,14,0,[H]C(=O)C1C([H])N([H])C1OC([H])([H])C([H])([H])[H]
21,21,1,[H]OC([H])(OC([H])([H])[H])C1([H])OC([H])([H])C([H])([H])C1([H])[H]
12,11,0,[H]C#CC1([H])C(=C[H])C1([H])C#N
20,20,1,[H]N1C(=O)OC([H])([H])C([H])(C([H])([H])C([H])([H])[H])C1([H])[H]
15,15,1,[H]Oc1c([H])noc1N1C([H])([H])C1([H])[H]
19,19,1,[H]OC1([H])C([H])([H])C([H])([H])C1(OC([H])=O)C([H])([H])[H]
19,19,1,[H]N1C([H])([H])OC([H])([H])C([H])([H])C([H])(C#N)C1([H])[H]
21,21,1,[H]OC1([H])C(O[H])(C([H])([H])[H])C1(O[H])C([H])([H])C([H])([H])[H]
18,18,1,[H]C([H])([H])C1=C2C3([H])C([H])([H])C2(C1([H])[H])C3([H])[H]
21,21,1,[H]C([H])([H])C([H])([H])OC(C([H])([H])[H])(C([H])([H])[H])C([H])([H])[H]
17,17,1,[H]OC1([H])C(=O)C2(OC([H])([H])[H])C([H])([H])C12[H]
13,13,1,[H]c1nc(=O)c(N([H])[H])c([H])n1[H]
20,20,1,[H]OC1([H])C([H])([H])C1([H])OC([H])([H])C1([H])N([H])C1([H])[H]
17,17,1,[H]c1oc(C([H])([H])[H])c(C(=O)C([H])([H])[H])c1[H]
20,20,1,[H]OC1([H])C([H])=C([H])C([H])([H])C2([H])C([H])([H])C2([H])N1[H]
19,19,1,[H]C([H])([H])C([H])([H])C1([H])OC2([H])C([H])([H])C13OC23[H]
18,18,1,[H]OC([H])([H])C1([H])C2([H])OC2([H])N2C([H])([H])C21[H]
17,16,0,[H]C1=C([H])N([H])C(C([H])([H])C([H])([H])[H])=NC1[H]
21,20,0,[H]C1=C(C([H])([H])C([H])([H])OC([H])([H])[H])NC([H])([H])C1([H])[H]
16,16,1,[H]C(=O)OC12N3C([H])([H])C([H])(C1([H])[H])C32[H]
16,16,1,[H]OC1([H])C2([H])C([H])([H])OC23C([H])([H])C13[H]
16,16,1,[H]C#CC1([H])C2([H])C(=N[H])OC12C([H])([H])[H]
23,23,1,[H]OC1([H])C([H])(C([H])([H])[H])C([H])([H])C1([H])C1([H])C([H])([H])C1([H])[H]
21,21,1,[H]C#CC([H])(O[H])C([H])([H])OC([H])([H])C([H])([H])C([H])([H])[H]
16,15,0,[H]C1N=C(N([H])[H])OC(N([H])[H])=C1N([H])[H]
16,15,0,
19,19,1,[H]C1=C(N([H])[H])C([H])([H])C2(C([H])([H])[H])C([H])([H])C12[H]
19,18,0,[H]C1N2C([H])([H])C3([H])C([H])(OC([H])([H])[H])C1([H])C23[H]
17,17,1,[H]C1([H])C([H])([H])C1([H])C1([H])C2([H])OC(=O)C21[H]
12,12,1,[H]N=C1C(=O)OC([H])([H])N=C1[H]
16,16,1,[H]N=C1OC2([H])OC2([H])C(C([H])([H])[H])=C1[H]
14,14,1,[H]Oc1c(O[H])n([H])c([H])c([H])c1=O
19,19,1,[H]OC1([H])N2C3([H])C2(N([H])[H])C([H])([H])C3([H])C1([H])[H]
18,18,1,[H]C(=O)C12C([H])=C([H])C([H])(C([H])([H])[H])N1C2([H])[H]
15,15,1,[H]N1C(=O)C([H])([H])C2(OC2([H])[H])C1([H])[H]
19,19,1,[H]C([H])([H])OC([H])([H])C12C([H])([H])C(=O)C1([H])C2([H])[H]
18,18,1,[H]OC1(C#CC([H])=O)OC([H])([H])C([H])([H])C1([H])[H]
23,23,1,[H]C1=C([H])C2(C([H])([H])[H])C([H])([H])C([H])(C1([H])[H])C2([H])C([H])([H])[H]
17,17,1,[H]C#CC1([H])N([H])C(=O)C([H])([H])N1C([H])([H])[H]
21,21,1,[H]C1=C([H])C2(C([H])([H])[H])C([H])(OC([H])([H])[H])C([H])([H])C12[H]
22,22,1,[H]N1C([H])([H])C12OC([H])([H])C2([H])C([H])(C([H])([H])[H])C([H])([H])[H]
19,19,1,[H]N=C(OC([H])([H])C([H])([H])C([H])([H])O[H])C([H])([H])[H]
22,22,1,[H]OC(C([H])=O)(C([H])([H])[H])C([H])([H])N([H])C([H])([H])C([H])([H])[H]
19,18,0,[H]C1N2C3([H])C1([H])C([H])(OC([H])([H])[H])C23C([H])([H])[H]
17,17,1,[H]N=C1C(=O)C([H])([H])C2([H])C1([H])C2([H])N([H])[H]
17,17,1,[H]C([H])([H])C1([H])OC([H])([H])C1([H])C([H])([H])C#N
19,19,1,[H]ON=C(C(=O)N([H])C([H])([H])C([H])([H])[H])C([H])([H])[H]
17,15,0,
18,18,1,[H]C(=O)C([H])([H])C([H])([H])C1([H])C([H])([H])OC1([H])[H]
23,22,0,[H]C([H])([H])C1([H])C2([H])N3C([H])([H])C([H])([H])C1([H])C3([H])C2([H])[H]
17,17,1,[H]C(=O)C([H])([H])C([H])([H])C1([H])OC([H])([H])N1[H]
23,23,1,[H]OC([H])([H])C1([H])C([H])(O[H])C1([H])C([H])([H])C([H])([H])C([H])([H])[H]
23,23,1,[H]C(=NC([H])([H])C([H])([H])C([H])(N([H])[H])C([H])([H])[H])OC([H])([H])[H]
16,16,1,[H]N1C([H])([H])C([H])([H])C2(C#N)C([H])([H])C12[H]
21,21,1,[H]N(C([H])([H])C([H])([H])[H])C1([H])C([H])(C#N)C1([H])C([H])([H])[H]
23,23,1,[H]C([H])([H])C([H])([H])C1([H])OC1([H])C1([H])C([H])([H])C1([H])C([H])([H])[H]
17,16,0,[H]OC([H])([H])C1OC([H])(C#CC([H])=O)C1([H])[H]
16,16,1,[H]OC([H])(OC([H])([H])[H])C([H])(C#N)N([H])[H]
16,16,1,[H]C1=C([H])C([H])([H])N([H])c2oc([H])c([H])c21
17,17,1,[H]OC12C3([H])C(=O)C1([H])C2([H])C3([H])C([H])([H])[H]
13,13,1,[H]N=C([H])OC([H])(C#N)C([H])([H])[H]
18,18,1,[H]C#CC1(C([H])([H])N([H])[H])N([H])C1([H])C([H])([H])[H]
19,19,1,[H]OC1([H])OC2([H])C([H])=C([H])C([H])([H])C1([H])C2([H])[H]
23,23,1,[H]C([H])([H])C([H])(C([H])([H])[H])C1([H])C([H])([H])C([H])([H])C12OC2([H])[H]
14,13,0,
18,18,1,[H]OC1([H])C2([H])N3C([H])(C([H])([H])[H])C1(O[H])C32[H]
19,19,1,[H]OC([H])([H])C([H])(N1C([H])([H])C1([H])[H])C([H])([H])O[H]
22,22,1,[H]N=C1OC([H])([H])C1([H])C([H])(C([H])([H])[H])C([H])([H])C([H])([H])[H]
21,20,0,
19,17,0,
15,15,1,[H]C#CC1([H])N([H])C1(C([H])=O)C([H])([H])[H]
23,23,1,[H]C([H])([H])C([H])([H])C1([H])C([H])([H])C([H])([H])C1([H])C1([H])OC1([H])[H]
19,19,1,[H]OC1([H])C([H])([H])N2C(C([H])([H])[H])=NC([H])([H])C21[H]
13,12,0,[H]C(=O)OC1=NOC(N([H])[H])=NN1
14,14,1,[H]C#CC(=O)C1([H])C(=O)N([H])C1([H])[H]
15,14,0,[H]OC12OC1([H])C([H])([H])C2C([H])([H])C#N
20,20,1,[H]OC1([H])N([H])C2([H])C([H])([H])C12C1([H])C([H])([H])C1([H])[H]
21,21,1,[H]C#CC1(C([H])([H])N([H])C([H])([H])[H])C([H])([H])N([H])C1([H])[H]
18,17,0,[H]N=C(N([H])C(C#N)N([H])[H])C([H])([H])C([H])([H])[H]
18,18,1,[H]N(C([H])([H])[H])C1([H])C(=O)N2N([H])C1([H])C2([H])[H]
21,21,1,[H]C([H])([H])C([H])([H])C1([H])OC(=O)C1(C([H])([H])[H])C([H])([H])[H]
21,21,1,[H]ON=C1C([H])([H])C([H])([H])N(C([H])([H])[H])C1([H])C([H])([H])[H]
19,19,1,[H]Oc1c([H])c([H])n([H])c1N([H])C([H])([H])C([H])([H])[H]
13,12,0,[H]N=C(O)C1([H])OC([H])([H])C1([H])[H]
27,27,1,[H]OC1([H])C([H])(C([H])([H])C([H])([H])N([H])[H])C1(C([H])([H])[H])C([H])([H])C([H])([H])[H]
21,21,1,[H]N1N([H])C1([H])C([H])([H])C#CC([H])([H])C([H])([H])C([H])([H])[H]
15,13,0,
15,14,0,
14,13,0,[H]C1=C(C([H])([H])[H])C(C#N)N([H])C1=O
14,14,1,[H]C1([H])N2C3([H])C([H])([H])C1(C#N)C23[H]
12,12,1,[H]N=c1oc(=O)n([H])c([H])c1F
18,18,1,[H]OC([H])([H])C12N([H])C([H])([H])C1(C([H])=O)C2([H])[H]
19,19,1,[H]C#CC1([H])N([H])C2([H])C([H])(N([H])[H])C2([H])C1([H])[H]
19,19,1,[H]OC([H])([H])C([H])(O[H])C([H])(C([H])([H])[H])C([H])([H])[H]
20,20,1,[H]OC1([H])C([H])([H])C1([H])OC([H])([H])C1([H])N([H])C1([H])[H]
15,13,0,[H]C1=NC(C([H])([H])[H])C([H])=NC1N([H])[H]
21,21,1,[H]C1=C(N2C([H])([H])C2([H])C([H])([H])[H])C([H])([H])C([H])([H])N1[H]
16,16,1,[H]C1=C([H])C2(OC([H])([H])[H])C([H])([H])C2([H])O1
18,18,1,[H]C1=C(C([H])([H])C([H])([H])[H])C([H])([H])C2([H])OC12[H]
17,17,1,[H]N=C1OC1([H])C(=O)C([H])([H])C#CC([H])([H])[H]
21,21,1,[H]C([H])([H])C1([H])C([H])([H])C2([H])C3([H])OC1([H])C([H])([H])C32[H]
16,16,1,[H]C1=C2N3C2([H])C3([H])C([H])([H])C2([H])OC12[H]
21,21,1,[H]N1C([H])(C#N)C([H])([H])C1(C([H])([H])[H])C([H])([H])C([H])([H])[H]
18,18,1,[H]N(C([H])([H])[H])C12N([H])C1([H])C([H])(C#N)C2([H])[H]
13,9,0,
19,19,1,[H]C(=O)C12C([H])([H])C1([H])C([H])([H])C21C([H])([H])C1([H])[H]
19,19,1,[H]OC1(C([H])([H])C([H])([H])[H])C([H])([H])C1([H])C([H])([H])[H]
17,17,1,[H]C#CC1([H])C([H])(OC([H])([H])[H])C2([H])OC12[H]
18,17,0,[H]N=C1C(N([H])[H])C2([H])C([H])(O[H])C2([H])C1([H])[H]
21,21,1,[H]N([H])C(=O)C1([H])C([H])([H])C2([H])C([H])(C([H])([H])[H])OC12[H]
18,16,0,
15,15,1,[H]N=C([H])OC1([H])C(=O)C([H])([H])N=C1[H]
21,21,1,[H]N1C([H])([H])C2(N([H])C2([H])[H])C([H])([H])OC1([H])C([H])([H])[H]
21,21,1,[H]OC1([H])C2([H])C([H])([H])C([H])=C([H])C([H])(C([H])([H])[H])C12[H]
23,23,1,[H]OC([H])([H])C1([H])C([H])(N([H])C([H])([H])[H])C1([H])N([H])C([H])([H])[H]
24,24,1,[H]N([H])C([H])([H])C([H])([H])OC1([H])C([H])([H])C1([H])C([H])([H])C([H])([H])[H]
14,14,1,[H]Oc1oc([H])nc1N([H])C([H])([H])[H]
22,22,1,[H]N1C([H])(C([H])([H])[H])C12C([H])([H])C([H])([H])OC2([H])C([H])([H])[H]
18,18,1,[H]C#CC1=NC([H])([H])C([H])(OC([H])([H])[H])C1([H])[H]
14,13,0,[H]c1c(C(=O)C([H])([H])[H])[nH]n([H])c1=O
17,17,1,[H]C1=C([H])C([H])([H])C(C2([H])N3C([H])([H])C32[H])=N1
21,21,1,[H]OC([H])([H])C([H])([H])C([H])(O[H])C1(O[H])C([H])([H])C1([H])[H]
17,17,1,[H]c1c(N(C([H])([H])[H])C([H])([H])[H])nn([H])c1[H]
12,12,1,[H]Oc1oc(N([H])[H])c([H])c1[H]
17,17,1,[H]OC([H])([H])C([H])([H])C([H])([H])OC([H])([H])C#N
20,20,1,[H]c1nc(C2([H])N([H])C([H])([H])C([H])([H])C2([H])[H])oc1[H]
19,19,1,[H]N=C([H])C(C([H])=O)(C([H])([H])[H])C1([H])N([H])C1([H])[H]
17,17,1,[H]OC1=C([H])C2([H])C([H])([H])C23OC([H])([H])C13[H]
21,21,1,[H]C([H])([H])C([H])([H])C(=O)C1([H])C([H])([H])C2([H])C([H])([H])C12[H]
20,20,1,[H]N1C(=O)C2(C([H])([H])[H])C([H])([H])C2([H])C1([H])C([H])([H])[H]
19,19,1,[H]N=C1OC([H])([H])C([H])([H])C1=NC([H])([H])C([H])([H])[H]
20,20,1,[H]C([H])([H])C#CC1([H])C([H])([H])C([H])(C([H])([H])[H])C1([H])[H]
18,18,1,[H]C([H])([H])OC([H])(C#N)OC1([H])C([H])([H])C1([H])[H]
18,18,1,[H]OC12N(C([H])([H])[H])C(=O)C1([H])C([H])([H])C2([H])[H]
21,20,0,[H]C1C([H])([H])N([H])C(C([H])([H])[H])(C([H])([H])[H])C2([H])OC12[H]
16,12,0,
19,19,1,[H]C1([H])C([H])([H])C2([H])C3([H])C4([H])OC([H])(C14[H])C23[H]
12,12,1,[H]c1nc2onc([H])c2c(=O)o1
19,19,1,[H]N1C2([H])C([H])([H])C3([H])C1([H])C2([H])C3([H])C([H])([H])[H]
16,15,0,[H]OC12C([H])(O)OC3([H])C1([H])C32C([H])([H])[H]
23,23,1,[H]C([H])([H])C([H])([H])C([H])(C([H])([H])[H])C([H])(C([H])([H])[H])C([H])([H])[H]
16,16,1,[H]OC([H])([H])C12N([H])C1([H])C([H])([H])C2([H])[H]
21,21,1,[H]C1=NC([H])([H])C2(N([H])C2([H])C([H])([H])C([H])([H])[H])C1([H])[H]
18,18,1,[H]C(=O)C([H])(C#CC([H])([H])[H])C(=O)OC([H])([H])[H]
14,14,1,[H]N=C1OC([H])([H])c2oc([H])c([H])c21
17,16,0,
14,13,0,[H]C=C1C([H])(OC([H])=O)C1([H])C([H])=O
16,16,1,[H]OC1([H])C([H])(C([H])=O)C2([H])C([H])([H])C12[H]
21,21,1,[H]OC1(C([H])([H])C2([H])OC([H])([H])C2([H])[H])C([H])([H])C1([H])[H]
17,17,1,[H]C([H])([H])N1C([H])([H])N(C([H])([H])[H])C1([H])C#N
16,16,1,[H]C(=O)C12C([H])([H])OC([H])(C1([H])[H])C2([H])[H]
15,15,1,[H]OC12C(=O)C(=O)C([H])(C1([H])[H])C2([H])[H]
18,18,1,[H]C(=NC1([H])C(=NC([H])([H])[H])OC1([H])[H])N([H])[H]
23,21,0,
19,19,1,[H]N=C1N(C([H])([H])[H])C([H])([H])C2([H])C([H])([H])C12O[H]
22,22,1,[H]OC([H])(C([H])([H])C([H])([H])[H])C1(C([H])=O)OC([H])([H])C1([H])[H]
14,14,1,[H]N=C1OC2=C(C([H])([H])O[H])OC12[H]
21,21,1,[H]OC([H])([H])C([H])(O[H])C1([H])OC1([H])C([H])([H])C([H])([H])[H]
19,19,1,[H]N1C2([H])C([H])([H])C([H])([H])OC([H])(C([H])([H])[H])C12[H]
20,20,1,[H]OC1(C([H])([H])C([H])([H])C(=O)N([H])[H])C([H])([H])C1([H])[H]
16,16,1,[H]OC1([H])C(=O)N([H])C(=O)C([H])([H])C1([H])[H]
25,25,1,[H]C([H])([H])C([H])([H])C1([H])OC1([H])C([H])([H])C([H])(C([H])([H])[H])C([H])([H])[H]
15,14,0,
23,23,1,[H]OC([H])([H])C([H])([H])C12C([H])([H])C1([H])C([H])([H])C2([H])C([H])([H])[H]
15,15,1,[H]C(=O)C1([H])OC(=O)C1(C([H])=O)N([H])[H]
18,18,1,[H]C#CC1([H])N([H])C([H])([H])OC12C([H])([H])C2([H])[H]
19,19,1,[H]C1([H])N(C2([H])C([H])([H])C2([H])[H])C2([H])C([H])([H])C12[H]
19,19,1,[H]C#CC1([H])C([H])([H])C2([H])C([H])([H])C13C([H])([H])C23[H]
21,21,1,[H]OC1([H])C2([H])OC(C([H])([H])[H])(C2([H])[H])C1([H])C([H])([H])[H]
18,18,1,[H]C([H])([H])C1([H])C2([H])OC3([H])C([H])([H])C3([H])C21[H]
19,19,1,[H]OC([H])(C([H])([H])[H])C1(C([H])([H])[H])C([H])([H])C1([H])[H]
20,20,1,[H]C([H])([H])OC1(C([H])([H])[H])N2C3([H])C([H])([H])C1([H])C23[H]
15,13,0,
19,19,1,[H]C1=C([H])C2(N([H])C2([H])[H])C2([H])N([H])C12C([H])([H])[H]
19,19,1,[H]C(=O)C([H])([H])N=C1N([H])C([H])([H])C1([H])C([H])([H])[H]
24,24,1,[H]OC([H])([H])C1([H])C([H])(C([H])([H])[H])C1(N([H])C([H])([H])[H])C([H])([H])[H]
23,23,1,[H]C([H])([H])OC([H])(C([H])([H])C([H])([H])[H])C1(C([H])([H])[H])OC1([H])[H]
25,25,1,[H]OC([H])([H])C([H])(C([H])([H])C([H])([H])C([H])([H])[H])C1([H])C([H])([H])C1([H])[H]
18,18,1,[H]OC12C([H])([H])C1([H])C(C#N)(C([H])([H])[H])C2([H])[H]
21,21,1,[H]C(=O)N1C([H])([H])C1(N(C([H])([H])[H])C([H])([H])[H])C([H])([H])[H]
13,13,1,[H]C#Cc1oc([H])c([H])c1C#C[H]
22,21,0,[H]C([H])([H])C([H])([H])C([H])([H])C1OC2([H])C([H])([H])C2([H])C1([H])[H]
21,21,1,[H]ON=C(C([H])([H])[H])C([H])([H])C([H])(C([H])([H])[H])C([H])([H])[H]
20,19,0,[H]OC([H])C1(N([H])C([H])([H])N([H])[H])C([H])=C([H])C1([H])[H]
17,16,0,[H]C1OC([H])([H])C2([H])OC3([H])N(C1([H])[H])C32[H]
23,23,1,[H]C([H])([H])C([H])(C([H])([H])[H])C12OC1([H])C([H])([H])C([H])([H])C2([H])[H]
14,13,0,
20,20,1,[H]C#CC1([H])N([H])C2([H])C([H])([H])N3C1([H])C32C([H])([H])[H]
16,16,1,[H]N1C2([H])C(=O)N([H])C2([H])C1([H])C([H])([H])[H]
18,18,1,[H]OC([H])(C([H])([H])[H])C1([H])N([H])C2([H])C(=O)C21[H]
19,18,0,[H]C#CC1([H])N2C(C([H])([H])C([H])([H])[H])C1([H])C2([H])[H]
18,18,1,[H]OC1([H])C2([H])N([H])C([H])(C([H])([H])C([H])=O)C12[H]
16,16,1,[H]C1([H])C([H])(C#N)C2([H])C(=O)C1([H])C2([H])[H]
18,18,1,[H]C#CC1(C([H])([H])[H])C([H])([H])C2([H])C([H])([H])C21[H]
14,14,1,[H]N1C(=O)OC([H])(C#N)N([H])C1([H])[H]
16,14,0,[H]N=C1N2NC([H])C([H])=C2C1([H])C([H])([H])[H]
14,12,0,
19,18,0,[H]OC([H])([H])C([H])([H])C1C(=O)C([H])([H])N([H])C1([H])[H]
20,20,1,[H]C([H])(C#N)OC1(C([H])([H])[H])C([H])([H])C1([H])C([H])([H])[H]
15,15,1,[H]C#CC(C#N)(C([H])([H])[H])C([H])([H])O[H]
21,21,1,[H]OC([H])([H])C1(C([H])([H])[H])C([H])([H])C1([H])C#CC([H])([H])[H]
21,21,1,[H]N=C([H])OC(C([H])([H])[H])(C([H])([H])[H])C([H])([H])C([H])([H])[H]
18,18,1,[H]C#CC([H])([H])C([H])([H])C([H])(O[H])C([H])([H])C#N
19,19,1,[H]OC1([H])C2([H])OC([H])([H])C([H])([H])OC12C([H])([H])[H]
17,17,1,[H]C#CC([H])([H])N=C([H])N([H])C([H])([H])C#C[H]
19,19,1,[H]OC1([H])C2([H])C([H])([H])C3([H])OC3([H])C12C([H])([H])[H]
23,23,1,[H]OC([H])(C([H])([H])[H])C1([H])C([H])([H])C([H])([H])OC1([H])C([H])([H])[H]
14,14,1,[H]C#CC1([H])C([H])([H])C(=O)C1([H])C#N
17,16,0,[H]C(=O)C1C([H])=C([H])C2([H])N([H])C12C([H])([H])[H]
21,20,0,[H]C1C([H])([H])C2([H])OC2([H])C2(C([H])([H])[H])OC2([H])C1([H])[H]
17,17,1,[H]OC([H])([H])C1=C([H])C(=O)N([H])C([H])([H])N1[H]
24,24,1,[H]C([H])([H])N1C([H])(C([H])([H])C([H])([H])[H])C2([H])C([H])([H])C([H])([H])C12[H]
18,18,1,[H]C1=C([H])C2([H])OC1([H])C2(C([H])([H])[H])C([H])([H])[H]
21,21,1,[H]OC1([H])C2([H])N3C([H])([H])C1(O[H])C([H])([H])C([H])([H])C32[H]
18,18,1,[H]C(=O)N([H])C([H])([H])C([H])(OC([H])([H])[H])C([H])=O
15,15,1,[H]N([H])C1=NC2([H])C([H])([H])C2([H])OC1=O
18,17,0,[H]OC1C2([H])C([H])=NC([H])([H])C([H])([H])C1([H])N2[H]
17,17,1,[H]C([H])([H])N1C2([H])N3C([H])([H])C(=O)C3([H])C12[H]
15,15,1,[H]C#CC([H])([H])C12OC3([H])C1([H])OC32[H]
16,13,0,
21,21,1,[H]C(=O)C1=C(C([H])([H])[H])C([H])(C([H])([H])[H])C([H])([H])C1([H])[H]
18,15,0,[H]OC1([H])OC12C([H])C([H])C([H])C2([H])C([H])([H])[H]
16,16,1,[H]C1(C#N)OC2([H])C3([H])N4C2([H])C1([H])C43[H]
17,13,0,[H]C1=NC(C([H])([H])[H])C(F)C(C([H])([H])[H])C1[H]
15,15,1,[H]N([H])C1([H])C2([H])OC(=O)C1([H])C2([H])[H]
16,16,1,[H]c1oc(N([H])C([H])([H])[H])nc1C([H])([H])[H]
18,18,1,[H]ON=C1C(C([H])(O[H])C([H])([H])[H])=C([H])C1([H])[H]
18,18,1,[H]OC1([H])C(=O)C([H])([H])C2(N([H])C2([H])[H])C1([H])[H]
23,23,1,[H]C([H])([H])C([H])([H])C12C([H])([H])OC1([H])C([H])([H])C2([H])C([H])([H])[H]
12,11,0,
13,13,1,[H]c1c(C(=O)N([H])[H])nn([H])c1[H]
19,19,1,[H]C1=C([H])C2([H])C([H])([H])C(=O)C([H])([H])C2([H])C1([H])[H]
20,20,1,[H]OC1(C(=O)N([H])[H])N([H])C1([H])C1([H])C([H])([H])C1([H])[H]
18,18,1,[H]C#CC1=NC([H])([H])C2(C1([H])[H])C([H])([H])C2([H])[H]
16,16,1,[H]OC1([H])N(C([H])([H])C#N)C1([H])C([H])([H])[H]
20,16,0,
23,23,1,[H]N(C([H])([H])[H])C1([H])C([H])([H])C([H])([H])N2C([H])([H])C([H])([H])C21[H]
20,20,1,[H]C(=O)C([H])(C(=O)C([H])([H])C([H])([H])C([H])([H])[H])N([H])[H]
20,20,1,[H]OC([H])([H])C12N(C1([H])[H])C([H])([H])C13N(C1([H])[H])C23[H]
17,17,1,[H]N=C([H])C1(C([H])([H])O[H])OC1([H])C([H])([H])[H]
20,20,1,[H]OC([H])([H])C([H])([H])C([H])(C([H])([H])[H])C1([H])OC1([H])[H]
20,20,1,[H]N1C([H])(C([H])([H])[H])C1(C([H])([H])[H])C([H])([H])C([H])([H])[H]
18,17,0,[H]N=C(C(OC([H])([H])[H])C(=O)C([H])([H])[H])N([H])[H]
17,17,1,[H]C1(C#N)N2C3([H])C([H])([H])C([H])([H])C23C1([H])[H]
20,20,1,[H]OC1([H])C2([H])OC([H])([H])C12N([H])C([H])([H])C([H])([H])[H]
21,21,1,[H]C1([H])C([H])([H])C1([H])OC1([H])C([H])([H])C12C([H])([H])C2([H])[H]
11,11,1,[H]N=C([H])C(=O)C([H])([H])C#N
15,15,1,[H]c1oc2nc(C([H])([H])[H])n([H])c2c1[H]
18,18,1,[H]OC1([H])C([H])(OC([H])=O)C1(N([H])[H])C([H])([H])[H]
16,15,0,[H]C1C(=O)N(C([H])([H])[H])C(=O)N1C([H])([H])[H]
18,18,1,[H]C#CC12C3([H])C4([H])OC4([H])C1(C([H])([H])[H])C32[H]
16,14,0,[H]C1C(N([H])C([H])([H])[H])C(N([H])[H])=NN1[H]
16,16,1,[H]N=C1N([H])C([H])([H])C1(O[H])C([H])([H])O[H]
25,25,1,[H]OC([H])([H])C1([H])C([H])=C(C([H])([H])[H])C([H])(C([H])([H])[H])N1C([H])([H])[H]
15,15,1,[H]C#CC1([H])C([H])([H])OC(=N[H])C1([H])[H]
16,16,1,[H]C#CC([H])([H])C1([H])C(=O)C([H])([H])N=C1[H]
17,16,0,[H]OC1([H])C([H])=C([H])C(C([H])=O)N([H])C1([H])[H]
21,21,1,[H]c1oc(C([H])([H])C([H])([H])[H])c(C([H])([H])[H])c1C([H])([H])[H]
18,18,1,[H]C([H])([H])C([H])([H])C1([H])C2([H])OC3([H])C2([H])C31[H]
18,18,1,[H]OC1(N([H])[H])C([H])([H])C12N([H])C2([H])C([H])([H])[H]
23,23,1,[H]OC([H])([H])C1(O[H])C([H])([H])N([H])C1([H])C([H])(O[H])C([H])([H])[H]
18,16,0,[H]N1N=C(N([H])C([H])([H])C([H])([H])C([H])([H])[H])NN1
18,18,1,[H]C#CC([H])(O[H])C([H])([H])OC([H])=NC([H])([H])[H]
17,17,1,[H]c1oc2c(c1C([H])([H])[H])C([H])([H])OC2([H])[H]
16,16,1,[H]OC1([H])C([H])=NN([H])C12C([H])([H])C2([H])[H]
13,11,0,[H]c1nn(C([H])([H])[H])c(N=N)c1O
18,18,1,[H]C#CC1([H])N([H])C(=O)C([H])(C([H])([H])[H])C1([H])[H]
21,21,1,[H]OC1([H])C([H])(C(=O)N([H])[H])C([H])([H])C2([H])C([H])([H])C12[H]
21,21,1,[H]N([H])C(=O)C(=O)C1(C([H])([H])[H])C([H])([H])C1([H])C([H])([H])[H]
21,21,1,[H]OC([H])([H])C([H])([H])C1([H])C(=O)N([H])C([H])([H])OC1([H])[H]
10,10,1,[H]N=C1OC([H])=C([H])C1=O
16,16,1,[H]C1=C([H])C2([H])C([H])([H])C3([H])OC1([H])C32[H]
21,21,1,[H]N1C([H])([H])C1([H])C1(C([H])([H])OC([H])([H])[H])N([H])C1([H])[H]
18,17,0,[H]OC1([H])C([H])=C([H])C([H])N2N(C2([H])[H])C1([H])[H]
18,18,1,[H]N1C2([H])C([H])([H])C1(C([H])([H])[H])C21N([H])C1([H])[H]
16,16,1,[H]C(=O)N1C(=O)C([H])=C([H])C([H])([H])C1([H])[H]
20,20,1,[H]C([H])([H])OC1([H])C([H])([H])OC([H])(C([H])([H])[H])C1([H])[H]
16,16,1,[H]N1C2([H])C1([H])C1([H])C([H])([H])N([H])C21C#N
20,19,0,[H]C1OC([H])(C([H])([H])C([H])([H])[H])C1([H])C(=O)C([H])([H])[H]
17,17,1,[H]N([H])C1(C#N)C([H])([H])C1([H])C#CC([H])([H])[H]
19,19,1,[H]N([H])C([H])([H])C1([H])C([H])([H])C([H])([H])C2([H])OC21[H]
13,13,1,[H]N=c1c([H])nnnn1C([H])([H])[H]
16,16,1,[H]c1nc(OC2([H])C([H])([H])C2([H])[H])nn1[H]
17,17,1,[H]C1=C([H])C2(C(=O)C1([H])[H])C([H])([H])OC2([H])[H]
18,18,1,[H]N=C(OC([H])([H])[H])N([H])C(=O)C([H])([H])N([H])[H]
19,17,0,
16,16,1,[H]OC1([H])C([H])([H])C1([H])N([H])C(=O)N([H])[H]
19,19,1,[H]C(=O)C1([H])C([H])([H])N([H])C([H])(C([H])([H])[H])C1([H])[H]
19,18,0,
22,22,1,[H]N1C([H])([H])N(C([H])([H])[H])C2(C([H])([H])[H])N([H])C2([H])C1([H])[H]
23,23,1,[H]C([H])([H])C1(C([H])([H])[H])C([H])([H])C([H])([H])C2([H])OC([H])([H])C21[H]
15,15,1,[H]Oc1oc([H])c(C([H])([H])[H])c1C([H])=O
14,14,1,[H]Oc1nn(C([H])([H])[H])c([H])c1C#N
15,14,0,
15,15,1,[H]N([H])C(=O)N1C([H])([H])C2([H])N([H])C12[H]
16,15,0,[H]OC1([H])C([H])([H])C12C([H])=C([H])C([H])N2[H]
18,18,1,[H]OC1([H])C2([H])C([H])([H])C3([H])C([H])([H])N=C([H])C132
21,19,0,
21,18,0,[H]C1C([H])([H])C2(C([H])([H])[H])NC([H])C2(C([H])([H])[H])C1([H])[H]
18,18,1,[H]C#CC1(C([H])([H])[H])C([H])([H])OC([H])([H])C1([H])[H]
18,18,1,[H]N1C2([H])C([H])([H])OC3([H])C([H])([H])OC3([H])C12[H]
18,18,1,[H]c1nc(C([H])([H])C([H])([H])[H])c(OC([H])([H])[H])o1
23,23,1,[H]C([H])([H])C1([H])C([H])([H])C([H])([H])C12OC2(C([H])([H])[H])C([H])([H])[H]
21,21,1,[H]OC([H])(O[H])C([H])([H])N1C([H])([H])C12C([H])([H])OC2([H])[H]
20,20,1,[H]N(C1([H])C(=O)OC1([H])[H])C([H])(C([H])([H])[H])C([H])([H])[H]
12,12,1,[H]N=c1c([H])c([H])oc([H])c1F
21,20,0,
17,17,1,[H]OC1([H])OC(C([H])=O)(C([H])([H])[H])C([H])=C1[H]
21,21,1,[H]OC1([H])C(=O)C(C([H])([H])[H])(C([H])([H])C([H])([H])[H])C1([H])[H]
18,18,1,[H]C([H])([H])C12C(=O)C([H])([H])C13N(C2([H])[H])C3([H])[H]
20,20,1,[H]OC([H])([H])C1([H])C(=O)OC([H])([H])C1(O[H])C([H])([H])[H]
16,16,1,[H]C#CC12C(=O)C1([H])N(C([H])([H])[H])C2([H])[H]
16,16,1,[H]Oc1c([H])c(OC([H])([H])[H])n([H])c1O[H]
17,17,1,[H]c1nc(C2([H])C([H])([H])C2([H])N([H])[H])n([H])n1
20,20,1,[H]N([H])C(N([H])[H])(C([H])([H])[H])C([H])([H])OC([H])([H])C#N
17,17,1,[H]C1=C2C([H])([H])C([H])([H])C(=O)C3([H])C1([H])C23[H]
16,16,1,[H]C#CC(O[H])(C(=O)C([H])([H])[H])C([H])([H])[H]
18,18,1,[H]C([H])([H])N1C([H])([H])C([H])(C#N)C1([H])C([H])([H])[H]
21,21,1,[H]OC1(C([H])([H])[H])C([H])([H])C([H])([H])C2([H])OC2([H])C1([H])[H]
19,19,1,[H]C#CC1(O[H])C([H])([H])C([H])(C([H])([H])O[H])C1([H])[H]
19,19,1,[H]C#CC([H])([H])C1([H])C([H])([H])OC2([H])C([H])([H])C21[H]
21,21,1,[H]OC1([H])N2C([H])([H])C([H])([H])N([H])C1(C([H])([H])[H])C2([H])[H]
17,17,1,[H]OC([H])(O[H])C1(C([H])([H])C#N)N([H])C1([H])[H]
19,19,1,[H]C([H])([H])C1(C#N)OC([H])([H])C([H])([H])C12OC2([H])[H]
19,18,0,
23,23,1,[H]OC([H])(C([H])([H])[H])C1(N([H])C([H])([H])[H])N(C([H])([H])[H])C1([H])[H]
23,23,1,[H]C([H])([H])C1(C([H])([H])[H])C2([H])C3([H])C([H])([H])C1(C([H])([H])[H])C32[H]
19,19,1,[H]OC([H])(C([H])([H])[H])C1(C(=O)C([H])([H])[H])OC1([H])[H]
11,11,1,[H]N([H])c1nonc1N([H])[H]
15,15,1,[H]Oc1oc(O[H])c(OC([H])([H])[H])c1[H]
18,18,1,[H]N(C([H])([H])[H])C([H])([H])c1noc(C([H])([H])[H])n1
16,16,1,[H]c1c(OC([H])([H])[H])c([H])n([H])c1N([H])[H]
12,12,1,[H]c1c(C([H])([H])C#N)nnn1[H]
24,23,0,[H]C([H])=C(C([H])([H])[H])C([H])([H])C([H])(OC([H])C([H])([H])[H])C([H])([H])[H]
16,15,0,[H]C1C(=O)C2([H])OC1([H])OC2([H])C([H])([H])[H]
21,21,1,[H]OC([H])([H])OC([H])(C([H])([H])[H])C([H])(C([H])=O)C([H])([H])[H]
20,20,1,[H]OC([H])([H])C12C([H])([H])N([H])C3([H])C([H])(C1([H])[H])C32[H]
19,19,1,[H]OC12OC3([H])C([H])([H])C([H])(C1([H])[H])C3([H])C2([H])[H]
17,17,1,[H]OC12C([H])([H])C3([H])C([H])(C1([H])C([H])=O)C32[H]
23,23,1,[H]N=C(C([H])([H])[H])C([H])(C([H])([H])[H])C(O[H])(N([H])[H])C([H])([H])[H]
17,17,1,[H]N=C(C([H])=O)N([H])C1(O[H])C([H])([H])C1([H])[H]
22,22,1,[H]N1C([H])([H])C1([H])C([H])(C([H])([H])C([H])([H])[H])C1([H])OC1([H])[H]
16,16,1,[H]C#CC([H])([H])C([H])=NC([H])([H])OC([H])=O
13,13,1,[H]OC([H])(OC([H])([H])[H])C([H])([H])[H]
19,19,1,[H]C1=C([H])C2([H])C1([H])C(=NC([H])([H])[H])N([H])C2([H])[H]
21,21,1,[H]OC1([H])N([H])C1([H])C1(C([H])([H])C([H])([H])[H])N([H])C1([H])[H]
19,18,0,[H]OC([H])([H])C1([H])C([H])=C([H])C2N([H])C([H])([H])C21[H]
9,9,1,[H]Oc1nnoc1C#N
21,21,1,[H]OC([H])([H])C([H])(N1C([H])([H])C1(O[H])C([H])=O)C([H])([H])[H]
21,21,1,[H]C([H])([H])C([H])([H])C12OC([H])(C1([H])[H])C1([H])C([H])([H])C12[H]
19,19,1,[H]OC([H])([H])C1([H])C(=O)C([H])([H])C([H])([H])C([H])=C1[H]
22,22,1,[H]C([H])([H])N1C([H])([H])C(C([H])([H])[H])(C2([H])OC2([H])[H])C1([H])[H]
17,15,0,
21,21,1,[H]C#CC1([H])C([H])([H])OC([H])([H])C([H])(C([H])([H])[H])C1([H])[H]
18,18,1,[H]C1=C2C([H])([H])N([H])C3([H])C([H])(OC1([H])[H])C23[H]
21,21,1,[H]N(C([H])([H])[H])C([H])([H])C1(C([H])([H])C([H])([H])[H])OC1([H])[H]
17,17,1,[H]C1=NC([H])([H])C([H])=C([H])C(=O)N1C([H])([H])[H]
23,23,1,[H]C#CC([H])([H])C1(C([H])([H])[H])C([H])([H])C([H])([H])C12N([H])C2([H])[H]
17,17,1,[H]C1([H])C(=O)C2([H])N(C2([H])[H])C([H])([H])C1([H])[H]
16,16,1,[H]C([H])([H])C12C(=O)OC([H])([H])C1([H])C2([H])[H]
15,11,0,[H]C(=O)C1NNC(C([H])([H])[H])C([H])=C1[H]
20,20,1,[H]C(=O)C1([H])N(C2([H])C([H])([H])C2([H])[H])C([H])([H])C1([H])[H]
21,21,1,[H]OC12C([H])([H])C([H])([H])C([H])([H])C13C([H])([H])C2([H])C3([H])[H]
18,18,1,[H]OC([H])(C([H])([H])[H])C([H])([H])C(=O)OC([H])([H])[H]
18,18,1,[H]OC1([H])C(=O)N(C([H])([H])[H])C2([H])C([H])([H])C12[H]
19,19,1,[H]C(=O)OC([H])([H])C([H])(C#CC([H])([H])[H])C([H])([H])[H]
25,25,1,[H]N1C([H])(C([H])([H])[H])C([H])(C([H])([H])[H])C1([H])C1([H])OC([H])([H])C1([H])[H]
20,20,1,[H]C1=NC([H])([H])C([H])([H])C([H])([H])C12OC([H])([H])C2([H])[H]
17,17,1,[H]OC1([H])C2([H])OC([H])([H])OC3([H])C1([H])C23[H]
17,17,1,[H]Oc1c(C([H])([H])C([H])([H])[H])c([H])c([H])n1[H]
14,12,0,
12,12,1,[H]N=c1oc(F)c([H])c(F)c1[H]
17,17,1,[H]C(=O)C([H])([H])C1([H])OC([H])([H])C(=O)C1([H])[H]
20,20,1,[H]C1=C(C([H])([H])[H])C([H])([H])C([H])([H])C([H])(C#N)C1([H])[H]
22,21,0,[H]N=C([H])C([H])([H])C([H])(N([H])C([H])([H])C([H])O[H])C([H])([H])[H]
23,23,1,[H]C([H])([H])C1([H])C([H])([H])C2([H])OC([H])([H])C2([H])C1([H])C([H])([H])[H]
17,17,1,[H]OC([H])([H])c1nc(C([H])([H])N([H])[H])nn1[H]
23,22,0,[H]C1C(C([H])([H])[H])(C([H])([H])[H])N2C([H])([H])C12C([H])([H])C([H])([H])[H]
14,13,0,[H]C#CC(c1nc([H])no1)C([H])([H])[H]
15,15,1,[H]N1C2([H])C([H])(C#N)C3([H])OC2([H])C13[H]
21,21,1,[H]N(C([H])([H])[H])C1([H])N2C([H])([H])C2([H])C2([H])C([H])([H])C12[H]
23,23,1,[H]N(C(=NC([H])([H])C1([H])C([H])([H])C1([H])[H])C([H])([H])[H])C([H])([H])[H]
19,19,1,[H]OC([H])([H])C12C([H])=C([H])C3([H])C([H])([H])C1([H])C32[H]
19,18,0,[H]C1=C([H])C2(C([H])([H])[H])OC([H])C2([H])N([H])C1([H])[H]
19,19,1,[H]C#CC([H])([H])C(=NC([H])([H])C([H])([H])[H])C([H])([H])[H]
21,21,1,[H]C1=C([H])C([H])([H])C2(C([H])([H])C([H])([H])[H])OC2([H])C1([H])[H]
17,14,0,
19,19,1,[H]C(=O)C([H])([H])C1(C([H])([H])[H])N([H])C1([H])C([H])([H])[H]
17,17,1,[H]C([H])([H])C1([H])OC([H])([H])C([H])([H])OC1([H])[H]
25,25,1,[H]C([H])([H])OC([H])(C([H])([H])[H])C([H])(C([H])([H])[H])C1([H])C([H])([H])C1([H])[H]
22,22,1,[H]C1=C([H])C([H])([H])C([H])(C([H])([H])[H])C([H])(C([H])([H])[H])C1([H])[H]
20,20,1,[H]OC1([H])C([H])([H])C([H])([H])C2([H])C([H])([H])C2([H])C1([H])[H]
19,19,1,[H]C1=NC2([H])C([H])([H])C3(C([H])([H])[H])N1C23C([H])([H])[H]
17,17,1,[H]C1=NC2([H])C(=O)C1(C([H])([H])[H])N([H])C2([H])[H]
16,15,0,[H]OC1C2([H])C3([H])N([H])C3([H])C12C([H])([H])[H]
19,19,1,[H]C([H])([H])C(=O)C([H])([H])C([H])(C([H])([H])[H])C([H])([H])[H]
19,19,1,[H]OC1([H])C2([H])C3([H])C([H])([H])C4([H])C3([H])C1([H])C42[H]
13,13,1,[H]N=c1nc(N([H])[H])oc(=O)n1[H]
20,19,0,[H]C#CC(C(=N[H])C([H])([H])C([H])([H])N([H])[H])C([H])([H])[H]
13,13,1,[H]Oc1oc2c([H])nn([H])c2c1[H]
21,21,1,[H]C1=NC([H])([H])C2([H])N(C([H])([H])[H])C([H])([H])C12C([H])([H])[H]
22,22,1,[H]N([H])C([H])([H])C1([H])C(=O)C([H])(C([H])([H])[H])C([H])([H])C1([H])[H]
19,19,1,[H]C([H])([H])C([H])([H])C1([H])OC2([H])C(=O)C1([H])C2([H])[H]
16,16,1,[H]c1nc([H])c([H])c(=O)c([H])c1C([H])([H])[H]
18,18,1,[H]ON=C1OC([H])([H])OC1(C([H])([H])[H])C([H])([H])[H]
20,20,1,[H]C#CC([H])([H])C([H])(OC([H])([H])[H])C([H])([H])C([H])([H])[H]
21,21,1,[H]N=C1N2C([H])(C([H])([H])[H])C1(C([H])([H])[H])C2([H])C([H])([H])[H]
18,18,1,[H]C(=O)OC1([H])N(C([H])([H])OC([H])([H])[H])C1([H])[H]
19,19,1,[H]OC([H])([H])C([H])([H])C(O[H])(C([H])=O)C([H])([H])O[H]
16,16,1,[H]C#CC1([H])C([H])([H])C(=O)C([H])([H])C1([H])[H]
15,15,1,[H]C#CC([H])([H])c1nc(C([H])([H])[H])no1
20,20,1,[H]OC1([H])C([H])([H])C([H])([H])C([H])([H])C2([H])C([H])([H])C12[H]
22,22,1,[H]N([H])C(=O)C1(C([H])([H])[H])C([H])([H])C([H])([H])C1([H])C([H])([H])[H]
17,17,1,[H]N1C(=O)N(C([H])([H])[H])C(=O)C1([H])C([H])([H])[H]
19,19,1,[H]C#CC([H])(N([H])[H])C([H])([H])N(C([H])=O)C([H])([H])[H]
21,21,1,[H]OC(=O)C(OC([H])([H])[H])(C([H])([H])[H])C([H])([H])C([H])([H])[H]
23,23,1,[H]C([H])([H])C1([H])C([H])([H])C([H])([H])C([H])([H])C2([H])OC1([H])C2([H])[H]
17,17,1,[H]C([H])([H])C1(C2([H])OC2([H])[H])C(=O)OC1([H])[H]
12,12,1,[H]C#CC(C#C[H])(C#C[H])O[H]
15,15,1,[H]OC1([H])N(C([H])([H])[H])C1([H])C(F)(F)F
15,15,1,[H]N([H])C1=NC2(C(=O)O1)C([H])([H])C2([H])[H]
17,17,1,[H]C#CC1(C2([H])C([H])([H])C2([H])[H])N([H])C1([H])[H]
24,24,1,[H]N(C([H])([H])[H])C([H])([H])C([H])([H])C#CC([H])([H])C([H])([H])C([H])([H])[H]
15,15,1,[H]C#CC([H])([H])C([H])(C#N)OC([H])([H])[H]
13,13,1,[H]c1nc([H])n([H])c1OC([H])([H])[H]
20,20,1,[H]C([H])([H])C1([H])C([H])([H])C([H])([H])C2([H])OC1([H])C2([H])[H]
20,20,1,[H]c1oc(C([H])([H])[H])c(C([H])([H])C([H])([H])N([H])[H])c1[H]
18,18,1,[H]OC([H])([H])c1c([H])oc(N([H])C([H])([H])[H])c1[H]
17,17,1,[H]C#CC12N3C([H])(C1([H])N([H])C([H])([H])[H])C32[H]
13,13,1,[H]C1([H])C2([H])OC3(C#N)C1([H])C23[H]
19,19,1,[H]N=c1n(C([H])([H])C([H])([H])C([H])([H])[H])nc([H])n1[H]
14,12,0,[H]N=C1N=NNC(N([H])[H])C([H])=C1[H]
18,18,1,[H]OC1(C([H])([H])[H])C([H])([H])C12C(=O)N([H])C2([H])[H]
19,19,1,[H]OC1=C([H])C2([H])C([H])([H])C1(C([H])([H])[H])C2([H])O[H]
13,12,0,[H]C([H])([H])C#CC1=NC([H])([H])ON1
18,18,1,[H]C1=C([H])C2([H])C3([H])C1([H])C3([H])C21N([H])C1([H])[H]
16,13,0,
16,16,1,[H]C#CC1([H])C([H])([H])C([H])([H])C1([H])C([H])=O
19,19,1,[H]C([H])([H])N1C2([H])C1(C#N)C([H])([H])C2([H])C([H])([H])[H]
22,22,1,[H]C(=O)C(C([H])([H])[H])(C([H])([H])[H])C1([H])N([H])C([H])([H])C1([H])[H]
18,18,1,[H]C1([H])C([H])([H])C23C([H])([H])C2([H])C3([H])C1([H])C#N
21,20,0,
16,16,1,[H]OC([H])(C(=O)C([H])([H])[H])C([H])([H])OC#N
19,19,1,[H]N1C([H])([H])C1([H])C([H])([H])C1([H])OC([H])([H])C1([H])[H]
16,16,1,[H]OC12C3([H])C([H])([H])C4([H])C([H])(C41[H])C32[H]
14,12,0,[H]C1=NN2C([H])=NC([H])C2C([H])=C1[H]
17,17,1,[H]C(=O)C1(C(=O)N([H])[H])N([H])C([H])([H])C1([H])[H]
19,19,1,[H]OC1([H])C2([H])C(=C([H])C3([H])OC31[H])C([H])([H])N2[H]
15,15,1,[H]C#CC([H])([H])N(C([H])=N[H])C([H])([H])[H]
22,22,1,[H]N1C([H])([H])C(N([H])[H])(C([H])(C([H])([H])[H])C([H])([H])[H])C1([H])[H]
18,18,1,[H]C(=O)C1([H])C2([H])N3C1([H])C3(C([H])([H])[H])C2([H])[H]
19,19,1,[H]OC1([H])C([H])([H])C([H])(C([H])=O)C2([H])C([H])([H])C12[H]
15,15,1,[H]C#CC([H])(C([H])([H])[H])C([H])([H])C([H])=O
23,23,1,[H]N([H])C([H])(C1([H])C([H])([H])C1([H])[H])C1(C([H])([H])[H])N([H])C1([H])[H]
17,17,1,[H]C#CC1([H])C([H])([H])OC2([H])OC1([H])C2([H])[H]
15,15,1,[H]N1C(=O)C([H])(C#N)OC([H])([H])C1([H])[H]
21,21,1,[H]OC([H])([H])C([H])([H])C12N([H])C1([H])C([H])([H])N([H])C2([H])[H]
17,17,1,[H]OC1([H])C2([H])N([H])C2([H])C1(C#N)C([H])([H])[H]
15,15,1,[H]c1noc(C([H])([H])[H])c1C(=O)N([H])[H]
15,15,1,[H]C#CC(=N[H])OC([H])([H])C([H])([H])O[H]
22,22,1,[H]OC1(C([H])([H])C([H])([H])C([H])([H])OC([H])([H])[H])N([H])C1([H])[H]
22,22,1,[H]OC([H])([H])C1([H])C([H])=C([H])N([H])C([H])(C([H])([H])[H])C1([H])[H]
18,18,1,[H]C1=C(C2([H])OC2([H])[H])C([H])([H])C([H])([H])C1([H])[H]
18,18,1,[H]C#CC1(C([H])([H])[H])C([H])=C([H])C([H])([H])C1([H])[H]
21,21,1,[H]C([H])([H])C1([H])OC2(C([H])([H])OC([H])([H])C2([H])[H])C1([H])[H]
16,16,1,[H]C#CC([H])(OC1([H])OC1([H])[H])C([H])([H])[H]
17,17,1,[H]N1C([H])([H])C2([H])C1([H])C1([H])C([H])(C#N)C21[H]
15,15,1,[H]C1=NC2([H])C([H])(O1)C1([H])C([H])([H])C21[H]
16,16,1,[H]C1=C([H])C2([H])N([H])C([H])(C#N)C2([H])N1[H]
21,20,0,[H]C1C([H])([H])C([H])([H])OC([H])(C([H])([H])[H])C2([H])N([H])C12[H]
16,16,1,[H]OC1([H])OC(=O)C2([H])N1C2([H])C([H])([H])[H]
18,18,1,[H]C(=O)C1([H])N([H])C2([H])C3([H])C([H])([H])C1([H])C23[H]
19,19,1,[H]N1C(=O)N(C([H])([H])[H])C([H])([H])C12C([H])([H])C2([H])[H]
19,19,1,[H]N=C1N([H])C2([H])C([H])([H])C1(C([H])([H])[H])C2([H])O[H]
12,12,1,[H]c1nnc(C([H])([H])[H])nc1[H]
18,18,1,[H]C([H])([H])C1=NC2([H])C([H])([H])C23OC([H])([H])C13[H]
17,17,1,[H]C(=O)C(=O)C([H])([H])C([H])([H])C([H])([H])N([H])[H]
19,19,1,[H]C#CC1([H])C([H])=C([H])C([H])([H])C([H])([H])C1([H])O[H]
18,18,1,[H]OC1([H])C([H])([H])N([H])C2([H])C([H])(O[H])C12O[H]
15,15,1,[H]OC1([H])C2([H])C(C#N)=NC([H])([H])C12[H]
19,19,1,[H]N1C([H])([H])C23N(C12[H])C1(C([H])([H])C1([H])[H])C3([H])[H]
16,16,1,[H]C#CC([H])(C#C[H])C([H])(O[H])C([H])([H])[H]
20,19,0,
13,11,0,[H]c1nc(N=N)c(O)n1C([H])([H])[H]
18,18,1,[H]OC([H])([H])C([H])(C([H])=O)C([H])([H])OC([H])([H])[H]
17,16,0,[H]C(=NC([H])([H])[H])C([H])N([H])C(=O)C([H])([H])[H]
12,12,1,[H]C(=O)OC1([H])C(=O)OC1([H])[H]
23,22,0,[H]C1OC([H])(C([H])([H])[H])C1(C(=O)C([H])([H])C([H])([H])[H])C([H])([H])[H]
25,25,1,[H]C1=C([H])C2([H])N([H])C2([H])C([H])([H])C([H])(C([H])([H])[H])C([H])([H])C1([H])[H]
16,16,1,[H]OC([H])(c1oc([H])nc1N([H])[H])N([H])[H]
23,23,1,[H]C1=C(C([H])([H])C([H])([H])C([H])([H])[H])C2([H])C([H])([H])C2([H])C1([H])[H]
17,17,1,[H]OC1(C([H])([H])[H])C(=O)N([H])C([H])([H])C1([H])[H]
19,19,1,[H]C([H])([H])C(=O)C([H])([H])C12OC([H])([H])C1([H])C2([H])[H]
23,22,0,
19,19,1,[H]N1C(=O)C(C([H])([H])[H])(C2([H])OC2([H])[H])OC1([H])[H]
18,18,1,[H]N=C([H])OC(=O)C([H])([H])C([H])([H])C([H])([H])O[H]
16,16,1,[H]C(=O)C([H])([H])C1(C#N)OC([H])([H])C1([H])[H]
15,14,0,
17,16,0,
16,16,1,[H]N1C2([H])N=C(C([H])([H])C#N)C([H])([H])C12[H]
15,15,1,[H]C([H])([H])C1(C([H])([H])[H])C(=O)OC1([H])[H]
17,15,0,
18,18,1,[H]C1=NC([H])(C2([H])N3C([H])([H])C32[H])C([H])([H])N1[H]
21,21,1,[H]N1C([H])([H])C1([H])C1([H])C([H])([H])C([H])([H])C2([H])N([H])C21[H]
19,19,1,[H]C([H])([H])C1([H])OC2([H])OC([H])([H])C2(C([H])([H])[H])O1
17,17,1,[H]N1C([H])([H])C([H])([H])C1(C#N)C1([H])OC1([H])[H]
15,15,1,[H]OC1([H])C2(O[H])C(=O)C3([H])C1([H])C32[H]
21,19,0,
16,16,1,[H]C1=NC([H])([H])C2([H])OC1([H])C21OC1([H])[H]
19,19,1,[H]C([H])([H])C([H])([H])OC1([H])C2([H])OC3([H])C1([H])C23[H]
21,21,1,[H]C1([H])OC([H])(C([H])([H])C([H])([H])C([H])([H])[H])C([H])([H])C1=O
18,18,1,[H]OC([H])([H])C(O[H])(C([H])([H])[H])C([H])(C#N)O[H]
18,18,1,[H]C([H])([H])C1([H])C([H])([H])C2([H])C3([H])OC([H])([H])C312
16,16,1,[H]OC1([H])OC2([H])OC([H])(N([H])[H])C12O[H]
20,20,1,[H]OC([H])(OC([H])([H])[H])C([H])([H])C1(O[H])N([H])C1([H])[H]
21,21,1,[H]C([H])([H])C([H])([H])C12C([H])([H])OC3([H])C([H])(C1([H])[H])C32[H]
19,18,0,
17,15,0,
19,19,1,[H]C#CC1([H])C([H])([H])N([H])C1(C([H])([H])[H])C([H])([H])[H]
17,16,0,
25,25,1,[H]OC12C([H])([H])C([H])([H])N(C([H])([H])C([H])([H])[H])C1(C([H])([H])[H])C2([H])[H]
21,20,0,[H]C1=C(C([H])([H])[H])C([H])N2C([H])([H])C([H])([H])C2([H])C1([H])[H]
16,16,1,[H]OC([H])([H])C([H])(C#N)OC(=O)C([H])([H])[H]
20,20,1,[H]N=C([H])OC1([H])C([H])([H])C12C([H])([H])C([H])([H])C2([H])[H]
21,21,1,[H]C1=NC([H])(C([H])([H])[H])C2([H])C([H])([H])C([H])(N1[H])C2([H])[H]
15,15,1,[H]OC([H])([H])OC1(C#N)OC([H])([H])C1=O
23,23,1,[H]N1C([H])(C([H])([H])[H])C2(N([H])C2([H])[H])C1([H])C([H])([H])C([H])([H])[H]
15,15,1,[H]C1=NC(=O)C([H])([H])C(C([H])([H])[H])=NO1
20,20,1,[H]OC1(C([H])([H])[H])C([H])([H])C2([H])N3C([H])([H])C1([H])C32[H]
17,17,1,[H]C([H])([H])C(=O)C1([H])N2C([H])([H])C1([H])C2([H])[H]
21,21,1,[H]OC1([H])C([H])=C([H])C([H])([H])C1([H])OC([H])([H])C([H])([H])[H]
23,23,1,[H]N1C([H])([H])N([H])C2(C1([H])[H])C([H])([H])C([H])([H])C([H])([H])C2([H])[H]
23,23,1,[H]C([H])([H])N=C1OC2([H])C([H])([H])C1(C([H])([H])C([H])([H])[H])C2([H])[H]
18,18,1,[H]c1nc(N([H])[H])c2n1C([H])([H])C([H])([H])C2([H])[H]
19,18,0,[H]C([H])([H])C12C(=NC([H])([H])C([H])([H])C1([H])O)C2([H])[H]
18,18,1,[H]OC1([H])C([H])=C([H])C2([H])N([H])C2([H])C1([H])O[H]
21,21,1,[H]C([H])([H])C1([H])C2([H])C3([H])OC3([H])C([H])([H])C12C([H])([H])[H]
21,19,0,[H]C#CC([H])(NC([H])([H])[H])C1([H])C(C([H])([H])[H])OC1([H])[H]
18,18,1,[H]OC12C3([H])C([H])=NC([H])([H])C1([H])C([H])([H])C32[H]
15,15,1,[H]OC1([H])C(C#N)=C([H])C2([H])N([H])C12[H]
19,19,1,[H]OC1(C2(N([H])[H])C([H])([H])C2([H])[H])C([H])([H])C1([H])[H]
16,16,1,[H]OC([H])([H])C(=O)C1(C([H])=O)N([H])C1([H])[H]
19,19,1,[H]C(=O)C12C([H])([H])C1([H])C([H])([H])OC2([H])C([H])([H])[H]
19,18,0,[H]C1OC([H])([H])C2=NC([H])([H])C([H])([H])C([H])([H])C21[H]
22,22,1,[H]C1=NC([H])([H])C([H])(OC([H])([H])[H])C1(C([H])([H])[H])C([H])([H])[H]
16,13,0,
19,19,1,[H]N1C([H])(OC([H])([H])[H])C1(C([H])([H])[H])C([H])([H])C#N
18,17,0,[H]OC1=C([H])N([H])C(=C([H])N([H])[H])C1C([H])([H])[H]
16,16,1,[H]C1=C(C([H])([H])[H])C(=O)N([H])C(=O)C1([H])[H]
22,22,1,[H]OC([H])([H])C1([H])N([H])C([H])([H])C([H])([H])C1(O[H])C([H])([H])[H]
16,16,1,[H]C#CC([H])(O[H])C([H])([H])C(=O)C([H])([H])[H]
13,13,1,[H]C#CC(=O)C1(C([H])=O)OC1([H])[H]
19,19,1,[H]OC1([H])N([H])C(=O)C1(N([H])C([H])([H])[H])C([H])([H])[H]
18,18,1,[H]N1C([H])([H])C1([H])C1([H])N2C3([H])N(C3([H])[H])C21[H]
15,15,1,[H]C([H])([H])C#CC1([H])OC([H])([H])C1([H])[H]
21,21,1,[H]OC1([H])C([H])(N([H])[H])C([H])([H])C2([H])N([H])C12C([H])([H])[H]
17,16,0,[H]OC([H])C1(C([H])([H])[H])C(=O)N2C([H])([H])C21[H]
15,15,1,[H]OC1(C([H])=O)C([H])([H])C([H])([H])C1([H])[H]
16,16,1,[H]C1=C(N([H])[H])C([H])([H])OC1=NC([H])([H])[H]
18,18,1,[H]N([H])C1([H])C(=O)C2([H])OC([H])([H])C2([H])C1([H])[H]
23,22,0,[H]C1=CN([H])C([H])(C([H])(C([H])([H])[H])C([H])([H])[H])C12N([H])C2([H])[H]
21,21,1,[H]C([H])([H])C([H])([H])C(=O)C1([H])C([H])([H])OC1([H])C([H])([H])[H]
19,19,1,[H]C([H])([H])OC(=O)C([H])([H])N(C([H])([H])[H])C([H])([H])[H]
17,17,1,[H]N=C([H])OC12N3C([H])(C1([H])[H])C3([H])C2([H])[H]
16,16,1,[H]C(=O)C([H])(C(=O)N([H])[H])C1([H])OC1([H])[H]
19,19,1,[H]N=C(N([H])C(=O)N([H])C([H])([H])[H])N([H])C([H])([H])[H]
22,22,1,[H]N1C2([H])C3([H])C([H])([H])C(C([H])([H])[H])(C([H])([H])[H])C2([H])C13[H]
17,17,1,[H]C(=O)C([H])([H])C1([H])OC1([H])C(=O)C([H])([H])[H]
18,17,0,[H]C([H])([H])C([H])(C1OC([H])([H])C1([H])[H])C([H])([H])[H]
18,18,1,[H]C([H])([H])C(=O)N(C([H])([H])[H])C([H])([H])C([H])([H])[H]
23,23,1,[H]N1C(=NC([H])([H])[H])C([H])([H])C([H])([H])C([H])(C([H])([H])[H])C1([H])[H]
16,16,1,[H]Oc1c([H])c(C([H])([H])[H])c([H])n1C([H])=O
16,16,1,[H]OC12OC([H])([H])C3([H])N4C1([H])C2([H])C43[H]
16,16,1,[H]N=C1C(C#N)=NC([H])(C([H])([H])[H])C1([H])[H]
20,19,0,[H]C1=C([H])N2C([H])([H])C([H])([H])C([H])([H])C2([H])C1N([H])[H]
21,21,1,[H]C1([H])OC(C([H])([H])[H])(C([H])([H])[H])C([H])([H])C([H])([H])C1=O
17,17,1,[H]C1([H])C([H])([H])C2(C1([H])[H])C([H])([H])C2([H])C#N
19,19,1,[H]C1([H])OC([H])([H])C([H])(C(=O)C([H])([H])C([H])([H])[H])O1
22,22,1,[H]C1=NC([H])([H])C(C([H])([H])[H])(C2([H])C([H])([H])C2([H])[H])C1([H])[H]
18,18,1,[H]OC1(C([H])(N=C([H])[H])C([H])=O)C([H])([H])C1([H])[H]
17,15,0,
17,16,0,
17,17,1,[H]C#CC1(C#N)C([H])([H])N(C([H])([H])[H])C1([H])[H]
14,14,1,[H]OC12C(=O)C3([H])OC3([H])C1([H])N2[H]
23,22,0,
20,19,0,
25,25,1,[H]N1C([H])([H])C([H])([H])C1([H])C(=O)C([H])([H])C([H])(C([H])([H])[H])C([H])([H])[H]
21,21,1,[H]OC([H])([H])C1(C([H])([H])[H])C([H])([H])C([H])([H])C12OC2([H])[H]
18,18,1,[H]OC([H])(OC([H])([H])[H])C(C#N)(O[H])C([H])([H])[H]
22,22,1,[H]OC1([H])C([H])([H])C1([H])C([H])([H])C([H])([H])C([H])([H])C([H])([H])[H]
15,15,1,[H]C1=C([H])C([H])([H])C([H])([H])C([H])([H])C1=O
19,18,0,
13,13,1,[H]C(=O)C([H])([H])C(=O)C([H])([H])C#N
25,25,1,[H]OC([H])([H])C(=O)N(C([H])([H])C([H])([H])[H])C([H])(C([H])([H])[H])C([H])([H])[H]
18,18,1,[H]C1=C2C3([H])N4C([H])([H])C1([H])C2([H])C([H])([H])C43[H]
15,15,1,[H]C(=O)C12OC([H])(C(=O)C1([H])[H])C2([H])[H]
19,19,1,[H]C([H])([H])C1([H])C(=O)OC([H])([H])C2([H])C([H])([H])C12[H]
21,21,1,[H]C1=C(C([H])([H])[H])C([H])([H])C([H])(C([H])([H])[H])C([H])([H])C1=O
18,18,1,[H]C#CC([H])([H])C([H])([H])N=C([H])N([H])C([H])([H])[H]
17,15,0,[H]C([H])([H])N1N=C(OC([H])([H])C([H])([H])[H])NN1
18,18,1,[H]OC1(C([H])=O)C([H])(C([H])([H])[H])N2C([H])([H])C21[H]
16,16,1,[H]C1=C(C([H])([H])[H])C([H])([H])C([H])(C#N)C1=O
17,16,0,[H]N([H])C([H])([H])C([H])([H])C([H])([H])C(=O)C(=O)O
21,21,1,[H]C([H])([H])C1([H])OC([H])([H])C2([H])OC([H])([H])C2([H])C1([H])[H]
17,17,1,[H]OC([H])([H])C1(C#N)OC([H])(C([H])=O)C1([H])[H]
14,14,1,[H]N=c1nnc([H])nc(C([H])([H])[H])n1
15,15,1,[H]C#CC1([H])C(=O)C([H])([H])C(=O)C1([H])[H]
16,16,1,[H]N([H])C(=O)C(=O)C([H])([H])N([H])C([H])([H])[H]
16,16,1,[H]OC1([H])C([H])(OC([H])([H])[H])C2([H])OC12[H]
21,21,1,[H]N1C([H])([H])C([H])([H])C([H])([H])C([H])([H])C12C([H])([H])C2([H])[H]
20,19,0,
18,17,0,[H]N=C(C1OC2([H])C([H])([H])C([H])([H])C12[H])N([H])[H]
21,21,1,[H]C1=C(C([H])([H])[H])C2([H])N([H])C1(C([H])([H])[H])C2([H])N([H])[H]
21,21,1,[H]C#CC([H])([H])C([H])([H])C([H])(O[H])C([H])([H])C([H])([H])O[H]
18,17,0,
15,13,0,[H]OC([H])(C1=NNNN=C1[H])C([H])([H])[H]
13,13,1,[H]N1N=NC([H])(C#N)C([H])([H])C1=O
22,22,1,[H]N1C([H])([H])C1([H])C([H])(OC([H])([H])[H])C([H])([H])OC([H])([H])[H]
19,19,1,[H]N1C(C#N)=C(C([H])([H])C([H])([H])[H])C([H])([H])C1([H])[H]
20,18,0,[H]C1NN(C([H])([H])[H])N=C1C([H])(C([H])([H])[H])C([H])([H])[H]
23,23,1,[H]C([H])([H])C12C([H])([H])C1([H])C([H])([H])C([H])([H])C1([H])C([H])([H])C12[H]
17,17,1,[H]C([H])([H])N1C2([H])OC3([H])C1([H])N1C2([H])C13[H]
21,21,1,[H]C(=O)C(C([H])([H])[H])(C([H])([H])[H])C1(C([H])([H])[H])OC1([H])[H]
21,21,1,[H]C([H])([H])C([H])([H])C1([H])N2C([H])([H])C([H])([H])C21C([H])([H])[H]
18,17,0,[H]C1([H])OC2C([H])([H])C([H])([H])C([H])([H])C(=O)C21[H]
17,17,1,[H]C1([H])OC2([H])C3([H])C([H])([H])C(=O)C1([H])C23[H]
23,23,1,[H]C1=C(C([H])([H])[H])C([H])([H])C([H])(C([H])([H])OC([H])([H])[H])C1([H])[H]
20,20,1,[H]OC1([H])C([H])([H])N=C(C([H])([H])[H])C([H])([H])C1([H])O[H]
18,15,0,
16,16,1,[H]C#CC(=O)N([H])C([H])([H])N([H])C([H])=N[H]
18,18,1,[H]N=C1N([H])C2(C([H])([H])[H])C([H])([H])C([H])=NC12[H]
21,21,1,[H]C([H])([H])C#CC([H])([H])C1([H])C([H])([H])OC1([H])C([H])([H])[H]
17,17,1,[H]C1=NC2([H])C([H])([H])OC([H])([H])C3([H])N1C23[H]
17,17,1,[H]OC([H])(C(=O)C([H])([H])[H])C([H])(C#N)N([H])[H]
21,21,1,[H]C([H])([H])N1C([H])([H])C1([H])OC([H])(C([H])([H])[H])C([H])([H])[H]
16,16,1,[H]c1noc2c1C([H])([H])OC2([H])C([H])([H])[H]
14,13,0,
17,17,1,[H]C1=C([H])C([H])(C2([H])OC2([H])[H])C([H])([H])C1=O
16,16,1,[H]OC1(C#N)C([H])([H])C1(C([H])=O)C([H])([H])[H]
17,17,1,[H]C#CC([H])([H])C([H])(C([H])([H])[H])C([H])([H])C#N
14,12,0,
14,11,0,
19,19,1,[H]OC1([H])C2([H])C(=O)C([H])([H])C([H])([H])C12C([H])([H])[H]
14,12,0,[H]C1([H])C2C(=O)C(=O)NC2([H])C1([H])[H]
17,17,1,[H]C#CC(C([H])=O)(C([H])([H])[H])C1([H])OC1([H])[H]
19,19,1,[H]N([H])C([H])([H])C1([H])OC([H])([H])C2(O1)N([H])C2([H])[H]
18,18,1,[H]OC12N([H])C3([H])C([H])([H])C1([H])C3(O[H])C2([H])[H]
24,24,1,[H]OC1(N(C([H])([H])[H])C([H])([H])[H])C([H])([H])C([H])([H])C1([H])C([H])([H])[H]
19,19,1,[H]OC1([H])C(=O)OC(C([H])([H])[H])(C([H])([H])[H])C1([H])[H]
21,21,1,[H]C([H])([H])C([H])(C([H])([H])[H])C1(C([H])([H])[H])C(=O)OC1([H])[H]
19,19,1,[H]N([H])C([H])([H])C1([H])C([H])([H])OC2([H])C([H])([H])C21[H]
19,19,1,[H]N1C(=O)C2(N([H])[H])C([H])([H])C2(C([H])([H])[H])C1([H])[H]
21,21,1,[H]OC([H])([H])C1=NC([H])([H])C1([H])C([H])([H])N([H])C([H])([H])[H]
16,16,1,[H]N=C1N([H])C([H])([H])N([H])C(=O)OC1([H])[H]
15,15,1,[H]C1=NC(C#N)(C([H])([H])[H])C12OC2([H])[H]
22,22,1,[H]C([H])([H])C(=O)C([H])([H])C1([H])N(C([H])([H])[H])C([H])([H])C1([H])[H]
21,21,1,[H]OC1([H])C2([H])C([H])=C([H])C([H])([H])C2([H])C1([H])C([H])([H])[H]
21,21,1,[H]OC([H])([H])C#CC1(C([H])([H])[H])C([H])([H])C1([H])C([H])([H])[H]
16,16,1,[H]C(=O)N([H])C([H])(C([H])([H])[H])C([H])([H])C#N
17,17,1,[H]OC([H])([H])C12N=C([H])C([H])=NC1([H])C2([H])[H]
23,23,1,[H]C1=C(C([H])([H])[H])C([H])([H])OC([H])([H])C1(C([H])([H])[H])C([H])([H])[H]
21,21,1,[H]C(=O)C1(C([H])([H])[H])OC1([H])C([H])([H])C([H])([H])C([H])([H])[H]
18,18,1,[H]C1=C(C([H])([H])[H])C([H])([H])N([H])C(=O)OC1([H])[H]
14,14,1,[H]OC12C(=O)C(=O)C([H])([H])C1([H])N2[H]
21,21,1,[H]C1=NC([H])(N([H])[H])C2(C([H])([H])[H])C([H])([H])C12C([H])([H])[H]
16,15,0,[H]OC([H])(C1C(=O)N([H])N=C1[H])C([H])([H])[H]
15,15,1,[H]C1=C(C([H])([H])[H])C2([H])OC2([H])C1([H])[H]
14,14,1,[H]N1N=NN=C2C1=NC([H])([H])C2([H])[H]
17,17,1,[H]OC12C3([H])C4([H])C([H])([H])C45C3([H])C1([H])C25[H]
21,21,1,[H]OC([H])([H])C1(C2([H])N([H])C2([H])[H])N([H])C1([H])C([H])([H])[H]
16,16,1,[H]C(=O)OC([H])=NC([H])([H])C1([H])OC1([H])[H]
20,20,1,[H]C1([H])N2C3([H])C4([H])C([H])([H])C([H])([H])C([H])([H])C23C14[H]
16,15,0,
20,20,1,[H]OC([H])(C(=O)C([H])([H])[H])C([H])(C([H])([H])[H])C([H])([H])[H]
21,21,1,[H]C1=C([H])C(C([H])([H])[H])(C([H])([H])[H])C2(N([H])[H])N([H])C12[H]
21,21,1,[H]N1C([H])([H])C([H])([H])C2(N([H])[H])C([H])([H])OC([H])([H])C12[H]
15,15,1,[H]N([H])C1=NC([H])(N([H])[H])C([H])(C#N)O1
17,17,1,[H]C(=O)N1C(=NC([H])([H])[H])OC([H])([H])C1([H])[H]
17,17,1,[H]N=C1N([H])C(=O)C(C([H])([H])[H])=C([H])C1([H])[H]
20,20,1,[H]C([H])([H])C1([H])OC([H])([H])C12N1C([H])([H])C1([H])C2([H])[H]
20,19,0,[H]OC([H])C1([H])C([H])(C([H])([H])[H])C1(C([H])=O)C([H])([H])[H]
15,15,1,[H]N=C([H])N([H])c1c([H])noc1N([H])[H]
22,22,1,[H]N([H])C(C(=O)C1([H])C([H])([H])C1([H])[H])(C([H])([H])[H])C([H])([H])[H]
16,14,0,
18,18,1,[H]C1([H])C(=O)C2([H])C([H])([H])C([H])([H])C1([H])C2([H])[H]
20,20,1,[H]C([H])([H])C([H])([H])C(C#N)=C1C([H])([H])C([H])([H])C1([H])[H]
15,15,1,[H]C(=O)n1c([H])c(C([H])([H])[H])n([H])c1=O
15,14,0,[H]OC1=NC([H])C([H])=C([H])C12OC2([H])[H]
20,20,1,[H]OC([H])([H])C1([H])C(=O)C(N([H])[H])(C([H])([H])[H])C1([H])[H]
13,13,1,[H]C1=NC2([H])C([H])(C#N)C2([H])N1[H]
18,16,0,[H]C1([H])NC2([H])C([H])([H])C1C(=O)C2([H])C([H])([H])[H]
14,14,1,[H]C1([H])N=C(C([H])(C#N)C([H])([H])[H])O1
22,21,0,[H]C1C2([H])OC([H])(C([H])([H])C([H])([H])[H])C1([H])C([H])([H])C2([H])[H]
18,16,0,
20,20,1,[H]OC([H])(C([H])([H])[H])C1([H])C([H])(O[H])C1([H])C([H])([H])[H]
15,15,1,[H]C#CC1([H])C2([H])OC([H])([H])C12C([H])=O
19,17,0,
18,17,0,[H]C1C2([H])OC2(C([H])([H])[H])C2(C([H])([H])[H])OC12[H]
20,20,1,[H]C([H])([H])C1([H])C(=O)N2C1([H])C2(C([H])([H])[H])C([H])([H])[H]
24,24,1,[H]C([H])([H])OC([H])(C([H])([H])C([H])([H])[H])C([H])(C([H])([H])[H])C([H])([H])[H]
17,17,1,[H]C([H])([H])C#CC([H])([H])C(=O)C(=O)C([H])([H])[H]
14,14,1,[H]Oc1c([H])nc2n1C([H])=NC2([H])[H]
21,21,1,[H]C([H])([H])C1([H])C([H])([H])C2([H])C3([H])OC([H])([H])C32C1([H])[H]
17,17,1,[H]C#CC(=O)C1([H])C([H])([H])C1([H])C([H])([H])O[H]
17,16,0,[H]C1=C(C#CC([H])([H])[H])N(C([H])([H])[H])NN1[H]
17,17,1,[H]OC1([H])C2([H])C3([H])C1(O[H])C23OC([H])([H])[H]
20,19,0,[H]C1=C([H])C2(C([H])([H])C2([H])[H])C([H])(OC([H])[H])C1([H])[H]
20,20,1,[H]C([H])([H])C([H])(N1C([H])([H])C1([H])C([H])([H])[H])C([H])([H])[H]
17,17,1,[H]Oc1oc(C([H])([H])N([H])[H])c(N([H])[H])c1[H]
23,23,1,[H]OC([H])([H])C1(OC([H])([H])[H])C([H])([H])C1([H])C([H])([H])C([H])([H])[H]
16,16,1,[H]N1C(=O)OC([H])(C([H])([H])[H])C([H])([H])C1=O
17,17,1,[H]N=C1N([H])C(=NO[H])C([H])([H])N1C([H])([H])[H]
21,20,0,
14,14,1,[H]C#CC12C(=O)OC([H])([H])C1([H])N2[H]
14,14,1,[H]OC1(C([H])([H])[H])C(=O)OC([H])=C1[H]
19,19,1,[H]N1C2([H])C([H])([H])C([H])([H])C(C#N)(C([H])([H])[H])C12[H]
21,21,1,[H]C([H])([H])C12N3C1([H])C3([H])C2(C([H])([H])[H])C1([H])OC1([H])[H]
17,17,1,[H]N([H])C1([H])C2([H])OC([H])([H])C1([H])OC2([H])[H]
14,14,1,[H]N=C1N([H])C(=N[H])C([H])([H])C1([H])[H]
19,19,1,[H]OC12C([H])(C([H])=O)C([H])([H])C1([H])C2([H])C([H])([H])[H]
15,15,1,[H]N=C1c2c(nn([H])c2[H])C([H])([H])N1[H]
13,12,0,
15,15,1,[H]OC1([H])C2([H])OC1(O[H])C2(O[H])O[H]
18,18,1,[H]OC12C(N([H])[H])=C([H])C(=C([H])C1([H])[H])C2([H])[H]
17,17,1,[H]C#CC([H])(O[H])C([H])(O[H])C1([H])OC1([H])[H]
17,16,0,[H]C1([H])OC(C2([H])C([H])([H])OC2([H])[H])C1([H])[H]
16,15,0,
17,17,1,[H]C(=O)c1oc(C([H])([H])C([H])([H])[H])c([H])c1[H]
23,23,1,[H]C([H])([H])C1([H])C([H])([H])C2(OC2([H])[H])C1(C([H])([H])[H])C([H])([H])[H]
21,21,1,[H]OC([H])([H])C([H])(O[H])C1([H])OC([H])(C([H])([H])[H])C1([H])[H]
19,19,1,[H]C1([H])OC2(C#N)C([H])([H])C3(C([H])([H])C3([H])[H])C12[H]
21,21,1,[H]N=C1C([H])([H])OC([H])([H])N(C([H])([H])C([H])([H])[H])C1([H])[H]
16,16,1,[H]C1=C([H])C([H])([H])C([H])(N([H])[H])C(=O)C1=O
15,15,1,[H]C#CC([H])(C([H])=O)C1([H])N([H])C1([H])[H]
15,15,1,[H]C#CC1(C([H])([H])[H])OC(=O)OC1([H])[H]
21,21,1,[H]OC([H])([H])C(O[H])(C([H])([H])[H])C([H])(O[H])C(=O)N([H])[H]
21,21,1,[H]N1C([H])([H])C1([H])C1(C([H])([H])[H])N=C(C([H])([H])[H])C1([H])[H]
17,17,1,[H]C1=C([H])C2([H])OC3([H])C([H])(OC23[H])C1([H])[H]
23,23,1,[H]C([H])([H])C1([H])C2([H])OC([H])([H])C([H])([H])C1(C([H])([H])[H])C2([H])[H]
17,17,1,[H]OC([H])([H])C([H])(O[H])C([H])([H])C([H])([H])C#N
18,18,1,[H]c1c([H])c(C([H])([H])C(=O)C([H])([H])[H])n([H])c1[H]
16,15,0,[H]C#CC1([H])N([H])C([H])C1(C#N)C([H])([H])[H]
18,17,0,
21,21,1,[H]C([H])([H])N(C([H])([H])[H])C1([H])C([H])([H])C12C([H])([H])C2([H])[H]
18,18,1,[H]C1([H])OC12C([H])([H])C1([H])C([H])([H])C1([H])C2([H])[H]
22,22,1,[H]C([H])([H])C(=O)C([H])(C([H])([H])C([H])([H])[H])C([H])([H])C([H])([H])[H]
22,22,1,[H]C1([H])OC([H])([H])N(C([H])([H])[H])C([H])(C([H])([H])[H])C([H])([H])O1
13,12,0,
23,23,1,[H]N(C([H])([H])[H])C1([H])C([H])([H])C([H])([H])C([H])([H])C2([H])N([H])C12[H]
18,18,1,[H]C([H])([H])N1C([H])([H])C([H])([H])C([H])(C#N)C1([H])[H]
19,19,1,[H]OC([H])([H])C1=C2C([H])([H])C3([H])C1([H])C([H])([H])C23[H]
19,19,1,[H]C([H])(C#N)C([H])([H])C([H])([H])C1([H])C([H])([H])C1([H])[H]
23,23,1,[H]OC([H])(C([H])([H])[H])C1([H])C([H])([H])OC([H])([H])C1([H])C([H])([H])[H]
21,21,1,[H]C(=O)C1([H])C([H])([H])OC([H])(C([H])([H])C([H])([H])[H])C1([H])[H]
25,25,1,[H]C([H])([H])C1(C([H])([H])C2([H])C([H])([H])C([H])([H])C2([H])[H])C([H])([H])C1([H])[H]
20,20,1,[H]C(=O)C1(C#CC([H])([H])[H])C([H])([H])C2([H])C([H])([H])C12[H]
15,15,1,[H]C1=NC([H])([H])C2([H])OC2([H])C1([H])C#N
17,17,1,[H]N1C([H])([H])C2(C([H])([H])[H])N([H])C([H])([H])C12[H]
18,18,1,[H]Oc1c(N([H])[H])nc(C([H])([H])[H])n1C([H])([H])[H]
16,15,0,
17,17,1,[H]c1onc(C([H])([H])[H])c1C1([H])N([H])C1([H])[H]
18,18,1,[H]N=C([H])N1C2([H])N([H])C3([H])C([H])([H])C1([H])C23[H]
18,18,1,[H]C([H])([H])C12N3C([H])(C(=O)C([H])([H])C31[H])C2([H])[H]
17,17,1,[H]OC([H])([H])C1(C([H])([H])C([H])=O)N([H])C1([H])[H]
17,17,1,[H]OC1([H])C([H])([H])C2([H])OC3(OC3([H])[H])C12[H]
18,16,0,
15,15,1,[H]C(=O)C1([H])C(=O)N([H])C([H])([H])C1([H])[H]
27,27,1,[H]C([H])([H])C([H])([H])C1([H])C([H])([H])C([H])([H])C([H])([H])C([H])(C([H])([H])[H])C1([H])[H]
19,18,0,[H]N(NC(=O)C([H])([H])[H])C([H])([H])C([H])([H])C([H])([H])[H]
16,16,1,[H]C#CC12C(=N[H])OC1([H])C([H])([H])C2([H])[H]
16,15,0,[H]C1=C(N([H])[H])C([H])(N([H])[H])OC([H])(O)O1
17,17,1,[H]OC1(c2nonc2[H])C([H])([H])N([H])C1([H])[H]
16,16,1,[H]C(=O)C12C([H])([H])C(C#N)(C1([H])[H])C2([H])[H]
23,23,1,[H]OC([H])([H])C1(OC([H])([H])C([H])([H])[H])C([H])([H])C1([H])C([H])([H])[H]
27,27,1,[H]N(C([H])([H])C([H])([H])[H])C([H])([H])C([H])(N([H])[H])C([H])([H])C([H])([H])C([H])([H])[H]
17,17,1,[H]N1C([H])([H])C1([H])OC(=O)C([H])([H])C([H])([H])[H]
15,15,1,[H]C1=C(C#N)N([H])C([H])([H])C1([H])N([H])[H]
17,17,1,[H]c1nn(C([H])([H])C([H])([H])[H])c(=O)c([H])c1[H]
14,14,1,[H]c1nn(C([H])([H])[H])c(=O)c(=O)n1[H]
19,19,1,[H]C([H])([H])C1([H])OC2([H])C([H])([H])C([H])([H])C(=O)C12[H]
20,20,1,[H]N1C2([H])C3=C(C([H])([H])C2([H])[H])C([H])([H])C([H])([H])C31[H]
17,17,1,[H]C#CC([H])([H])N1C(=O)N([H])C([H])([H])C1([H])[H]
18,18,1,[H]C#CC1([H])N([H])C(=O)C1(C([H])([H])[H])C([H])([H])[H]
19,19,1,[H]C#CC(OC([H])([H])C([H])([H])[H])(C([H])=O)C([H])([H])[H]
21,21,1,[H]N([H])C([H])([H])C(=O)N(C([H])([H])[H])C([H])([H])OC([H])([H])[H]
17,17,1,[H]C([H])([H])C([H])([H])C12OC1([H])C1([H])N2C1([H])[H]
16,16,1,[H]OC([H])([H])C1([H])N2C(=O)C1([H])C([H])=C2[H]
20,20,1,[H]OC([H])(N([H])C([H])([H])[H])C([H])(OC([H])=O)C([H])([H])[H]
14,14,1,[H]C1=C([H])C([H])([H])C([H])(C#N)C1([H])[H]
16,16,1,[H]C1=NC([H])([H])C(C([H])([H])C#N)=C([H])N1[H]
22,22,1,[H]C([H])([H])N1C2([H])C1([H])C1([H])C([H])([H])C1([H])C2([H])C([H])([H])[H]
17,17,1,[H]N([H])C([H])(C#N)OC(=O)C([H])([H])C([H])([H])[H]
21,21,1,[H]C1=C([H])C2([H])C([H])([H])C([H])(C1([H])[H])C1([H])C([H])([H])C21[H]
16,15,0,[H]OC12C(C([H])=O)C([H])([H])OC1([H])C2([H])[H]
19,19,1,[H]OC1([H])C([H])([H])C12N([H])C2([H])C([H])([H])C([H])([H])[H]
13,13,1,[H]C#Cc1c([H])noc1C([H])([H])[H]
19,19,1,[H]ON=C1N(C([H])([H])[H])C2([H])C([H])([H])C([H])([H])C12[H]
21,21,1,[H]N1C([H])([H])C12C([H])([H])C(=O)C([H])([H])C2([H])OC([H])([H])[H]
22,22,1,[H]N1C2([H])C([H])([H])C([H])([H])C3([H])C([H])([H])C([H])(C2([H])[H])C13[H]
22,22,1,[H]OC([H])([H])C([H])([H])C([H])([H])C1([H])C([H])([H])C1([H])C([H])([H])[H]
17,17,1,[H]C(=O)C1([H])OC(C([H])=O)(C([H])([H])[H])C1([H])[H]
11,11,1,[H]C(=O)C([H])([H])C([H])([H])C#N
18,18,1,[H]C#CC1(N([H])C([H])([H])[H])C([H])(O[H])C1([H])O[H]
13,13,1,[H]Oc1nn([H])c([H])c1C([H])([H])[H]
23,23,1,[H]N1C2([H])N(C([H])(C([H])([H])[H])C([H])([H])[H])C1([H])C2([H])C([H])([H])[H]
20,20,1,[H]OC12C([H])([H])C([H])([H])C([H])([H])C1(C([H])([H])[H])C2([H])[H]
21,21,1,[H]C([H])([H])C1([H])C2([H])C([H])([H])C3([H])OC2([H])C([H])([H])C31[H]
17,17,1,[H]N=C1N([H])C([H])=C([H])C([H])([H])C([H])([H])N1[H]
15,13,0,
17,17,1,[H]N=C1C(=O)C2([H])C([H])([H])C2([H])C([H])([H])N1[H]
20,20,1,[H]N1C([H])([H])C([H])(C2([H])N([H])C2([H])C([H])([H])[H])C1([H])[H]
23,23,1,[H]C([H])([H])C([H])([H])OC1(C([H])([H])[H])C([H])([H])OC1([H])C([H])([H])[H]
18,18,1,[H]OC([H])(C(=O)C([H])([H])N([H])[H])C([H])([H])C([H])=O
17,16,0,[H]N=C1OC(=NC([H])([H])[H])N(C([H])([H])[H])C1[H]
17,17,1,[H]C(=O)OC([H])([H])C1([H])C([H])([H])C1([H])C([H])=O
19,19,1,[H]C(=O)OC([H])([H])C([H])([H])C(=NC([H])([H])[H])N([H])[H]
15,15,1,[H]N=C([H])C([H])([H])C(=O)C#CC([H])([H])[H]
18,18,1,[H]C([H])([H])OC(=O)C([H])([H])OC([H])([H])C([H])([H])[H]
19,19,1,[H]C([H])([H])C12C(=O)OC([H])([H])C1(C([H])([H])[H])C2([H])[H]
19,16,0,[H]C1C([H])([H])C2([H])CC1([H])C1([H])C([H])([H])C([H])C21[H]
15,15,1,[H]OC12C([H])=NC([H])([H])C1(O[H])C2([H])[H]
12,12,1,[H]C1=C([H])C(C#N)=NC([H])([H])O1
21,21,1,[H]N1C2([H])C3([H])N([H])C(C([H])([H])C([H])([H])[H])(C3([H])[H])C12[H]
16,12,0,
19,19,1,[H]C1=C(C([H])([H])[H])C(C#N)(C([H])([H])[H])N([H])C1([H])[H]
16,11,0,[H]C1=C([H])C(C([H])([H])[H])NNNC1N([H])[H]
18,18,1,[H]C([H])([H])N1C([H])([H])N2C([H])([H])C([H])([H])C12C#N
13,12,0,[H]c1oc2c(c1[H])C([H])([H])OC2[H]
21,21,1,[H]C#CC([H])([H])C([H])([H])C([H])(C([H])([H])[H])C([H])([H])C#C[H]
20,20,1,[H]OC1(C([H])([H])C([H])([H])[H])C([H])([H])C1([H])OC([H])([H])[H]
17,17,1,[H]C(=O)C([H])([H])N1C([H])([H])N([H])C1([H])C([H])=O
16,16,1,[H]N=C(O[H])C(=NO[H])C1([H])N([H])C1([H])[H]
15,15,1,[H]N([H])C12C(=O)C3([H])C4([H])N(C31[H])C42[H]
16,16,1,[H]C1=C(C2([H])N([H])C2([H])[H])C([H])([H])C(=O)O1
20,20,1,[H]OC1([H])N(C([H])([H])[H])C([H])(C([H])([H])[H])C12OC2([H])[H]
18,18,1,[H]C1=C([H])N2C([H])([H])C2([H])C([H])(C([H])([H])[H])C1=O
17,16,0,[H]C1=NC2C(=NC([H])([H])C2([H])[H])N([H])C1([H])[H]
19,16,0,
18,18,1,[H]N([H])C(=O)C1(N([H])[H])C([H])([H])C12N([H])C2([H])[H]
19,18,0,[H]C([H])C(=O)N([H])C([H])([H])C(=O)N([H])[H]
20,20,1,[H]C([H])([H])OC([H])([H])C(C#N)(OC([H])([H])[H])C([H])([H])[H]
22,22,1,[H]OC([H])(N=C1C([H])([H])C([H])([H])C1([H])[H])C([H])([H])C([H])([H])[H]
20,20,1,[H]OC1([H])OC([H])(C([H])([H])[H])C2([H])N(C1([H])[H])C2([H])[H]
5,4,0,[H]C([H])C#N
16,15,0,
20,20,1,[H]C(=O)N1C([H])(C([H])([H])C([H])([H])[H])C2([H])C([H])([H])C12[H]
22,22,1,[H]OC1([H])N([H])C([H])([H])C2([H])C([H])([H])C([H])(C1([H])[H])C2([H])[H]
22,22,1,[H]N1C([H])([H])C([H])(OC([H])([H])C([H])([H])OC([H])([H])[H])C1([H])[H]
17,17,1,[H]C(=O)N([H])C([H])=NC([H])([H])C#CC([H])([H])[H]
20,20,1,[H]C#CC1([H])OC2(C([H])([H])[H])C([H])(C([H])([H])[H])OC12[H]
17,16,0,[H]OC12C([H])C3([H])OC([H])([H])C31N([H])C2([H])[H]
19,17,0,
17,17,1,[H]c1onc2c1C([H])([H])N(C([H])([H])[H])C2([H])[H]
19,19,1,[H]C1=C([H])C2(C([H])([H])C2([H])[H])C([H])(C([H])([H])[H])C1=O
21,21,1,[H]C(C(=O)C([H])([H])[H])=C1C([H])([H])C([H])([H])C1([H])C([H])([H])[H]
25,25,1,[H]OC([H])(C([H])([H])[H])C([H])([H])C(=C([H])[H])C([H])([H])C([H])([H])C([H])([H])[H]
24,24,1,[H]C(=O)C([H])([H])N([H])C([H])(C([H])([H])[H])C([H])([H])C([H])([H])C([H])([H])[H]
17,17,1,[H]OC1(C([H])([H])[H])C2([H])OC([H])(C2=O)C1([H])[H]
15,15,1,[H]C#CC1([H])C2([H])C(=O)C([H])([H])C12O[H]
19,19,1,[H]N1C(=O)OC([H])(C([H])([H])[H])N([H])C1([H])C([H])([H])[H]
18,18,1,[H]C([H])([H])C1([H])C(=O)C([H])([H])C1(C#N)C([H])([H])[H]
13,8,0,[H]C1=C([H])N([H])C(C(=O)O)C1O
18,18,1,[H]N=C([H])C1([H])OC([H])([H])C([H])([H])C2([H])OC12[H]
17,17,1,[H]OC([H])([H])C1([H])C([H])([H])C(=O)C2([H])OC21[H]
18,18,1,[H]C#CC([H])(C([H])([H])C([H])=O)C([H])([H])C([H])([H])[H]
19,19,1,[H]C#CC1([H])C([H])([H])C(O[H])(C(=O)N([H])[H])C1([H])[H]
14,14,1,[H]C#CC([H])(O[H])C([H])(O[H])C([H])=O
20,20,1,[H]N1C2([H])C([H])(C([H])([H])[H])C3([H])OC3([H])C12C([H])([H])[H]
23,23,1,[H]C([H])([H])C1([H])C2([H])OC(C([H])([H])[H])(C2([H])[H])C1([H])C([H])([H])[H]
11,11,1,[H]C1([H])C([H])([H])C2([H])OC12[H]
21,21,1,[H]C([H])([H])C([H])([H])C1(C([H])([H])[H])C(=O)OC([H])([H])C1([H])[H]
19,19,1,[H]OC1([H])C2([H])C3([H])C([H])([H])C([H])([H])C1(O[H])C32[H]
16,16,1,[H]OC1([H])N([H])C2([H])N([H])C2([H])C1([H])C#N
19,19,1,[H]C(=NC(=O)C([H])([H])C1([H])OC1([H])[H])OC([H])([H])[H]
21,21,1,[H]C([H])([H])C([H])([H])C1(C([H])([H])[H])C([H])([H])N2C([H])([H])C21[H]
18,18,1,[H]OC([H])([H])C1([H])C([H])([H])C2([H])C([H])(O[H])C12[H]
20,20,1,[H]C(=O)C1([H])N(C([H])([H])C([H])([H])[H])C2([H])C([H])([H])C12[H]
16,16,1,[H]c1nc(C(=O)C([H])([H])[H])oc1C([H])([H])[H]
14,14,1,[H]c1c([H])c([H])n([H])c(=O)c(=O)c1[H]
21,21,1,[H]OC(C([H])([H])[H])(C([H])([H])[H])C1([H])C([H])([H])C12OC2([H])[H]
17,17,1,[H]N1C(=O)OC([H])([H])C([H])([H])N2C([H])([H])C12[H]
15,13,0,
20,20,1,[H]C([H])([H])C1=NC2(C([H])([H])[H])C([H])([H])OC([H])([H])C12[H]
21,21,1,[H]C1([H])OC([H])([H])C1([H])OC([H])([H])C1([H])C([H])([H])C1([H])[H]
16,16,1,[H]C1([H])C2([H])OC3([H])C1([H])C3([H])C2([H])C#N
17,17,1,[H]OC([H])([H])C([H])(OC1([H])OC1([H])[H])C([H])=O
23,23,1,[H]OC([H])([H])C1=NC([H])(C([H])([H])[H])C([H])([H])OC1([H])C([H])([H])[H]
21,21,1,[H]OC([H])([H])C(=C(C([H])=O)N([H])C([H])([H])[H])C([H])([H])O[H]
18,17,0,
17,17,1,[H]N=C([H])N1C2([H])C([H])([H])C3([H])OC3([H])C12[H]
21,21,1,[H]C([H])([H])C12C3([H])C([H])([H])C4([H])C([H])(C31[H])C42C([H])([H])[H]
19,19,1,[H]C([H])([H])C1([H])OC([H])(C([H])([H])[H])C([H])([H])OC1=O
20,20,1,[H]OC1([H])C([H])([H])C12C([H])([H])C([H])([H])C([H])([H])C2([H])[H]
16,16,1,[H]C#CC([H])([H])N([H])C([H])(C#C[H])C([H])=O
20,20,1,[H]C#CC1(C([H])([H])[H])OC([H])([H])N([H])C([H])([H])C1([H])[H]
21,21,1,[H]N([H])C([H])(C(=O)OC([H])([H])[H])C([H])(N([H])[H])C([H])([H])[H]
14,14,1,[H]OC1([H])C([H])([H])C2([H])OC(=O)C12[H]
15,12,0,[H]N=C([H])OC1C([H])N(C([H])([H])[H])C1[H]
12,12,1,[H]C1=NC2([H])N([H])C2([H])C(=O)O1
20,20,1,[H]OC1([H])N([H])C([H])([H])C2([H])N=C([H])C3([H])C1([H])C23[H]
18,18,1,[H]N([H])C(=O)C12C([H])([H])C3([H])C([H])([H])C1([H])C32[H]
22,21,0,
17,17,1,[H]N=C(O[H])C([H])([H])C(=O)N1C([H])([H])C1([H])[H]
18,16,0,
23,23,1,[H]C([H])([H])N(C([H])([H])C#N)C(C([H])([H])[H])(C([H])([H])[H])C([H])([H])[H]
18,18,1,[H]C([H])([H])C1([H])C([H])([H])C2(C#N)OC21C([H])([H])[H]
15,15,1,[H]N1C(=O)OC(C#N)(C([H])([H])[H])C1([H])[H]
17,17,1,[H]C1=NC2([H])N(C2([H])[H])C12C([H])([H])OC2([H])[H]
20,20,1,[H]C(=O)C1=C([H])C([H])([H])C([H])([H])C([H])([H])N([H])C1([H])[H]
17,16,0,[H]N([H])C(=C1ON=NC1C([H])([H])[H])C([H])([H])[H]
15,15,1,[H]C1=NC([H])(C#N)C2([H])OC([H])([H])C12[H]
19,19,1,[H]OC1([H])C([H])=C([H])C(OC([H])([H])C([H])([H])[H])=C1[H]
19,19,1,[H]N1C([H])([H])C12C([H])([H])C(=O)N(C([H])([H])[H])C2([H])[H]
20,20,1,[H]C1=C([H])C2(N([H])C2([H])[H])C([H])([H])C2([H])C([H])([H])C12[H]
18,18,1,[H]C#CC1([H])C([H])=C(C([H])([H])[H])C([H])([H])C1([H])[H]
20,20,1,[H]C(=O)C([H])([H])N(C([H])([H])[H])C1([H])C([H])([H])OC1([H])[H]
21,21,1,[H]OC1([H])C([H])([H])N(C([H])([H])[H])C([H])(C([H])([H])[H])C1([H])[H]
12,12,1,[H]c1noc(C(=O)N([H])[H])c1[H]
16,15,0,
18,18,1,[H]OC12C3([H])C([H])([H])C1([H])C2([H])C3([H])C([H])([H])[H]
15,15,1,[H]c1c(N([H])C([H])([H])C#N)nn([H])c1[H]
17,17,1,[H]ON=C1C([H])=C([H])C([H])(C([H])([H])[H])C1([H])[H]
11,11,1,[H]C(=O)n1c([H])nc([H])c1[H]
18,18,1,[H]C([H])([H])C1([H])OC(=O)C([H])(C([H])([H])[H])C1([H])[H]
14,10,0,[H]C#CC1C2C([H])=NN([H])C2NN1[H]
20,20,1,[H]OC1(N([H])[H])C([H])([H])C2([H])C1([H])C21C([H])([H])C1([H])[H]
16,16,1,[H]OC1([H])N([H])C([H])([H])C1([H])N([H])C([H])=O
22,22,1,[H]N1C([H])([H])C([H])([H])C([H])([H])C([H])([H])C2([H])C([H])([H])OC12[H]
19,19,1,[H]C([H])([H])C12C(=O)C([H])([H])C([H])([H])C1([H])OC2([H])[H]
21,21,1,[H]OC1(C23C([H])([H])C([H])(C2([H])[H])C3([H])[H])C([H])([H])C1([H])[H]
23,23,1,[H]OC([H])([H])C1([H])C(O[H])(C([H])([H])[H])C1(C([H])([H])[H])C([H])([H])[H]
15,15,1,[H]N=C([H])N1C(=O)N([H])C([H])([H])C1([H])[H]
16,16,1,[H]Oc1c([H])c(C([H])([H])O[H])c(O[H])n1[H]
11,9,0,[H]C1=NN=NC2N=NN([H])C12
17,17,1,[H]OC([H])([H])C12OC1([H])C(=O)C([H])([H])C2([H])[H]
19,19,1,[H]C(=O)C12C([H])(C([H])([H])[H])C1([H])C1([H])C([H])([H])C12[H]
19,19,1,[H]OC1([H])C([H])=C([H])C([H])(O[H])C([H])(O[H])C1([H])[H]
20,20,1,[H]N1C2([H])C([H])([H])C3([H])C([H])(OC([H])([H])[H])C3([H])C12[H]
19,19,1,[H]N([H])C1([H])C2([H])C([H])([H])C3([H])N4C([H])(C3([H])[H])C412
18,18,1,[H]N1C(=O)OC2([H])C([H])([H])C([H])(C1([H])[H])C2([H])[H]
22,22,1,[H]OC([H])([H])C1(O[H])C([H])(OC([H])([H])[H])C2([H])C([H])([H])C21[H]
14,14,1,[H]OC([H])([H])C1([H])OC(=O)C1([H])O[H]
19,19,1,[H]C1([H])C(=O)C2([H])C([H])([H])C([H])([H])C3([H])C1([H])C23[H]
19,15,0,[H]OC([H])([H])C1C([H])C([H])=C([H])C(C([H])([H])[H])C1[H]
16,12,0,
18,18,1,[H]OC([H])([H])C12N=C([H])C([H])(C1([H])[H])C2([H])O[H]
20,20,1,[H]OC1([H])C([H])=C([H])C([H])([H])C12N([H])C2([H])C([H])([H])[H]
19,19,1,[H]OC12C([H])([H])C1(C([H])([H])[H])C([H])([H])C21OC1([H])[H]
20,20,1,[H]C1=C(C([H])([H])[H])C2(C([H])([H])[H])C([H])([H])C3([H])N1C32[H]
15,15,1,[H]N=c1onnnc1C([H])([H])C([H])([H])[H]
8,6,0,[H]OC1=NN([H])NN1
22,22,1,[H]C([H])([H])C([H])([H])C1([H])OC([H])(C([H])([H])[H])C([H])([H])C1([H])[H]
19,19,1,[H]C([H])([H])C(=O)OC1([H])C([H])([H])OC([H])([H])C1([H])[H]
16,16,1,[H]C(=O)C(=NC([H])([H])C([H])([H])[H])C([H])([H])[H]
18,18,1,[H]N1C2([H])C3([H])OC4([H])C2([H])C4(C([H])([H])[H])C13[H]
21,21,1,[H]N=C1C([H])([H])C([H])(C([H])([H])[H])C([H])([H])C12N([H])C2([H])[H]
20,20,1,[H]OC([H])([H])C(=O)C([H])([H])C1([H])N([H])C1([H])C([H])([H])[H]
25,25,1,[H]C([H])([H])C1([H])C([H])([H])C([H])([H])C2([H])C([H])(C([H])([H])[H])C2([H])C1([H])[H]
15,15,1,[H]C1([H])OC1([H])C1([H])C2([H])N3C2([H])C31[H]
17,17,1,[H]C(=O)OC1([H])C([H])([H])N2N([H])C1([H])C2([H])[H]
21,21,1,[H]N1C([H])([H])C1(C([H])([H])C([H])([H])[H])C1([H])C([H])([H])C1([H])[H]
17,15,0,
19,19,1,[H]OC1([H])C([H])([H])C2([H])C([H])([H])C23C([H])([H])OC13[H]
21,21,1,[H]C1([H])OC2([H])C([H])([H])C3([H])N4C3([H])C42C([H])([H])C1([H])[H]
17,16,0,[H]N([H])C1N=C(C([H])([H])[H])OC1=NC([H])([H])[H]
12,12,1,[H]C([H])([H])OC(=O)c1nnon1
15,15,1,[H]C(=O)N([H])c1noc([H])c1C([H])([H])[H]
17,17,1,[H]Oc1c([H])c([H])n(C([H])([H])[H])c1C([H])([H])[H]
14,14,1,[H]C#CC([H])(C#N)C([H])([H])OC([H])=O
22,21,0,[H]C1=C(C([H])([H])[H])C([H])C2([H])C([H])([H])C1([H])C2([H])C([H])([H])[H]
14,14,1,[H]N=C(N=C([H])N([H])C([H])=O)C([H])=O
19,19,1,[H]N1C([H])([H])C1(C([H])([H])C#N)C([H])([H])OC([H])([H])[H]
16,16,1,[H]OC1([H])C2([H])OC([H])(C(=O)N([H])[H])C12[H]
19,19,1,[H]C([H])([H])C1([H])C(=O)C2([H])C([H])([H])C2([H])OC1([H])[H]
14,9,0,[H]C1=NC([H])([H])C2C([H])NC([H])C2O1
21,20,0,[H]N=C([H])N([H])C(C([H])([H])[H])C1([H])N([H])C1([H])C([H])([H])[H]
17,17,1,[H]OC1([H])C2([H])C([H])([H])C3([H])N([H])C3([H])C12[H]
19,18,0,
21,21,1,[H]N1C([H])([H])C(N([H])[H])(C([H])([H])[H])C1([H])C1([H])OC1([H])[H]
13,13,1,[H]c1oc(C([H])([H])[H])nc(=O)c1F
19,19,1,[H]OC([H])([H])C12C([H])([H])C1(O[H])C([H])([H])C2([H])O[H]
18,18,1,[H]N([H])C12N([H])C1([H])C1([H])C([H])(C([H])([H])[H])C21[H]
19,19,1,[H]C1=C(N([H])[H])C2([H])N3C([H])([H])N4C1([H])C4([H])C32[H]
14,14,1,[H]N=c1nc([H])n([H])c(N([H])[H])c1[H]
21,20,0,[H]N1C([H])([H])C2N(C([H])([H])C1([H])[H])C([H])([H])C2([H])N([H])[H]
18,18,1,[H]C(=O)C([H])(C([H])([H])C([H])([H])[H])C1([H])OC1([H])[H]
14,14,1,[H]C#CC1(C([H])([H])[H])OC1([H])C([H])=O
13,13,1,[H]OC([H])([H])c1c([H])nc([H])n1[H]
17,17,1,[H]N=C1N([H])C(=O)C(=NC([H])([H])[H])OC1([H])[H]
10,7,0,
17,17,1,[H]C1=NC([H])([H])C([H])(C([H])([H])C#N)C(=O)N1[H]
19,19,1,[H]N([H])C1([H])C([H])([H])C12OC([H])(C([H])([H])[H])C2([H])[H]
21,21,1,[H]C([H])([H])C1([H])C([H])([H])C2(C3([H])OC3([H])[H])C([H])([H])C12[H]
17,17,1,[H]OC1([H])C(=O)C([H])([H])C2(OC2([H])[H])C1([H])[H]
19,19,1,[H]OC1(C([H])([H])C([H])=O)C([H])([H])OC([H])([H])C1([H])[H]
23,23,1,[H]C(=O)C([H])([H])C1([H])C([H])([H])C1([H])C([H])([H])C([H])([H])C([H])([H])[H]
18,16,0,
20,20,1,[H]C1=C(C([H])([H])[H])C2(OC2([H])[H])C([H])([H])N1C([H])([H])[H]
11,10,0,[H]C1=NC(C#N)N=C([H])C1=O
21,21,1,[H]N([H])C([H])([H])C1([H])C([H])([H])C(=O)N(C([H])([H])[H])C1([H])[H]
23,23,1,[H]OC([H])(C([H])([H])[H])C([H])(O[H])C([H])(O[H])C([H])([H])C([H])([H])[H]
19,19,1,[H]C([H])([H])C#CC([H])([H])OC([H])([H])C#CC([H])([H])[H]
20,20,1,[H]C([H])([H])C#CC([H])(C([H])([H])[H])C([H])([H])OC([H])([H])[H]
17,17,1,[H]N([H])C1([H])C2([H])OC(=O)N(C([H])([H])[H])C21[H]
20,20,1,[H]C([H])([H])C([H])(N1C(=O)C2([H])C([H])([H])C12[H])C([H])([H])[H]
23,23,1,[H]N(C([H])([H])[H])C(C([H])([H])[H])(C([H])([H])[H])C([H])(C#N)C([H])([H])[H]
17,17,1,[H]OC([H])(C#N)N([H])C([H])([H])C([H])([H])N([H])[H]
20,19,0,
21,20,0,[H]OC([H])([H])C([H])(O)C([H])(N([H])[H])C([H])([H])OC([H])([H])[H]
16,16,1,[H]N1C2([H])OC(=O)C3([H])C([H])([H])C3([H])C12[H]
16,16,1,[H]N=C(N([H])C([H])=O)N([H])C(=O)C([H])([H])[H]
21,21,1,[H]OC1([H])C(=O)C([H])([H])C1([H])C([H])([H])C([H])([H])C([H])([H])[H]
22,22,1,[H]C(=O)C(=NC([H])([H])[H])C([H])([H])C([H])(C([H])([H])[H])C([H])([H])[H]
18,18,1,[H]OC([H])(C([H])([H])C#N)C([H])(C([H])=O)C([H])([H])[H]
16,16,1,[H]OC([H])([H])N1C(=O)C([H])([H])C1([H])C([H])=O
16,16,1,[H]N=C([H])C#CC1([H])C([H])([H])OC1([H])O[H]
15,15,1,[H]C#CC([H])([H])C(=O)N([H])C([H])([H])C#N
17,17,1,[H]C1=NC2=C([H])C([H])([H])N(C([H])([H])[H])C2([H])O1
17,17,1,[H]C(=NC([H])([H])[H])OC(=O)N1C([H])([H])C1([H])[H]
16,15,0,[H]N=C([H])C(=O)C1C([H])=C([H])C([H])([H])N1[H]
19,19,1,[H]N1C([H])([H])C1([H])C12N3C([H])(C([H])([H])C1([H])[H])C32[H]
21,21,1,[H]N1C([H])([H])C1([H])N([H])C([H])(C([H])([H])[H])C1([H])OC1([H])[H]
13,13,1,[H]ON=c1nnoc(C([H])([H])[H])n1
19,19,1,[H]C(=O)C1([H])C([H])([H])C1([H])N([H])C([H])([H])C([H])([H])[H]
19,19,1,[H]C([H])([H])C1([H])OC([H])([H])C2([H])C([H])([H])C2([H])C1=O
18,17,0,
17,16,0,[H]N=C1OC2([H])C(C([H])([H])[H])C3([H])C1([H])C23[H]
15,14,0,
21,21,1,[H]OC1([H])C(C([H])([H])[H])=C([H])C([H])([H])C([H])([H])OC1([H])[H]
21,21,1,[H]OC([H])([H])C1([H])OC([H])([H])C1([H])C([H])([H])C([H])=C([H])[H]
20,19,0,[H]OC([H])([H])C([H])(O[H])C1C([H])([H])OC1([H])C([H])([H])[H]
19,19,1,[H]C#CC1([H])OC1(C([H])([H])[H])C([H])([H])C([H])([H])O[H]
18,18,1,[H]OC1([H])C(=NC2([H])C([H])([H])C2([H])[H])OC1([H])[H]
23,23,1,[H]C([H])([H])C12C([H])([H])C([H])([H])OC1([H])C([H])([H])C([H])([H])C2([H])[H]
21,21,1,[H]C#CC1([H])C([H])(C([H])([H])[H])C1(O[H])C([H])([H])C([H])([H])[H]
22,22,1,[H]N1C2([H])C3([H])C([H])([H])C(C([H])([H])[H])(C([H])([H])[H])C1([H])C23[H]
23,23,1,[H]C(=NC([H])([H])[H])C1([H])C([H])([H])N(C([H])([H])[H])C1([H])C([H])([H])[H]
21,20,0,[H]C1C2([H])N3C([H])([H])C([H])(C([H])([H])C32[H])C1([H])C([H])([H])[H]
14,12,0,
14,14,1,[H]OC12C(=O)N=C([H])OC1([H])C2([H])[H]
13,13,1,[H]N1C(=O)OC(=O)C([H])([H])C1([H])[H]
19,19,1,[H]N=C(OC([H])([H])O[H])N([H])C(=O)N([H])C([H])([H])[H]
21,21,1,[H]OC12N([H])C3([H])C([H])(OC1([H])C2([H])[H])C3([H])C([H])([H])[H]
18,17,0,[H]C1=C(C([H])([H])[H])C([H])([H])N(C(=O)N([H])[H])C1[H]
19,19,1,[H]N=C(N([H])C(=O)O[H])C([H])([H])C([H])([H])C([H])([H])[H]
21,21,1,[H]OC1([H])C([H])([H])C2([H])C([H])([H])C2([H])C1([H])OC([H])([H])[H]
15,15,1,[H]OC12C(=O)C1([H])C1([H])OC12C([H])([H])[H]
21,21,1,[H]C([H])([H])N=C(N1C([H])([H])OC([H])([H])C1([H])[H])C([H])([H])[H]
17,17,1,[H]C(=NC([H])([H])[H])C([H])([H])C(=O)OC([H])([H])[H]
20,20,1,[H]N1C(=O)C([H])([H])C1([H])C([H])([H])C([H])([H])OC([H])([H])[H]
15,15,1,[H]C(=O)C12C([H])([H])C1([H])OC21OC1([H])[H]
13,13,1,[H]c1noc(C(=O)C([H])([H])[H])c1[H]
19,19,1,[H]C#CC1(C2(C([H])([H])[H])OC2([H])[H])C([H])([H])C1([H])[H]
17,17,1,[H]N=C1OC([H])(C([H])([H])C(=N[H])C([H])([H])[H])O1
15,15,1,[H]N=C([H])OC12C([H])([H])OC1([H])C2([H])[H]
17,17,1,[H]OC([H])([H])C(C#N)(C([H])([H])[H])C([H])([H])O[H]
21,21,1,[H]OC([H])([H])C([H])(O[H])C([H])([H])N([H])C([H])([H])C([H])([H])[H]
14,13,0,[H]OC([H])C(=O)C1([H])N([H])C1([H])C#N
16,16,1,[H]C(=O)C12C([H])([H])C1([H])OC2([H])C([H])([H])[H]
18,18,1,[H]N([H])C1([H])C([H])(C([H])([H])[H])N2C([H])([H])C21C#N
17,17,1,[H]N1C(=O)C2([H])OC(=O)C2([H])C([H])([H])C1([H])[H]
25,25,1,[H]C([H])([H])C1([H])C([H])([H])C2([H])C(C([H])([H])[H])(C([H])([H])[H])C12C([H])([H])[H]
19,19,1,[H]OC([H])(C1=NC2([H])C([H])([H])C2([H])C1([H])[H])N([H])[H]
21,21,1,[H]OC([H])([H])C([H])(O[H])C([H])([H])C([H])([H])C([H])([H])N([H])[H]
18,18,1,[H]N1C(=O)C([H])([H])N=C1N([H])C([H])([H])C([H])([H])[H]
13,13,1,[H]N1C(=O)OC2([H])N([H])C2([H])C1=O
16,16,1,[H]N=C(C(=O)N([H])[H])C([H])([H])C([H])([H])O[H]
15,12,0,[H]OC1=NNC(C([H])N([H])[H])N=C1O[H]
16,16,1,[H]C(=O)N1C2([H])N([H])C([H])([H])C1([H])C2([H])[H]
17,17,1,[H]C1([H])OC([H])([H])C2(C1([H])[H])C([H])([H])C2([H])[H]
18,18,1,[H]OC([H])(C(=O)N([H])[H])C([H])([H])C1([H])OC1([H])[H]
18,18,1,[H]C1=C([H])C2([H])C([H])([H])OC1([H])C21N([H])C1([H])[H]
15,15,1,[H]N=C1C([H])=C([H])C([H])([H])C(=O)C1([H])[H]
23,21,0,
16,15,0,[H]C1N=C2N3C([H])([H])C3([H])C3([H])C2([H])C13[H]
16,16,1,[H]c1c(N([H])[H])c([H])n(C(=O)N([H])[H])c1[H]
16,16,1,[H]C([H])([H])OC12C3([H])OC1(C([H])([H])[H])C32[H]
14,14,1,[H]Oc1nc(N([H])[H])c([H])n1C([H])=O
15,14,0,[H]C1N(C([H])([H])[H])C23OC4([H])OC12C43[H]
19,19,1,[H]C1=C([H])C([H])(N([H])C([H])([H])C([H])([H])[H])N([H])C1=O
23,23,1,[H]C([H])([H])C1([H])OC([H])([H])C1([H])C1([H])C([H])([H])C1([H])C([H])([H])[H]
13,11,0,[H]C1=NC([H])=C([H])C2NOC([H])=C12
22,20,0,
12,10,0,[H]C1=NC([H])=C2NNC([H])=C2O1
16,16,1,[H]N1C2([H])OC3([H])C(=O)C([H])(C2([H])[H])C13[H]
17,13,0,[H]NC([H])C#COC(=O)C([H])([H])[H]
13,13,1,[H]N=C([H])OC1([H])C([H])([H])C1([H])[H]
18,18,1,[H]N([H])C([H])([H])C12OC1(C([H])([H])[H])C([H])([H])C2=O
18,18,1,[H]C1=C(C2([H])OC2([H])[H])C([H])([H])C2([H])N([H])C12[H]
19,19,1,[H]N=C1OC1(C([H])([H])[H])C([H])([H])C([H])([H])C([H])([H])[H]
17,17,1,[H]C([H])(C#N)N1C([H])([H])C2(OC2([H])[H])C1([H])[H]
19,18,0,[H]OC([H])([H])C([H])([H])C1(O)C([H])([H])C([H])([H])C1([H])[H]
21,17,0,
16,14,0,
23,23,1,[H]OC1([H])C([H])=C(C([H])([H])C([H])([H])[H])C([H])(C([H])([H])[H])C1([H])[H]
21,21,1,[H]C#CC([H])([H])C1([H])C([H])(O[H])C([H])([H])C1([H])C([H])([H])[H]
20,20,1,[H]OC([H])(C(=O)N=C([H])C([H])([H])C([H])([H])[H])C([H])([H])[H]
19,19,1,[H]C(=O)C([H])([H])C1([H])C([H])([H])C([H])([H])C1([H])C([H])=O
22,21,0,[H]OC1(C([H])([H])C([H])([H])C([H])([H])C([H])([H])O)C([H])([H])C1([H])[H]
15,15,1,[H]C#CC1([H])N=C(N([H])[H])N=C1N([H])[H]
19,19,1,[H]C([H])([H])C([H])([H])C1([H])C([H])([H])C(=O)C2([H])OC21[H]
15,13,0,
18,18,1,[H]C([H])([H])C1([H])C2([H])C3([H])C2([H])C2([H])C1([H])C32[H]
17,16,0,[H]C#CC(C([H])=O)C1([H])C([H])([H])C1([H])N([H])[H]
16,16,1,[H]OC12N(C([H])([H])[H])C([H])=C3C1([H])OC32[H]
20,20,1,[H]C1([H])C(=O)C([H])([H])C2([H])C([H])([H])N1C([H])([H])C2([H])[H]
18,17,0,[H]OC([H])(C([H])([H])[H])C1([H])OC([H])([H])C(=O)C1[H]
18,17,0,[H]C([H])N1C([H])([H])C12N(C([H])([H])[H])C(=O)C2([H])[H]
19,19,1,[H]C12OC3([H])C4([H])N1C2([H])C1([H])C3([H])C([H])([H])C41[H]
19,19,1,[H]C(=O)OC([H])([H])C1([H])C([H])=C([H])C([H])([H])C1([H])[H]
21,21,1,[H]N([H])C([H])([H])C12OC([H])([H])C(C([H])([H])[H])(N1[H])C2([H])[H]
25,25,1,[H]N(C([H])([H])[H])C1([H])C([H])([H])N(C([H])([H])[H])C1(C([H])([H])[H])C([H])([H])[H]
21,21,1,[H]C([H])([H])C([H])([H])C([H])([H])C([H])([H])C([H])([H])C([H])([H])C#N
17,17,1,[H]C([H])([H])C1([H])OC(=O)OC2([H])C([H])([H])C12[H]
20,20,1,[H]C(=NC1([H])C([H])([H])C1([H])[H])C(=O)C([H])([H])C([H])([H])[H]
18,18,1,[H]C([H])([H])C1(C([H])([H])[H])OC2(OC2([H])[H])C1([H])[H]
20,20,1,[H]C([H])([H])C1([H])C(=O)C([H])([H])C([H])([H])C([H])([H])C1([H])[H]
19,19,1,[H]C([H])([H])C12N=NC([H])([H])C1([H])C21C([H])([H])C1([H])[H]
20,20,1,[H]OC12C3([H])N(C([H])([H])[H])C1(C([H])([H])[H])C32C([H])([H])[H]
21,21,1,[H]C(=O)C12C([H])([H])C([H])(C([H])([H])[H])C1([H])C2([H])C([H])([H])[H]
21,21,1,[H]OC([H])([H])C1([H])C2([H])C([H])([H])OC1(C([H])([H])[H])C2([H])[H]
19,19,1,[H]OC1([H])C(=NC([H])([H])[H])N=C([H])C1([H])C([H])([H])[H]
18,18,1,[H]C#CC([H])(O[H])C([H])([H])OC([H])([H])C([H])([H])[H]
17,17,1,[H]Oc1c([H])c([H])c(C2([H])N([H])C2([H])[H])n1[H]
11,11,1,[H]C(=O)C(=O)N([H])C(=O)C#N
18,18,1,[H]C([H])([H])C1([H])OC12C(=O)C([H])([H])C([H])([H])C2=O
14,13,0,[H]OC1([H])OC2([H])C1C(=O)OC2([H])[H]
21,21,1,[H]C1([H])OC([H])([H])C(C([H])([H])[H])(C([H])([H])C([H])([H])[H])C1=O
14,12,0,
17,15,0,[H]C#CC1C(C([H])([H])[H])=NN([H])C1C([H])([H])[H]
19,19,1,[H]C1=C(C([H])([H])[H])C2([H])C([H])([H])C1([H])C1([H])OC12[H]
22,21,0,
20,20,1,[H]N([H])C(=O)C1([H])C([H])([H])C2([H])C([H])([H])C12C([H])([H])[H]
20,20,1,[H]N=C([H])OC([H])([H])C([H])([H])C([H])([H])C([H])([H])C([H])=O
21,21,1,[H]OC1([H])C([H])(N([H])[H])C2([H])N(C([H])([H])[H])C12C([H])([H])[H]
18,18,1,[H]C([H])([H])C1([H])OC2([H])C([H])([H])C2([H])C1([H])C#N
20,20,1,[H]OC1(C([H])([H])[H])C([H])([H])C2(C([H])([H])C2([H])[H])C1([H])[H]
14,14,1,[H]N=C(OC([H])([H])C#N)N([H])C([H])=O
17,17,1,[H]C1([H])N2OC3([H])C2([H])C([H])([H])C3([H])C1([H])[H]
16,16,1,[H]C#CC1([H])C2([H])N(C([H])=O)C1([H])C2([H])[H]
21,21,1,[H]OC([H])(C([H])([H])C([H])([H])[H])C([H])(O[H])C1([H])OC1([H])[H]
17,17,1,[H]c1onc(C([H])(C([H])([H])[H])C([H])([H])[H])c1[H]
16,16,1,[H]C#CC([H])(C#N)C(=O)C([H])([H])C([H])([H])[H]
15,15,1,[H]N1C(=O)OC([H])([H])C(=O)N([H])C1([H])[H]
20,20,1,[H]C1=C(C([H])([H])[H])N=C(C([H])([H])[H])C2([H])C([H])([H])C12[H]
22,22,1,[H]C1=C([H])N(C([H])([H])C([H])([H])[H])C([H])([H])C(C([H])([H])[H])=C1[H]
19,19,1,[H]OC1([H])C2([H])OC3([H])C([H])([H])C2([H])C([H])([H])C31[H]
22,21,0,
19,19,1,[H]N([H])C1([H])OC([H])([H])N2C([H])([H])C2([H])OC1([H])[H]
16,16,1,[H]N=c1c(C([H])([H])O[H])nc([H])c([H])n1[H]
23,23,1,[H]OC(C([H])([H])[H])(C1([H])OC1([H])[H])C([H])(C([H])([H])[H])C([H])([H])[H]
17,17,1,[H]N=C1C([H])([H])C([H])(O[H])C([H])([H])C1([H])C#N
12,11,0,
20,20,1,[H]N=C1OC([H])([H])C(N([H])[H])(C([H])([H])[H])N1C([H])([H])[H]
16,16,1,[H]N=C1C(=O)N([H])C([H])([H])C([H])([H])C1([H])[H]
23,23,1,[H]C1([H])C([H])([H])C2([H])C1([H])C([H])([H])C1([H])C([H])([H])C([H])([H])C12[H]
15,15,1,[H]c1nc(C([H])([H])[H])c(=O)oc1N([H])[H]
18,17,0,[H]C1=C([H])C2([H])C3OC([H])(C([H])([H])C13[H])C2([H])[H]
19,19,1,[H]N=C([H])C([H])([H])C([H])(C#N)C([H])([H])OC([H])([H])[H]
17,16,0,[H]N=C([H])C1([H])OC(C([H])([H])[H])C12OC2([H])[H]
14,14,1,[H]OC12C([H])(C#N)N([H])C1([H])C2([H])[H]
18,18,1,[H]OC1([H])C2([H])C([H])([H])C1(O[H])C21N([H])C1([H])[H]
16,16,1,[H]C(=O)C1(C2([H])N([H])C2([H])[H])OC1([H])C#N
25,25,1,[H]OC([H])(C([H])([H])[H])C([H])(N([H])C([H])([H])[H])C([H])([H])C#CC([H])([H])[H]
23,23,1,[H]C([H])([H])C1([H])C([H])([H])C2([H])C([H])([H])C1([H])C1([H])C([H])([H])C21[H]
19,18,0,[H]C1=C([H])C([H])(N([H])C([H])([H])[H])C2([H])OC1([H])C2[H]
17,16,0,[H]C(=O)N(C1C(=O)C([H])([H])C1([H])[H])C([H])([H])[H]
14,14,1,[H]C(=O)C(C#N)(C([H])([H])[H])C([H])([H])[H]
17,17,1,[H]ON=C1OC2([H])C([H])([H])C([H])([H])C2([H])N1[H]
20,20,1,[H]N=C1C([H])([H])C([H])(O[H])C([H])([H])C12C([H])([H])C2([H])[H]
13,13,1,[H]OC1(C#N)C([H])([H])C(=O)C1([H])[H]
18,18,1,[H]C1([H])OC2([H])C([H])([H])C3([H])C1([H])C([H])([H])C23[H]
16,15,0,[H]NC12N([H])C1([H])OC([H])([H])C(=O)C2([H])[H]
18,18,1,[H]OC1([H])C([H])([H])C2([H])OC1([H])C([H])([H])C2([H])[H]
20,20,1,[H]C#CC([H])([H])OC([H])(C([H])([H])[H])C([H])([H])N=C([H])[H]
15,14,0,
18,18,1,[H]C#CC([H])([H])C(=O)N([H])C1([H])C([H])([H])C1([H])[H]
21,21,1,[H]OC1([H])C2([H])OC([H])([H])C([H])([H])OC1([H])C([H])([H])N2[H]
19,19,1,[H]C([H])([H])N1C2([H])N3C4([H])C([H])([H])C1([H])C2([H])C34[H]
20,20,1,[H]C#CC([H])(C(=O)N([H])C([H])([H])[H])N1C([H])([H])C1([H])[H]
19,18,0,[H]N1C([H])([H])C([H])([H])OC([H])([H])C2OC([H])([H])C21[H]
25,25,1,[H]C([H])([H])OC1([H])C([H])([H])C(C([H])([H])[H])(C([H])([H])C([H])([H])[H])C1([H])[H]
17,17,1,[H]C#CC1(C([H])([H])[H])N([H])C1([H])OC([H])([H])[H]
16,16,1,[H]N=C1C(=N[H])C([H])([H])N([H])C(=N[H])N1[H]
12,12,1,[H]c1c([H])c(N([H])[H])n([H])c1[H]
18,18,1,[H]C1=NC(C([H])([H])[H])=NC2([H])C([H])([H])C12N([H])[H]
21,21,1,[H]C(=C([H])C1([H])C2([H])OC2([H])C1([H])C([H])([H])[H])C([H])([H])[H]
16,11,0,[H]OOC1C([H])C(N([H])[H])C([H])C1N([H])[H]
23,23,1,[H]C1=C([H])C2([H])C([H])(C([H])([H])[H])C([H])(C([H])([H])[H])C2([H])C1([H])[H]
19,19,1,[H]C([H])([H])N1C(=O)C([H])([H])C([H])(C([H])([H])[H])C1([H])[H]
21,21,1,[H]C([H])([H])C1([H])C2([H])C([H])([H])C2(C([H])([H])[H])C12OC2([H])[H]
17,17,1,[H]C1([H])C(=O)C([H])([H])C2([H])C([H])([H])N1C2([H])[H]
18,18,1,[H]OC1([H])C([H])(C([H])([H])[H])C2(O[H])C([H])([H])C12[H]
13,12,0,[H]C1=C([H])C([H])(C([H])([H])[H])OC1[H]
19,19,1,[H]C([H])([H])C1([H])C([H])([H])OC([H])([H])C2(C#N)OC21[H]
17,17,1,[H]N=C1N=C([H])C([H])(C([H])([H])O[H])C([H])([H])O1
15,15,1,[H]C(=O)C12OC([H])([H])C13C([H])([H])OC23[H]
14,14,1,[H]N=C1OC2(C(=O)N([H])C2([H])[H])N1[H]
21,21,1,[H]OC([H])([H])C12C([H])([H])C([H])=NC13C([H])([H])C3([H])C2([H])[H]
21,21,1,[H]OC([H])([H])C([H])(N1C([H])([H])C1([H])[H])C([H])([H])C([H])([H])[H]
15,15,1,[H]C(=O)C1=C([H])C2([H])C3([H])OC1([H])C32[H]
23,23,1,[H]N1C([H])([H])C1(C([H])([H])[H])C(C([H])([H])[H])(C([H])([H])[H])C([H])([H])[H]
22,22,1,[H]C1=C([H])C([H])(C([H])([H])C([H])([H])[H])C([H])([H])C([H])([H])C1([H])[H]
19,18,0,[H]C1C(=O)C2([H])C([H])([H])N([H])C1(C([H])([H])[H])C2([H])[H]
16,16,1,[H]C([H])([H])N1C([H])([H])C2([H])OC2([H])C1([H])[H]
18,18,1,[H]C1=C([H])C([H])([H])C([H])([H])C(C(=O)N([H])[H])=C1[H]
19,18,0,[H]N=C([H])C([H])OC(=O)C([H])([H])C([H])([H])C([H])([H])[H]
17,17,1,[H]C#CC12C([H])([H])OC([H])([H])C1([H])C2([H])O[H]
21,21,1,[H]OC1([H])C([H])([H])C([H])(C2([H])C([H])([H])C2([H])O[H])C1([H])[H]
21,21,1,[H]C#CC([H])(N(C([H])([H])[H])C([H])([H])C([H])([H])[H])C([H])([H])[H]
18,18,1,[H]N([H])C1([H])N2N(C([H])([H])[H])C2([H])C(=O)C1([H])[H]
16,16,1,[H]C#CC(C#N)(C([H])([H])[H])C1([H])OC1([H])[H]
15,15,1,[H]N1C(=O)C2([H])N([H])C([H])([H])C2([H])C1=O
17,17,1,[H]C([H])([H])C1([H])OC2([H])C([H])([H])C2([H])C1([H])[H]
17,17,1,[H]OC1(C(=O)C([H])([H])[H])C2([H])OC([H])([H])C21[H]
20,18,0,
25,24,0,
19,19,1,[H]OC([H])([H])C([H])([H])OC(=O)C1([H])C([H])([H])C1([H])[H]
21,21,1,[H]N([H])C1([H])C([H])([H])OC1([H])C1(C([H])([H])[H])N([H])C1([H])[H]
13,13,1,[H]OC(C#N)(C([H])=O)C(=O)N([H])[H]
18,18,1,[H]OC1([H])C([H])=C([H])C2([H])N([H])C3([H])C([H])([H])C123
21,21,1,[H]OC1([H])C([H])([H])C1([H])C#CC([H])(C([H])([H])[H])C([H])([H])[H]
15,13,0,[H]OC([H])([H])C1=C(C([H])([H])[H])N([H])NN1
15,12,0,[H]C1=C([H])C([H])C(N([H])[H])C([H])C(=O)O1
23,23,1,[H]OC([H])(C(=O)C([H])(C([H])([H])[H])C([H])([H])C([H])([H])[H])C([H])([H])[H]
21,21,1,[H]OC([H])([H])C1([H])C(N([H])C([H])([H])[H])=NC([H])([H])C1([H])[H]
18,18,1,[H]C#CC1([H])C([H])(OC([H])([H])[H])C12N([H])C2([H])[H]
15,15,1,[H]C#CC([H])([H])C([H])(C(=O)O[H])N([H])[H]
16,16,1,[H]C(=O)C1([H])C([H])=C([H])C(=O)N([H])C1([H])[H]
21,21,1,[H]OC([H])([H])C([H])([H])OC([H])(C([H])([H])[H])C1([H])OC1([H])[H]
20,20,1,[H]N=C(C([H])([H])C([H])([H])C([H])([H])[H])C1([H])N([H])C1([H])[H]
11,11,1,[H]c1noc2nc([H])nc-2n1
19,19,1,[H]c1nc(OC([H])([H])C([H])([H])[H])n([H])c1C([H])([H])[H]
15,15,1,[H]C#CC([H])([H])C1(C([H])([H])[H])OC1([H])[H]
16,15,0,
16,15,0,
23,23,1,[H]OC([H])([H])C(C([H])([H])[H])(C([H])([H])[H])C([H])([H])C(=O)C([H])([H])[H]
19,19,1,[H]OC([H])(O[H])C([H])([H])C1([H])OC2([H])C([H])([H])C12[H]
15,15,1,[H]c1noc2c1c([H])c(C([H])([H])[H])n2[H]
12,11,0,[H]C([H])([H])C([H])([H])C(F)(F)F
19,19,1,[H]OC12C([H])([H])OC([H])([H])C1([H])C21C([H])([H])C1([H])[H]
21,21,1,[H]C([H])([H])C1=C2C([H])(C([H])([H])[H])C3([H])C([H])([H])C1([H])C23[H]
19,19,1,[H]C1=NC([H])([H])C([H])([H])C([H])([H])C([H])([H])C1([H])C#N
18,18,1,[H]OC1([H])OC(=NC([H])([H])[H])N([H])C1([H])C([H])=O
19,19,1,[H]C(=O)N(C([H])([H])[H])C1([H])C([H])([H])C1([H])C([H])([H])[H]
18,18,1,[H]N1C2([H])C([H])([H])C3([H])C(=O)C([H])([H])C3([H])C12[H]
21,21,1,[H]C([H])([H])N(C([H])([H])[H])C1(C([H])([H])[H])C([H])([H])C1([H])C#N
10,10,1,[H]c1c(F)n([H])nnc1=O
22,21,0,
16,16,1,[H]N1C2([H])N3C4([H])C([H])([H])C([H])([H])C13C24[H]
23,23,1,[H]C([H])([H])N1C([H])([H])C([H])(C([H])([H])[H])C([H])([H])C1([H])C([H])([H])[H]
21,21,1,[H]OC1([H])C([H])([H])C1([H])C1(OC([H])([H])[H])C([H])([H])C1([H])[H]
16,16,1,[H]C1=NC([H])(C#N)C([H])=C([H])N1C([H])([H])[H]
17,17,1,[H]N1C(=O)N([H])C([H])([H])C([H])([H])C([H])([H])C1=O
20,19,0,[H]C(OC1([H])C(=O)C([H])([H])C([H])([H])C1([H])[H])C([H])([H])[H]
16,16,1,[H]OC1([H])C2([H])N3C(=O)C([H])([H])C2([H])C31[H]
14,12,0,[H]OC1=C(N([H])[H])N(C([H])([H])[H])NN1
17,17,1,[H]OC12C([H])(N([H])[H])C1([H])C1([H])OC12N([H])[H]
21,21,1,[H]OC([H])([H])C([H])([H])C1([H])C2([H])C([H])([H])C1(O[H])C2([H])[H]
25,25,1,[H]OC([H])([H])C([H])([H])C1(C([H])([H])[H])C([H])([H])C([H])([H])C1([H])C([H])([H])[H]
20,20,1,[H]C#CC([H])([H])C([H])(C([H])([H])[H])C([H])([H])OC([H])([H])[H]
18,18,1,[H]N=C([H])OC([H])([H])C([H])(C([H])([H])[H])C([H])([H])[H]
19,19,1,[H]N1C([H])([H])C12C([H])([H])C([H])(C([H])([H])[H])C2([H])C#N
16,16,1,[H]C#CC1([H])OC([H])([H])OC12N([H])C2([H])[H]
13,12,0,
24,24,1,[H]OC([H])(C([H])([H])C([H])([H])C([H])([H])C([H])([H])[H])C1([H])N([H])C1([H])[H]
20,20,1,[H]OC([H])([H])C([H])([H])C1([H])C([H])=C([H])N2C([H])([H])C21[H]
25,25,1,[H]N([H])C([H])([H])C([H])([H])C1([H])C([H])([H])C([H])([H])C2(OC2([H])[H])C1([H])[H]
25,25,1,[H]N1C([H])([H])C1(C(=O)C([H])([H])C([H])([H])C([H])([H])[H])C([H])([H])C([H])([H])[H]
17,17,1,[H]C1([H])OC(=O)C([H])([H])C([H])([H])C([H])([H])C1=O
13,11,0,
21,21,1,[H]OC1([H])C([H])([H])N2C([H])(N([H])[H])C1([H])C2([H])C([H])([H])[H]
20,20,1,[H]OC1([H])C([H])([H])OC([H])([H])C2([H])N([H])C2([H])C1([H])[H]
18,16,0,[H]N=C(C1C([H])([H])OC1([H])C([H])([H])[H])C([H])([H])O
18,17,0,
11,11,1,[H]C#Cc1noc(N([H])[H])n1
14,10,0,
16,16,1,[H]OC1([H])C([H])([H])OC([H])([H])C1([H])C([H])=O
14,13,0,[H]C1C([H])([H])N2C(=O)OC([H])([H])C12[H]
19,19,1,[H]Oc1c([H])nn(C([H])(C([H])([H])[H])C([H])([H])[H])c1[H]
19,19,1,[H]N([H])N=C1N([H])C([H])(C([H])([H])[H])C1([H])C([H])([H])[H]
18,18,1,[H]C(=NC([H])([H])C#N)C1(C([H])([H])[H])N([H])C1([H])[H]
18,18,1,[H]C([H])([H])C([H])([H])C1=NC([H])([H])C2([H])N1C2([H])[H]
21,21,1,[H]C(=O)C([H])(C([H])([H])[H])C([H])([H])C1(C([H])([H])[H])OC1([H])[H]
15,15,1,[H]OC12C3([H])C([H])([H])C1([H])C2([H])C3([H])[H]
16,16,1,[H]c1nonc1C([H])([H])C([H])([H])C([H])([H])[H]
15,15,1,[H]C#CC1([H])N2C([H])([H])C([H])(O[H])C21[H]
19,19,1,[H]C([H])([H])C12OC([H])([H])C1([H])C21OC([H])([H])C1([H])[H]
24,24,1,[H]C#CC([H])([H])C([H])(N([H])[H])C([H])([H])C([H])([H])C([H])([H])C([H])([H])[H]
19,19,1,[H]C([H])([H])N1C(=O)C([H])([H])C([H])([H])C1([H])C([H])([H])[H]
21,21,1,[H]OC1([H])C([H])([H])C([H])([H])C([H])(C([H])=O)C1([H])C([H])([H])[H]
20,20,1,[H]N1C([H])(C([H])([H])[H])OC([H])([H])C1([H])C(=O)C([H])([H])[H]
23,23,1,[H]OC([H])([H])C([H])(C([H])([H])[H])C1([H])C([H])([H])C([H])([H])C1([H])O[H]
18,18,1,[H]OC([H])(C([H])([H])[H])C1(N([H])[H])OC(=O)C1([H])[H]
12,12,1,[H]C1=NC(=O)N([H])C(=O)C1([H])[H]
15,15,1,[H]C(=O)C1(C#N)N2C([H])([H])C1([H])C2([H])[H]
18,17,0,[H]OC1([H])C([H])C2([H])OC3([H])C1([H])C23C([H])([H])[H]
13,10,0,[H]N=C1C(=O)N([H])NNC1N([H])[H]
16,16,1,[H]c1oc(=O)oc1N([H])C([H])([H])C([H])([H])[H]
14,14,1,[H]C12OC(=O)C3([H])C1([H])N1C2([H])C13[H]
19,19,1,[H]C1([H])C2([H])OC3([H])C4([H])C([H])([H])C4([H])C2([H])C13[H]
14,14,1,[H]N=C(C(=O)N([H])C([H])=O)C([H])([H])[H]
18,18,1,[H]C1=C([H])C23C([H])([H])N([H])C2([H])C3(C([H])([H])[H])O1
18,18,1,[H]OC([H])([H])C1(C([H])([H])O[H])OC1([H])C([H])([H])[H]
19,19,1,[H]C([H])([H])C([H])([H])N=C(C#N)C1([H])C([H])([H])C1([H])[H]
23,23,1,[H]C(=O)C([H])([H])C(C([H])([H])[H])(C([H])([H])[H])C1([H])C([H])([H])C1([H])[H]
16,16,1,[H]C1=C2C([H])([H])C3([H])OC2([H])C3([H])C1([H])[H]
16,12,0,
16,16,1,[H]C#CC(=N[H])N([H])C1([H])C(=N[H])C1([H])[H]
13,13,1,[H]C(=O)C([H])([H])c1nc(C#N)no1
19,19,1,[H]OC([H])([H])C#CC1([H])C([H])([H])C([H])(O[H])C1([H])[H]
17,17,1,[H]C(=O)C1([H])C([H])([H])C(=O)C([H])=C([H])C1([H])[H]
13,11,0,[H]C#CC1C([H])=C([H])N([H])C1C#N
18,18,1,[H]OC([H])([H])C(=O)OC(=O)C([H])([H])OC([H])([H])[H]
18,18,1,[H]C1=C(C([H])([H])[H])C2([H])OC([H])(C1([H])[H])C2([H])[H]
13,13,1,[H]C1([H])N2C([H])([H])C1(C#N)C2([H])[H]
18,18,1,[H]N=C(C([H])([H])[H])C1([H])N2C([H])([H])C([H])([H])C21[H]
21,21,1,[H]C([H])([H])C1([H])C([H])([H])C([H])([H])C12C(=O)C([H])([H])C2([H])[H]
22,22,1,[H]OC([H])([H])C1([H])C([H])([H])N([H])C1(OC([H])([H])[H])C([H])([H])[H]
22,22,1,[H]OC1([H])OC([H])([H])C([H])(C([H])([H])C([H])([H])[H])N([H])C1([H])[H]
19,17,0,[H]C1N=C2C([H])([H])C([H])C3([H])C2(OC([H])([H])[H])C13[H]
13,13,1,[H]C(=O)C(=O)C([H])([H])C([H])([H])C#N
21,21,1,[H]OC(O[H])(C([H])([H])[H])C([H])([H])C1([H])OC([H])([H])C1([H])[H]
14,14,1,[H]N=C([H])c1c([H])noc1C([H])([H])[H]
23,23,1,[H]OC([H])([H])C([H])=C(C([H])([H])[H])C([H])([H])C([H])([H])C([H])([H])O[H]
21,21,1,[H]OC([H])([H])C([H])([H])C([H])([H])C([H])([H])C([H])([H])OC([H])=O
17,17,1,[H]C1([H])OC2([H])C3([H])C([H])([H])C([H])(C1=O)C23[H]
20,20,1,[H]C([H])([H])N=C1OC2([H])C1([H])C2([H])C([H])([H])C([H])([H])[H]
12,11,0,
23,23,1,[H]N([H])C(C([H])([H])[H])(C([H])([H])C([H])([H])[H])C([H])(C#N)C([H])([H])[H]
17,17,1,[H]C#CC([H])(OC([H])(O[H])C([H])=O)C([H])([H])[H]
15,15,1,[H]N1C2([H])C3([H])OC3([H])C12C([H])([H])C#N
19,19,1,[H]N1C([H])([H])C([H])([H])C(=O)C12N(C([H])([H])[H])C2([H])[H]
15,13,0,[H]C#CC1C([H])=NOC1N([H])C([H])([H])[H]
23,23,1,[H]OC12C([H])([H])C([H])(C([H])([H])[H])C(C([H])([H])[H])(C1([H])[H])C2([H])[H]
21,21,1,[H]N1C([H])([H])C([H])([H])C12N([H])C([H])([H])C2([H])OC([H])([H])[H]
17,17,1,[H]C#CC([H])(C#CC([H])(O[H])C([H])([H])[H])O[H]
19,19,1,[H]C1([H])OC2([H])N3C4([H])C2([H])C2([H])C4([H])C([H])([H])C312
21,21,1,[H]C1=C(C([H])([H])[H])C([H])([H])C(=O)C([H])([H])C([H])([H])C1([H])[H]
20,20,1,[H]N([H])C([H])([H])C1([H])C2([H])C(=O)C1(C([H])([H])[H])C2([H])[H]
19,19,1,[H]OC1([H])OC([H])([H])C([H])(C([H])([H])C([H])([H])O[H])O1
15,15,1,[H]C(=O)C1([H])C([H])([H])C2([H])N([H])C12C#N
17,17,1,[H]C1=C(C([H])([H])[H])C(=O)C2([H])OC1([H])C2([H])[H]
19,19,1,[H]OC([H])([H])C12OC1([H])C([H])([H])OC2([H])C([H])([H])[H]
19,18,0,[H]OC1([H])C([H])([H])N2C([H])([H])C([H])([H])C([H])(O)C21[H]
18,18,1,[H]OC([H])(C([H])([H])[H])C1(C#N)C([H])([H])OC1([H])[H]
20,19,0,
21,21,1,[H]OC([H])(C#CC([H])(N([H])[H])C([H])([H])[H])C([H])([H])N([H])[H]
13,13,1,[H]c1nc2noc(C([H])([H])[H])c2o1
23,23,1,[H]OC([H])(C([H])([H])OC([H])([H])[H])C([H])([H])OC([H])([H])C([H])([H])[H]
19,19,1,[H]C1=NC([H])([H])C([H])([H])C2([H])C([H])([H])N3C1([H])C32[H]
20,20,1,[H]OC([H])([H])C([H])(O[H])C1([H])C(=O)C2([H])C([H])([H])C21[H]
19,19,1,[H]c1c(N([H])[H])nc(N([H])C([H])([H])C([H])([H])[H])n1[H]
15,15,1,[H]c1nnc(C(=O)N([H])[H])n1C([H])([H])[H]
20,20,1,[H]C#CC([H])([H])C([H])([H])C([H])([H])C([H])(O[H])C([H])([H])[H]
19,19,1,[H]C1([H])C(=O)C([H])(C2([H])C([H])([H])C2([H])C#N)C1([H])[H]
19,19,1,[H]OC1([H])C2([H])N=C(N([H])C([H])([H])C([H])([H])[H])C21[H]
16,16,1,[H]C([H])([H])C12OC([H])([H])C1(C([H])([H])[H])C2=O
22,22,1,[H]N1C([H])([H])C2([H])C([H])([H])C2([H])C([H])([H])C2([H])C([H])([H])C12[H]
14,14,1,[H]N=C(OC([H])([H])C#N)N([H])C([H])=O
17,17,1,[H]c1oc(N([H])[H])nc1C([H])([H])OC([H])([H])[H]
19,15,0,[H]C1NN(C([H])([H])[H])C(C([H])([H])[H])C1OC([H])([H])[H]
20,20,1,[H]N1C([H])([H])C([H])([H])C2([H])OC([H])(OC([H])([H])[H])C12[H]
19,19,1,[H]C([H])([H])C([H])(C([H])([H])[H])C1([H])C([H])([H])OC1([H])[H]
14,14,1,[H]C#CC([H])([H])C(=O)N([H])C([H])([H])[H]
19,19,1,[H]C([H])([H])C(=O)N1C([H])(C([H])([H])[H])N2C([H])([H])C12[H]
14,14,1,[H]C(=O)C([H])=C(C([H])=O)C(=O)N([H])[H]
23,23,1,[H]OC1([H])C([H])(O[H])C1(C([H])([H])[H])C([H])([H])C([H])([H])C([H])([H])[H]
23,21,0,
20,20,1,[H]C#CC(=O)C1([H])C([H])=C(C([H])([H])[H])C([H])([H])C1([H])[H]
16,16,1,[H]C1=C([H])C2([H])N3C4([H])C1=C([H])C2([H])C34[H]
21,21,1,[H]OC([H])([H])C12OC([H])(C([H])([H])C([H])([H])[H])C1([H])C2([H])[H]
14,14,1,[H]N1C([H])([H])C([H])([H])C1([H])C([H])([H])[H]
16,16,1,[H]c1c(N([H])C([H])([H])[H])nc(N([H])[H])n1[H]
18,18,1,[H]OC([H])([H])C([H])=NC(=O)C([H])([H])C([H])([H])C#N
14,13,0,[H]OC1C(C([H])=O)=C([H])C2([H])OC12[H]
18,18,1,[H]OC12C([H])=C([H])N=C([H])C([H])([H])C1([H])C2([H])[H]
11,7,0,
20,20,1,[H]C([H])([H])C(=O)C1([H])C([H])([H])C([H])([H])C1([H])C([H])([H])[H]
21,21,1,[H]OC([H])([H])OC([H])(C([H])([H])[H])C1(C([H])=O)N([H])C1([H])[H]
21,19,0,[H]OC([H])(C([H])(O)C([H])C([H])([H])[H])C1([H])C([H])([H])C1([H])[H]
19,18,0,[H]C1C(=O)C([H])([H])N1C1([H])C([H])([H])C1([H])C([H])([H])[H]
21,21,1,[H]ON=C(C([H])([H])[H])C([H])([H])N([H])C([H])([H])OC([H])([H])[H]
16,16,1,[H]C1=NC2([H])C3([H])N=C([H])C([H])(N1[H])C23[H]
17,17,1,[H]C#CC(=O)C([H])(N([H])[H])N1C([H])([H])C1([H])[H]
16,16,1,[H]C(=O)C12C([H])([H])OC1(C([H])([H])[H])C2([H])[H]
16,16,1,[H]N1C([H])([H])C([H])(C([H])(C#N)C#N)C1([H])[H]
11,11,1,[H]N=C1C(=O)N([H])C(=O)N1[H]
21,21,1,[H]OC1([H])C2(C([H])([H])[H])C3([H])C([H])([H])C3([H])C12C([H])([H])[H]
15,15,1,[H]C1=C([H])C([H])(C([H])([H])[H])C(=O)C1([H])[H]
18,18,1,[H]c1noc(OC([H])([H])C([H])([H])[H])c1C([H])([H])[H]
21,20,0,[H]NC(O[H])(C(=O)C([H])([H])C([H])([H])C([H])([H])[H])C([H])([H])[H]
15,15,1,[H]C1=NC2(C([H])([H])[H])C3([H])OC1([H])C32[H]
18,18,1,[H]C#CC([H])([H])C([H])(N([H])[H])N([H])C(=O)N([H])[H]
13,13,1,[H]C(=O)C1([H])OC(=O)N([H])N=C1[H]
23,23,1,[H]C([H])([H])C([H])([H])C1([H])C([H])([H])OC1([H])C1([H])C([H])([H])C1([H])[H]
15,15,1,[H]OC12C(=O)OC1([H])C1(OC1([H])[H])N2[H]
16,16,1,[H]N=C1OC([H])([H])C([H])(C2([H])OC2([H])[H])O1
21,21,1,[H]C([H])([H])C12OC3([H])C([H])([H])C1(C([H])([H])[H])C3([H])C2([H])[H]
18,18,1,[H]C1=C([H])C(C#N)(C([H])([H])[H])C2([H])C([H])([H])C12[H]
19,19,1,[H]C1=C([H])C2([H])C([H])([H])C2([H])C([H])([H])C(=O)C1([H])[H]
21,21,1,[H]OC([H])(C([H])([H])OC([H])([H])[H])C([H])(N([H])[H])C([H])([H])[H]
23,23,1,[H]C([H])([H])C1([H])OC1([H])C1=NC([H])([H])C([H])([H])C1([H])C([H])([H])[H]
14,13,0,
21,21,1,[H]OC12C([H])([H])C([H])([H])C1([H])C([H])=C([H])C2([H])C([H])([H])[H]
19,18,0,
19,19,1,[H]C1=C([H])C([H])([H])C2([H])N1C1(C([H])([H])[H])N([H])C21[H]
14,14,1,[H]OC1([H])C2([H])C(=O)N([H])C1([H])C2=O
18,17,0,
16,16,1,[H]C(=C1C(=O)N([H])N=C1C([H])([H])[H])N([H])[H]
18,18,1,[H]C1=C([H])C([H])(C([H])([H])[H])C(=O)C1=NC([H])([H])[H]
18,18,1,[H]C([H])([H])C1(C2(C([H])([H])[H])OC2([H])[H])OC1([H])[H]
20,20,1,[H]C([H])([H])C([H])([H])C([H])([H])N1C(=O)OC([H])([H])C1([H])[H]
19,19,1,[H]OC1(C([H])([H])C([H])=O)C([H])([H])C([H])=C([H])C1([H])[H]
13,10,0,[H]C1=NC2C([H])=C([H])N=C([H])C2N1
23,23,1,[H]OC([H])([H])C([H])(C([H])([H])[H])C([H])([H])C([H])([H])N([H])C([H])([H])[H]
21,21,1,[H]C1=C([H])C(C([H])([H])[H])(C([H])([H])C([H])([H])[H])C2([H])OC12[H]
19,19,1,[H]N1C2([H])C([H])([H])C34N([H])C([H])([H])C3(C4([H])[H])C12[H]
21,20,0,[H]OC([H])([H])C1(C([H])([H])[H])C(C([H])([H])[H])N2C([H])([H])C21[H]
15,15,1,[H]C#CC1([H])C(=N[H])N([H])C2([H])OC12[H]
21,21,1,[H]ON=C1C([H])([H])C([H])(N([H])C([H])([H])[H])C1([H])C([H])([H])[H]
15,15,1,[H]C1([H])OC2([H])C3([H])OC1([H])C(=O)C23[H]
20,20,1,[H]Oc1nc(O[H])n([H])c1C([H])(C([H])([H])[H])C([H])([H])[H]
20,20,1,[H]N1C([H])([H])C([H])([H])OC2([H])C([H])([H])OC2([H])C1([H])[H]
16,16,1,[H]OC(=O)N1C([H])([H])C(=O)C([H])([H])C1([H])[H]
22,20,0,[H]C([H])([H])C1([H])NC2([H])C([H])([H])C1C([H])([H])C([H])([H])C2([H])[H]
15,15,1,[H]C#CC([H])([H])C1([H])OC(=O)C([H])=C1[H]
17,17,1,[H]C([H])(C#N)N=C1C([H])([H])OC([H])([H])C1([H])[H]
15,15,1,[H]C(=O)N1C([H])([H])C([H])([H])C2([H])OC12[H]
17,17,1,[H]C(=O)C(=C1C(=O)C([H])([H])C1([H])[H])C([H])([H])[H]
17,17,1,[H]OC1([H])C([H])([H])C1([H])C1([H])OC([H])([H])C1=O
15,15,1,[H]C1([H])OC([H])([H])C([H])([H])C([H])([H])C1=O
25,25,1,[H]C([H])([H])C([H])([H])C([H])(C([H])([H])[H])C1([H])OC([H])([H])C([H])([H])C1([H])[H]
18,18,1,[H]N=NC(=O)C1([H])C([H])([H])N([H])C1([H])C([H])([H])[H]
17,17,1,[H]OC1([H])C([H])([H])OC([H])([H])C2([H])OC12C#N
18,18,1,[H]OC([H])(OC([H])([H])[H])C1([H])N([H])N=NC1([H])[H]
20,20,1,[H]N1C([H])([H])C2([H])OC([H])([H])C3([H])C([H])([H])C([H])([H])C123
22,22,1,[H]C([H])([H])OC12N(C([H])([H])[H])C([H])([H])C([H])(C1([H])[H])C2([H])[H]
18,18,1,[H]N=C1OC([H])([H])C([H])([H])C1(C([H])=O)C([H])([H])[H]
19,19,1,[H]C1([H])C2([H])C3([H])OC4(C([H])([H])C([H])([H])C24[H])C13[H]
15,15,1,[H]C([H])([H])c1nnc(C2([H])OC2([H])[H])o1
17,17,1,[H]OC([H])([H])C12OC([H])(C([H])([H])C1=O)C2([H])[H]
18,18,1,[H]OC1([H])C([H])([H])C1(C#N)OC([H])([H])C([H])([H])[H]
21,21,1,[H]C1=NC([H])([H])C2(C([H])([H])N1[H])C([H])([H])C([H])([H])C2([H])[H]
20,20,1,[H]C(=O)C([H])([H])C([H])([H])C12C([H])=C([H])C1([H])OC2([H])[H]
15,15,1,[H]N=C(O[H])C([H])(C([H])=O)C([H])([H])O[H]
15,14,0,[H]N(C([H])(F)OF)C([H])([H])C([H])([H])[H]
16,16,1,[H]N=C([H])C([H])([H])C([H])(C#N)C([H])([H])O[H]
21,21,1,[H]OC([H])([H])C([H])(C([H])([H])[H])C1([H])C(=O)C1([H])C([H])([H])[H]
19,18,0,
22,22,1,[H]N1C([H])([H])C1(C([H])([H])[H])C([H])([H])C1(C([H])([H])[H])OC1([H])[H]
16,12,0,[H]OC1C([H])=C([H])C(C([H])([H])[H])C([H])C1[H]
16,16,1,[H]N=C1C([H])([H])OC2([H])N([H])C12C([H])([H])[H]
19,19,1,[H]C#CC1([H])C([H])([H])C1([H])C([H])([H])C(=O)C([H])([H])[H]
20,20,1,[H]C(=O)N([H])C([H])(C([H])([H])[H])C([H])(N([H])[H])C([H])([H])[H]
18,18,1,[H]N(C(=O)C([H])([H])[H])C12C([H])([H])OC1([H])C2([H])[H]
16,16,1,[H]OC([H])(C#N)C([H])(O[H])C(=O)C([H])([H])[H]
19,19,1,[H]OC1([H])C([H])([H])C23C([H])([H])C2([H])C2([H])C([H])([H])C123
19,19,1,[H]C#CC1(C([H])([H])[H])C(=N[H])C([H])(C([H])([H])[H])N1[H]
19,18,0,[H]C1=C([H])C2([H])N3C2([H])C1C([H])([H])C3([H])C([H])([H])[H]
16,16,1,[H]Oc1c(C([H])([H])[H])c([H])n([H])c1N([H])[H]
23,23,1,[H]C([H])([H])C1([H])OC([H])([H])C2(C([H])([H])C1([H])[H])C([H])([H])C2([H])[H]
10,8,0,
15,15,1,[H]OC([H])(C(=O)C([H])([H])C#N)C([H])([H])[H]
20,20,1,[H]N1C2([H])C([H])([H])OC3([H])C([H])(C([H])([H])[H])C3([H])C12[H]
15,15,1,[H]C#CC1([H])C2([H])N3C([H])(C2([H])[H])C31[H]
18,18,1,[H]Oc1nc(N([H])[H])c([H])n1C([H])([H])C([H])([H])[H]
21,21,1,[H]C([H])([H])C1([H])C([H])([H])OC([H])([H])C2([H])OC21C([H])([H])[H]
21,21,1,[H]N1C([H])([H])C([H])([H])C2([H])C([H])([H])N([H])C3([H])C1([H])C32[H]
15,15,1,[H]C(=NC([H])([H])[H])OC([H])([H])C([H])([H])[H]
24,24,1,[H]C([H])([H])N1C([H])(C([H])([H])[H])C2([H])C([H])([H])C2([H])C1([H])C([H])([H])[H]
19,19,1,[H]OC1(C2([H])N([H])C2([H])[H])N2C([H])([H])C2([H])C1([H])[H]
17,17,1,[H]OC1([H])C([H])(C([H])=O)C1([H])C([H])([H])C([H])=O
15,15,1,[H]C([H])([H])OC1([H])C([H])([H])C(=O)C1([H])[H]
23,21,0,
18,15,0,[H]C1=NC(C([H])N([H])C([H])([H])[H])C([H])=C([H])C1[H]
17,17,1,[H]C#CC([H])(N=C(O[H])C([H])([H])[H])C([H])([H])[H]
11,9,0,[H]C1=NNC(C#N)C([H])=C1F
17,15,0,[H]C1=NNN=C(C([H])([H])[H])C1N([H])C([H])([H])[H]
19,19,1,[H]C([H])([H])C1([H])C(=O)C2([H])C1([H])C21C([H])([H])C1([H])[H]
15,14,0,
18,18,1,[H]OC12C([H])([H])C3(N([H])[H])C([H])=C([H])C1([H])C32[H]
17,17,1,[H]C([H])([H])OC([H])([H])C([H])([H])C(=O)C([H])([H])[H]
18,18,1,[H]OC([H])([H])C1=C([H])C2([H])C([H])([H])C2([H])C1([H])[H]
16,16,1,[H]OC([H])([H])C1([H])OC([H])(O[H])C1([H])C#N
14,13,0,
14,14,1,[H]N1C2(C#N)OC([H])([H])C12C([H])([H])[H]
15,15,1,[H]C(=O)C1=C([H])C2([H])C([H])([H])C2([H])C1=O
18,15,0,
14,14,1,[H]ON=C1N=C([H])C([H])([H])N([H])C1=O
18,18,1,[H]C(=O)C1([H])C([H])=NC([H])(C([H])([H])[H])OC1([H])[H]
17,17,1,[H]ON=C1C(=NC([H])([H])[H])C([H])([H])C([H])=C1[H]
11,11,1,[H]Oc1c([H])oc(C#N)c1[H]
18,18,1,[H]OC1(C([H])([H])[H])C([H])([H])N=NC([H])([H])C1([H])[H]
22,22,1,[H]N1C([H])([H])N2C([H])([H])C1([H])N([H])C([H])(C([H])([H])[H])C2([H])[H]
15,14,0,[H]OC(O[H])c1noc([H])c1C([H])([H])[H]
19,19,1,[H]C1=NC([H])([H])C2(N1[H])C([H])([H])OC([H])([H])C2([H])[H]
17,17,1,[H]Oc1nc([H])c(N([H])C([H])([H])C([H])([H])[H])o1
16,16,1,[H]OC([H])([H])C1([H])OC2([H])C([H])([H])C12C#N
12,11,0,[H]C1=NC2=C([H])N([H])NC2=NO1
19,19,1,[H]N=C1N([H])C([H])([H])C2([H])C3([H])N4C([H])(C13[H])C42[H]
19,18,0,
14,14,1,[H]C(=O)c1c([H])c(=O)c([H])c([H])n1[H]
15,15,1,[H]C(=O)C(=NC([H])([H])[H])C([H])([H])C([H])=O
16,16,1,[H]C1(C([H])([H])C2([H])C([H])([H])C2([H])[H])OC1=O
17,17,1,[H]C1=NC2([H])C3([H])OC([H])([H])C([H])(N1[H])C23[H]
20,20,1,[H]C([H])([H])C([H])([H])C12C([H])([H])C3([H])C4([H])N(C41[H])C32[H]
21,21,1,[H]C([H])([H])OC12C([H])([H])OC([H])([H])C1([H])C2([H])C([H])([H])[H]
21,21,1,[H]C([H])([H])C1([H])C2([H])C([H])([H])OC3([H])C2([H])C31C([H])([H])[H]
20,20,1,[H]OC1([H])C2([H])C([H])([H])C3([H])N([H])C3([H])C12C([H])([H])[H]
17,17,1,[H]OC([H])(C([H])([H])[H])C([H])([H])C([H])([H])C([H])=O
20,19,0,
18,18,1,[H]OC([H])([H])C1(C([H])=O)C([H])=NC([H])([H])C1([H])[H]
15,15,1,[H]C1=C([H])C([H])([H])C(C#N)(N([H])[H])C1=O
15,15,1,[H]C([H])([H])C12C([H])([H])OC1(C#N)C2([H])[H]
16,16,1,[H]N([H])C(=O)N(C(=O)C([H])([H])[H])C([H])([H])[H]
21,21,1,[H]N([H])C([H])([H])C(=O)C1([H])N([H])C([H])(C([H])([H])[H])C1([H])[H]
17,17,1,[H]c1c(C([H])([H])N([H])C([H])([H])[H])nn([H])c1[H]
17,17,1,[H]N([H])C1([H])C(=O)C([H])(C#N)C([H])([H])C1([H])[H]
20,20,1,[H]N(C(=O)C1([H])C([H])([H])C2([H])C([H])([H])C12[H])C([H])([H])[H]
19,19,1,[H]N(C1([H])OC1([H])[H])C1(C([H])([H])[H])C([H])([H])C1([H])[H]
17,17,1,[H]c1c(C#N)c(C([H])([H])C([H])([H])[H])c([H])n1[H]
16,16,1,[H]N=C([H])C(=O)N1C([H])=NC([H])([H])C1([H])[H]
17,17,1,[H]C#CC1(O[H])C([H])([H])OC1([H])OC([H])([H])[H]
19,19,1,[H]c1c2c(n([H])c1[H])C([H])([H])C([H])([H])C([H])([H])N2[H]
15,15,1,[H]C#CC12OC1([H])C1([H])C([H])(O[H])C21[H]
15,15,1,[H]Oc1nc(C([H])([H])[H])nn1C([H])([H])[H]
15,15,1,[H]OC12C([H])(C#N)C1([H])C1([H])N([H])C12[H]
20,20,1,[H]C1=NC([H])([H])C2([H])C3([H])C1([H])C([H])([H])C23C([H])([H])[H]
18,18,1,[H]C(=O)C([H])(C#N)C1([H])C([H])([H])C1([H])C([H])([H])[H]
18,18,1,[H]OC1([H])C2([H])N=C([H])C([H])=C([H])C1([H])C2([H])[H]
19,19,1,[H]C([H])(C#N)C#CC1([H])OC([H])([H])C1([H])C([H])([H])[H]
18,17,0,
18,16,0,
17,17,1,[H]C#CC([H])([H])C([H])([H])c1oc([H])c([H])c1[H]
14,14,1,[H]N=C1C([H])=C(N([H])[H])C([H])([H])N1[H]
12,11,0,
16,16,1,[H]N=C1N([H])C([H])([H])C(C#N)=C([H])C1([H])[H]
17,17,1,[H]c1nc(C([H])([H])C([H])([H])[H])c(=O)n([H])c1[H]
21,21,1,[H]OC1(C([H])([H])C([H])([H])[H])C([H])([H])C1([H])N([H])C([H])([H])[H]
15,15,1,[H]ON=C1OC2([H])C([H])([H])C([H])([H])C12[H]
19,19,1,[H]C([H])([H])C1([H])OC2([H])C([H])([H])C(=O)C2([H])C1([H])[H]
25,24,0,[H]C([H])C(N(C([H])([H])[H])C([H])([H])[H])(C([H])([H])[H])C([H])([H])OC([H])([H])[H]
22,22,1,[H]N1C([H])(C([H])([H])C([H])([H])[H])OC2(C([H])([H])[H])C([H])([H])C12[H]
13,13,1,[H]c1nc(OC([H])([H])C#N)nn1[H]
23,21,0,
21,21,1,[H]N([H])C([H])(C([H])([H])[H])C([H])([H])C([H])([H])OC([H])([H])C#N
21,21,1,[H]C#CC12C([H])(C([H])([H])[H])C([H])([H])C1([H])C2([H])C([H])([H])[H]
22,22,1,[H]C([H])([H])C12C([H])([H])C([H])([H])C([H])([H])C1([H])C([H])([H])C2([H])[H]
17,17,1,[H]C1([H])OC2([H])N(C1([H])[H])C1([H])C([H])([H])C21[H]
15,15,1,[H]C#CC([H])([H])C([H])(O[H])c1nnno1
16,16,1,[H]C([H])([H])C1=NC2([H])N(C1([H])C#N)C2([H])[H]
19,19,1,[H]C1([H])OC2(C([H])([H])C([H])([H])[H])C([H])([H])C2([H])C1=O
12,11,0,[H]N1C(=O)C([H])([H])C(=O)C1C#N
17,17,1,[H]C#CC1(C([H])=O)C([H])(O[H])C1([H])C([H])([H])[H]
20,19,0,[H]OC([H])([H])C([H])(O[H])C1([H])OC([H])(C([H])([H])[H])C1[H]
18,18,1,[H]C1=NC(C([H])([H])[H])(C([H])([H])[H])C2([H])C(=O)C12[H]
21,21,1,[H]OC1(O[H])C([H])(N([H])[H])N([H])C1(C([H])([H])[H])C([H])([H])[H]
23,23,1,[H]OC([H])([H])C(O[H])(C([H])([H])[H])C([H])([H])C([H])(O[H])C([H])([H])[H]
14,14,1,[H]c1nc([H])c2c(n1)N([H])C([H])([H])O2
16,15,0,[H]N=C1C([H])=C([H])C([H])C([H])=C([H])C1([H])[H]
15,15,1,[H]C1=C([H])C2([H])OC2([H])C([H])(C#N)N1[H]
17,17,1,[H]OC([H])([H])C1([H])OC([H])([H])C(C([H])=O)=C1[H]
15,15,1,[H]C(=O)C([H])([H])C12OC(=O)C1([H])C2([H])[H]
22,22,1,[H]C1=C([H])C2(C([H])([H])[H])N([H])C([H])(C([H])([H])[H])C1([H])C2([H])[H]
19,16,0,[H]OC12C3([H])N([H])C4([H])C3([H])C1([H])C42C([H])[H]
16,16,1,[H]OC([H])(C([H])([H])[H])C([H])([H])c1nnon1
21,21,1,[H]C#CC([H])([H])C1(C([H])([H])[H])OC1([H])C([H])([H])C([H])([H])[H]
9,5,0,
20,20,1,[H]OC([H])(N=C([H])C1([H])C([H])([H])OC1([H])[H])C([H])([H])[H]
13,12,0,[H]N=c1nc([H])nc2n1C([H])N2[H]
25,25,1,[H]N([H])C([H])([H])C([H])(C([H])([H])C([H])([H])[H])C1([H])N([H])C([H])([H])C1([H])[H]
15,15,1,[H]C#CC1([H])C([H])([H])C(=O)C(=O)C1([H])[H]
19,19,1,[H]OC([H])([H])C(O[H])(C([H])=O)C([H])([H])N([H])C([H])=O
22,22,1,[H]N1C2([H])C1([H])C1([H])C([H])([H])C1([H])C2([H])C([H])([H])C([H])([H])[H]
25,25,1,[H]C([H])([H])OC([H])([H])C([H])(C([H])([H])[H])C([H])([H])OC([H])([H])C([H])([H])[H]
19,19,1,[H]N=C1N([H])C2([H])C([H])([H])OC1(C([H])([H])[H])C2([H])[H]
13,11,0,[H]OC1=NC([H])C([H])C([H])=C1O[H]
17,17,1,[H]OC12C([H])([H])C3([H])C([H])(C1([H])C([H])=O)C32[H]
20,20,1,[H]N([H])C([H])([H])C([H])(C#N)N1C([H])([H])C([H])([H])C1([H])[H]
15,15,1,[H]N=C1OC2([H])OC([H])([H])C3([H])N1C23[H]
19,19,1,[H]OC12C([H])=C(C([H])([H])[H])C3([H])C([H])([H])C1([H])C32[H]
29,29,1,[H]OC(C([H])([H])[H])(C([H])(N([H])[H])C([H])([H])C([H])([H])[H])C([H])(C([H])([H])[H])C([H])([H])[H]
18,18,1,[H]OC([H])([H])C1([H])C([H])(C#N)C1(O[H])C([H])([H])[H]
16,16,1,[H]Oc1c(N([H])[H])nn([H])c1C([H])([H])O[H]
14,14,1,[H]C#CC(=O)c1c([H])nnc([H])c1[H]
15,15,1,[H]C#CC([H])([H])c1nn([H])c([H])c1O[H]
23,23,1,[H]C([H])([H])C([H])(N1C([H])([H])C([H])(C([H])([H])[H])C1([H])[H])C([H])([H])[H]
20,20,1,[H]C([H])([H])C1([H])OC2([H])C([H])([H])C([H])([H])C2([H])C1([H])[H]
21,21,1,[H]OC1([H])C([H])([H])OC(=O)C([H])([H])C([H])([H])N([H])C1([H])[H]
14,14,1,[H]N=C1OC([H])=NC12C([H])([H])C2([H])[H]
18,18,1,[H]C(=O)C1=NC([H])([H])C([H])(C([H])([H])[H])C([H])([H])O1
25,25,1,[H]C(=NC([H])([H])[H])N([H])C([H])([H])C([H])([H])C([H])([H])C([H])([H])C([H])([H])[H]
16,16,1,[H]N(C(=O)OC([H])([H])C([H])([H])[H])C([H])([H])[H]
20,20,1,[H]C1=C([H])C2(C([H])([H])[H])C([H])([H])C1([H])C2([H])C([H])([H])[H]
13,11,0,[H]C1=C(C#N)N([H])NC1C([H])([H])[H]
18,18,1,[H]OC1(O[H])C([H])([H])N([H])C1(C([H])=O)C([H])([H])[H]
19,19,1,[H]C1=C([H])C([H])(C2([H])OC2([H])[H])C([H])(C#N)C1([H])[H]
19,19,1,[H]OC1([H])C([H])([H])C12C([H])([H])C([H])([H])C1([H])OC12[H]
19,19,1,[H]C(=O)C([H])([H])C12C([H])([H])OC1([H])C([H])([H])C2([H])[H]
20,20,1,[H]N(C([H])([H])[H])C1([H])C2([H])OC([H])([H])OC21C([H])([H])[H]
24,24,1,[H]C([H])([H])C([H])([H])OC([H])([H])C(C([H])([H])[H])(C([H])([H])[H])C([H])([H])[H]
13,13,1,[H]C1([H])OC12C(=O)OC(=O)C2([H])[H]
15,15,1,[H]C#CC1([H])C2([H])N([H])N2C12OC2([H])[H]
27,27,1,[H]N([H])C([H])(C([H])([H])[H])C([H])([H])C([H])(C([H])([H])[H])C1([H])OC1([H])C([H])([H])[H]
18,18,1,[H]C#CC1=C([H])C([H])(C([H])([H])[H])C([H])([H])C1([H])[H]
19,19,1,[H]C1=NC([H])([H])N2C([H])([H])C2(C([H])([H])[H])OC1([H])[H]
13,13,1,[H]OC([H])([H])C([H])(C#N)C([H])([H])[H]
20,20,1,[H]OC1(C([H])([H])[H])C([H])([H])OC([H])([H])C2([H])N([H])C21[H]
17,17,1,[H]N1C2([H])C(=O)C(=NC([H])([H])[H])C([H])([H])C12[H]
19,19,1,[H]C([H])([H])OC(=O)C([H])(C(=O)C([H])([H])[H])C([H])([H])[H]
20,16,0,
16,16,1,[H]C(=O)C1([H])OC1([H])C([H])([H])C(=O)N([H])[H]
18,18,1,[H]C1([H])C2([H])OC3([H])C([H])([H])C1([H])C3([H])C2([H])[H]
18,18,1,[H]OC1(C([H])([H])C([H])([H])[H])C(=O)C([H])([H])C1([H])[H]
9,5,0,[H]c1nc(=O)[nH][nH][nH][nH]1
15,15,1,[H]C#CC12OC([H])([H])C([H])(C1=O)C2([H])[H]
16,16,1,[H]OC12N3C1(C([H])=O)C([H])([H])C32C([H])([H])[H]
16,16,1,[H]C([H])([H])C([H])([H])C([H])([H])C1([H])OC(=O)O1
14,14,1,[H]N([H])C(=O)C([H])([H])OC([H])([H])C#N
17,17,1,[H]N1C(=NC([H])([H])[H])C([H])([H])C2([H])N([H])C12[H]
20,20,1,[H]N1C([H])([H])OC2([H])OC([H])(C([H])([H])C([H])([H])[H])C12[H]
18,18,1,[H]ON=C1C([H])([H])C([H])([H])C([H])([H])C12OC2([H])[H]
18,15,0,
15,14,0,
17,17,1,[H]N=C(N(C([H])=O)C(=O)C([H])([H])[H])C([H])([H])[H]
15,15,1,[H]C#CC1([H])C2([H])C([H])([H])C([H])([H])C12[H]
22,21,0,
18,18,1,[H]OC1([H])C2([H])N([H])C([H])([H])C(=O)C([H])([H])C12[H]
6,6,1,[H]C(=O)C([H])=O
19,19,1,[H]OC([H])(C1([H])N([H])C1([H])[H])C1([H])C([H])([H])C1([H])[H]
14,10,0,[H]C1=C([H])C(N([H])C([H])([H])[H])NNN1
25,25,1,[H]OC([H])([H])C([H])(C([H])([H])[H])C1([H])C([H])([H])C([H])(C([H])([H])[H])C1([H])[H]
16,16,1,[H]C(=O)C1(C([H])([H])OC([H])([H])[H])OC1([H])[H]
23,23,1,[H]C([H])([H])C([H])([H])C1([H])C([H])([H])C([H])([H])C2([H])OC1([H])C2([H])[H]
19,19,1,[H]C1=C([H])C2([H])C3([H])C([H])(OC([H])([H])[H])C2([H])C13[H]
20,20,1,[H]OC([H])([H])C1(O[H])N2C([H])([H])C1(C([H])([H])[H])C2([H])[H]
22,22,1,[H]OC([H])([H])C(O[H])(C([H])([H])[H])C([H])([H])C1([H])N([H])C1([H])[H]
21,21,1,[H]OC12N(C([H])([H])[H])C1([H])C([H])([H])N(C([H])([H])[H])C2([H])[H]
23,23,1,[H]OC([H])([H])C1([H])N([H])C([H])([H])C([H])(O[H])C1([H])C([H])([H])O[H]
19,19,1,[H]OC12C([H])=C([H])C([H])([H])C([H])(OC1([H])[H])C2([H])[H]
21,21,1,[H]N1C([H])(C([H])([H])[H])C([H])([H])C2([H])C([H])([H])C1([H])C2([H])[H]
15,15,1,[H]C#CC1(O[H])C2([H])C(=O)C1([H])C2([H])[H]
19,18,0,[H]OC1([H])C([H])C2(OC([H])([H])C3([H])OC32[H])C1([H])[H]
19,19,1,[H]C#CC1(C#CC([H])([H])[H])C([H])([H])C1([H])C([H])([H])[H]
20,19,0,[H]OC12C([H])([H])N([H])C1(C([H])N([H])C([H])([H])[H])C2([H])[H]
21,21,1,[H]C([H])([H])C1([H])C([H])([H])C2(C([H])([H])[H])C(=O)C([H])([H])C12[H]
20,20,1,[H]C([H])([H])C1(C([H])([H])[H])N2C3([H])OC1([H])C([H])([H])C23[H]
18,17,0,[H]C1=C([H])C([H])(N([H])C([H])([H])[H])C([H])=C([H])C1[H]
19,19,1,[H]OC([H])(C([H])([H])C([H])([H])[H])C([H])([H])C([H])([H])C#N
18,16,0,[H]OC1=NN(C([H])([H])[H])NC1C([H])([H])C([H])([H])[H]
18,18,1,[H]N([H])c1oc(C([H])([H])[H])nc1N([H])C([H])([H])[H]
18,18,1,[H]C#CC([H])(C([H])=O)C1([H])N([H])C([H])([H])C1([H])[H]
18,16,0,
20,20,1,[H]ON=C1C([H])([H])OC([H])(C([H])([H])[H])C1([H])C([H])([H])[H]
23,23,1,[H]C([H])([H])N(C([H])([H])[H])C1(C([H])([H])[H])N2C([H])([H])C2([H])C1([H])[H]
25,25,1,[H]OC([H])([H])C([H])([H])C([H])(O[H])C([H])([H])C([H])(C([H])([H])[H])C([H])([H])[H]
23,23,1,[H]C([H])([H])C([H])(C([H])([H])[H])C([H])([H])OC([H])([H])C1([H])OC1([H])[H]
20,20,1,[H]N1C(=O)C2(N([H])C2([H])[H])C2(C1([H])[H])C([H])([H])C2([H])[H]
15,15,1,[H]c1nc(C2([H])N([H])C2([H])[H])c([H])n1[H]
18,18,1,[H]N1C([H])([H])C(=O)C1(C(=O)C([H])([H])[H])C([H])([H])[H]
21,21,1,[H]OC1(C([H])([H])[H])C2([H])OC([H])([H])C1([H])C2([H])C([H])([H])[H]
23,23,1,[H]OC1([H])C([H])([H])C(C([H])([H])[H])(C([H])([H])C([H])([H])[H])C1([H])O[H]
19,19,1,[H]OC([H])([H])C1([H])N([H])C1([H])N([H])C([H])([H])C([H])=O
19,17,0,
15,15,1,[H]N1C(=O)C(=O)C2([H])N(C1([H])[H])C2([H])[H]
19,18,0,[H]C(=O)C([H])C(N([H])C([H])=O)(C([H])([H])[H])C([H])([H])[H]
16,14,0,
16,16,1,[H]N([H])C12N([H])C3([H])C1([H])C3(C#N)C2([H])[H]
19,19,1,[H]C(=O)N1C([H])([H])C1(C([H])([H])[H])C1([H])N([H])C1([H])[H]
20,20,1,[H]OC1([H])C2([H])C([H])([H])C([H])([H])C([H])([H])C12C([H])([H])[H]
19,19,1,[H]c1c(C([H])([H])C([H])([H])[H])c([H])n(C([H])([H])[H])c1[H]
18,18,1,[H]C(=O)C1(C([H])([H])[H])OC([H])([H])N2C([H])([H])C21[H]
16,16,1,[H]OC1([H])N([H])C(=O)C([H])(C([H])=O)C1([H])[H]
20,19,0,[H]C([H])([H])C1([H])OC1([H])C1([H])C([H])([H])C1([H])C([H])([H])O
16,16,1,[H]OC([H])([H])C#CC1([H])C([H])([H])C1([H])O[H]
22,22,1,[H]N([H])C([H])(C([H])([H])[H])C1(C([H])([H])[H])OC2([H])C([H])([H])C21[H]
13,13,1,[H]C1=C([H])C(=O)C([H])([H])N([H])C1=O
19,19,1,[H]N(C([H])([H])C#CC([H])([H])[H])C1([H])C([H])([H])C1([H])[H]
14,14,1,[H]C#CC1([H])OC2([H])C([H])([H])OC12[H]
17,13,0,
17,17,1,[H]OC([H])([H])C12OC3([H])C([H])=C1C2([H])C3([H])[H]
19,19,1,[H]C([H])([H])C1([H])OC2(C([H])([H])[H])C(=O)C([H])([H])C12[H]
13,13,1,[H]N=c1nnn(C([H])([H])[H])nc1[H]
18,18,1,[H]N1C(=O)C([H])([H])C([H])([H])N(C([H])([H])[H])C1([H])[H]
17,17,1,[H]N=C1N=NC([H])([H])N=C1C([H])([H])C([H])([H])[H]
15,15,1,[H]N1C(=O)C2([H])C([H])(C#N)C12C([H])([H])[H]
14,12,0,[H]OC1=C([H])N([H])C(C#N)C1N([H])[H]
21,21,1,[H]C(=O)C1(C([H])([H])[H])C([H])([H])C2([H])C([H])([H])C2([H])C1([H])[H]
21,21,1,[H]OC1([H])C([H])([H])C1([H])N(C([H])([H])[H])C([H])([H])C([H])([H])[H]
18,18,1,[H]N([H])C(=O)OC1([H])C([H])([H])C1([H])OC([H])([H])[H]
22,22,1,[H]N1C2([H])C([H])([H])C([H])([H])C12C([H])([H])OC([H])([H])C([H])([H])[H]
23,23,1,[H]C([H])([H])C1([H])C2([H])C3([H])C([H])([H])C([H])([H])C3([H])C12C([H])([H])[H]
20,20,1,[H]C#CC([H])([H])N(C([H])([H])[H])C([H])([H])C([H])([H])C([H])=O
18,18,1,[H]C1=NC2([H])C([H])(C([H])=NC([H])([H])[H])C2([H])N1[H]
14,14,1,[H]N=C1OC([H])(O[H])C2([H])N([H])C12[H]
21,20,0,
16,16,1,[H]c1nn([H])c(=O)n1C1([H])C([H])([H])C1([H])[H]
13,13,1,[H]C#CC([H])(C#CC([H])=O)C([H])=O
20,20,1,[H]C([H])([H])OC1(C23N(C2([H])[H])C3([H])[H])C([H])([H])C1([H])[H]
15,15,1,[H]c1nnc(N([H])[H])c(OC([H])([H])[H])n1
19,19,1,[H]N1C([H])([H])C12OC([H])([H])C([H])([H])C([H])([H])C2([H])[H]
16,16,1,[H]OC12C3([H])OC([H])([H])C4([H])N(C31[H])C42[H]
18,18,1,[H]c1c(C([H])([H])[H])c(C([H])([H])[H])c(=O)n([H])c1[H]
16,16,1,[H]C([H])([H])C(=O)C1([H])C(=O)C([H])([H])C1([H])[H]
18,18,1,[H]C([H])([H])N1C(=O)C2([H])C([H])([H])OC2([H])C1([H])[H]
19,19,1,[H]C1=C([H])C([H])([H])N([H])C(=O)N1C([H])([H])C([H])([H])[H]
20,20,1,[H]OC1(C([H])([H])C#N)C([H])([H])C([H])([H])C([H])([H])C1([H])[H]
19,19,1,[H]OC1([H])C([H])([H])C([H])(OC([H])([H])[H])C1([H])N([H])[H]
13,11,0,
20,20,1,[H]OC([H])([H])C1([H])C2([H])N3C([H])([H])C3([H])C1([H])C2([H])[H]
19,18,0,
19,19,1,[H]C([H])([H])N1C(=O)N2C([H])([H])C([H])(C1([H])[H])C2([H])[H]
21,21,1,[H]C([H])([H])C12C([H])([H])C3([H])OC([H])(C1([H])[H])C2([H])C3([H])[H]
12,12,1,[H]N([H])C1([H])C2([H])OC(=O)C21[H]
18,18,1,[H]C1=NC([H])([H])C2([H])N([H])C([H])([H])C3([H])N([H])C123
16,16,1,[H]OC12OC1([H])C1(C([H])([H])C([H])=O)OC21[H]
21,21,1,[H]N1C([H])([H])C2([H])N([H])C([H])([H])C2([H])OC1([H])C([H])([H])[H]
18,18,1,[H]C1=C2C3([H])C2([H])C([H])(C1([H])[H])C3([H])C([H])([H])[H]
18,18,1,[H]C(=O)N([H])C([H])([H])C12OC1([H])C([H])([H])C2([H])[H]
18,18,1,[H]N1C2([H])OC3([H])OC([H])([H])C1([H])C3([H])C2([H])[H]
15,15,1,[H]C#CC(=O)N([H])C(=O)N([H])C([H])([H])[H]
18,18,1,[H]OC([H])([H])C1([H])C2(O[H])N([H])C3([H])C2([H])C31[H]
17,17,1,[H]C([H])([H])C1(C#N)OC([H])([H])C1([H])C([H])([H])[H]
18,18,1,[H]OC([H])(c1nc([H])c(N([H])[H])n1[H])C([H])([H])[H]
12,10,0,
18,18,1,[H]C1=C([H])C2([H])OC2(C([H])([H])[H])C1=NC([H])([H])[H]
15,15,1,[H]c1nc(N([H])[H])oc1N([H])C([H])([H])[H]
23,23,1,[H]N(C([H])([H])[H])C1([H])C2([H])C([H])([H])OC3([H])C([H])([H])C3([H])C12[H]
19,19,1,[H]C(=O)C12OC1([H])C([H])([H])C([H])([H])C2([H])C([H])([H])[H]
19,19,1,[H]OC([H])([H])C(C#N)(C([H])([H])[H])C1([H])N([H])C1([H])[H]
17,17,1,[H]OC12C([H])([H])N3C([H])(C([H])([H])C1([H])[H])C32[H]
23,21,0,
20,20,1,[H]OC1([H])C2([H])C([H])([H])C3(N(C([H])([H])[H])C3([H])[H])C12[H]
16,16,1,[H]N=C1OC([H])=C([H])C([H])([H])N1C([H])([H])[H]
17,17,1,[H]C1=C([H])C2([H])C3([H])C1([H])OC1([H])C2([H])C13[H]
17,17,1,[H]OC1([H])N2C([H])([H])C([H])([H])C1([H])C2([H])C#N
19,18,0,
14,7,0,[H]C1=NNC2C1=NC([H])NC2[H]
15,15,1,[H]C1=C([H])C2([H])OC1([H])C2([H])C([H])([H])[H]
14,14,1,[H]c1oc(C(=O)C([H])([H])[H])c([H])c1[H]
19,19,1,[H]C(=O)C([H])([H])C([H])([H])C([H])(C([H])([H])[H])C([H])([H])[H]
22,22,1,[H]C([H])([H])C1([H])OC2([H])C([H])([H])C2([H])C([H])([H])C12OC2([H])[H]
20,20,1,[H]OC([H])([H])C([H])(N1C(=O)C([H])([H])C1([H])[H])C([H])([H])[H]
19,19,1,[H]OC([H])(C([H])([H])[H])C1([H])C([H])=C([H])C([H])([H])N1[H]
16,16,1,[H]N1C2([H])C(C#N)=NC([H])([H])C1([H])C2([H])[H]
18,18,1,[H]OC(=O)C([H])(C#CC([H])([H])N([H])[H])C([H])([H])[H]
18,18,1,[H]OC([H])([H])C([H])([H])N([H])C(=O)C([H])([H])C([H])=O
19,19,1,[H]OC([H])([H])C1([H])OC2([H])C([H])([H])C([H])([H])OC12[H]
20,20,1,[H]C#CC([H])(C([H])([H])[H])C([H])(OC([H])([H])[H])C([H])([H])[H]
18,16,0,
20,20,1,[H]n1nnc(C([H])([H])[H])c1C([H])(C([H])([H])[H])C([H])([H])[H]
19,19,1,[H]C([H])([H])N1C([H])([H])C2(C([H])([H])OC2([H])[H])C1([H])[H]
18,18,1,[H]C([H])([H])C([H])([H])C12C(=O)C([H])([H])C1([H])C2([H])[H]
18,18,1,[H]N=C(OC([H])([H])[H])OC1([H])OC1([H])C([H])([H])[H]
17,14,0,
18,17,0,[H]OC1([H])C([H])C2([H])OC1([H])C([H])([H])C2([H])O[H]
21,19,0,[H]C1OC([H])(C(N([H])[H])C([H])([H])[H])C1([H])N([H])C([H])([H])[H]
23,22,0,[H]C1([H])OC1([H])C([H])([H])C1(C2([H])OC2([H])[H])C([H])([H])C1([H])[H]
16,16,1,[H]N=C1C(=N[H])C([H])([H])C(=O)C([H])([H])N1[H]
13,11,0,[H]C(=O)C1C([H])=C([H])N([H])C1C#N
17,17,1,[H]N([H])C([H])(N([H])C([H])([H])C#N)C([H])([H])C#N
23,23,1,[H]OC1(C2([H])OC2([H])[H])C([H])([H])C([H])(N([H])[H])C1([H])C([H])([H])[H]
17,17,1,[H]C([H])([H])C#CC1([H])C([H])([H])C([H])([H])C1([H])[H]
13,13,1,[H]c1nc([H])c(C([H])([H])[H])nc1F
19,19,1,[H]OC([H])([H])C([H])(C#CC([H])([H])[H])C([H])([H])C([H])=O
21,21,1,[H]C([H])([H])C1=C2C([H])([H])C2(C([H])([H])[H])C2([H])C([H])([H])C12[H]
15,15,1,[H]c1oc(=O)c(N([H])[H])c([H])c1N([H])[H]
17,17,1,[H]C1([H])OC([H])(C2([H])OC2([H])[H])C([H])([H])C1=O
10,10,1,[H]c1noc(N([H])[H])c1[H]
14,14,1,[H]C1(C#N)OC([H])([H])C([H])([H])OC1=O
14,14,1,[H]C1(C#N)OC12C([H])([H])C1([H])OC12[H]
19,19,1,[H]OC1([H])C(O[H])(C([H])=O)C([H])([H])C1([H])C([H])([H])[H]
19,19,1,[H]OC([H])([H])C([H])(C#N)N([H])C1([H])C([H])([H])C1([H])[H]
16,15,0,
17,15,0,
19,18,0,
23,23,1,[H]N1C([H])([H])C2([H])C([H])(N([H])C([H])([H])C([H])([H])[H])C2([H])C1([H])[H]
20,20,1,[H]OC1([H])C(=O)OC2(C([H])([H])[H])C([H])([H])C([H])([H])C12[H]
18,18,1,[H]OC12C(=O)N([H])C1(C([H])([H])[H])C([H])([H])C2([H])[H]
22,22,1,[H]OC([H])([H])C1(C([H])([H])[H])N2C([H])([H])C2([H])C([H])([H])C1([H])[H]
19,19,1,[H]OC([H])(C#CC1([H])N([H])C1([H])[H])N([H])C([H])([H])[H]
20,20,1,[H]C#CC([H])(C#C[H])N(C([H])([H])[H])C([H])([H])C([H])([H])[H]
19,19,1,[H]N=C1OC([H])(C([H])([H])[H])C2(C([H])([H])[H])N1C2([H])[H]
20,20,1,[H]C([H])([H])C12C([H])([H])C1([H])C([H])([H])C1([H])C([H])([H])C12[H]
15,15,1,[H]C#CC12N(C([H])=C([H])C1([H])[H])C2([H])[H]
15,15,1,[H]c1c(C(=O)N([H])C([H])([H])[H])nnn1[H]
21,21,1,[H]C(=O)C([H])([H])C1([H])C([H])([H])C([H])([H])C12C([H])([H])C2([H])[H]
17,17,1,[H]c1nc(N([H])[H])c([H])n1C1([H])N([H])C1([H])[H]
23,23,1,[H]C([H])([H])C(=O)C([H])([H])C([H])(C([H])([H])[H])C1([H])C([H])([H])C1([H])[H]
21,21,1,[H]C1=C(C([H])([H])[H])C([H])([H])C(C([H])([H])[H])(C([H])([H])[H])C1=O
20,20,1,[H]C1=C([H])C([H])([H])C([H])(C#CC([H])([H])[H])N([H])C1([H])[H]
18,18,1,[H]C1=C([H])C23N([H])C2([H])C2([H])C([H])([H])C32C1([H])[H]
14,14,1,[H]C1=NC2([H])C3([H])OC([H])(N1[H])C23[H]
19,19,1,[H]OC1(C([H])([H])C([H])([H])[H])C(=O)C([H])([H])OC1([H])[H]
15,14,0,[H]C1=C2C(N=NO1)N([H])C([H])([H])C2([H])[H]
19,19,1,[H]N=C([H])C1(C([H])=O)C([H])([H])C2(O[H])C([H])([H])C12[H]
20,20,1,[H]N=C1N([H])C([H])([H])C([H])([H])N1C([H])([H])OC([H])([H])[H]
22,22,1,[H]OC1([H])C([H])(C([H])([H])[H])C2([H])C3([H])OC2([H])C13C([H])([H])[H]
18,18,1,[H]C1=C([H])C([H])([H])C(C([H])([H])[H])=C(N([H])[H])C1=O
17,13,0,[H]C1=NC([H])C2C(C1[H])C([H])([H])N([H])C2([H])[H]
18,18,1,[H]C([H])([H])OC12C([H])([H])OC([H])(C1([H])[H])C2([H])[H]
18,17,0,[H]OC([H])([H])C12OC(C([H])([H])[H])C1([H])C2([H])O[H]
15,15,1,[H]N=C1ON=C(O[H])C1([H])OC([H])([H])[H]
23,23,1,[H]C([H])([H])C(=C1C([H])([H])OC([H])([H])C1([H])[H])C([H])([H])C([H])([H])[H]
15,15,1,[H]c1nc([H])n2c(N([H])[H])c([H])n([H])c12
16,16,1,[H]N1C(=O)C([H])([H])N=C1C([H])([H])C([H])([H])[H]
23,23,1,[H]OC([H])([H])C1(C([H])([H])[H])C([H])([H])C([H])([H])OC1([H])C([H])([H])[H]
17,17,1,[H]N1C(=O)C2(C([H])([H])[H])C1([H])C2([H])C([H])([H])[H]
14,14,1,[H]C#CC12C([H])([H])C3([H])OC1([H])C32[H]
23,23,1,[H]OC([H])([H])C([H])([H])C([H])([H])C([H])([H])C([H])(O[H])C([H])([H])O[H]
17,16,0,[H]OC1([H])C([H])([H])C([H])(N([H])C(=O)O)C1([H])[H]
20,20,1,[H]N1C([H])([H])C2([H])OC([H])(C1([H])[H])C1([H])C([H])([H])C21[H]
18,18,1,[H]C1=C([H])C2(OC2([H])[H])C([H])([H])C([H])([H])C1([H])[H]
20,19,0,
16,14,0,
21,21,1,[H]OC([H])([H])C1([H])C([H])=C([H])C(O[H])(C([H])([H])[H])C1([H])[H]
23,23,1,[H]OC1([H])C([H])([H])C([H])(C([H])([H])[H])C([H])(O[H])C1([H])C([H])([H])[H]
16,16,1,[H]OC1([H])C([H])=C([H])C([H])([H])C1(C#N)O[H]
13,13,1,[H]C(=O)Oc1oc([H])nc1N([H])[H]
17,16,0,
18,18,1,[H]C1=C([H])C([H])(C([H])([H])[H])N([H])C1([H])C(=O)C#N
16,16,1,[H]C1=C([H])C([H])([H])C([H])([H])N([H])C1([H])C#N
16,16,1,[H]OC([H])([H])C([H])(O[H])C(=O)OC([H])([H])[H]
17,17,1,[H]N1C2([H])C([H])([H])OC([H])(C#N)C1([H])C2([H])[H]
16,14,0,[H]OC1=C(C([H])([H])[H])C([H])C(C([H])=O)N1[H]
18,17,0,[H]N=C1OC2([H])OC([H])C([H])(C([H])([H])[H])C12O[H]
17,17,1,[H]C#CC1([H])C2([H])C(=N[H])C1([H])C([H])([H])N2[H]
15,15,1,[H]c1c(C([H])([H])[H])nn([H])c1C([H])([H])[H]
23,21,0,
25,25,1,[H]C1=C(C([H])([H])[H])C([H])(C([H])([H])[H])C([H])([H])C([H])([H])C1([H])C([H])([H])[H]
18,18,1,[H]C([H])([H])C([H])([H])C1=NC([H])([H])C2([H])OC2([H])O1
18,18,1,[H]C(=O)C1([H])C([H])([H])N=C(OC([H])([H])[H])C1([H])[H]
12,8,0,
14,12,0,[H]C1=NC([H])=C([H])C2=C([H])C([H])NN12
16,16,1,[H]C1=NC([H])=C([H])C([H])([H])C([H])([H])C(=O)O1
23,20,0,[H]C(C([H])C([H])([H])C([H])([H])C1([H])C([H])([H])OC1([H])[H])N([H])[H]
20,20,1,[H]OC([H])([H])C12N([H])C1([H])C([H])([H])C1([H])C([H])([H])C12[H]
20,20,1,[H]OC1(C([H])([H])[H])C([H])([H])N2C([H])([H])C([H])=C([H])C21[H]
22,22,1,[H]C([H])([H])N(C([H])([H])[H])C1(C([H])([H])[H])OC([H])(C([H])([H])[H])O1
13,13,1,[H]c1noc(C([H])([H])[H])c1N([H])[H]
13,12,0,[H]OC1=C([H])C(F)C([H])=NN=C1[H]
16,16,1,[H]OC12C([H])([H])C3([H])C([H])(C14ON4[H])C32[H]
15,15,1,[H]OC12C([H])([H])C([H])([H])C1([H])C2([H])C#N
20,20,1,[H]OC([H])([H])C12OC([H])([H])C([H])(C([H])([H])[H])N1C2([H])[H]
21,21,1,[H]OC1([H])C([H])(C([H])([H])C(=O)C([H])([H])[H])N2C([H])([H])C21[H]
19,19,1,[H]OC([H])([H])C12C([H])=C([H])C([H])([H])C1([H])C2([H])O[H]
15,15,1,[H]OC1([H])N2C([H])([H])C(=O)N3C2([H])C31[H]
21,20,0,[H]N(C(N(C([H])([H])[H])C([H])([H])[H])C([H])([H])[H])C([H])([H])C#N
20,19,0,[H]C([H])([H])OC1OC2(C([H])([H])[H])C([H])([H])C2([H])C1([H])[H]
21,21,1,[H]OC([H])(C([H])([H])[H])C12OC([H])(C1([H])[H])C2([H])C([H])([H])[H]
20,20,1,[H]OC12C([H])=C([H])N(C1([H])[H])C([H])([H])C2([H])C([H])([H])[H]
20,17,0,[H]C1OC(C([H])([H])[H])(C([H])([H])[H])C1(O)C([H])([H])[H]
14,13,0,[H]OC1N=C([H])ON=C1OC([H])([H])[H]
16,16,1,[H]c1c(N([H])[H])c(=O)c(C([H])([H])[H])nn1[H]
19,18,0,
17,17,1,[H]OC1([H])C([H])([H])OC([H])([H])C1(C#N)N([H])[H]
19,19,1,[H]OC([H])([H])C([H])([H])C([H])=NC([H])(C#N)C([H])([H])[H]
16,16,1,[H]C(=O)C([H])([H])N1C(=O)OC([H])([H])C1([H])[H]
18,17,0,[H]OC([H])([H])C12C([H])N=C([H])N1C([H])([H])C2([H])[H]
23,23,1,[H]OC1(C([H])([H])[H])C([H])([H])OC([H])([H])C2([H])N([H])C21C([H])([H])[H]
17,15,0,
23,23,1,[H]C([H])([H])C([H])(C(=O)C1([H])C([H])([H])C1([H])C([H])([H])[H])C([H])([H])[H]
13,9,0,
16,16,1,[H]C([H])([H])N=C1OC2([H])N(C1([H])[H])C2([H])[H]
20,20,1,[H]C1=C(C([H])([H])[H])C(C#N)(C([H])([H])C([H])([H])[H])C1([H])[H]
23,22,0,
19,19,1,[H]C(=O)C([H])([H])C12C([H])([H])C1([H])C1([H])N3C1([H])C32[H]
18,18,1,[H]C(=O)C1([H])OC([H])([H])C([H])([H])C1([H])C([H])([H])[H]
18,18,1,[H]OC([H])([H])C([H])([H])c1nc(N([H])[H])n([H])c1[H]
19,18,0,
16,16,1,[H]OC12C([H])([H])N3C([H])(C31[H])C21OC1([H])[H]
20,20,1,[H]OC([H])(C([H])([H])[H])C([H])(C#CC([H])([H])[H])C([H])([H])[H]
21,21,1,[H]C([H])([H])C1([H])OC2([H])C([H])([H])C3([H])C([H])([H])C1([H])C23[H]
17,17,1,[H]N=C1OC2([H])C([H])([H])OC23C([H])([H])C3([H])O1
17,17,1,[H]C1=C([H])C2([H])N(C(=O)N([H])C2([H])[H])C1([H])[H]
20,20,1,[H]N1C([H])(C([H])([H])[H])C2([H])OC23C([H])([H])C([H])([H])C13[H]
22,22,1,[H]OC1(C([H])([H])[H])C([H])([H])C2([H])C3([H])C([H])([H])C2(O[H])C31[H]
20,20,1,[H]OC(C([H])([H])[H])(C([H])([H])[H])C12OC([H])([H])C1([H])N2[H]
23,23,1,[H]OC1([H])C([H])(C([H])([H])[H])OC([H])([H])C1([H])C([H])([H])C([H])([H])[H]
18,17,0,[H]C(=O)N([H])C([H])([H])C1N2C([H])([H])C2([H])C1([H])[H]
22,22,1,[H]N=C([H])C(O[H])(C([H])([H])C([H])([H])[H])C1([H])C([H])([H])C1([H])[H]
22,22,1,[H]C([H])=NC1(C2([H])C([H])([H])C2([H])[H])C([H])([H])C1([H])C([H])([H])[H]
15,14,0,[H]N=C(O[H])C1C([H])=C([H])C2([H])OC12[H]
18,18,1,[H]OC1([H])C(=O)C([H])([H])C2([H])N([H])C12C([H])([H])[H]
19,19,1,[H]C(=O)C([H])([H])C([H])([H])C1([H])C([H])([H])C(=O)C1([H])[H]
21,21,1,[H]OC([H])([H])C1(C2([H])C([H])([H])OC2([H])[H])C([H])([H])C1([H])[H]
16,16,1,[H]OC1([H])C2=C([H])C3([H])C([H])(N2[H])C13O[H]
16,16,1,[H]N=C1OC2([H])C([H])=C([H])C([H])([H])C2([H])O1
15,15,1,[H]c1nc(C([H])([H])C([H])([H])[H])c([H])n1[H]
16,16,1,[H]OC1([H])C(=O)OC([H])(C#N)C1([H])N([H])[H]
15,13,0,[H]N=C([H])C1C([H])=C([H])N([H])C1C([H])=O
22,22,1,[H]C([H])([H])N1C([H])([H])OC([H])(OC([H])([H])C([H])([H])[H])C1([H])[H]
14,14,1,[H]C#Cc1nc(O[H])oc1C([H])([H])[H]
16,16,1,[H]C([H])([H])C1([H])OC2([H])C([H])([H])C2([H])C1=O
17,17,1,[H]C([H])([H])N1C2([H])c3nonc3C([H])([H])C12[H]
21,20,0,[H]N1C([H])([H])C1(C([H])([H])[H])C1([H])OC([H])([H])C1C([H])([H])[H]
19,19,1,[H]OC([H])([H])C1([H])N(C([H])([H])[H])C(=O)N([H])C1([H])[H]
18,18,1,[H]OC([H])([H])C12N=C(C([H])([H])[H])OC1([H])C2([H])[H]
10,8,0,
21,21,1,[H]C([H])([H])C1([H])OC(=O)C1([H])C([H])(C([H])([H])[H])C([H])([H])[H]
17,17,1,[H]C#CC1(C([H])([H])C(=O)C([H])([H])[H])OC1([H])[H]
15,15,1,[H]Oc1oc([H])c(C([H])=O)c1C([H])([H])[H]
15,15,1,[H]N=C(C(=O)N([H])C(=O)N([H])[H])N([H])[H]
25,25,1,[H]C([H])([H])C1(C([H])([H])[H])C([H])([H])C([H])([H])C2([H])C([H])([H])C2([H])C1([H])[H]
21,20,0,[H]C(=O)OC([H])C([H])(C([H])([H])[H])C([H])([H])N([H])C([H])([H])[H]
18,18,1,[H]OC([H])([H])C1(C([H])(O[H])C([H])=O)N([H])C1([H])[H]
19,19,1,[H]N1C2([H])C([H])([H])C2([H])C12C([H])([H])N1C([H])([H])C12[H]
17,16,0,[H]C1C(=NC([H])([H])C([H])([H])[H])N([H])C(=O)N1[H]
17,16,0,[H]C([H])([H])C12OC(O)(F)C1(C([H])([H])[H])C2([H])[H]
20,19,0,
16,14,0,[H]OC1([H])C([H])C2([H])C(=NC1([H])[H])OC2[H]
18,18,1,[H]N=C1OC([H])(C([H])([H])[H])C([H])([H])N([H])C1([H])[H]
19,19,1,[H]N1C(=O)C2(C1([H])[H])C([H])(N([H])[H])C2([H])C([H])([H])[H]
20,20,1,[H]C1=C([H])C2([H])C([H])([H])C([H])([H])C3([H])N1C([H])([H])C23[H]
18,17,0,[H]C(OC([H])([H])[H])C12C3([H])OC1([H])C2([H])C3([H])[H]
22,19,0,
18,18,1,[H]C#CC12N([H])C([H])(C1([H])[H])C1([H])C([H])([H])C21[H]
16,16,1,[H]OC([H])([H])C([H])(F)OC1([H])N([H])C1([H])[H]
19,19,1,[H]C1=C([H])C([H])(C([H])([H])[H])C([H])([H])C1([H])C([H])([H])[H]
19,19,1,[H]OC1([H])N([H])C2([H])N([H])C2([H])C1([H])OC([H])([H])[H]
15,13,0,[H]OC1([H])C([H])([H])C(O)=C(N=N)C1([H])[H]
16,16,1,[H]c1nc(N([H])[H])n(C([H])([H])C([H])([H])[H])n1
15,15,1,[H]C1([H])OC([H])(C([H])([H])[H])C([H])([H])C1=O
20,20,1,[H]OC1([H])C([H])(C#N)C([H])(C([H])([H])[H])C1([H])C([H])([H])[H]
20,20,1,[H]C1=C(C([H])([H])C([H])([H])[H])C([H])(C#N)C([H])([H])C1([H])[H]
16,16,1,[H]N=C([H])OC([H])(OC([H])=O)C([H])([H])C#N
21,21,1,[H]C1=C(C([H])([H])[H])C([H])([H])C2(C([H])([H])OC2([H])[H])C1([H])[H]
15,15,1,[H]C#CC([H])(C#CC([H])([H])[H])C([H])([H])[H]
18,17,0,[H]C(=O)N1C([H])([H])C([H])C2([H])C([H])([H])C12N([H])[H]
14,14,1,[H]n1nc2c(n1)C1([H])OC1([H])C2([H])[H]
22,22,1,[H]C([H])([H])C1([H])C([H])([H])C([H])([H])C2([H])C([H])([H])C([H])([H])C12[H]
14,14,1,[H]N=C1OC([H])(O[H])C([H])(O[H])C1=O
19,19,1,[H]N=C1C(=O)C([H])(C([H])([H])[H])C([H])([H])C([H])([H])N1[H]
23,23,1,[H]N1C2([H])C([H])([H])C([H])([H])N(C([H])([H])[H])C12C([H])([H])C([H])([H])[H]
19,19,1,[H]C([H])([H])C(=O)C1([H])C([H])([H])C2([H])OC21C([H])([H])[H]
21,21,1,[H]C([H])([H])N1C([H])([H])C(C#N)(C([H])([H])[H])C1([H])C([H])([H])[H]
18,16,0,
15,15,1,[H]OC12N([H])C3([H])C1([H])C3(C#N)C2([H])[H]
17,17,1,[H]OC1([H])C([H])([H])N2C([H])([H])OC([H])([H])C21[H]
15,15,1,[H]C#CC1=C([H])C([H])([H])N2C([H])([H])C12[H]
17,17,1,[H]OC1(C([H])([H])C([H])=O)C(=O)C([H])([H])C1([H])[H]
18,18,1,[H]C(=O)C1(C([H])([H])[H])C([H])([H])OC([H])([H])C1([H])[H]
24,24,1,[H]OC1([H])C([H])([H])C([H])(C([H])([H])C([H])([H])[H])OC2([H])C([H])([H])C12[H]
14,14,1,[H]C([H])([H])C1(C([H])([H])C#N)OC1([H])[H]
14,14,1,[H]N=C1OC([H])(C#N)C([H])([H])C1([H])[H]
19,19,1,[H]C#CC1(C([H])([H])C([H])([H])[H])N([H])C1([H])C([H])([H])[H]
15,9,0,[H]C#CC1C([H])C([H])NNC1C([H])([H])[H]
16,16,1,[H]c1oc2c(c1[H])N([H])C([H])([H])OC2([H])[H]
18,18,1,[H]C(=O)C1([H])N2C([H])([H])C2([H])OC1([H])C([H])([H])[H]
23,23,1,[H]OC1([H])C(C([H])([H])[H])=C(C([H])([H])[H])C([H])([H])C([H])([H])C1([H])[H]
18,18,1,[H]OC([H])(C([H])=O)C([H])([H])C12N(C1([H])[H])C2([H])[H]
15,15,1,[H]C#CC12ON(C([H])([H])C1([H])[H])C2([H])[H]
18,18,1,[H]OC1([H])C([H])([H])C1([H])c1c([H])c([H])c([H])n1[H]
17,17,1,[H]C1=NC2([H])C([H])(O1)C1([H])N([H])C([H])([H])C21[H]
15,15,1,[H]C([H])(C#N)OC([H])([H])C1([H])OC1([H])[H]
18,18,1,[H]C1([H])OC2([H])N3C4([H])C([H])([H])C4([H])C3([H])C12[H]
19,19,1,[H]C(=O)C12C([H])([H])C3([H])C1([H])C([H])([H])C([H])([H])C32[H]
15,11,0,
23,23,1,[H]OC([H])([H])OC1([H])C([H])(C([H])([H])[H])C1(C([H])([H])[H])C([H])([H])[H]
16,16,1,[H]OC1([H])C([H])([H])OC1([H])C(=O)C([H])([H])[H]
15,14,0,
16,16,1,[H]C(=O)C1=C([H])C([H])([H])C([H])([H])N([H])C1=O
13,13,1,[H]C([H])(C#N)N1C([H])([H])C1([H])C#N
17,17,1,[H]C1([H])N(C([H])([H])C([H])([H])[H])C2([H])N1C2([H])[H]
19,19,1,[H]OC(=O)C1([H])C([H])([H])C1(C([H])([H])[H])C([H])([H])O[H]
19,19,1,[H]OC([H])([H])C12C([H])([H])C([H])([H])C1(C([H])=O)C2([H])[H]
14,14,1,[H]c1c(N([H])[H])nnc(N([H])[H])c1[H]
19,19,1,[H]C#CC1(C([H])([H])[H])C([H])([H])C12N([H])C(=O)C2([H])[H]
23,23,1,[H]C([H])([H])OC1([H])C([H])([H])OC([H])(C([H])([H])[H])C1([H])C([H])([H])[H]
19,18,0,[H]C([H])([H])N1C([H])([H])C1([H])C([H])([H])C([H])([H])C(=O)O
17,17,1,[H]C1([H])OC(=O)C([H])([H])C([H])(C([H])([H])[H])C1=O
18,18,1,[H]N=C1C2([H])OC2([H])C([H])([H])C1([H])C([H])([H])O[H]
19,18,0,[H]C1C([H])([H])OC([H])([H])C2([H])N([H])C3([H])C1([H])C23[H]
14,12,0,[H]C#CC1C([H])=C([H])C([H])=C(F)C1[H]
23,23,1,[H]OC([H])([H])C1([H])C([H])(O[H])C1([H])C([H])(C([H])([H])[H])C([H])([H])[H]
18,18,1,[H]OC1([H])N(C2([H])N([H])C2([H])[H])C([H])([H])C1([H])[H]
17,17,1,[H]C(=O)C12C([H])([H])N([H])C([H])(C1([H])[H])C2([H])[H]
15,15,1,[H]C#CC([H])([H])C(=O)C([H])([H])C([H])([H])[H]
16,16,1,[H]OC1([H])C2([H])OC([H])(C#N)C([H])([H])C12[H]
20,20,1,[H]OC1(C([H])([H])[H])C2([H])OC1([H])C([H])([H])N2C([H])([H])[H]
19,18,0,[H]C1OC([H])([H])C1([H])N([H])C(=O)C([H])([H])C([H])([H])[H]
18,17,0,[H]C1=NN=C([H])N([H])C1N([H])C([H])([H])C([H])([H])[H]
16,14,0,
21,21,1,[H]C([H])([H])C1([H])OC2([H])C3([H])C([H])([H])C2(C([H])([H])[H])C13[H]
14,14,1,[H]N=c1c([H])c([H])c(O[H])c(F)n1[H]
17,17,1,[H]OC([H])([H])c1nc(N([H])[H])nn1C([H])([H])[H]
15,13,0,
16,16,1,[H]C([H])([H])N1C([H])(C#N)C2([H])C([H])([H])C12[H]
15,15,1,[H]C1=C([H])C([H])([H])c2c(nc([H])n2[H])O1
23,23,1,[H]C#CC([H])([H])C([H])(OC([H])([H])C([H])([H])C([H])([H])[H])C([H])([H])[H]
17,17,1,[H]N([H])C(=O)C([H])([H])N(C([H])([H])[H])C([H])([H])[H]
16,16,1,[H]C(=O)C([H])(C#N)C([H])([H])N=C([H])N([H])[H]
21,21,1,[H]N=C1OC([H])([H])C([H])([H])C([H])(N([H])[H])C1([H])C([H])([H])[H]
15,15,1,[H]C#CC([H])(O[H])C([H])(O[H])C([H])([H])[H]
18,17,0,
18,18,1,[H]C(=NC1([H])C([H])(C#N)C1([H])C([H])([H])[H])N([H])[H]
22,22,1,[H]OC([H])(C([H])([H])[H])C1([H])C([H])([H])OC([H])([H])C1([H])N([H])[H]
21,21,1,[H]OC12C([H])([H])C([H])(OC([H])([H])[H])C([H])([H])C1([H])C2([H])[H]
20,20,1,[H]C#CC12N([H])C1(C([H])([H])C([H])([H])[H])C([H])([H])C2([H])[H]
19,19,1,[H]OC1([H])C([H])([H])C([H])([H])C23C([H])([H])C2([H])OC13[H]
19,19,1,[H]OC1(C([H])([H])[H])OC2([H])C([H])([H])OC1([H])C2([H])[H]
23,23,1,[H]OC([H])([H])N(C([H])([H])[H])C([H])([H])C1([H])N([H])C1([H])C([H])([H])[H]
18,18,1,[H]OC1([H])C([H])([H])C2([H])C(=O)C([H])([H])C1([H])N2[H]
17,16,0,
19,19,1,[H]N1C(=O)C([H])(C(=NC([H])([H])[H])C([H])([H])[H])C1([H])[H]
15,15,1,[H]C#CC([H])([H])C#CC([H])(C#C[H])O[H]
20,20,1,[H]OC([H])([H])C12C([H])([H])C([H])([H])C1(C([H])([H])[H])C2([H])[H]
20,19,0,[H]C1C2([H])OC3([H])C1([H])C3([H])C2(C([H])([H])[H])C([H])([H])[H]
17,17,1,[H]C#CC1(C#N)C([H])([H])C1([H])C([H])([H])N([H])[H]
18,17,0,
14,14,1,[H]C#CC1([H])C([H])=NC(=O)OC1([H])[H]
18,18,1,[H]n1nc(C([H])([H])C([H])([H])[H])n(C([H])([H])[H])c1=O
18,18,1,[H]OC([H])([H])C1([H])C2([H])C(=O)C([H])([H])C1([H])N2[H]
19,19,1,[H]C1=NC([H])(C([H])([H])[H])C2=C1C([H])([H])C([H])([H])N2[H]
18,18,1,[H]N=C([H])C1([H])N([H])C2([H])C([H])=C([H])C1([H])N2[H]
11,9,0,
13,13,1,[H]OC1(C#N)N=C([H])OC([H])=C1[H]
19,19,1,[H]C([H])([H])N1C([H])([H])C([H])([H])C2([H])C([H])(C#N)C12[H]
21,21,1,[H]OC1([H])C([H])=C([H])C([H])([H])C([H])(OC([H])([H])[H])C1([H])[H]
15,14,0,[H]N([H])c1noc(C(N([H])[H])N([H])[H])n1
23,23,1,[H]N1C([H])([H])C([H])([H])C([H])([H])C([H])([H])C1([H])C([H])([H])C([H])([H])[H]
20,19,0,
16,16,1,[H]N1C([H])([H])C(=O)N(C([H])([H])C#N)C1([H])[H]
21,21,1,[H]OC([H])(C([H])([H])C([H])=O)C([H])([H])C1([H])C([H])([H])C1([H])[H]
15,15,1,[H]C1([H])C(=O)C2([H])N(C2([H])[H])C1([H])C#N
18,18,1,[H]C1([H])OC([H])([H])C2(C#N)C([H])([H])C1([H])C2([H])[H]
18,18,1,[H]OC([H])(c1onc([H])c1C([H])([H])[H])C([H])([H])[H]
17,16,0,[H]C1=C([H])C([H])([H])C2([H])C(=O)C([H])C1([H])N2[H]
16,16,1,[H]C(=O)C1=C([H])C([H])([H])C([H])([H])C1([H])C#N
13,13,1,[H]OC1([H])N(C([H])([H])[H])C1([H])C#N
16,16,1,[H]OC(C([H])=O)=C(N([H])[H])C1([H])OC1([H])[H]
16,16,1,[H]C#CC12OC1([H])N1C([H])([H])C12C([H])([H])[H]
18,18,1,[H]C1=C([H])C2(C([H])([H])[H])N(C(=O)C1([H])[H])C2([H])[H]
21,21,1,[H]OC1([H])C([H])(C([H])([H])[H])C([H])([H])C([H])([H])C12OC2([H])[H]
21,21,1,[H]OC1([H])C([H])([H])C([H])(C([H])([H])[H])C2([H])C([H])(O[H])C12[H]
16,15,0,
19,18,0,[H]C1C([H])([H])N([H])C12C1([H])OC([H])([H])C([H])([H])C12[H]
19,19,1,[H]OC1([H])C([H])([H])N=C2C([H])([H])N([H])C21C([H])([H])[H]
23,23,1,[H]N1C([H])([H])C2(C([H])([H])[H])N([H])C([H])([H])C2(C([H])([H])[H])C1([H])[H]
13,13,1,[H]c1nc(C(=O)N([H])[H])c([H])n1[H]
18,18,1,[H]N(C([H])([H])[H])C12OC3([H])C([H])([H])C1([H])OC32[H]
20,20,1,[H]N1C([H])([H])OC([H])(C#CC([H])([H])[H])C1([H])C([H])([H])[H]
19,19,1,[H]c1oc(C([H])([H])[H])nc1C([H])(N([H])[H])C([H])([H])[H]
17,17,1,[H]N1C([H])([H])C2([H])OC(=O)C12C#CC([H])([H])[H]
18,16,0,[H]C#CC([H])([H])C1([H])C([H])C([H])([H])C2([H])NC21[H]
16,16,1,[H]C#CC(=O)C12C3([H])OC1([H])C2([H])C3([H])[H]
19,19,1,[H]C1=C2C(=C([H])C([H])([H])C2([H])C([H])([H])[H])OC1([H])[H]
25,25,1,[H]OC([H])([H])C1([H])C([H])([H])C1([H])C([H])(C([H])([H])[H])C([H])([H])C([H])([H])[H]
20,20,1,[H]C#CC(C([H])=O)(N(C([H])([H])[H])C([H])([H])[H])C([H])([H])[H]
19,19,1,[H]ON=C(N([H])[H])C1([H])C([H])([H])C1([H])C([H])([H])O[H]
20,20,1,[H]C([H])([H])C1([H])OC(=O)C2(OC2([H])[H])C([H])([H])C1([H])[H]
16,16,1,[H]C#CC1([H])C([H])(C#N)C1([H])OC([H])([H])[H]
19,17,0,[H]C1=NN(C([H])([H])C([H])(C([H])([H])[H])C([H])([H])[H])NN1
19,19,1,[H]C([H])([H])C1([H])C2([H])C3([H])C(=O)C([H])([H])C2([H])C31[H]
16,15,0,[H]C(=C=CC([H])([H])OC1([H])OC1([H])[H])C#N
19,19,1,[H]C([H])([H])C1([H])OC([H])([H])C([H])([H])C([H])([H])C1([H])[H]
15,14,0,[H]N([H])C(C#N)N1C2([H])OC([H])([H])C12[H]
16,16,1,[H]C1=C([H])C2(C#N)C([H])([H])C2([H])OC1([H])[H]
14,14,1,[H]C1=NC([H])([H])N([H])C(=O)C1([H])C#N
16,16,1,[H]c1c([H])n([H])c(=NC([H])([H])[H])n([H])c1=O
23,22,0,[H]C1C([H])([H])C2([H])C([H])([H])C1(N([H])C([H])([H])C([H])([H])[H])C2([H])[H]
17,16,0,[H]C=C1C2([H])C([H])([H])C3([H])C([H])([H])C3([H])C12[H]
19,19,1,[H]N=C(C([H])=O)N(C([H])([H])[H])C([H])([H])OC([H])([H])[H]
17,17,1,[H]C#CC1([H])C2([H])N([H])C([H])(C([H])([H])[H])C12[H]
13,13,1,[H]c1c([H])c(C([H])([H])[H])n([H])c1[H]
23,22,0,[H]C1C([H])(C([H])([H])[H])N2C([H])([H])C1(C([H])([H])C([H])([H])[H])C2([H])[H]
20,20,1,[H]C#CC([H])(OC([H])([H])C([H])([H])[H])C1([H])N([H])C1([H])[H]
15,15,1,[H]C(=O)C#CC([H])=C(C([H])=O)C([H])([H])[H]
17,17,1,[H]C(=O)C([H])([H])C1(C([H])([H])[H])C(=O)OC1([H])[H]
18,18,1,[H]c1nn([H])c([H])c([H])c1=NC([H])([H])C([H])([H])[H]
15,15,1,[H]Oc1c([H])noc1C([H])(O[H])N([H])[H]
13,13,1,[H]C(=O)C([H])([H])OC(=O)C([H])([H])[H]
18,18,1,[H]N1C(=O)C2([H])OC([H])([H])C1([H])C2([H])C([H])([H])[H]
18,18,1,[H]OC([H])([H])C1([H])C([H])([H])C2([H])C([H])(C#N)C12[H]
16,16,1,[H]N=C1C([H])([H])C([H])([H])C([H])(C#N)C1([H])[H]
15,15,1,[H]OC1([H])C([H])([H])C([H])([H])C1(C#N)C#N
16,16,1,[H]C(=NOC([H])([H])[H])C(=O)C([H])([H])N([H])[H]
15,15,1,[H]C([H])([H])C1(C#N)C(=O)OC(=O)C1([H])[H]
21,21,1,[H]OC([H])(C([H])([H])[H])C([H])(C#N)C([H])(N([H])[H])C([H])([H])[H]
19,19,1,[H]OC([H])(C([H])([H])[H])C1([H])OC([H])([H])C12OC2([H])[H]
20,19,0,
21,21,1,[H]C#CC([H])(C(=O)C([H])([H])C([H])([H])[H])C([H])([H])C([H])([H])[H]
14,14,1,[H]N=C1OC(=O)C2([H])N([H])C2([H])N1[H]
21,20,0,
18,18,1,[H]OC1([H])OC([H])([H])C2(O[H])C([H])([H])N([H])C12[H]
16,13,0,
19,19,1,[H]c1c(C([H])([H])[H])c([H])n([H])c1C([H])([H])C([H])([H])[H]
17,17,1,[H]C1=C([H])C([H])(C#N)C2(N([H])C2([H])[H])C1([H])[H]
20,20,1,[H]C([H])([H])C([H])([H])C([H])([H])C1([H])C([H])([H])C2([H])OC21[H]
21,21,1,[H]OC([H])([H])C1(O[H])C([H])([H])C1([H])C1([H])C([H])([H])C1([H])[H]
19,19,1,[H]OC12C([H])([H])OC1([H])C([H])([H])C2([H])OC([H])([H])[H]
19,19,1,[H]OC1([H])C([H])=C2C(=C([H])C1([H])[H])C([H])([H])C2([H])[H]
20,20,1,[H]C#CC([H])([H])C1([H])N2C([H])([H])C1([H])C2([H])C([H])([H])[H]
19,19,1,[H]N1C(C([H])([H])[H])=NC([H])(C(=O)C([H])([H])[H])C1([H])[H]
16,16,1,[H]C(=O)C1([H])OC2([H])C([H])([H])C3([H])N1C23[H]
20,20,1,[H]N1C(=O)C([H])([H])C2(C1([H])[H])C([H])([H])C([H])([H])C2([H])[H]
20,20,1,[H]N1C([H])(C([H])([H])[H])C(=O)C12C([H])([H])C2([H])C([H])([H])[H]
19,19,1,[H]C1=NC(C(=O)C([H])([H])[H])(C([H])([H])[H])C([H])([H])N1[H]
23,22,0,[H]OC1([H])C([H])C2([H])C([H])=C(C([H])([H])[H])C([H])([H])C12C([H])([H])[H]
16,13,0,[H]N1NNC(N([H])C([H])([H])C([H])([H])[H])C1=O
19,18,0,[H]N=C1C(O[H])C([H])=C([H])C([H])(C([H])([H])[H])C1([H])[H]
18,18,1,[H]C(=O)C1=C(C([H])([H])[H])C([H])([H])C([H])([H])C1([H])[H]
21,20,0,[H]C1=NC(C([H])([H])[H])C(C([H])([H])[H])(C([H])([H])C([H])([H])[H])O1
22,22,1,[H]C#CC([H])([H])C(=NC([H])([H])[H])C([H])([H])C([H])([H])C([H])([H])[H]
21,21,1,[H]OC([H])(C(=O)N(C([H])([H])[H])C([H])([H])[H])N([H])C([H])([H])[H]
18,18,1,[H]N([H])C([H])([H])C12N([H])C1([H])C([H])([H])OC2([H])[H]
21,19,0,
15,15,1,[H]C(=O)C(=O)C([H])([H])N1C([H])([H])C1([H])[H]
13,13,1,[H]N=c1oc(F)c([H])nc1N([H])[H]
14,14,1,[H]C#CC1([H])C(=O)OC1([H])C([H])([H])[H]
23,23,1,[H]OC([H])([H])C1([H])N([H])C([H])(C([H])([H])C([H])([H])[H])OC1([H])O[H]
22,22,1,[H]C#CC1(N([H])C([H])([H])C([H])([H])[H])C([H])([H])C([H])([H])C1([H])[H]
21,21,1,[H]ON=C1C([H])([H])C([H])(N([H])C([H])([H])C([H])([H])[H])C1([H])[H]
23,23,1,[H]C([H])([H])N(C([H])([H])C([H])([H])C([H])([H])[H])C([H])(C#N)C([H])([H])[H]
17,17,1,[H]C(=O)C(=O)C#CC([H])([H])C([H])([H])C([H])([H])[H]
17,17,1,[H]N=C1OC([H])(C([H])([H])[H])C([H])([H])C(=O)N1[H]
18,16,0,
15,14,0,
19,19,1,[H]C1=C([H])C2([H])C3([H])OC([H])(C13[H])C2([H])C([H])([H])[H]
23,23,1,[H]OC1([H])C([H])([H])C1([H])C1(C([H])([H])[H])C([H])([H])C1([H])C([H])([H])[H]
17,17,1,[H]C([H])([H])c1nc(C([H])([H])[H])n(C([H])([H])[H])n1
23,23,1,[H]C([H])([H])C([H])([H])C1(C([H])([H])[H])C2([H])C([H])([H])OC21C([H])([H])[H]
14,14,1,[H]N=C1OC([H])([H])C1(O[H])C([H])([H])[H]
19,19,1,[H]C([H])([H])N1C([H])([H])C1([H])C#CC([H])([H])C([H])([H])[H]
20,20,1,[H]OC1([H])N(C([H])([H])[H])C([H])([H])C2([H])C([H])(O[H])C12[H]
18,18,1,[H]N1C2([H])C1([H])C1(C([H])([H])[H])OC([H])([H])C21C#N
20,20,1,[H]N1C([H])([H])C2(OC([H])([H])C2([H])OC([H])([H])[H])C1([H])[H]
23,23,1,[H]OC1([H])C([H])([H])C([H])([H])OC([H])([H])C([H])(C([H])([H])[H])C1([H])[H]
17,17,1,[H]OC([H])([H])C([H])(OC(=O)C([H])=O)C([H])([H])[H]
20,20,1,[H]N=C([H])OC1([H])C([H])([H])C1([H])C1([H])C([H])([H])C1([H])[H]
19,19,1,[H]C([H])([H])C12C([H])([H])OC3([H])C4([H])C([H])(C31[H])C42[H]
17,17,1,[H]C(=O)C([H])([H])c1c([H])nn([H])c1C([H])([H])[H]
19,19,1,[H]OC1([H])C([H])=C([H])C2([H])C([H])(OC([H])([H])[H])C12[H]
18,18,1,[H]C([H])([H])OC12C([H])([H])C3([H])N4C([H])(C41[H])C32[H]
18,18,1,[H]OC([H])([H])c1c(N([H])[H])oc(C([H])([H])[H])c1[H]
18,18,1,[H]OC1([H])C(=O)C([H])(C([H])([H])C([H])([H])[H])C1([H])[H]
16,15,0,
17,17,1,[H]C([H])=Nc1nc(C([H])([H])C([H])([H])[H])n([H])n1
12,11,0,[H]C#CC(C([H])=O)C([H])([H])C#N
20,20,1,[H]ON=C1C([H])([H])OC([H])(C([H])([H])C([H])([H])[H])C1([H])[H]
19,19,1,[H]OC([H])([H])C1=C([H])C2([H])OC([H])(C1([H])[H])C2([H])[H]
21,21,1,[H]OC([H])([H])C([H])([H])N([H])C([H])([H])C([H])(C#N)C([H])([H])[H]
20,20,1,[H]OC([H])(C(=O)N([H])C([H])([H])[H])C1([H])C([H])([H])C1([H])[H]
21,21,1,[H]N1C([H])([H])C(C([H])([H])[H])(C23N(C2([H])[H])C3([H])[H])C1([H])[H]
19,19,1,[H]C#CC1([H])C([H])([H])C1([H])OC([H])([H])OC([H])([H])[H]
13,13,1,[H]N=c1oc([H])nc(N([H])[H])c1[H]
19,19,1,[H]OC([H])([H])C1([H])N(C([H])([H])[H])C([H])([H])C1([H])C#N
17,17,1,[H]C(=O)C(=O)C([H])([H])C([H])([H])C#CC([H])([H])[H]
16,16,1,[H]OC([H])([H])C1(C(=O)C#N)C([H])([H])C1([H])[H]
20,19,0,[H]OC1([H])C2([H])C([H])([H])C([H])C3([H])C([H])(C2([H])[H])C13[H]
23,23,1,[H]OC([H])([H])C1(N([H])[H])C([H])([H])C1(C([H])([H])[H])C([H])([H])N([H])[H]
19,18,0,[H]N(C(=O)C=C1C([H])([H])C1([H])C([H])([H])[H])C([H])([H])[H]
20,17,0,
21,21,1,[H]C#CC([H])(C([H])([H])[H])C1([H])N([H])C12C([H])([H])OC2([H])[H]
17,17,1,[H]N1C(=O)OC([H])(C2([H])N([H])C2([H])[H])C1([H])[H]
16,15,0,
16,16,1,[H]C(=O)C1(C([H])=O)C([H])([H])C1([H])C([H])([H])[H]
16,16,1,[H]C1(C#N)OC([H])(C2([H])C([H])([H])C2([H])[H])O1
17,17,1,[H]N=C(C(=NC([H])([H])C([H])=O)N([H])[H])N([H])[H]
14,14,1,[H]C1([H])C2([H])N3C2([H])C2([H])C3([H])C12[H]
20,20,1,[H]N=C(C1=C([H])C([H])([H])C2([H])C([H])([H])C12[H])C([H])([H])[H]
19,19,1,[H]C#CC1([H])C2([H])OC2([H])C([H])([H])C1([H])C([H])([H])[H]
17,17,1,[H]C1=C([H])C2(C([H])([H])[H])N3C([H])([H])C1([H])C32[H]
14,14,1,[H]N([H])C12C(=O)C([H])([H])OC1([H])C2=O
14,14,1,[H]N=c1c([H])nc(=O)n([H])c([H])c1[H]
19,19,1,[H]C1=NC2(OC([H])([H])[H])C([H])([H])C2(C([H])([H])[H])N1[H]
22,22,1,[H]OC1([H])C([H])([H])C2([H])C([H])(C([H])([H])[H])N(C([H])([H])[H])C12[H]
18,18,1,[H]N1C(=O)C2(N([H])C2([H])[H])C2(OC2([H])[H])C1([H])[H]
22,22,1,[H]C([H])([H])C1([H])C([H])([H])C2([H])C([H])([H])C([H])([H])C([H])([H])C12[H]
21,21,1,[H]OC([H])(C([H])([H])[H])C1([H])OC([H])([H])C([H])=C1C([H])([H])[H]
18,18,1,[H]N=C1OC2([H])C([H])([H])C([H])(O[H])C12C([H])([H])[H]
19,17,0,[H]C1=C([H])C2(C([H])([H])C([H])([H])[H])C([H])([H])C1C2([H])O
16,16,1,[H]OC1(C#N)C2([H])C([H])([H])C3([H])C1([H])C23[H]
20,17,0,
18,18,1,[H]C(=O)C1([H])N([H])C1([H])C([H])(C([H])=O)C([H])([H])[H]
16,16,1,[H]OC([H])([H])OC1(C([H])([H])[H])N([H])C1([H])[H]
20,20,1,[H]C(=O)C([H])(N([H])[H])C1([H])C([H])([H])C1([H])OC([H])([H])[H]
19,17,0,
21,21,1,[H]OC([H])(C([H])([H])C([H])([H])[H])C12N([H])C1([H])N([H])C2([H])[H]
20,20,1,[H]OC1([H])C([H])([H])C12C([H])([H])C([H])([H])C([H])([H])C2([H])[H]
18,18,1,[H]C1([H])N=C(C2([H])OC2([H])[H])C([H])([H])C([H])([H])O1
19,19,1,[H]OC1([H])C(=O)C2(N3C([H])([H])C2([H])C3([H])[H])C1([H])[H]
13,11,0,[H]C1=NC(N([H])[H])N=C(C#N)C1[H]
18,18,1,[H]C(=O)C1([H])OC1(C([H])([H])[H])C([H])([H])C([H])([H])[H]
14,13,0,[H]C1=C2C(=O)N([H])C2=C([H])N([H])C1[H]
17,17,1,[H]c1nc(N([H])[H])c(C2([H])N([H])C2([H])[H])n1[H]
21,21,1,[H]OC([H])(C([H])([H])[H])C1([H])C(=O)N2C([H])([H])C([H])([H])C21[H]
15,13,0,
20,20,1,[H]N([H])C(=O)N([H])C([H])(C([H])([H])[H])C([H])([H])C([H])([H])[H]
12,12,1,[H]C(=O)c1c([H])nc(=O)oc1[H]
14,14,1,[H]OC([H])([H])N=c1oc([H])c([H])n1[H]
23,23,1,[H]C([H])([H])C1([H])OC([H])([H])C([H])([H])C2([H])C([H])([H])C2([H])C1([H])[H]
21,21,1,[H]C(=O)C12C([H])([H])C([H])([H])C(C([H])([H])[H])(C1([H])[H])C2([H])[H]
16,14,0,[H]C1=NN=C([H])C(C([H])([H])[H])C1C([H])([H])[H]
27,27,1,[H]C([H])([H])C([H])([H])C([H])(C([H])([H])C([H])([H])[H])C1(C([H])([H])[H])C([H])([H])C1([H])[H]
18,18,1,[H]C(=O)C([H])([H])C1(C([H])([H])[H])C([H])([H])C1([H])C#N
21,21,1,[H]OC([H])([H])OC([H])([H])OC(C#N)(C([H])([H])[H])C([H])([H])[H]
16,14,0,[H]C(=O)C1=C([H])C(N([H])[H])C(N([H])[H])N1[H]
19,17,0,
21,21,1,[H]C(=O)C([H])([H])C#CC([H])(C([H])([H])[H])C([H])([H])C([H])([H])[H]
17,17,1,[H]N([H])c1oc(=NC([H])([H])[H])n([H])c1N([H])[H]
16,16,1,[H]OC([H])([H])C([H])([H])C([H])([H])C([H])([H])C#N
20,20,1,[H]C(=O)C(C#N)(C([H])([H])[H])C([H])([H])C([H])([H])C([H])([H])[H]
16,16,1,[H]c1nc(C2([H])C([H])([H])C2([H])[H])n([H])c1[H]
19,19,1,[H]C#CC12C([H])([H])C([H])(C([H])([H])C1([H])O[H])C2([H])[H]
14,14,1,[H]N=C([H])C(=O)C1(C([H])=O)OC1([H])[H]
14,10,0,
13,13,1,[H]ON=C1C(=O)N([H])C(=O)C1([H])[H]
20,20,1,[H]C1=C([H])C2([H])C3([H])C([H])([H])C([H])(N1[H])C23C([H])([H])[H]
17,15,0,
21,21,1,[H]C(=O)C1(C([H])([H])[H])C([H])(OC([H])([H])[H])C1([H])C([H])([H])[H]
17,16,0,
15,15,1,[H]c1onc2c1OC([H])([H])N([H])C2([H])[H]
19,19,1,[H]OC12C(=O)C(C([H])([H])[H])(C1([H])[H])C2([H])C([H])([H])[H]
16,16,1,[H]OC1([H])C([H])=C([H])C([H])([H])C(=O)C1([H])[H]
18,18,1,[H]c1c([H])c(C2([H])N([H])C2([H])[H])n([H])c1N([H])[H]
21,21,1,[H]C([H])([H])C1([H])C2([H])OC2([H])C2([H])C([H])(C([H])([H])[H])C12[H]
21,21,1,[H]C(=O)N1C([H])(C([H])([H])[H])N([H])C([H])([H])C1([H])C([H])([H])[H]
19,19,1,[H]C1=C(C([H])([H])[H])C2([H])C([H])([H])C23OC([H])([H])C13[H]
23,23,1,[H]C([H])([H])OC1([H])C([H])([H])C2([H])C([H])(C([H])([H])[H])C([H])([H])C12[H]
19,19,1,[H]OC12N([H])C1(C([H])=O)C([H])=C([H])C([H])([H])C2([H])[H]
22,22,1,[H]N=C([H])C12C([H])([H])C1([H])C([H])(C([H])([H])[H])C2([H])C([H])([H])[H]
17,17,1,[H]C#CC1(O[H])C([H])([H])C1(O[H])OC([H])([H])[H]
20,20,1,[H]OC([H])([H])C1(C([H])([H])[H])N([H])C1([H])C([H])([H])C([H])=O
17,17,1,[H]N=C([H])OC([H])(O[H])C([H])(O[H])C([H])([H])[H]
14,14,1,[H]c1nnc([H])c(C#CC([H])([H])[H])n1
16,16,1,[H]OC(C#N)(N=C([H])[H])C1([H])N([H])C1([H])[H]
21,21,1,[H]OC([H])([H])C([H])([H])C1(C([H])=O)C([H])([H])C1([H])C([H])([H])[H]
9,9,1,[H]c1onnc1N([H])[H]
21,20,0,
20,20,1,[H]C1=C([H])C([H])(OC([H])([H])[H])C(N([H])[H])=C([H])C1([H])[H]
15,15,1,[H]Oc1c(F)c(C([H])([H])O[H])c([H])n1[H]
16,15,0,
15,13,0,
20,20,1,[H]N1C(=O)C([H])([H])C([H])(OC([H])([H])[H])C([H])([H])C1([H])[H]
15,15,1,[H]C#CC([H])([H])N([H])C([H])(C#N)C([H])=O
17,15,0,[H]OC1=NC(N([H])[H])C([H])C(C([H])([H])[H])=C1[H]
18,18,1,[H]OC1([H])C([H])=C([H])C2([H])N1C1([H])C([H])([H])C21[H]
18,18,1,[H]N=C1OC([H])(C([H])([H])[H])C([H])([H])C(=N[H])N1[H]
18,18,1,[H]OC1([H])N2C([H])([H])C2([H])C2([H])C([H])([H])C12O[H]
19,14,0,[H]OC1C([H])C(N([H])[H])C(C([H])([H])[H])C1C([H])([H])[H]
23,23,1,[H]OC1([H])C(C([H])([H])[H])=C([H])C(C([H])([H])[H])(C([H])([H])[H])C1([H])[H]
22,22,1,[H]C([H])([H])C([H])([H])C1([H])C2([H])C([H])([H])C([H])([H])C([H])([H])C12[H]
17,14,0,
16,14,0,[H]C(=O)C=C=CC(=NC([H])([H])[H])C([H])([H])[H]
19,19,1,[H]OC1([H])C([H])([H])C1([H])C1(N([H])C([H])=O)OC1([H])[H]
23,23,1,[H]OC(C([H])([H])[H])(C([H])([H])[H])C1([H])OC([H])([H])C([H])([H])C1([H])[H]
17,17,1,[H]N=C1C([H])([H])N(C([H])=O)C([H])(O[H])C1([H])[H]
15,15,1,[H]c1nc([H])n(C(=O)N([H])C([H])([H])[H])n1
17,17,1,[H]OC1(C([H])([H])[H])C([H])([H])OC1([H])C([H])([H])[H]
18,18,1,[H]OC1([H])C2([H])OC3([H])C2(C([H])=O)C13C([H])([H])[H]
17,17,1,[H]OC([H])([H])C12OC([H])(C([H])([H])C1=O)C2([H])[H]
15,15,1,[H]C1(C#N)OC2([H])C([H])([H])C2([H])C1([H])[H]
13,13,1,[H]C(=O)C([H])(C(=O)C#N)C([H])([H])[H]
19,17,0,
10,6,0,
21,21,1,[H]N1C([H])([H])C2([H])C1([H])C([H])([H])C2(C([H])([H])[H])C([H])([H])[H]
13,11,0,
25,25,1,[H]OC1([H])C([H])([H])C1([H])C([H])(N=C([H])C([H])([H])C([H])([H])[H])C([H])([H])[H]
18,18,1,[H]N=C1C([H])(O[H])C2(C([H])([H])[H])C([H])([H])OC12[H]
21,21,1,[H]C([H])([H])C([H])([H])C#CC1([H])C([H])([H])OC([H])([H])C1([H])[H]
20,20,1,[H]C(=O)N(C([H])([H])[H])C([H])([H])C#CC([H])([H])C([H])([H])[H]
23,23,1,[H]C([H])([H])OC1(C([H])([H])C([H])([H])[H])OC([H])([H])C1([H])C([H])([H])[H]
14,14,1,[H]OC1([H])C2([H])OC1(C([H])=O)C2([H])[H]
20,20,1,[H]OC1([H])OC([H])([H])C2([H])N([H])C([H])([H])C([H])([H])C12[H]
12,12,1,[H]C#CC12OC(=O)C1([H])C2([H])[H]
19,19,1,[H]C([H])([H])C1([H])OC([H])([H])C([H])([H])C(=O)OC1([H])[H]
19,17,0,
17,17,1,[H]OC1(C([H])([H])[H])C2([H])N([H])C([H])([H])C21O[H]
21,21,1,[H]OC([H])(C([H])([H])[H])C1(N([H])[H])N([H])C([H])=C([H])C1([H])[H]
17,17,1,[H]C(=O)C([H])([H])C1([H])C([H])([H])N2C([H])([H])C21[H]
20,20,1,[H]C([H])([H])N1C(=O)OC([H])([H])C1(C([H])([H])[H])C([H])([H])[H]
16,16,1,[H]C(=O)C([H])([H])N([H])c1c([H])nn([H])c1[H]
16,14,0,
16,16,1,[H]C(=O)C1=C(C([H])([H])[H])N(C([H])=O)C1([H])[H]
18,18,1,[H]N1C2([H])N3C([H])([H])C3([H])C([H])([H])C1([H])C2([H])[H]
17,17,1,[H]N1C2([H])C([H])([H])C(=O)C([H])([H])C12C([H])([H])[H]
19,18,0,[H]OC1([H])N([H])C1(C([H])([H])[H])C([H])([H])OC([H])=O
13,11,0,[H]C1=NC2N=NN([H])C2C([H])=C1[H]
17,17,1,[H]C#CC12N(C1([H])C([H])=N[H])C2([H])C([H])([H])[H]
17,17,1,[H]c1oc(C([H])([H])C([H])([H])[H])nc1C([H])([H])[H]
21,21,1,[H]C1=C2C([H])(C([H])([H])[H])OC3([H])C([H])([H])C23C([H])([H])N1[H]
11,11,1,[H]C(=O)c1nc([H])noc1=O
20,19,0,[H]C1C2([H])N([H])C34C([H])([H])C([H])([H])OC([H])([H])C13C24[H]
19,18,0,[H]OC1([H])C([H])=C([H])C2([H])C([H])([H])N1C2([H])C([H])[H]
13,11,0,[H]N([H])C1=C(C([H])([H])[H])N([H])NN1
15,13,0,[H]C1=C([H])C([H])C(C([H])([H])[H])C([H])=C1F
20,19,0,[H]C1C2([H])N(C([H])([H])[H])C3([H])C1(N([H])C([H])([H])[H])C23[H]
19,19,1,[H]OC1([H])C2([H])OC(C([H])([H])[H])(C2([H])[H])C1([H])O[H]
19,16,0,[H]N1C2([H])C([H])([H])C([H])([H])C1(C([H])([H])[H])C21NN1
11,11,1,[H]c1c(F)oc(=O)c([H])c1F
21,21,1,[H]OC(OC(=NC([H])([H])[H])N([H])[H])(C([H])([H])[H])C([H])([H])[H]
21,21,1,[H]OC(C([H])=O)(C([H])([H])[H])C1([H])C([H])([H])C1([H])C([H])([H])[H]
22,21,0,[H]OC([H])C(N([H])C([H])([H])[H])(C([H])([H])[H])C1([H])N([H])C1([H])[H]
20,20,1,[H]OC([H])(C([H])([H])[H])C([H])([H])C(=O)OC([H])([H])C([H])=O
15,13,0,
23,23,1,[H]OC([H])([H])C1([H])C([H])([H])C([H])([H])OC([H])(C([H])([H])[H])C1([H])[H]
16,16,1,[H]c1nn(C([H])([H])[H])c([H])c(N([H])[H])c1=O
23,23,1,[H]OC([H])([H])C([H])([H])C([H])([H])C1([H])C([H])([H])OC([H])([H])C1([H])[H]
19,19,1,[H]OC1([H])C2([H])C([H])([H])C2([H])C1(C([H])=O)C([H])([H])[H]
16,16,1,[H]C#CC([H])([H])C1([H])OC([H])=NC1([H])O[H]
20,20,1,[H]OC1([H])C2([H])C([H])([H])C2([H])C2([H])C([H])(N([H])[H])C12[H]
20,20,1,[H]OC([H])([H])C1([H])C([H])([H])C1([H])C([H])(O[H])C([H])([H])[H]
13,13,1,[H]C#Cc1nn(C([H])=N[H])nc1[H]
13,12,0,[H]N1Nc2c(oc(=O)n2[H])C1([H])[H]
16,15,0,
17,17,1,[H]OC1([H])C2([H])OC3([H])C2(O[H])C13C([H])([H])[H]
23,23,1,[H]C([H])([H])C1([H])C([H])([H])C2(C([H])([H])[H])OC2([H])C1([H])C([H])([H])[H]
15,15,1,[H]C#CN=C(C(=O)OC([H])([H])[H])N([H])[H]
20,20,1,[H]C#CC([H])(OC([H])([H])C([H])([H])[H])C([H])=NC([H])([H])[H]
15,15,1,[H]Oc1nc([H])c(N2C([H])([H])C2([H])[H])o1
19,17,0,
19,19,1,[H]C(=O)C([H])([H])C([H])([H])C1(C(=O)N([H])[H])OC1([H])[H]
18,18,1,[H]N1C2([H])C1([H])C([H])(C([H])([H])[H])C2([H])C([H])([H])[H]
17,17,1,[H]N=C1C(=O)C([H])=C([H])C([H])(C([H])([H])[H])N1[H]
20,20,1,[H]OC([H])([H])C12N([H])C3([H])C([H])([H])C1([H])C3([H])C2([H])[H]
22,21,0,
22,22,1,[H]C(=O)N([H])C1([H])C([H])([H])C([H])([H])C([H])(C([H])([H])[H])C1([H])[H]
22,22,1,[H]C1=C(C([H])([H])[H])C([H])([H])C(C([H])([H])[H])=NC1([H])C([H])([H])[H]
20,20,1,[H]N([H])C1([H])N([H])C1([H])C([H])(C([H])([H])[H])C([H])([H])C#N
19,19,1,[H]OC1([H])C2([H])C3([H])C([H])([H])C([H])([H])C1(O[H])C32[H]
16,14,0,[H]C(=O)C1C([H])=C(C([H])([H])[H])N=C([H])C1[H]
14,13,0,
18,18,1,[H]OC([H])(C([H])=O)N1C([H])([H])OC([H])([H])C1([H])[H]
23,23,1,[H]C([H])([H])C([H])(C([H])([H])[H])C1([H])OC([H])([H])C12C([H])([H])C2([H])[H]
19,19,1,[H]C#CC1([H])C2=C([H])C([H])([H])C([H])([H])C21C([H])([H])[H]
18,18,1,[H]C([H])([H])C1([H])C2(C#N)OC1(C([H])([H])[H])C2([H])[H]
20,20,1,[H]OC1([H])C([H])([H])N([H])C2([H])OC([H])([H])C1([H])C2([H])[H]
15,15,1,[H]C#CC1([H])C2([H])OC1([H])C2([H])C([H])=O
15,15,1,[H]C#CC([H])([H])c1nc(N([H])[H])nn1[H]
18,18,1,[H]C([H])([H])C1([H])C2([H])OC3([H])N4C3([H])C4([H])C21[H]
18,18,1,[H]C#CC1([H])N([H])C2(OC2([H])C([H])([H])[H])C1([H])[H]
19,18,0,[H]C([H])OC1(C([H])([H])[H])C2([H])OC1([H])C([H])([H])N2[H]
17,17,1,[H]C1=C(C([H])([H])[H])C2([H])C([H])([H])C2([H])C1([H])[H]
19,19,1,[H]C1=C(C([H])([H])[H])C([H])(C([H])([H])[H])N2C([H])([H])C12[H]
17,17,1,[H]OC1([H])C(=O)C([H])([H])OC([H])([H])C1([H])O[H]
17,17,1,[H]C([H])([H])C12OC(=O)C1([H])C([H])([H])C([H])([H])O2
16,16,1,[H]C#Cc1c([H])c(N([H])C([H])([H])[H])nn1[H]
21,21,1,[H]OC([H])([H])C1(N([H])[H])C(C([H])([H])[H])=C([H])N([H])C1([H])[H]
14,14,1,[H]N1C([H])([H])C1([H])C(=O)OC([H])([H])[H]
13,13,1,[H]C1=C([H])C([H])([H])ON=C1N([H])[H]
18,17,0,[H]OC([H])C1([H])C2([H])OC2([H])C1(O[H])C([H])([H])[H]
17,17,1,[H]OC1([H])C(=O)N([H])C([H])=NC1([H])C([H])([H])[H]
18,18,1,[H]C#CC1(OC([H])=N[H])C(=N[H])C([H])([H])C1([H])[H]
20,20,1,[H]OC1([H])C2([H])N([H])C1([H])C2([H])OC([H])([H])C([H])([H])[H]
18,18,1,[H]C1([H])OC([H])([H])C([H])(C([H])([H])C([H])([H])[H])C1=O
20,20,1,[H]N([H])C1(C([H])([H])[H])OC1([H])C1([H])OC([H])([H])C1([H])[H]
15,15,1,[H]C1([H])C2([H])C(=O)C(=O)C13C([H])([H])C23[H]
21,21,1,[H]C(=O)C([H])([H])C([H])([H])C([H])([H])C([H])([H])C(=O)C([H])([H])[H]
23,23,1,[H]C([H])([H])C([H])([H])C([H])([H])C([H])([H])C12C([H])([H])C3([H])C1([H])C32[H]
15,14,0,[H]Oc1nc(O[H])n([H])c1N([H])C([H])[H]
18,18,1,[H]C(=C(C#N)N([H])[H])C1(N([H])[H])C([H])([H])C1([H])[H]
16,16,1,[H]N1C2([H])N3C([H])([H])C1(C#N)C3([H])C2([H])[H]
18,17,0,[H]N=C1C(N([H])[H])C(N([H])[H])=C([H])C([H])([H])N1[H]
21,20,0,
23,23,1,[H]C(=O)OC(C([H])([H])[H])(C([H])([H])C([H])([H])[H])C([H])([H])C([H])([H])[H]
12,10,0,
17,17,1,[H]N(c1c(C([H])([H])[H])oc(=O)n1[H])C([H])([H])[H]
21,21,1,[H]C([H])([H])N1C2([H])N3C([H])([H])C1([H])C3([H])C([H])([H])C2([H])[H]
15,15,1,[H]C(=O)N1C([H])([H])C([H])=C([H])C1([H])C#N
20,20,1,[H]N1C2([H])C3([H])OC2(C([H])([H])[H])C1(C([H])([H])[H])C3([H])[H]
15,15,1,[H]OC(N=C([H])[H])(C([H])=O)C([H])([H])C#N
17,17,1,[H]C1=NC(OC([H])([H])[H])(C([H])([H])[H])C2([H])ON12
25,25,1,[H]N([H])C([H])(C([H])([H])[H])C1(C([H])(N([H])[H])C([H])([H])[H])C([H])([H])C1([H])[H]
22,22,1,[H]N1C([H])(OC([H])([H])[H])C([H])(C([H])([H])[H])C2([H])C([H])([H])C12[H]
14,14,1,[H]OC([H])([H])C(=O)n1nc([H])nc1[H]
20,19,0,[H]C1N(C([H])([H])[H])C2([H])C1([H])C21N(C([H])([H])[H])C1([H])[H]
20,20,1,[H]C#CC(C(=O)C([H])([H])C([H])([H])[H])(N([H])[H])C([H])([H])[H]
14,10,0,
22,22,1,[H]C([H])([H])C([H])([H])C(=O)C(C([H])([H])[H])(C([H])([H])[H])C([H])([H])[H]
19,19,1,[H]ON=C1N(C([H])([H])[H])C([H])([H])C1(O[H])C([H])([H])[H]
20,20,1,[H]N=C([H])N([H])C(=C([H])C([H])([H])[H])C([H])([H])C([H])([H])[H]
18,18,1,[H]OC1([H])OC([H])(C([H])([H])N([H])C([H])=O)C1([H])[H]
18,18,1,[H]C(=C([H])C1([H])OC1([H])C#N)C([H])([H])C([H])([H])[H]
15,15,1,[H]N1C(=O)C2([H])OC([H])([H])C([H])([H])C12[H]
20,20,1,[H]OC1([H])OC2([H])C([H])(C([H])([H])[H])N([H])C12C([H])([H])[H]
18,16,0,[H]OC([H])([H])C([H])([H])C1C([H])=C([H])C([H])=NC1[H]
12,12,1,[H]Oc1nc(=O)n([H])nc1O[H]
22,22,1,[H]OC1([H])C([H])([H])C([H])=C(N([H])C([H])([H])[H])C1([H])C([H])([H])[H]
17,17,1,[H]C(=O)C1([H])C(=O)C2(C([H])([H])[H])C([H])([H])C12[H]
19,19,1,[H]C(=NC([H])([H])[H])C12N([H])C1([H])C1([H])C([H])([H])C21[H]
22,22,1,[H]OC(N([H])[H])(C([H])([H])[H])C([H])(C([H])=O)C([H])([H])C([H])([H])[H]
19,19,1,[H]OC12C([H])(C([H])=O)C([H])([H])C1([H])C2([H])C([H])([H])[H]
19,19,1,[H]C#CC1([H])C([H])([H])C([H])([H])OC2([H])C([H])([H])C12[H]
17,17,1,[H]N1C([H])([H])C12N1C([H])([H])C3([H])OC2([H])C13[H]
18,18,1,[H]N([H])C(=O)C1([H])C2([H])C([H])([H])C3([H])C1([H])C23[H]
15,11,0,
12,12,1,[H]C#CC(=O)C1(C#N)OC1([H])[H]
25,25,1,[H]C(=O)C([H])(OC([H])(C([H])([H])[H])C([H])([H])[H])C([H])([H])N([H])C([H])([H])[H]
16,16,1,[H]C(=O)OC1([H])C2([H])OC([H])([H])C12C([H])=O
17,17,1,[H]OC12C([H])([H])N3C([H])(C1([H])[H])C32C([H])([H])[H]
22,22,1,[H]N1C2([H])C([H])(C([H])([H])[H])C3([H])C([H])([H])C2([H])C13C([H])([H])[H]
19,19,1,[H]OC([H])([H])C([H])([H])N([H])C1=NC([H])([H])C([H])=C1[H]
20,20,1,[H]C1=C(C([H])([H])[H])C([H])(C([H])([H])OC([H])([H])[H])C1([H])[H]
23,23,1,[H]C([H])([H])C1([H])C([H])([H])C2([H])OC1(C([H])([H])[H])C2([H])C([H])([H])[H]
25,25,1,[H]C([H])([H])OC1([H])C([H])(C([H])([H])[H])C1([H])C([H])(C([H])([H])[H])C([H])([H])[H]
16,16,1,[H]C1=C(C([H])([H])[H])N([H])C([H])([H])C(=O)N1[H]
17,17,1,[H]C(=O)N([H])C1([H])C2([H])N3C([H])(C2([H])[H])C31[H]
23,23,1,[H]C([H])([H])OC([H])([H])C([H])([H])C1(C([H])([H])C([H])([H])[H])OC1([H])[H]
19,19,1,[H]C(=O)C1([H])C([H])([H])C([H])([H])C1([H])C(=O)C([H])([H])[H]
15,14,0,
22,22,1,[H]N1C([H])([H])C([H])(C([H])([H])[H])C(=O)C([H])(C([H])([H])[H])C1([H])[H]
17,17,1,[H]C(=O)N([H])C1(C([H])([H])C#N)C([H])([H])C1([H])[H]
18,18,1,[H]OC1(O[H])C2([H])C([H])([H])C1([H])C21N([H])C1([H])[H]
21,21,1,[H]OC12OC([H])([H])C1(C([H])([H])C([H])([H])[H])C2([H])C([H])([H])[H]
18,18,1,[H]C1=C2C3([H])C4([H])C([H])(N1[H])C2(C([H])([H])[H])C34[H]
21,21,1,[H]OC(C([H])([H])[H])(C([H])([H])[H])C12OC1([H])C([H])([H])C2([H])[H]
25,25,1,[H]OC([H])(C([H])([H])C([H])([H])[H])C([H])(O[H])C1([H])N([H])C1([H])C([H])([H])[H]
19,19,1,[H]Oc1c(OC([H])([H])[H])c([H])c(OC([H])([H])[H])n1[H]
16,16,1,[H]Oc1oc(C([H])([H])N([H])[H])nc1N([H])[H]
20,20,1,[H]N1C([H])([H])C([H])([H])C([H])([H])C1(C([H])([H])[H])C([H])([H])[H]
23,23,1,[H]OC([H])(N(C([H])([H])[H])C([H])([H])[H])C1([H])C([H])([H])N([H])C1([H])[H]
17,17,1,[H]C([H])([H])C1=NC([H])([H])C2([H])OC2([H])C1([H])[H]
17,17,1,[H]C(=O)C1=C(C([H])([H])[H])N([H])C([H])=NC1([H])[H]
18,18,1,[H]C([H])([H])C1(C([H])([H])[H])OC([H])([H])C2([H])OC21[H]
15,15,1,[H]C(=O)N([H])c1nc(C([H])([H])[H])oc1[H]
12,11,0,
21,21,1,[H]N1C2([H])C([H])([H])C1(C([H])([H])C([H])([H])C([H])([H])[H])C2([H])[H]
14,11,0,
16,16,1,[H]c1oc(N([H])C([H])([H])[H])c(N([H])[H])c1[H]
20,20,1,[H]C([H])([H])C([H])([H])N1C(=O)C2([H])C([H])([H])C2([H])C1([H])[H]
18,18,1,[H]OC([H])([H])C#CC([H])([H])C([H])([H])C([H])([H])O[H]
19,19,1,[H]C#CC1(C([H])([H])C([H])([H])[H])OC1([H])C([H])([H])O[H]
20,20,1,[H]OC12C([H])([H])C1([H])C([H])([H])C1([H])N([H])C12C([H])([H])[H]
17,17,1,[H]OC([H])([H])C12C(=O)C([H])(OC1([H])[H])C2([H])[H]
21,20,0,[H]OC(C1C([H])([H])C2([H])C([H])([H])C12[H])(N([H])[H])C([H])([H])[H]
19,19,1,[H]C(=O)C([H])([H])N([H])C1([H])C([H])([H])C1([H])C([H])([H])[H]
19,19,1,[H]C([H])([H])C([H])(C#N)OC([H])(C([H])([H])[H])C([H])([H])[H]
19,19,1,[H]C([H])([H])N=C1C([H])(C([H])([H])[H])C2([H])C([H])([H])C12[H]
19,18,0,[H]N=C(O)N(C([H])([H])[H])C1([H])N([H])C([H])([H])C1([H])[H]
18,16,0,[H]C#CC([H])([H])C1C([H])([H])C2([H])NC([H])([H])C12[H]
16,16,1,[H]c1nc(N=C(C([H])([H])[H])C([H])([H])[H])no1
23,22,0,[H]C([H])([H])C([H])([H])C1N2C([H])([H])C2([H])C([H])([H])C1([H])C([H])([H])[H]
11,10,0,
12,12,1,[H]c1nc(C([H])([H])[H])c([H])n1[H]
19,19,1,[H]C#CC1(O[H])C([H])([H])C([H])(C([H])([H])[H])C1([H])O[H]
21,21,1,[H]C(=O)C1([H])C([H])([H])C(=C([H])C([H])([H])[H])C([H])([H])C1([H])[H]
16,16,1,[H]OC([H])([H])C#CC1([H])C([H])([H])C1([H])C#N
15,15,1,[H]N1C(=O)C([H])([H])C2([H])C([H])([H])OC12[H]
19,19,1,[H]C([H])([H])C12C([H])([H])C1([H])C1([H])C3([H])OC3([H])C12[H]
17,16,0,
17,17,1,[H]C1=C([H])C([H])([H])C([H])(C2([H])OC2([H])[H])N1[H]
20,20,1,[H]c1nc(C([H])(C([H])([H])[H])C([H])([H])[H])n([H])c1N([H])[H]
23,23,1,[H]C([H])([H])C1([H])C([H])([H])C2(OC2([H])[H])C1(C([H])([H])[H])C([H])([H])[H]
23,23,1,[H]C([H])([H])C1([H])C([H])([H])OC([H])([H])C([H])([H])C12C([H])([H])C2([H])[H]
19,19,1,[H]OC1([H])C([H])([H])C1([H])C([H])(OC([H])=O)C([H])([H])[H]
19,19,1,[H]N([H])C1=C(C(=O)C([H])([H])[H])C([H])([H])C([H])([H])N1[H]
20,20,1,[H]C([H])([H])N1C([H])([H])C1([H])C1([H])N(C([H])([H])[H])C1([H])[H]
16,13,0,[H]OC([H])([H])C(C1NOC([H])=C1[H])N([H])[H]
19,19,1,[H]OC12C([H])=C([H])C([H])(N([H])[H])C1([H])N([H])C2([H])[H]
11,11,1,[H]c1nc2n([H])nnn2c1[H]
15,15,1,[H]c1nc(C([H])([H])[H])nc([H])c(=O)c1[H]
18,18,1,[H]N=C(C([H])([H])[H])C([H])([H])c1nc([H])c([H])n1[H]
20,19,0,[H]N=C1C([H])C([H])(OC([H])([H])[H])N(C([H])([H])[H])C1([H])[H]
16,16,1,[H]C(=Nc1oc([H])nc1[H])N([H])C([H])([H])[H]
21,20,0,[H]C1=C([H])N([H])C([H])([H])C([H])=C([H])C1C([H])([H])C([H])([H])[H]
18,18,1,[H]N=C1N2C([H])([H])C2([H])C1([H])C([H])([H])C([H])([H])[H]
20,20,1,[H]C1([H])C([H])([H])C2([H])C1([H])C([H])([H])C21C([H])([H])C1([H])[H]
13,13,1,[H]C1=C([H])C([H])([H])OC([H])([H])C1=O
19,19,1,[H]ON=C1C([H])=C([H])C([H])([H])C1(N([H])[H])C([H])([H])[H]
19,19,1,[H]OC([H])([H])C1([H])C([H])(C#N)C1([H])N([H])C([H])([H])[H]
23,23,1,[H]C([H])([H])C1([H])OC([H])([H])C([H])([H])C12C([H])([H])C2([H])C([H])([H])[H]
19,18,0,[H]C([H])([H])C12C3N4C([H])(C1([H])[H])C4([H])C3([H])C2([H])[H]
16,16,1,[H]ON=C1C([H])([H])OC(=O)C1([H])C([H])([H])[H]
14,13,0,[H]C1=NOC2=C([H])N([H])C([H])=C([H])C12
19,19,1,[H]C(=O)N([H])C([H])([H])C1([H])OC([H])(C([H])=O)C1([H])[H]
19,18,0,
23,23,1,[H]N1C([H])([H])N(C([H])([H])[H])C2([H])C([H])([H])C1(C([H])([H])[H])C2([H])[H]
21,21,1,[H]C(=O)C([H])([H])C1([H])C([H])([H])C1(OC([H])([H])[H])C([H])([H])[H]
16,12,0,[H]OC([H])([H])C1([H])N2NNC([H])C2C1([H])[H]
19,19,1,[H]OC([H])(C(=O)C([H])([H])[H])C([H])([H])C1([H])OC1([H])[H]
21,21,1,[H]C1=NC([H])([H])C([H])([H])N([H])C([H])(C([H])([H])[H])C([H])([H])O1
17,17,1,[H]N=C(C(=O)C([H])(O[H])C([H])([H])[H])C([H])([H])[H]
15,15,1,[H]C#CC([H])([H])C(=O)C([H])(C#N)N([H])[H]
18,18,1,[H]C1([H])C2([H])OC3([H])C1([H])C([H])([H])C3([H])C2([H])[H]
15,15,1,[H]C1=C([H])C([H])(C#N)N([H])C([H])([H])C1=O
19,19,1,[H]C#CC([H])([H])C(=O)C1([H])N2C([H])([H])C2([H])C1([H])[H]
12,10,0,[H]C1C(=O)C2([H])NC2([H])C1([H])[H]
16,15,0,
16,16,1,[H]C1([H])OC2([H])C3([H])OC4([H])C([H])(N13)C24[H]
20,19,0,[H]OC1([H])C2([H])OC1(C([H])([H])[H])C2C([H])([H])C([H])([H])[H]
16,16,1,[H]C#CC12C([H])([H])C3([H])C(=N[H])C1([H])C32[H]
22,22,1,[H]N=C1C([H])([H])C([H])([H])C2([H])C([H])([H])C([H])([H])C([H])([H])C12[H]
14,14,1,[H]C1([H])C(=O)C2([H])OC2(C#N)C1([H])[H]
13,12,0,[H]C(=O)C(C#N)N([H])C(=O)N([H])[H]
17,17,1,[H]C(=O)C([H])([H])C1([H])C([H])([H])OC(=O)C1([H])[H]
19,19,1,[H]C1([H])OC2([H])C([H])([H])C3([H])C1([H])C1([H])C2([H])C31[H]
25,25,1,[H]C([H])([H])C([H])([H])C1([H])OC([H])(C([H])([H])[H])C1(C([H])([H])[H])C([H])([H])[H]
21,21,1,[H]N1C([H])([H])C2(N([H])C2([H])[H])C1([H])C([H])([H])OC([H])([H])[H]
18,18,1,[H]N1C2([H])N=NC([H])(C3([H])C([H])([H])C3([H])[H])C12[H]
20,20,1,[H]N1C([H])([H])C2([H])C([H])([H])C3([H])C4([H])C([H])([H])C3([H])C124
14,14,1,[H]N1C(=O)C2([H])N([H])C2([H])C1([H])C#N
16,16,1,[H]C(=O)C1(C([H])([H])[H])OC(=NC([H])([H])[H])O1
23,23,1,[H]C([H])([H])N1C([H])([H])N(C([H])([H])C([H])([H])[H])C2([H])C([H])([H])C12[H]
15,15,1,[H]N([H])c1c(C([H])([H])[H])n([H])c(=O)n1[H]
18,18,1,[H]C([H])([H])C([H])(C#N)C12C([H])([H])OC1([H])C2([H])[H]
16,16,1,[H]Oc1c([H])c(OC([H])([H])[H])c(O[H])n1[H]
16,16,1,[H]OC1([H])C2([H])N(C([H])=O)C1(O[H])C2([H])[H]
22,22,1,[H]OC1([H])N([H])C12C([H])(C([H])([H])[H])C2([H])C([H])([H])C([H])([H])[H]
21,21,1,[H]OC([H])([H])C([H])([H])C([H])([H])C1([H])OC1([H])C([H])([H])O[H]
15,15,1,[H]C1=C([H])C2([H])C3([H])C([H])([H])C1([H])C23[H]
18,18,1,[H]C#CC([H])(OC([H])([H])[H])C1([H])N2C([H])([H])C21[H]
17,17,1,[H]OC1(C([H])([H])[H])C(=O)C2([H])OC2([H])C1([H])[H]
18,18,1,[H]OC1([H])C(=O)OC([H])([H])C([H])(N([H])[H])C1([H])[H]
21,21,1,[H]C([H])([H])C1(OC([H])([H])C2([H])OC2([H])[H])C([H])([H])C1([H])[H]
21,21,1,[H]C([H])([H])C([H])(C([H])([H])[H])C([H])([H])N1C([H])([H])C1([H])C#N
27,27,1,[H]C(=NC([H])([H])C1([H])C([H])([H])C([H])([H])C1([H])[H])C([H])([H])C([H])([H])C([H])([H])[H]
15,15,1,[H]c1c(N([H])[H])c(=O)nc(N([H])[H])n1[H]
19,18,0,[H]OC([H])C1([H])N2C([H])([H])C([H])(OC1([H])[H])C2([H])[H]
17,17,1,[H]C(=O)C1([H])C(=O)N(C([H])([H])[H])C([H])([H])N1[H]
19,19,1,[H]C(=O)C([H])([H])C12C([H])([H])C1([H])C1([H])C([H])([H])C12[H]
17,17,1,[H]C1([H])OC12C([H])([H])C([H])([H])C([H])([H])C2([H])[H]
22,22,1,[H]OC12C([H])([H])C([H])(C1([H])[H])C2(N([H])C([H])([H])[H])C([H])([H])[H]
23,23,1,[H]N([H])C1([H])C([H])(C([H])([H])C([H])([H])[H])C1([H])C([H])([H])C([H])([H])[H]
16,16,1,[H]C#CC(C#N)(C([H])([H])[H])C([H])([H])C([H])=O
16,16,1,[H]c1c(C2([H])C([H])([H])C2([H])[H])nn([H])c1[H]
17,17,1,[H]OC([H])(N([H])C([H])([H])C#N)C1([H])OC1([H])[H]
15,15,1,[H]C#CC([H])(N([H])[H])C([H])(O[H])C([H])=O
18,18,1,[H]C1=C2C(=NC1([H])[H])C1([H])C([H])([H])C1([H])C2([H])[H]
20,18,0,[H]C1=C2N([H])C([H])C2([H])C([H])(C([H])([H])[H])C1C([H])([H])[H]
14,11,0,[H]OC1C(=O)N(C([H])([H])[H])C([H])C1[H]
19,16,0,
19,19,1,[H]N=C([H])C(=O)C([H])([H])C([H])([H])N1C([H])([H])C1([H])[H]
17,17,1,[H]OC(=O)C([H])([H])N([H])C(=O)C#CC([H])([H])[H]
16,16,1,[H]C#CC1(C([H])([H])O[H])N=C([H])OC1([H])[H]
17,17,1,[H]C(=O)C([H])([H])C(=O)C1(C([H])([H])[H])OC1([H])[H]
20,20,1,[H]OC([H])(C([H])([H])[H])C12C([H])=C([H])C1([H])N([H])C2([H])[H]
23,23,1,[H]OC1([H])C([H])([H])C(OC([H])([H])[H])(C([H])([H])[H])C1([H])C([H])([H])[H]
18,18,1,[H]OC1([H])C([H])([H])C2([H])C([H])(O[H])C12C([H])([H])[H]
18,16,0,[H]OC1C([H])=NN([H])C1N(C([H])([H])[H])C([H])([H])[H]
23,23,1,[H]OC12C([H])([H])C([H])([H])C([H])([H])C([H])(C([H])([H])[H])C1([H])C2([H])[H]
16,16,1,[H]C1=C([H])C([H])([H])N([H])c2c1c([H])nn2[H]
21,21,1,[H]OC1([H])OC([H])([H])C([H])([H])C([H])([H])OC([H])([H])C1([H])[H]
12,12,1,[H]C#CC12C(=O)N([H])C1([H])N2[H]
21,21,1,[H]C([H])([H])C1([H])C([H])([H])C([H])([H])OC2([H])OC([H])([H])C21[H]
20,20,1,[H]C1([H])OC([H])([H])C1([H])C1([H])C([H])([H])C([H])([H])C1([H])[H]
18,18,1,[H]N1C([H])([H])C1([H])C1(C([H])([H])[H])N(C#N)C1([H])[H]
16,16,1,[H]c1oc(N([H])[H])c([H])c(=O)c1C([H])([H])[H]
19,19,1,[H]OC1([H])C2([H])C([H])([H])C3(C([H])([H])[H])C2([H])C13O[H]
16,16,1,[H]c1c(C([H])([H])OC([H])([H])[H])nn([H])c1[H]
21,21,1,[H]OC1([H])C([H])([H])C([H])(C([H])([H])[H])C2(C([H])([H])[H])OC12[H]
19,19,1,[H]C([H])([H])C1([H])C([H])([H])C(=O)OC2([H])C([H])([H])C21[H]
21,21,1,[H]C#CC(O[H])(C([H])([H])[H])C([H])(O[H])C([H])([H])C([H])([H])[H]
18,18,1,[H]OC([H])([H])C(C([H])=O)(C([H])([H])[H])C([H])([H])O[H]
19,19,1,[H]C1=C2C([H])([H])OC([H])([H])C23C([H])([H])C3([H])C1([H])[H]
16,16,1,[H]C(=O)C12OC1([H])C1([H])N(C([H])([H])[H])C21[H]
21,21,1,[H]OC([H])([H])C1(C([H])=O)C([H])([H])C1(C([H])([H])[H])C([H])([H])[H]
15,15,1,[H]N=c1onc(C([H])([H])O[H])c([H])c1[H]
21,21,1,[H]C([H])([H])C1([H])C([H])([H])C([H])([H])C(=O)C12C([H])([H])C2([H])[H]
21,19,0,
19,19,1,[H]N(C([H])([H])[H])C([H])([H])C(=O)C1([H])C(=O)OC1([H])[H]
20,20,1,[H]C#CC([H])([H])C1([H])N=C([H])C([H])([H])C1([H])C([H])([H])[H]
14,14,1,[H]N=C(N([H])[H])n1c([H])nc([H])c1[H]
20,20,1,[H]N1C([H])([H])C([H])([H])C1(C#COC([H])([H])[H])C([H])([H])[H]
23,23,1,[H]OC([H])([H])C([H])([H])C([H])(C([H])=O)C([H])([H])C([H])([H])C([H])([H])[H]
19,19,1,[H]N1C(=O)OC([H])(C([H])([H])[H])N([H])C([H])([H])C1([H])[H]
18,17,0,
19,19,1,[H]C1=C([H])C([H])(C([H])([H])[H])C([H])([H])C([H])(C#N)N1[H]
23,23,1,[H]OC1([H])C([H])([H])C2([H])OC2(C([H])([H])[H])C([H])([H])C1([H])N([H])[H]
21,21,1,[H]OC1([H])C([H])([H])C([H])([H])C([H])([H])C1([H])C1([H])OC1([H])[H]
21,20,0,[H]NC1([H])OC(O[H])(C([H])([H])C([H])([H])[H])C([H])([H])C1([H])[H]
20,20,1,[H]C1=C(C([H])([H])[H])C([H])(C([H])([H])[H])C2([H])C([H])([H])C12[H]
16,16,1,[H]C1=C([H])C([H])([H])C([H])([H])N([H])C1([H])C#N
19,19,1,[H]C#CC12C([H])([H])C([H])(C1([H])[H])C21C([H])([H])C1([H])[H]
20,20,1,[H]OC1([H])N(C2(O[H])C([H])([H])C([H])([H])C2([H])[H])C1([H])[H]
17,17,1,[H]Oc1c([H])c(C([H])([H])[H])c(C([H])([H])[H])n1[H]
19,19,1,[H]N1C([H])([H])C(=O)C2(C([H])([H])[H])N([H])C2([H])C1([H])[H]
21,21,1,[H]C([H])([H])C1([H])C([H])([H])C12C1([H])C([H])([H])OC12C([H])([H])[H]
18,18,1,[H]C([H])([H])C([H])([H])C12OC3([H])C([H])(C1([H])[H])C32[H]
14,14,1,[H]N=c1oc(O[H])c([H])n([H])c1=N[H]
21,21,1,[H]C([H])([H])N=C1C([H])([H])N2C([H])([H])C2(C([H])([H])[H])C1([H])[H]
18,18,1,[H]C#CC1(C([H])([H])[H])N=C(C([H])([H])[H])C([H])=C1[H]
13,13,1,[H]N=C1OC(N([H])[H])=NC1([H])C#N
19,19,1,[H]C1([H])OC2(C1([H])[H])C([H])([H])C1([H])OC1([H])C2([H])[H]
18,17,0,
22,22,1,[H]OC([H])([H])C([H])(C(=O)C([H])([H])C([H])([H])[H])N([H])C([H])([H])[H]
20,20,1,[H]C1=C([H])C2(C([H])=C([H])C1([H])C([H])([H])[H])N([H])C2([H])[H]
15,15,1,[H]C1([H])OC23OC4([H])C([H])([H])C2(O1)C43[H]
15,15,1,[H]C1=NC([H])([H])OC1([H])OC(=O)N([H])[H]
16,16,1,[H]C#CC1([H])C2([H])C3([H])OC3([H])C12N([H])[H]
19,19,1,[H]N1C([H])(C#N)C([H])([H])C2(C([H])([H])[H])C([H])([H])C12[H]
19,19,1,[H]OC1([H])OC([H])([H])C(C([H])=O)(C([H])([H])[H])C1([H])[H]
19,19,1,[H]C1([H])C(=O)C2([H])C([H])([H])C3([H])C1([H])C3([H])C2([H])[H]
18,18,1,[H]C#CC12C([H])=NC([H])([H])C1(C([H])([H])[H])C2([H])[H]
14,13,0,[H]N1N=NC(N([H])[H])C(C([H])([H])[H])=N1
17,17,1,[H]C1([H])OC(=O)C23C([H])([H])C1([H])C2([H])C3([H])[H]
19,18,0,[H]OC([H])(C([H])([H])[H])C1([H])OC2([H])C([H])N([H])C21[H]
18,18,1,[H]C#CC1(O[H])C2([H])C([H])([H])N([H])C([H])([H])C12[H]
18,18,1,[H]c1nc(N([H])[H])c(N(C([H])([H])[H])C([H])([H])[H])o1
18,18,1,[H]C#CC1([H])C([H])=NC([H])(C#C[H])C([H])([H])N1[H]
17,17,1,[H]OC1([H])N(C2([H])N([H])C2([H])[H])C(=O)C1([H])[H]
18,18,1,[H]OC12C(=O)C1([H])C([H])([H])N2C([H])([H])C([H])([H])[H]
23,23,1,[H]C([H])([H])C([H])([H])C([H])([H])C1(C2([H])C([H])([H])C2([H])[H])OC1([H])[H]
13,11,0,[H]C1=C([H])N([H])C(C(=O)C#N)C1[H]
25,25,1,[H]OC([H])(C([H])([H])[H])C1([H])C([H])([H])C([H])([H])C([H])([H])C1([H])C([H])([H])[H]
16,15,0,[H]C=C1C([H])([H])C1([H])C(=O)N([H])C([H])([H])[H]
18,18,1,[H]N=C1OC([H])=C([H])C(C([H])([H])[H])=C([H])C1([H])[H]
18,18,1,[H]OC12C([H])([H])N=C([H])N([H])C1(C([H])=O)C2([H])[H]
19,19,1,[H]N1C([H])([H])C2([H])OC2([H])C1([H])C([H])([H])C([H])([H])[H]
19,19,1,[H]N=C([H])C([H])(C#CC1([H])C([H])([H])C1([H])O[H])O[H]
17,17,1,[H]C1=C(C(=O)N([H])[H])C2([H])N([H])C2([H])C1([H])[H]
17,17,1,[H]N=C([H])C1=C([H])C([H])([H])C([H])=C([H])C1([H])[H]
16,16,1,[H]N1C(=O)OC([H])([H])OC2([H])C([H])([H])C12[H]
18,18,1,[H]C#CC([H])(C([H])([H])[H])C([H])([H])C(=O)C([H])([H])[H]
12,12,1,[H]N([H])c1onnc1C([H])([H])[H]
17,17,1,[H]C#CC12C3([H])OC([H])([H])C1(C([H])([H])[H])C32[H]
18,18,1,[H]C([H])([H])C1([H])OC2([H])C([H])([H])C3([H])C1([H])C23[H]
18,18,1,[H]OC1(C#N)N([H])C([H])([H])C([H])(O[H])C1([H])O[H]
18,18,1,[H]OC([H])(C#CC([H])([H])C([H])([H])C#N)C([H])([H])[H]
12,8,0,
18,18,1,[H]OC([H])([H])C12C(=O)C([H])([H])N(C1([H])[H])C2([H])[H]
18,18,1,[H]N=C1N([H])C2([H])C([H])([H])C([H])([H])C2([H])C1([H])[H]
18,18,1,[H]C(=O)C12N([H])C1([H])C1([H])C([H])([H])C1([H])C2([H])[H]
17,14,0,[H]N=C1C([H])C([H])C([H])C(=O)C([H])([H])C1([H])[H]
20,20,1,[H]C([H])([H])N1C2([H])C([H])(C([H])([H])[H])OC3([H])C1([H])C32[H]
17,17,1,[H]C(=O)C(C(=O)N([H])[H])(C([H])([H])[H])C([H])([H])[H]
16,16,1,[H]c1c(C#CC([H])([H])[H])nnn1C([H])([H])[H]
23,23,1,[H]C#CC([H])(C([H])([H])OC([H])([H])[H])C([H])([H])C([H])([H])C([H])([H])[H]
18,18,1,[H]N1N2C([H])([H])C1([H])C2(C#N)C([H])([H])C([H])([H])[H]
23,23,1,[H]N1C([H])([H])C1(C([H])([H])C([H])([H])[H])C([H])([H])C([H])([H])C([H])([H])[H]
19,19,1,[H]N=C1N2C([H])(O[H])C2([H])C1([H])C([H])([H])C([H])([H])[H]
21,21,1,[H]C#CC([H])([H])C([H])(OC([H])([H])[H])C1([H])C([H])([H])C1([H])[H]
18,18,1,[H]C1=C([H])C([H])(OC([H])([H])[H])C([H])([H])OC1([H])[H]
16,16,1,[H]OC([H])(c1nonc1[H])C1([H])OC1([H])[H]
19,18,0,[H]N([H])C(=O)C(N([H])C([H])([H])[H])N1C([H])([H])C1([H])[H]
7,6,0,N#CC(F)(F)F
17,17,1,[H]C(=O)C1([H])C([H])([H])C2([H])N([H])C([H])=NC12[H]
20,20,1,[H]N(C(=O)C1([H])OC1([H])C([H])([H])[H])C([H])([H])C([H])([H])[H]
19,19,1,[H]OC([H])([H])C([H])(C(=O)C(=O)C([H])([H])[H])C([H])([H])[H]
18,18,1,[H]Oc1c(C([H])(C([H])([H])[H])C([H])([H])[H])noc1[H]
16,16,1,[H]C(=O)N1C([H])=C([H])N([H])C([H])([H])C1([H])[H]
20,20,1,[H]OC(C([H])=NC([H])([H])[H])(N([H])[H])C1([H])N([H])C1([H])[H]
17,17,1,[H]C1([H])OC([H])([H])C([H])(C#N)C([H])([H])C1([H])[H]
15,15,1,[H]N1C([H])([H])C1([H])C([H])([H])OC([H])([H])[H]
17,17,1,[H]C1([H])OC(=O)C([H])([H])C2([H])OC2([H])C1([H])[H]
18,18,1,[H]C(=NC([H])([H])[H])n1c([H])nc(C([H])([H])[H])c1[H]
18,18,1,[H]C#CC(=O)C1([H])N([H])C([H])(C([H])([H])[H])C1([H])[H]
16,16,1,[H]C#Cc1c([H])c([H])c(OC([H])([H])[H])n1[H]
18,18,1,[H]OC1(C([H])=O)C([H])([H])OC2(C([H])([H])[H])OC21[H]
20,20,1,[H]C(=O)C1([H])C([H])([H])C1(N1C([H])([H])C1([H])[H])C([H])([H])[H]
18,18,1,[H]Oc1c(N2C([H])([H])OC2([H])[H])c([H])n([H])c1[H]
19,19,1,[H]C([H])([H])N1C([H])([H])C12C([H])([H])OC([H])([H])C2([H])[H]
17,17,1,[H]Oc1c(C([H])([H])[H])oc(N([H])[H])c1N([H])[H]
21,20,0,
19,18,0,[H]C(=O)C(N([H])[H])C([H])([H])C([H])([H])C1([H])OC1([H])[H]
14,11,0,
21,21,1,[H]C1=NC2([H])C([H])(C([H])([H])[H])N([H])C2(C([H])([H])[H])C1([H])[H]
20,20,1,[H]N(C([H])([H])C([H])([H])[H])C([H])([H])C1([H])N([H])C1([H])C#N
16,15,0,[H]N(C(=O)O)C([H])([H])N([H])C(=O)C([H])([H])[H]
19,17,0,[H]C1=C([H])C(N([H])[H])C(N([H])C([H])([H])[H])C([H])=C1[H]
21,18,0,
21,21,1,[H]C([H])([H])C12OC3([H])C([H])([H])C([H])(C([H])([H])C1([H])[H])C32[H]
17,17,1,[H]C1=C(C([H])([H])[H])C([H])([H])N2C([H])(C#N)C12[H]
16,16,1,[H]C1([H])C([H])([H])C2(C(=O)C#N)C([H])([H])C12[H]
21,21,1,[H]OC([H])(C([H])([H])[H])C1([H])C2([H])OC([H])([H])C([H])([H])C21[H]
23,23,1,[H]N=C(N([H])C([H])([H])C([H])([H])[H])C([H])(C([H])([H])[H])C([H])([H])O[H]
16,16,1,[H]c1oc(C([H])([H])C([H])([H])[H])nc1N([H])[H]
18,18,1,[H]C(=O)C1(C(=O)C([H])([H])C([H])([H])[H])N([H])C1([H])[H]
21,21,1,[H]OC1([H])C([H])([H])C2([H])OC1(C([H])([H])[H])C([H])([H])C2([H])[H]
16,16,1,[H]C1([H])C([H])(C#N)C2([H])C(=O)C1([H])C2([H])[H]
18,18,1,[H]OC1(C([H])([H])C([H])([H])[H])C(=O)C([H])([H])N=C1[H]
14,12,0,[H]C1=C([H])C([H])([H])OC2=NN([H])NC21
21,20,0,[H]C1=C(C([H])([H])[H])C2(N([H])C1[H])C([H])([H])C2([H])C([H])([H])[H]
21,21,1,[H]N1C([H])([H])C2([H])N3C([H])([H])C1([H])C([H])([H])C32C([H])([H])[H]
14,14,1,[H]OC([H])([H])Oc1oc(=O)n([H])c1[H]
15,15,1,[H]C1([H])OC([H])([H])C2(OC2([H])[H])C1([H])[H]
14,14,1,[H]c1nc(C2([H])C([H])([H])C2([H])[H])no1
24,24,1,[H]N(C([H])([H])[H])C1(C([H])([H])[H])C([H])([H])C([H])([H])C12C([H])([H])C2([H])[H]
21,21,1,[H]C1=C2C([H])([H])OC([H])([H])C2([H])C1(C([H])([H])[H])C([H])([H])[H]
21,21,1,[H]OC([H])(O[H])C(C#CC([H])([H])[H])(C([H])([H])[H])C([H])([H])[H]
19,19,1,[H]C1([H])OC1([H])C1([H])C([H])([H])C([H])([H])C12OC2([H])[H]
25,25,1,[H]OC([H])(C([H])([H])N([H])C([H])([H])[H])C([H])([H])C([H])(C([H])=O)C([H])([H])[H]
15,15,1,[H]C1([H])OC2([H])C(=O)C(=O)C1([H])C2([H])[H]
17,17,1,[H]C#Cc1c(O[H])c(O[H])n([H])c1C([H])([H])[H]
18,18,1,[H]OC([H])(C#N)C1([H])C([H])([H])C([H])=C([H])C1([H])[H]
14,14,1,[H]OC([H])(C(=O)C#N)C1([H])OC1([H])[H]
14,14,1,[H]OC([H])([H])c1nnc(C([H])([H])[H])o1
23,22,0,[H]C([H])([H])C(N1C([H])([H])C1([H])C([H])([H])[H])C1([H])C([H])([H])C1([H])[H]
20,20,1,[H]N1C2([H])C([H])([H])OC([H])([H])C([H])([H])C3([H])C([H])([H])C123
20,20,1,[H]OC([H])([H])C1(C([H])=O)C([H])([H])C([H])(C([H])=O)C1([H])[H]
23,21,0,
19,19,1,[H]C([H])([H])C1([H])OC1([H])C1([H])OC([H])(C#N)C1([H])[H]
20,20,1,[H]OC([H])([H])C1(C([H])([H])C([H])([H])[H])OC([H])([H])C1([H])[H]
21,21,1,[H]C([H])([H])C1([H])N(C([H])([H])C([H])([H])C([H])([H])C#N)C1([H])[H]
17,17,1,[H]C(=O)C1(C([H])([H])[H])N([H])C([H])(C#N)C1([H])[H]
21,20,0,[H]OC1(C([H])([H])[H])N([H])C([H])([H])C([H])([H])C([H])([H])C1([H])O
17,17,1,[H]OC12C([H])([H])C3([H])OC1([H])C1([H])C3([H])C12[H]
21,18,0,
23,23,1,[H]OC([H])([H])C(=C([H])C([H])(O[H])C([H])([H])C([H])([H])[H])C([H])([H])[H]
16,16,1,[H]C#CC12N3C([H])([H])C1([H])C([H])=C([H])C32[H]
18,18,1,[H]C1([H])N=C2N(C1([H])[H])C([H])([H])C([H])([H])C2([H])[H]
16,14,0,[H]C1=C2C([H])C([H])(C([H])([H])O1)C1([H])NC21[H]
21,21,1,[H]OC1=C2C([H])([H])C([H])([H])C2([H])C([H])([H])C1([H])C([H])([H])[H]
21,21,1,[H]c1nc(C([H])([H])[H])n([H])c1C([H])(C([H])([H])[H])C([H])([H])[H]
19,19,1,[H]C(=O)OC1([H])C2([H])C([H])([H])C([H])([H])C12C([H])([H])[H]
20,20,1,[H]N([H])C(=O)C([H])([H])C1(C([H])([H])[H])OC([H])([H])C1([H])[H]
21,21,1,[H]OC1([H])N2C([H])([H])N(C([H])([H])[H])C([H])([H])C1([H])C2([H])[H]
15,14,0,
19,19,1,[H]C(=NC(=O)C([H])([H])C([H])([H])[H])C([H])([H])C([H])([H])[H]
17,17,1,[H]C#CC1([H])N(C([H])([H])[H])C1(C#N)C([H])([H])[H]
24,24,1,[H]C([H])([H])C1(N2C([H])([H])C([H])([H])C([H])([H])C2([H])[H])C([H])([H])C1([H])[H]
20,20,1,[H]N(C(=O)C1([H])C2([H])C([H])([H])C1([H])C2([H])[H])C([H])([H])[H]
22,22,1,[H]N1C2([H])C1([H])C1(C([H])(C([H])([H])[H])C([H])([H])[H])C([H])([H])C21[H]
19,19,1,[H]C([H])([H])C12OC([H])([H])C3([H])OC1([H])C2([H])C3([H])[H]
21,21,1,[H]c1c(C([H])([H])C([H])([H])[H])c([H])n([H])c1N([H])C([H])([H])[H]
15,15,1,[H]C1([H])C2([H])C3([H])C4([H])C(=O)OC13C42[H]
17,16,0,[H]C1N=NOC12N([H])C2([H])C([H])([H])C([H])([H])[H]
15,14,0,
15,15,1,[H]N=C1N([H])C([H])([H])C([H])([H])C12OC2=O
17,17,1,[H]C#CC1(N([H])C([H])=N[H])C([H])([H])OC1([H])[H]
18,18,1,[H]OC([H])([H])C([H])(O[H])C([H])([H])C(=O)C([H])([H])[H]
19,19,1,[H]OC([H])([H])C1(C([H])([H])[H])C(=O)C([H])([H])C([H])=C1[H]
18,18,1,[H]C1([H])ON1C1([H])C([H])([H])C2([H])OC21C([H])([H])[H]
17,17,1,[H]Oc1c([H])c([H])c2n1C([H])([H])C([H])([H])N2[H]
16,16,1,[H]C(=O)C1=NC([H])([H])C([H])([H])N1C([H])([H])[H]
19,19,1,[H]OC1([H])C([H])([H])C12C([H])([H])C(=O)C([H])([H])C2([H])[H]
12,10,0,[H]C1=NN2NNC(N([H])[H])=C2O1
20,20,1,[H]C#CC1(N([H])[H])C([H])([H])C1([H])C([H])([H])C([H])([H])O[H]
24,23,0,[H]OC([H])C([H])(C([H])([H])O[H])C([H])([H])C([H])([H])C([H])([H])C([H])([H])[H]
21,21,1,[H]C([H])([H])OC1([H])C2([H])C3([H])C([H])([H])C1(C([H])([H])[H])C32[H]
21,21,1,[H]C([H])([H])OC([H])([H])OC1([H])C([H])([H])OC([H])([H])C1([H])[H]
18,18,1,[H]C1([H])C([H])([H])C12N=C(C1([H])C([H])([H])C1([H])[H])O2
18,18,1,[H]C(=O)C([H])([H])C([H])(OC([H])([H])[H])OC([H])([H])[H]
14,14,1,[H]C#CC1(C([H])([H])[H])C([H])([H])C1([H])[H]
20,19,0,[H]C1([H])C([H])(O)C([H])([H])C2([H])C1([H])C1([H])C([H])([H])C21[H]
21,20,0,[H]C1=C([H])C2([H])N([H])C2([H])C([H])([H])C1C([H])([H])C([H])([H])[H]
19,19,1,[H]OC(C([H])=O)(C([H])([H])[H])C([H])([H])C#CC([H])([H])[H]
15,15,1,[H]C#CC1([H])OC2([H])C(=O)C1([H])C2([H])[H]
17,17,1,[H]N=C1N=NC([H])(C([H])([H])[H])C(N([H])[H])=C1[H]
13,13,1,[H]C([H])([H])OC([H])([H])C([H])([H])C#N
17,17,1,[H]N1C2([H])N3C([H])([H])C34C([H])([H])OC([H])([H])C124
21,21,1,[H]C([H])([H])C#CC1([H])C([H])([H])C1([H])OC([H])([H])C([H])([H])[H]
17,17,1,[H]C#CC1([H])N(C([H])([H])[H])C(=O)N([H])C1([H])[H]
16,16,1,[H]OC(C#CC([H])([H])[H])(C([H])=O)C([H])([H])[H]
18,18,1,[H]N=C1OC([H])(C([H])([H])[H])C(=N[H])N1C([H])([H])[H]
12,10,0,
17,15,0,
14,14,1,[H]C(=O)Oc1nnc(C([H])([H])[H])n1[H]
16,16,1,[H]C1([H])OC1([H])C1([H])C(=O)C2([H])N1C2([H])[H]
18,18,1,[H]C#CC([H])([H])C1([H])C([H])([H])N([H])C1([H])C#C[H]
15,15,1,[H]OC([H])([H])c1oc(C([H])([H])[H])nc1[H]
23,23,1,[H]N([H])C(=O)C([H])([H])C([H])(N(C([H])([H])[H])C([H])([H])[H])C([H])([H])[H]
21,21,1,[H]C([H])([H])C12C([H])([H])OC3([H])C([H])(C([H])([H])C31[H])C2([H])[H]
15,15,1,[H]C(=O)C1([H])C([H])([H])C([H])([H])C1([H])C#N
18,17,0,
19,19,1,[H]OC1(O[H])C([H])([H])C([H])([H])C2(C([H])([H])[H])OC12[H]
18,18,1,[H]N([H])C(=O)C(C#N)(N([H])C([H])([H])[H])C([H])([H])[H]
18,18,1,[H]C(=O)N([H])C(=NN([H])[H])OC([H])([H])C([H])([H])[H]
19,19,1,[H]OC([H])([H])C1([H])C([H])(O[H])C([H])([H])C12OC2([H])[H]
19,19,1,[H]C#CC([H])([H])C12C([H])([H])C([H])(C1([H])[H])C2([H])O[H]
21,21,1,[H]C#CC([H])([H])OC([H])([H])C([H])([H])C([H])(O[H])C([H])([H])[H]
16,16,1,[H]C#CC1(O[H])C([H])([H])C(=NO[H])C1([H])[H]
22,22,1,[H]OC([H])([H])N1C([H])([H])C([H])(C([H])([H])[H])C2([H])C([H])([H])C12[H]
17,17,1,[H]C1([H])OC1([H])C(=O)C1([H])C([H])([H])OC1([H])[H]
14,13,0,[H]c1nonc1C(N([H])[H])C([H])([H])[H]
18,18,1,[H]N=C1C([H])(O[H])C1(C([H])([H])[H])C1([H])OC1([H])[H]
15,15,1,[H]N([H])C1=NC([H])([H])C([H])([H])C1([H])C#N
14,14,1,[H]C#Cc1c([H])oc(=O)n1C([H])([H])[H]
19,19,1,[H]OC([H])(O[H])C(=O)C([H])(C([H])([H])[H])C([H])([H])O[H]
20,18,0,
16,16,1,[H]N1C2([H])C3([H])OC3([H])C12C1([H])OC1([H])[H]
17,17,1,[H]OC([H])([H])C1(O[H])C([H])([H])C2([H])N([H])C21[H]
12,9,0,[H]OC1C(=O)NC([H])C1([H])C#N
18,18,1,[H]OC(=O)C(C#CC([H])([H])[H])(N([H])[H])C([H])([H])[H]
16,15,0,
19,19,1,[H]OC([H])([H])C1([H])OC([H])([H])C2(O1)C([H])([H])C2([H])[H]
19,19,1,[H]C(=O)N([H])C1([H])C([H])([H])N2C([H])([H])C([H])([H])C21[H]
10,8,0,
17,17,1,[H]C([H])([H])C([H])([H])C([H])(C(=O)C#N)C([H])([H])[H]
20,20,1,[H]OC([H])([H])C1(O[H])C([H])([H])OC2([H])C([H])([H])C21O[H]
11,11,1,[H]N=C([H])N(C([H])=O)C([H])=O
20,20,1,[H]OC1([H])C([H])([H])N(C([H])=O)C([H])(C([H])([H])[H])C1([H])[H]
15,15,1,[H]N([H])c1c(C([H])([H])[H])n([H])c(=O)n1[H]
16,16,1,[H]C#CC1=C([H])C2([H])C([H])([H])C3([H])N1C23[H]
15,15,1,[H]C#CC([H])([H])C(=O)C(=O)C(=O)N([H])[H]
19,19,1,[H]C#CC([H])([H])C1([H])OC([H])([H])OC([H])=NC1([H])[H]
16,15,0,[H]C12OC1([H])C([H])([H])C13C2OC1([H])C3([H])[H]
11,11,1,[H]ON=C1N=C([H])N([H])C1=O
21,21,1,[H]N1C([H])([H])C2([H])OC([H])([H])C2([H])N([H])C1([H])C([H])([H])[H]
23,23,1,[H]C([H])([H])N1C([H])(C([H])([H])[H])C([H])([H])C1([H])C([H])([H])C([H])([H])[H]
12,12,1,[H]c1noc(C#N)c1C([H])([H])[H]
22,22,1,[H]OC([H])([H])C([H])([H])C([H])([H])C([H])([H])N([H])C(=O)C([H])([H])[H]
20,20,1,[H]C([H])([H])OC1([H])N(C([H])([H])[H])C2(OC2([H])[H])C1([H])[H]
15,15,1,[H]C(=O)C1(C#N)C([H])([H])N2C([H])([H])C21[H]
17,17,1,[H]OC([H])([H])C1=NC2([H])N([H])C2([H])C1([H])O[H]
17,17,1,[H]C#CC([H])([H])C1([H])N([H])C([H])([H])C1([H])C#N
19,18,0,[H]C1C([H])([H])C2([H])OC2([H])C2([H])N([H])C2([H])C1([H])[H]
20,20,1,[H]OC([H])([H])C1([H])C2([H])N(C2([H])[H])C12C([H])([H])C2([H])[H]
13,13,1,[H]C1([H])OC([H])([H])C([H])(C#N)C1=O
17,17,1,[H]C#CC1([H])N=C2N([H])C2([H])C([H])([H])C1([H])[H]
17,17,1,[H]OC12N(C([H])=NC([H])([H])OC1([H])[H])C2([H])[H]
15,15,1,[H]C([H])([H])c1onc(C#N)c1C([H])([H])[H]
18,18,1,[H]N=C1OC([H])([H])C([H])([H])C([H])(C([H])([H])[H])C1=O
19,19,1,[H]N(C1=NC([H])([H])C2([H])OC([H])([H])C12[H])C([H])([H])[H]
19,19,1,[H]C1=NC([H])(C2(N([H])[H])N([H])C2([H])[H])N([H])C1([H])[H]
25,25,1,[H]C1=C([H])C(C([H])([H])[H])(C([H])([H])[H])C([H])([H])C([H])([H])C1([H])C([H])([H])[H]
18,18,1,[H]C1([H])N2C3([H])C(=O)C1([H])C([H])([H])C2([H])C3([H])[H]
17,17,1,[H]C([H])([H])C1([H])OC1([H])C1([H])C([H])([H])C1([H])[H]
18,18,1,[H]C(=O)C12N(C([H])([H])[H])C1([H])C([H])=C([H])C2([H])[H]
5,5,1,[H]C([H])([H])[H]
15,15,1,[H]c1nonc1OC1([H])C([H])([H])C1([H])[H]
17,17,1,[H]C1([H])N2C1([H])C1([H])C3([H])C([H])([H])C2([H])C31[H]
18,18,1,[H]C([H])([H])C1([H])C([H])(C#N)C2([H])C([H])([H])OC12[H]
19,19,1,[H]C1([H])OC([H])([H])C([H])(C2([H])C([H])([H])C2([H])[H])C1=O
21,21,1,[H]ON=C([H])C([H])(C([H])([H])[H])C([H])([H])C([H])([H])C([H])([H])[H]
19,19,1,[H]OC([H])([H])C1=C([H])C2(OC2([H])[H])C([H])([H])C1([H])[H]
18,18,1,[H]OC([H])([H])C12C([H])=C([H])C([H])([H])C1([H])C2([H])[H]
16,15,0,[H]C#CC([H])(C#N)N1C([H])C([H])([H])C1([H])[H]
20,20,1,[H]C([H])([H])OC(=O)C([H])(OC([H])([H])[H])C(=O)C([H])([H])[H]
14,11,0,
19,19,1,[H]C([H])([H])C12OC3([H])C([H])(OC31C([H])([H])[H])C2([H])[H]
14,14,1,[H]c1nc(N([H])C([H])([H])[H])oc1C#N
13,13,1,[H]N=C(C(=O)N([H])[H])C([H])([H])C#N
17,16,0,
20,20,1,[H]N1C([H])([H])C1([H])C(=NC([H])([H])[H])C([H])([H])C([H])([H])[H]
18,18,1,[H]OC1([H])C([H])([H])C([H])([H])C12C([H])([H])C2([H])O[H]
19,19,1,[H]C(=NC([H])([H])[H])N1C([H])([H])C(=O)C1([H])C([H])([H])[H]
19,19,1,[H]C([H])([H])C1(C([H])([H])[H])C([H])([H])C1([H])C([H])([H])C#N
15,15,1,[H]C([H])([H])N=c1oc(=O)n(C([H])([H])[H])o1
18,18,1,[H]C#CC1(N([H])C([H])([H])[H])OC([H])([H])OC1([H])[H]
13,13,1,[H]N=C1N=C([H])N=C([H])C([H])=NO1
23,23,1,[H]OC([H])([H])C([H])(N([H])C([H])(C([H])([H])[H])C([H])([H])[H])C([H])([H])[H]
21,21,1,[H]C([H])([H])C12C([H])([H])C3([H])OC([H])(C1([H])[H])C3([H])C2([H])[H]
23,23,1,[H]N1C([H])([H])N(C([H])([H])[H])C([H])([H])C2(C([H])([H])[H])C([H])([H])C12[H]
18,17,0,
11,10,0,
21,21,1,[H]C#CC(=O)C([H])(C([H])([H])[H])C([H])(C([H])([H])[H])C([H])([H])[H]
25,25,1,[H]N([H])C([H])([H])C([H])(C([H])([H])[H])C1([H])OC([H])([H])C2([H])C([H])([H])C12[H]
20,20,1,[H]C([H])([H])C1([H])C([H])([H])C12C([H])([H])C2(C#N)C([H])([H])[H]
19,19,1,[H]C#CC1([H])C(=N[H])N(C([H])([H])[H])C([H])([H])C1([H])[H]
17,17,1,[H]C1([H])N=C2OC([H])([H])C3([H])N1C23C([H])([H])[H]
13,13,1,[H]c1nnc(C([H])([H])[H])nc1C#N
21,21,1,[H]OC1([H])C([H])([H])N=C([H])C1(N([H])[H])C([H])([H])C([H])([H])[H]
13,13,1,[H]N=C1C2([H])N3C([H])([H])C2([H])C13[H]
16,15,0,
19,19,1,[H]OC([H])(C([H])=O)C1=C([H])C([H])([H])C1([H])C([H])([H])[H]
20,20,1,[H]N([H])C([H])(C([H])([H])C#N)C1(C([H])([H])[H])N([H])C1([H])[H]
20,20,1,[H]OC1([H])C2([H])C([H])([H])C([H])([H])C1(C([H])([H])[H])C2([H])[H]
21,21,1,[H]C1([H])OC1([H])C1([H])C([H])([H])C([H])([H])C2([H])C([H])([H])C21[H]
16,16,1,[H]C(=O)C12OC3([H])N(C([H])([H])C1([H])[H])C32[H]
19,19,1,[H]C1=C2C([H])([H])C([H])([H])OC23C([H])([H])C3([H])C1([H])[H]
14,14,1,[H]OC12N(C1([H])[H])C([H])(C#N)C2([H])[H]
19,19,1,[H]C1([H])OC2([H])C3([H])OC([H])([H])C2([H])C2([H])N1C32[H]
12,11,0,[H]OC1([H])C2([H])NOC(=O)C21[H]
13,4,0,
15,15,1,[H]C#CC([H])([H])c1nc([H])n([H])c1O[H]
21,21,1,[H]C([H])([H])C1([H])C2([H])C([H])([H])C3([H])C14C([H])([H])C([H])([H])C234
17,17,1,[H]C(=O)C([H])([H])c1oc([H])c(C([H])([H])[H])c1[H]
15,15,1,[H]C(=O)C1([H])OC(=O)C([H])=C([H])C1([H])[H]
18,18,1,[H]C([H])([H])C12N3C([H])([H])C([H])(C(=O)C31[H])C2([H])[H]
16,16,1,[H]C(=O)C([H])([H])c1nc([H])c([H])c([H])c1[H]
10,9,0,[H]C(=O)C1N=NN([H])N=N1
16,16,1,[H]C#CC12C([H])([H])C3([H])C([H])([H])C1([H])C32[H]
17,17,1,[H]OC(C(=O)C(=O)N([H])[H])(N([H])[H])C([H])([H])[H]
13,12,0,[H]C(=O)C([H])([H])N=C1ON=NC1[H]
17,17,1,[H]N=C([H])N(C(=N[H])C([H])([H])C#N)C([H])([H])[H]
15,14,0,[H]C1OC(=NC2([H])OC2([H])[H])C([H])([H])O1
19,19,1,[H]C1=C([H])C2([H])OC2([H])C([H])([H])C([H])([H])C([H])([H])O1
17,17,1,[H]OC1([H])OC(=O)OC([H])(C([H])([H])[H])C1([H])[H]
21,21,1,[H]C([H])([H])OC(=O)C1([H])C([H])([H])C1([H])C([H])([H])C([H])([H])[H]
21,20,0,[H]C(=O)N(C([H])C([H])([H])[H])C1(C([H])([H])[H])C([H])([H])C1([H])[H]
19,19,1,[H]OC([H])([H])C1=NN2C([H])([H])C1([H])C2([H])C([H])([H])[H]
20,18,0,
14,13,0,[H]C#CC([H])([H])C([H])([H])C(C#N)C#N
15,15,1,[H]N=C1OC([H])(C([H])=O)C1([H])C([H])([H])[H]
19,19,1,[H]C1([H])N2C([H])(C([H])([H])C1([H])[H])C1([H])C([H])([H])C21[H]
19,18,0,[H]C(=O)C1C([H])([H])C([H])([H])N([H])C12C([H])([H])C2([H])[H]
20,20,1,[H]OC1([H])C([H])([H])OC([H])([H])C2([H])C([H])([H])C12N([H])[H]
19,19,1,[H]C([H])([H])C(=O)C1([H])OC2([H])C([H])([H])C2([H])C1([H])[H]
15,15,1,[H]N=c1oc(=NC([H])([H])[H])oc([H])c1[H]
19,19,1,[H]OC([H])(C([H])([H])[H])C1([H])C(=O)OC1([H])C([H])([H])[H]
17,15,0,[H]C(=O)C1C(N([H])[H])C([H])=C([H])N1C([H])([H])[H]
16,16,1,[H]C(=O)C([H])(C([H])=O)N([H])C(=O)C([H])([H])[H]
25,25,1,[H]C([H])([H])C1([H])C2([H])C(C([H])([H])[H])(C([H])([H])[H])C([H])([H])C12C([H])([H])[H]
17,17,1,[H]OC([H])([H])C12C([H])([H])N(C1([H])[H])C2([H])C#N
17,16,0,[H]OC12N([H])C1([H])C([H])=C([H])C([H])([H])C2([H])O
14,14,1,[H]c1nc(C2([H])N([H])C2([H])[H])nn1[H]
23,23,1,[H]OC([H])([H])C([H])(O[H])C1([H])C([H])([H])C([H])(C([H])([H])[H])C1([H])[H]
22,21,0,[H]OC([H])([H])C1([H])C([H])(C([H])[H])OC1([H])C([H])([H])C([H])([H])[H]
12,12,1,[H]Oc1nc([H])c(N([H])[H])n1[H]
17,17,1,[H]C#CC1(C([H])([H])[H])OC(=O)C([H])([H])C1([H])[H]
19,19,1,[H]C(=O)C12C([H])([H])OC([H])(C([H])([H])C1([H])[H])C2([H])[H]
20,20,1,[H]OC([H])([H])C12C3([H])N([H])C1(C([H])([H])[H])C32C([H])([H])[H]
18,18,1,[H]C#CC([H])([H])C12N(C1([H])[H])C1([H])C([H])([H])C12[H]
20,20,1,[H]C#CC([H])([H])C([H])(O[H])C([H])(O[H])C([H])([H])C#C[H]
18,18,1,[H]C1=NC2([H])C3([H])C([H])([H])C([H])([H])C([H])(O1)C23[H]
17,17,1,[H]C([H])([H])OC([H])([H])C([H])(C#N)OC([H])([H])[H]
22,21,0,
11,11,1,[H]c1nc([H])c(C#N)c(=O)o1
18,18,1,[H]C(=O)C1([H])N2C([H])([H])C3([H])C2([H])C3([H])C1([H])[H]
14,14,1,[H]C1([H])C(=O)C(=O)N(C([H])([H])[H])C1=O
21,21,1,[H]C1=C([H])C2([H])C([H])(C([H])=C1[H])C2(C([H])([H])[H])C([H])([H])[H]
21,20,0,[H]C1C([H])(C([H])([H])[H])N([H])C([H])([H])C12OC([H])([H])C2([H])[H]
18,17,0,[H]C1=NC(N([H])[H])C(=NC([H])([H])C([H])([H])[H])N1[H]
18,17,0,[H]OC([H])([H])C([H])([H])C([H])(C(=O)O)C([H])([H])O[H]
13,13,1,[H]C#Cc1onc([H])c1C([H])([H])[H]
21,21,1,[H]N=C1N([H])C([H])([H])C([H])(O[H])C1([H])C([H])([H])C([H])([H])[H]
21,21,1,[H]OC([H])([H])C1([H])C([H])([H])C1(C([H])([H])[H])C([H])([H])C([H])=O
19,19,1,[H]OC(C([H])([H])[H])(C([H])([H])[H])C([H])([H])C([H])([H])C#N
20,19,0,
17,17,1,[H]C1=C([H])C2([H])C3([H])OC([H])([H])C1([H])OC32[H]
19,19,1,[H]N1C([H])([H])C1(C([H])([H])[H])C1(C([H])([H])[H])OC1([H])[H]
17,15,0,
21,21,1,[H]C([H])([H])C([H])([H])C([H])([H])C(=O)C1([H])C([H])([H])OC1([H])[H]
18,18,1,[H]C(=NC([H])([H])[H])C12N([H])C([H])([H])C1([H])C2([H])[H]
20,20,1,[H]C([H])([H])C([H])([H])C12N(C([H])([H])C13OC3([H])[H])C2([H])[H]
19,18,0,[H]ON=C1C([H])([H])C([H])OC([H])([H])C([H])([H])C1([H])[H]
14,14,1,[H]N1C2([H])C([H])([H])C(=O)C([H])([H])C12[H]
16,16,1,[H]C#CC([H])(C#CC([H])([H])[H])N([H])C([H])=O
23,22,0,[H]C([H])([H])N(C([H])([H])C([H])([H])O)C([H])([H])C1([H])C([H])([H])C1([H])[H]
15,15,1,[H]C#CC1([H])C(C([H])([H])O[H])=NC1([H])[H]
18,18,1,[H]N1C([H])(C#N)C1([H])C1(C([H])([H])[H])N([H])C1([H])[H]
20,20,1,[H]N1C([H])([H])C([H])([H])C12C(=O)C([H])([H])C2([H])C([H])([H])[H]
15,15,1,[H]C(=O)N([H])C1([H])OC([H])([H])C1([H])C#N
19,19,1,[H]C([H])([H])C([H])([H])C12C3([H])OC4([H])C3([H])C1([H])C42[H]
24,24,1,[H]N(C([H])([H])[H])C1(C([H])([H])C([H])(C([H])([H])[H])C([H])([H])[H])OC1([H])[H]
21,21,1,[H]C(=NC(=O)C([H])([H])C([H])([H])[H])C([H])(N([H])[H])C([H])([H])[H]
16,16,1,[H]C1([H])OC2([H])C([H])([H])C3([H])C([H])(O1)C23[H]
17,15,0,
23,23,1,[H]C([H])=C1C([H])([H])C([H])=C([H])C([H])(C([H])([H])[H])C1([H])C([H])([H])[H]
18,18,1,[H]C([H])([H])C([H])([H])C1=NC2([H])C([H])([H])C2([H])C1=O
11,11,1,[H]C#Cc1c([H])c([H])nn1[H]
15,15,1,[H]C(=O)C1([H])C([H])([H])C2([H])C([H])([H])C12[H]
25,25,1,[H]OC([H])(C([H])([H])OC([H])([H])[H])C([H])(C([H])([H])[H])C([H])([H])C([H])([H])[H]
20,20,1,[H]N(C(=O)N([H])C1([H])N([H])C1([H])C([H])([H])[H])C([H])([H])[H]
22,22,1,[H]C([H])([H])C([H])([H])C(=O)C([H])(C([H])([H])[H])C([H])([H])C([H])([H])[H]
17,16,0,
23,23,1,[H]OC([H])([H])C1([H])C([H])([H])C([H])=C([H])C([H])(C([H])([H])[H])C1([H])[H]
16,16,1,[H]C([H])([H])C12OC1(C([H])([H])[H])C1([H])OC12[H]
13,13,1,[H]C#COC(=N[H])C(=O)C([H])([H])[H]
20,20,1,[H]C1([H])N=C2C([H])(C([H])([H])[H])C([H])([H])C2([H])C([H])([H])O1
13,13,1,[H]C1=C(N([H])[H])C2([H])OC2([H])N1[H]
23,22,0,
17,17,1,[H]OC([H])(C(=O)C([H])=O)C([H])([H])OC([H])([H])[H]
12,10,0,
21,21,1,[H]N1C(=NOC([H])([H])[H])C([H])(C([H])([H])[H])C([H])([H])C1([H])[H]
23,23,1,[H]N=C(C([H])([H])[H])C([H])([H])N=C(C([H])([H])[H])C([H])([H])C([H])([H])[H]
15,13,0,
22,22,1,[H]C([H])([H])OC([H])(C([H])([H])[H])C([H])(C#N)C([H])([H])C([H])([H])[H]
19,19,1,[H]OC1([H])C([H])=C([H])C(=O)C1([H])C([H])([H])C([H])([H])[H]
22,21,0,[H]C1C2(C([H])([H])[H])C([H])([H])C1(C([H])([H])[H])C1([H])C([H])([H])C12[H]
18,17,0,[H]C1=C([H])C2([H])OC([H])([H])C([H])C2([H])C([H])=C1[H]
20,20,1,[H]C1=C([H])C([H])([H])C([H])(C([H])([H])[H])C(=O)N([H])C1([H])[H]
14,14,1,[H]OC1([H])N=C(C#N)C2([H])N([H])C12[H]
14,14,1,[H]OC([H])([H])C([H])([H])C#CC(F)(F)F
18,17,0,
19,19,1,[H]C1=NC([H])([H])C2(N3C([H])([H])C([H])([H])C32[H])C1([H])[H]
19,19,1,[H]C([H])([H])C([H])([H])OC(=O)C([H])([H])C1([H])OC1([H])[H]
19,19,1,[H]C(=O)N([H])C([H])(C([H])=O)C([H])(N([H])[H])C([H])([H])[H]
17,17,1,[H]OC12C([H])([H])C3([H])OC31C2([H])OC([H])([H])[H]
19,19,1,[H]OC1([H])C([H])([H])C([H])([H])C12C1([H])OC([H])([H])C12[H]
14,12,0,[H]OC([H])([H])C1=C([H])N([H])NC1C#N
21,21,1,[H]C([H])([H])C1([H])N2C([H])(C([H])([H])[H])C2([H])C([H])([H])C1([H])[H]
17,17,1,[H]OC1([H])C(C([H])([H])[H])=C(C#N)N([H])C1([H])[H]
18,16,0,
20,20,1,[H]C1([H])N2C1([H])C2([H])C1([H])C([H])([H])C12C([H])([H])C2([H])[H]
14,10,0,
16,16,1,[H]c1nc2n(n1)C([H])(C([H])([H])C([H])([H])[H])O2
19,19,1,[H]C1=C([H])C2(N([H])C2([H])C([H])([H])[H])C2([H])N([H])C12[H]
15,15,1,[H]OC1=C(N([H])[H])C([H])([H])C2([H])OC12[H]
14,14,1,[H]Oc1onc(N([H])[H])c1C([H])([H])[H]
13,13,1,[H]C1([H])OC(=O)C([H])(C#N)C1([H])[H]
20,20,1,[H]OC1([H])C([H])([H])C2(N([H])[H])C([H])([H])C2([H])C1([H])O[H]
19,19,1,[H]OC([H])([H])C([H])([H])C1([H])OC([H])([H])C(=O)C1([H])[H]
16,16,1,[H]C(=O)C(=O)C1=C([H])C([H])([H])C1([H])N([H])[H]
18,18,1,[H]C([H])([H])C([H])([H])C(=O)OC1([H])C([H])([H])C1([H])[H]
23,23,1,[H]N1C([H])([H])C1([H])C([H])([H])C([H])([H])[H]
17,17,1,[H]OC([H])([H])c1nc(OC([H])([H])[H])c([H])n1[H]
19,19,1,[H]C(=O)C1([H])C([H])([H])N=C2C([H])([H])C([H])([H])OC21[H]
21,21,1,[H]C([H])([H])OC(=O)C1([H])C([H])(C([H])([H])[H])C1([H])C([H])([H])[H]
18,18,1,[H]OC1([H])C(=O)C2(C([H])([H])[H])N(C([H])([H])[H])C12[H]
15,14,0,[H]N=C([H])N1C([H])=C([H])N([H])C(=O)C1[H]
19,19,1,[H]Oc1c([H])c(N([H])C([H])([H])[H])c(C([H])([H])[H])n1[H]
20,20,1,[H]C1([H])C([H])([H])C2([H])C3([H])N4C3([H])C([H])([H])C1([H])C42[H]
20,20,1,[H]C(=O)OC([H])([H])C1(C([H])([H])[H])N(C([H])([H])[H])C1([H])[H]
16,16,1,[H]c1nn(C([H])([H])[H])c(N([H])[H])c1N([H])[H]
15,15,1,[H]OC([H])([H])OC1([H])C(=O)C2([H])OC12[H]
18,18,1,[H]N=C1C([H])=C([H])C2(C([H])([H])[H])C([H])([H])OC12[H]
14,14,1,[H]C12OC3([H])C([H])(C1=O)C([H])([H])C23[H]
19,19,1,[H]C#CC([H])([H])OC(=O)C([H])(C([H])([H])[H])C([H])([H])[H]
16,16,1,[H]OC1([H])C2([H])C(=O)C1([H])C1([H])N2C1([H])[H]
22,22,1,[H]C([H])([H])N1C([H])([H])C1(C([H])([H])[H])C1([H])OC1([H])C([H])([H])[H]
16,14,0,
15,15,1,[H]OC([H])([H])C(=O)N([H])C([H])([H])C([H])=O
16,16,1,[H]N([H])C([H])(c1noc(=O)n1[H])C([H])([H])[H]
19,19,1,[H]C1=C2C([H])([H])C3([H])C2([H])C2(C([H])([H])[H])C1([H])C32[H]
25,25,1,[H]N(C([H])([H])[H])C([H])([H])C([H])([H])C1(C([H])([H])[H])C([H])([H])N([H])C1([H])[H]
17,17,1,[H]C#CC([H])([H])C([H])(O[H])C([H])([H])C([H])([H])[H]
18,18,1,[H]N([H])C1(C([H])([H])C([H])([H])[H])C(=O)C2([H])OC21[H]
17,16,0,[H]N=C1C([H])([H])C2([H])C([H])C3([H])OC2([H])C13[H]
17,17,1,[H]N([H])N([H])C1=NC([H])(C([H])([H])[H])N([H])C1=O
16,16,1,[H]OC([H])(C([H])([H])[H])C1([H])C(=O)C1([H])C#N
13,11,0,[H]OC([H])([H])C1=NNNC([H])=C1[H]
14,14,1,[H]N=c1c(O[H])c([H])n([H])c(=O)n1[H]
21,21,1,[H]N=C([H])OC([H])([H])C([H])([H])C1([H])N([H])C1([H])C([H])([H])[H]
19,18,0,[H]C1=C([H])C2([H])C([H])N3C([H])(C1([H])[H])C32C([H])([H])[H]
19,19,1,[H]C([H])(C#N)C([H])([H])C([H])([H])C1([H])C([H])([H])C1([H])[H]
14,14,1,[H]C#CC1([H])C([H])([H])C1(C#N)C#C[H]
21,21,1,[H]C([H])([H])C12C([H])([H])C([H])([H])C1(C1([H])OC1([H])[H])C2([H])[H]
17,17,1,[H]N=C([H])C1([H])C([H])(O[H])C12N([H])C2([H])O[H]
21,21,1,[H]C1=C(C([H])([H])C([H])([H])[H])C2([H])N([H])C2([H])C1([H])N([H])[H]
21,21,1,[H]C([H])([H])C([H])([H])C([H])([H])C([H])([H])C1([H])C([H])([H])C1([H])[H]
18,18,1,[H]OC([H])([H])C1([H])C2=NC3([H])C([H])(C2([H])[H])C31[H]
16,16,1,[H]C#CC([H])(C([H])=O)C([H])(C#N)C([H])([H])[H]
22,22,1,[H]C([H])([H])C1([H])C([H])([H])C1([H])C1(C([H])([H])[H])C([H])([H])C1([H])[H]
23,23,1,[H]N1C([H])([H])C2([H])N(C([H])([H])[H])C2([H])C1([H])C([H])([H])C([H])([H])[H]
16,16,1,[H]N1C2([H])C(=O)C1([H])C([H])([H])C(=O)C2([H])[H]
16,15,0,[H]C1OC([H])([H])C12N1C([H])([H])N3C1([H])C32[H]
16,16,1,[H]C#CC([H])=C(C([H])([H])[H])C([H])([H])C([H])=O
17,16,0,[H]N=C(OC([H])C(=O)C([H])([H])O[H])C([H])([H])[H]
19,19,1,[H]N=C1N([H])C([H])=NC([H])([H])C([H])([H])N1C([H])([H])[H]
17,17,1,[H]C#CC1(C([H])([H])C([H])=O)OC([H])([H])C1([H])[H]
17,16,0,[H]C1OC(=O)C([H])([H])C([H])([H])C12N([H])C2([H])[H]
21,21,1,[H]C([H])([H])OC1([H])C2([H])N3C1([H])C3(OC([H])([H])[H])C2([H])[H]
17,16,0,
14,14,1,[H]N=c1c([H])c(F)c([H])c(O[H])n1[H]
17,17,1,[H]C(=O)C(C#CC([H])([H])[H])(C([H])=O)C([H])([H])[H]
19,19,1,[H]C#CC([H])([H])C([H])(OC(=O)C([H])([H])[H])C([H])([H])[H]
19,19,1,[H]C([H])([H])C1([H])N2C1([H])C21C([H])([H])C([H])([H])C1([H])[H]
20,20,1,[H]N1C([H])([H])C2(C#N)OC2([H])C([H])(C([H])([H])[H])C1([H])[H]
27,27,1,[H]C([H])([H])OC([H])(C([H])([H])[H])C(C([H])([H])[H])(C([H])([H])[H])C([H])([H])C([H])([H])[H]
18,17,0,
15,15,1,[H]c1nc(C2([H])OC([H])([H])C2([H])[H])no1
21,21,1,[H]OC12C([H])([H])C3([H])N([H])C14C([H])([H])C([H])([H])C34C2([H])[H]
20,20,1,[H]N1C([H])(C([H])([H])[H])N=C(C([H])([H])[H])C2([H])N([H])C12[H]
16,16,1,[H]C([H])([H])C1([H])C2([H])N3C([H])([H])C2([H])C31[H]
17,17,1,[H]C1=C([H])C2([H])N(C(=O)C([H])([H])[H])N2C1([H])[H]
17,17,1,[H]C(=O)C1([H])N([H])C(OC([H])([H])[H])=NC1([H])[H]
17,17,1,[H]C([H])([H])OC12C(=O)C([H])([H])OC1([H])C2([H])[H]
21,21,1,[H]C(=O)C(C([H])([H])[H])(C([H])([H])[H])C1([H])OC1([H])C([H])([H])[H]
20,20,1,[H]C1=C([H])C2([H])C([H])([H])N([H])C2([H])OC([H])([H])C1([H])[H]
18,18,1,[H]c1nn(C([H])([H])C([H])([H])C([H])([H])[H])c([H])c1[H]
18,18,1,[H]N=C([H])C1([H])C([H])([H])C1([H])C1([H])N([H])C1([H])[H]
19,19,1,[H]OC1(C([H])([H])[H])C([H])([H])C([H])=C([H])N([H])C1([H])[H]
18,18,1,[H]C1([H])C2([H])OC34C5([H])OC5([H])C([H])([H])C23C14[H]
13,13,1,[H]c1nc(C#CC([H])([H])[H])n([H])n1
17,17,1,[H]OC([H])(c1nonc1[H])C([H])([H])C([H])([H])[H]
12,12,1,[H]c1oc2c([H])n([H])nc2c1[H]
18,18,1,[H]OC(=O)C([H])([H])C1(C([H])([H])[H])C([H])([H])C1([H])[H]
15,15,1,[H]OC1([H])N([H])C12C([H])([H])C1([H])OC12[H]
17,17,1,[H]OC12C([H])([H])C1([H])OC(=O)C2([H])C([H])([H])[H]
18,17,0,[H]C(=NC([H])([H])[H])N1C(=O)C([H])([H])C([H])([H])C1[H]
20,18,0,[H]C#CC([H])(C([H])([H])O)C([H])(O)C([H])([H])C([H])([H])O[H]
17,16,0,[H]C([H])OC(=O)C1([H])C([H])([H])OC1([H])N([H])[H]
16,15,0,
19,19,1,[H]OC([H])([H])C1([H])C([H])(O[H])C([H])([H])C2([H])OC21[H]
16,16,1,[H]c1nc(OC([H])([H])[H])c(OC([H])([H])[H])o1
18,18,1,[H]N1C([H])([H])C2([H])C([H])([H])C(=O)C3([H])C1([H])C32[H]
14,12,0,[H]N=C1C(O)C([H])=C([H])N1C([H])([H])[H]
19,19,1,[H]C(=O)C1([H])C([H])([H])C([H])([H])C(=O)C1([H])C([H])([H])[H]
16,16,1,[H]N=c1c(C([H])([H])[H])noc(N([H])[H])c1[H]
17,17,1,[H]C(=O)C12OC([H])([H])C1([H])C1([H])C([H])([H])C21[H]
17,17,1,[H]C1=NC2([H])C3(C([H])([H])[H])OC([H])([H])C23N1[H]
11,9,0,
18,18,1,[H]N=C(C(=O)C([H])([H])[H])C([H])([H])C(=O)C([H])([H])[H]
13,13,1,[H]C([H])([H])C1([H])OC(=O)OC1([H])[H]
14,14,1,[H]ON=c1nc([H])oc([H])c1N([H])[H]
19,19,1,[H]N=C(OC([H])([H])C([H])([H])[H])C1([H])C([H])([H])C1([H])[H]
18,18,1,[H]C#CC1(C([H])([H])[H])C([H])([H])C2([H])C([H])([H])C21[H]
19,19,1,[H]OC1([H])C([H])([H])C12C1([H])OC([H])=NC([H])([H])C12[H]
20,20,1,[H]N([H])C(=O)OC1([H])C([H])([H])C1(C([H])([H])[H])C([H])([H])[H]
18,18,1,[H]C(=O)C1([H])OC1(C([H])=C([H])N([H])[H])C([H])([H])[H]
17,17,1,[H]C1([H])C(=O)C2([H])C([H])([H])C(=O)C2([H])C1([H])[H]
15,15,1,[H]OC1([H])OC([H])([H])N=C1C([H])([H])C#N
19,19,1,[H]C(=O)C1(C([H])([H])[H])C([H])([H])N2N([H])C21C([H])([H])[H]
20,20,1,[H]C(=O)C1([H])N([H])C2([H])C([H])([H])C1(C([H])([H])[H])C2([H])[H]
15,14,0,[H]C1([H])OC2([H])C3OC1([H])C3([H])C2([H])[H]
18,18,1,[H]C(=O)C1([H])N([H])C1([H])C1(C([H])([H])[H])OC1([H])[H]
15,15,1,[H]Oc1oc(C([H])([H])[H])nc1C([H])([H])[H]
23,23,1,[H]N([H])C([H])([H])C12C([H])([H])C1([H])C13C([H])([H])C([H])([H])C1([H])C23[H]
13,12,0,
15,15,1,[H]c1c(C([H])([H])N([H])[H])noc(=O)c1[H]
20,20,1,[H]C1=C([H])C2([H])OC([H])([H])C([H])([H])C2([H])N1C([H])([H])[H]
22,22,1,[H]N1C([H])([H])C2([H])OC([H])(C([H])([H])[H])C([H])([H])C1([H])C2([H])[H]
15,15,1,[H]N=C1N2C1([H])C1([H])C3([H])OC1([H])C23[H]
18,18,1,[H]C#CC12OC([H])(C([H])([H])[H])C([H])([H])C1([H])N2[H]
18,18,1,[H]C([H])([H])C12OC([H])(C([H])([H])OC1([H])[H])C2([H])[H]
20,20,1,[H]OC12N3C([H])(C1([H])[H])C3([H])C([H])(C([H])([H])[H])C2([H])[H]
22,22,1,[H]OC([H])([H])C1([H])C([H])([H])N(C([H])([H])[H])C12C([H])([H])C2([H])[H]
22,22,1,[H]OC([H])(N(C([H])([H])[H])C1([H])OC1([H])[H])C([H])([H])C([H])([H])[H]
19,19,1,[H]C1=C([H])N([H])C([H])([H])C([H])=C1C1([H])N([H])C1([H])[H]
17,17,1,[H]N1N2C3([H])C4([H])OC3([H])C4([H])C12C([H])([H])[H]
16,16,1,[H]OC12C([H])([H])C(=O)C3([H])N(C1([H])[H])C32[H]
15,15,1,[H]N=C1OC(=N[H])C([H])(O[H])C([H])([H])O1
21,21,1,[H]OC12C(=C([H])C([H])([H])[H])C([H])([H])C1(C([H])([H])[H])C2([H])[H]
25,25,1,[H]C([H])([H])N(C([H])([H])C([H])([H])C([H])([H])[H])C([H])([H])C([H])([H])C([H])([H])[H]
10,10,1,[H]C#CC(=O)C(=O)C#C[H]
11,11,1,[H]C#CC(=O)OC([H])([H])C#N
17,17,1,[H]N([H])C([H])([H])C([H])(OC(=O)C#N)C([H])([H])[H]
16,16,1,[H]N([H])C1([H])C(=NC([H])([H])[H])OC1([H])C#N
17,17,1,[H]C1([H])OC2(C([H])([H])[H])OC2(C([H])([H])[H])C1=O
18,18,1,[H]C#CC([H])([H])C1([H])N(C([H])([H])[H])C(=O)C1([H])[H]
19,19,1,[H]C([H])([H])OC([H])([H])C1([H])C([H])([H])N2C([H])([H])C21[H]
16,13,0,
19,18,0,[H]OC12C([H])([H])C([H])([H])C([H])([H])N([H])C1([H])C2([H])O
14,12,0,[H]C#CC1=C([H])C(C#C[H])C([H])N1[H]
17,17,1,[H]OC([H])(C(=O)OC([H])([H])N([H])[H])C([H])([H])[H]
18,17,0,
21,20,0,[H]OC12C([H])C3(OC3([H])[H])C([H])([H])C1([H])C2([H])C([H])([H])[H]
14,14,1,[H]C(=O)c1c(N([H])[H])n([H])c(=O)n1[H]
17,17,1,[H]N(C(=O)C([H])([H])[H])C(=O)C([H])([H])C([H])([H])[H]
25,25,1,[H]OC([H])(C([H])([H])C([H])(C([H])([H])[H])C([H])([H])[H])C1([H])C([H])([H])C1([H])[H]
21,21,1,[H]C1=C([H])C([H])(C([H])([H])[H])C([H])([H])C([H])([H])N2N1C2([H])[H]
17,17,1,[H]OC([H])([H])C1([H])OC([H])([H])C(=O)C([H])=C1[H]
25,25,1,[H]N1C([H])([H])N([H])C([H])(C([H])([H])[H])C([H])([H])C([H])(C([H])([H])[H])C1([H])[H]
19,19,1,[H]C1=NC([H])([H])C2([H])N([H])C1(OC([H])([H])[H])C2([H])[H]
12,11,0,
20,19,0,[H]N=C1N([H])C([H])([H])C(C([H])([H])[H])C([H])=C([H])C1([H])[H]
16,15,0,[H]C1=NOC(=C([H])N([H])[H])C1OC([H])([H])[H]
15,13,0,
16,16,1,[H]C1=C2N(C([H])([H])OC2([H])[H])C([H])([H])C1=O
18,18,1,[H]C#CC([H])([H])C([H])([H])OC([H])(C#N)C([H])([H])[H]
18,18,1,[H]OC1([H])OC1([H])C1([H])C([H])=C([H])N([H])C1([H])[H]
25,25,1,[H]C1([H])N(C([H])([H])C([H])([H])C([H])([H])[H])N1C([H])(C([H])([H])[H])C([H])([H])[H]
19,19,1,[H]N1C2=NC([H])([H])OC2([H])C([H])(C([H])([H])[H])C1([H])[H]
17,16,0,[H]C(=O)C([H])N([H])C([H])(C#N)C([H])([H])N([H])[H]
16,16,1,[H]C#CC12OC1([H])C1([H])C([H])(N([H])[H])C21[H]
19,19,1,[H]N1C2([H])C(=O)N(C([H])([H])[H])C([H])([H])C12C([H])([H])[H]
17,17,1,[H]C(=O)C1([H])OC1(C([H])=O)C([H])([H])C([H])([H])[H]
21,21,1,[H]N([H])C(=O)C1([H])N([H])C1(C([H])([H])[H])C([H])([H])C([H])([H])[H]
19,19,1,[H]C(=O)C1(C([H])([H])[H])C([H])([H])C([H])([H])C12OC2([H])[H]
19,19,1,[H]OC(O[H])(C1=C([H])C([H])([H])C([H])=C1[H])C([H])([H])[H]
17,16,0,[H]N=C1C(N([H])[H])=NC([H])([H])C([H])([H])C1O[H]
17,17,1,[H]OC12C([H])=C([H])C([H])([H])C1(C([H])=O)C2([H])[H]
19,19,1,[H]OC1([H])C(C([H])([H])[H])=C([H])C2([H])C([H])(O[H])C12[H]
27,27,1,[H]OC([H])(C([H])([H])C([H])([H])[H])C(C([H])([H])[H])(C([H])([H])[H])C([H])([H])C([H])([H])[H]
23,23,1,[H]C([H])([H])C1([H])OC2([H])C([H])([H])C([H])(C2([H])[H])C1([H])C([H])([H])[H]
22,21,0,[H]OC(C([H])([H])[H])C([H])([H])C([H])(OC([H])([H])[H])C([H])([H])O[H]
20,20,1,[H]C1=C([H])C2([H])C([H])([H])C([H])([H])C3([H])N([H])C1([H])C23[H]
19,18,0,[H]C1N2C([H])([H])C1([H])C1(OC1([H])[H])C2([H])C([H])([H])[H]
17,17,1,[H]C#CC(=O)C#CC([H])([H])C([H])(O[H])N([H])[H]
21,21,1,[H]C1=C([H])C([H])(C([H])([H])[H])C([H])([H])C([H])(C([H])([H])[H])C1=O
17,17,1,[H]C1=C([H])C2([H])N(C(=O)N([H])C1([H])[H])C2([H])[H]
19,19,1,[H]C#CC([H])(OC([H])([H])C([H])=O)C([H])([H])C([H])([H])[H]
19,19,1,[H]OC1([H])C([H])=C([H])C2([H])OC2([H])C1([H])C([H])([H])[H]
17,17,1,[H]N=C1OC([H])(C([H])([H])[H])C12C([H])([H])C2([H])[H]
18,18,1,[H]C#CC([H])(C#N)C([H])([H])C1([H])C([H])([H])C1([H])[H]
15,15,1,[H]OC([H])(O[H])C1(C([H])([H])[H])OC1([H])[H]
18,18,1,[H]C(=O)N1C([H])=C([H])C([H])([H])C12C([H])([H])C2([H])[H]
18,16,0,[H]OC([H])(C1=NC([H])C([H])C([H])=C1[H])C([H])([H])[H]
15,15,1,[H]N1C2([H])C3([H])C(=O)C([H])([H])C3([H])C12[H]
17,17,1,[H]OC1([H])C2([H])OC1(C1([H])OC1([H])[H])C2([H])[H]
16,16,1,[H]c1nc([H])c(C([H])([H])[H])c(=O)c([H])c1[H]
20,20,1,[H]C(=O)C1([H])N([H])C12C([H])([H])C([H])([H])C([H])([H])C2([H])[H]
17,17,1,[H]OC1([H])n2c([H])nc([H])c2C([H])([H])C1([H])[H]
18,18,1,[H]C#CC([H])([H])C#CC([H])([H])C([H])([H])C([H])([H])[H]
17,16,0,
16,16,1,[H]C#CC(=O)C1([H])N2C([H])(C([H])([H])[H])C21[H]
19,17,0,[H]C([H])([H])C1C([H])([H])C2([H])NC2(C([H])([H])[H])C1([H])[H]
19,19,1,[H]C1=C([H])C([H])([H])C2(OC2([H])[H])C([H])=C([H])C1([H])[H]
15,15,1,[H]c1nc(N([H])[H])nnc1OC([H])([H])[H]
18,18,1,[H]N1C(=O)C([H])([H])C2([H])C3([H])C([H])([H])C1([H])C23[H]
21,21,1,[H]C#CC([H])([H])C([H])(OC([H])([H])OC([H])([H])[H])C([H])([H])[H]
19,18,0,
20,20,1,[H]C(=O)C1([H])N([H])C1([H])C1(C([H])([H])[H])C([H])([H])C1([H])[H]
13,11,0,
20,20,1,[H]C(=O)C([H])([H])C1([H])C([H])([H])C1(C([H])([H])[H])C([H])([H])[H]
19,19,1,[H]C1=C([H])C2([H])C([H])([H])C23C1=C([H])C([H])([H])C3([H])[H]
17,17,1,[H]C1([H])N2C3([H])C2([H])C2([H])N4C3([H])C4([H])C12[H]
17,16,0,
16,16,1,[H]N=C([H])C1([H])C(=O)OC([H])([H])OC1([H])[H]
18,18,1,[H]OC([H])([H])C1([H])N(C([H])([H])C([H])([H])[H])C1([H])[H]
20,20,1,[H]OC1([H])C2([H])C3([H])N(C([H])([H])C3([H])[H])C12C([H])([H])[H]
19,19,1,[H]OC12C(=O)C([H])(C([H])([H])[H])C([H])(C1([H])[H])C2([H])[H]
17,17,1,[H]N=C(N([H])[H])C1([H])N2C([H])([H])C([H])([H])C21[H]
21,21,1,[H]N1C([H])([H])C2([H])C([H])([H])C([H])([H])C2([H])C1([H])C([H])([H])[H]
19,19,1,[H]C([H])([H])C12C3([H])OC4([H])C([H])(C([H])([H])C41[H])C32[H]
20,20,1,[H]N=C1OC(O[H])(C([H])([H])C([H])([H])[H])C([H])([H])C1([H])[H]
17,17,1,[H]C([H])([H])C1(C#N)C([H])([H])C12C([H])([H])C2([H])[H]
20,19,0,[H]C([H])OC([H])([H])C([H])([H])C12N([H])N1C([H])([H])C2([H])[H]
19,19,1,[H]N=C1C([H])(O[H])C([H])([H])C([H])([H])C1([H])C([H])([H])[H]
23,23,1,[H]C1=C([H])C([H])(C([H])([H])[H])C2([H])C([H])([H])C2([H])C([H])([H])C1([H])[H]
15,15,1,[H]C([H])([H])C([H])([H])N1C2([H])OC(=O)C12[H]
19,17,0,[H]N1NNC(C([H])([H])[H])=C1C1([H])OC([H])([H])C1([H])[H]
16,16,1,[H]OC1([H])C(=O)C([H])=C([H])C2([H])N1C2([H])[H]
17,17,1,[H]OC([H])([H])C#CC(C#N)(O[H])C([H])([H])O[H]
18,18,1,[H]C#CC1([H])N=C(C([H])([H])[H])OC1([H])C([H])([H])[H]
17,16,0,
21,21,1,[H]C1=C(C2([H])OC([H])(C([H])([H])[H])C2([H])[H])C([H])([H])C1([H])[H]
17,17,1,[H]C(=O)C1([H])C([H])([H])C([H])([H])C1([H])C([H])([H])[H]
16,16,1,[H]C#CC1([H])C([H])(O[H])C1([H])OC([H])([H])[H]
14,14,1,[H]N=C1C([H])([H])C2(C#N)C([H])([H])C12[H]
16,16,1,[H]OC(C#N)(O[H])C([H])([H])C([H])([H])N([H])[H]
18,18,1,[H]N=C1OC([H])(C([H])(C([H])=O)C([H])([H])[H])C1([H])[H]
21,21,1,[H]OC1([H])C([H])([H])C(O[H])(C2([H])C([H])([H])C2([H])[H])C1([H])[H]
20,20,1,[H]C([H])([H])C1([H])C([H])([H])C2([H])C([H])([H])C2([H])C1([H])C#N
21,21,1,[H]OC1([H])C2([H])C([H])([H])C([H])([H])C3([H])C([H])(C2([H])[H])C13[H]
20,20,1,[H]OC1([H])C([H])([H])C2(C([H])(N([H])[H])C([H])([H])[H])OC12[H]
17,17,1,[H]OC([H])([H])C1([H])C([H])([H])C2(C#N)N([H])C21[H]
15,15,1,[H]C(=O)N1C(=O)C2([H])N([H])C1([H])C2([H])[H]
21,21,1,[H]C(=O)C1(C2(C([H])([H])[H])N([H])C2([H])[H])OC([H])([H])C1([H])[H]
22,22,1,[H]N1C([H])(C([H])([H])[H])C2([H])OC([H])([H])C2([H])C1([H])C([H])([H])[H]
19,19,1,[H]OC([H])([H])C1(C([H])([H])[H])C([H])([H])C12N([H])C2([H])[H]
16,16,1,[H]C(=O)C12N3C([H])=C([H])C1([H])C3([H])C2([H])[H]
16,16,1,[H]C(=O)OC(=O)N=C([H])C([H])([H])C([H])([H])[H]
18,18,1,[H]C(=O)OC([H])([H])C([H])([H])C(=O)C([H])([H])N([H])[H]
18,18,1,[H]C#CC(C#N)(C([H])([H])[H])C([H])([H])OC([H])([H])[H]
12,10,0,
18,18,1,[H]N([H])C(=O)C1([H])C2([H])OC1([H])C([H])([H])C2([H])[H]
17,17,1,[H]OC1([H])C2([H])OC3([H])OC3([H])C12C([H])([H])[H]
18,18,1,[H]N1C(=O)C([H])([H])C([H])([H])N(C([H])([H])[H])C1([H])[H]
14,13,0,[H]C#CC1C([H])=C(O[H])C(=N[H])N1[H]
20,20,1,[H]N=C1C([H])([H])OC2(C([H])([H])C1([H])[H])C([H])([H])C2([H])[H]
18,18,1,[H]N1C([H])([H])C1([H])C1(N([H])[H])N([H])C(=O)C1([H])[H]
19,18,0,[H]N=C([H])C1OC(C([H])([H])[H])(C([H])([H])[H])C([H])=C1[H]
16,16,1,[H]OC([H])(C#CC([H])([H])[H])C#CC([H])([H])[H]
12,9,0,
21,21,1,[H]C([H])([H])C12C(=O)C([H])([H])C([H])([H])C([H])([H])C1([H])C2([H])[H]
20,19,0,[H]OC1([H])N([H])C2([H])N([H])C([H])C2([H])C([H])([H])C1([H])[H]
20,19,0,[H]OC([H])([H])C1([H])C([H])([H])C([H])([H])C([H])C2([H])OC21[H]
18,18,1,[H]OC12C([H])([H])C([H])([H])OC([H])([H])C1([H])C2([H])[H]
19,18,0,[H]C#CC1C([H])=C([H])C([H])(N([H])C([H])([H])[H])C1([H])[H]
15,15,1,[H]N=c1nc([H])c([H])c(N([H])[H])c([H])n1
15,15,1,[H]N(c1onnc1C([H])([H])[H])C([H])([H])[H]
13,13,1,[H]C([H])([H])C1([H])C2([H])OC(=O)C21[H]
21,21,1,[H]C1=NC([H])([H])C([H])([H])C12N([H])C([H])([H])C2([H])C([H])([H])[H]
17,16,0,
15,13,0,[H]N=C([H])C1C(N([H])[H])C([H])=C([H])N1[H]
18,18,1,[H]C([H])([H])C12C3([H])N4C3([H])C3([H])C([H])(C41[H])C32[H]
17,17,1,[H]C(=O)C1([H])C([H])([H])OC1([H])C#CC([H])([H])[H]
25,25,1,[H]OC1(C([H])([H])C([H])([H])[H])C([H])([H])C1([H])C([H])([H])C([H])([H])C([H])([H])[H]
19,19,1,[H]C1([H])OC2([H])C3([H])OC([H])(C1([H])[H])C([H])([H])C23[H]
13,13,1,[H]C([H])([H])C#CC1([H])OC1([H])C#N
19,19,1,[H]C#CC1(C([H])(O[H])C([H])([H])[H])C([H])([H])C1([H])O[H]
14,13,0,[H]C(=C=C1NN=C([H])N1[H])C([H])([H])[H]
18,18,1,[H]C1([H])N2C1([H])C13C4([H])C([H])([H])C([H])([H])C21C43[H]
19,19,1,[H]C([H])([H])C1([H])OC23OC([H])(C2([H])[H])C([H])([H])C13[H]
20,20,1,[H]N1C([H])([H])OC2([H])C1([H])C1(C([H])([H])[H])C([H])([H])C21[H]
19,18,0,[H]OC1([H])C([H])C2([H])N3C2([H])C3(C([H])([H])[H])C1([H])[H]
15,15,1,[H]C([H])([H])C#CC1([H])N2C([H])([H])OC21[H]
18,18,1,[H]OC1([H])C2([H])C3(O[H])C([H])([H])C2(N([H])[H])C13[H]
18,18,1,[H]C([H])([H])OC([H])([H])C([H])(C([H])([H])[H])C([H])([H])[H]
19,19,1,[H]OC([H])([H])C1(O[H])C([H])([H])C(=O)C([H])([H])C1([H])[H]
13,12,0,[H]N([H])C1=NC(N([H])[H])C(=O)N1[H]
15,15,1,[H]ON=C1C([H])([H])OC([H])([H])C1([H])O[H]
17,17,1,[H]C(=O)C1([H])C([H])([H])OC2([H])C([H])([H])OC21[H]
20,19,0,[H]OC1([H])C([H])C2(OC1([H])C([H])([H])[H])C([H])([H])C2([H])[H]
21,21,1,[H]N1C([H])([H])C1(C([H])([H])[H])C([H])([H])C([H])([H])OC([H])([H])[H]
18,18,1,[H]OC1([H])N([H])C2([H])C(=O)C1(C([H])([H])[H])C2([H])[H]
14,14,1,[H]c1nc2c([H])n([H])c(N([H])[H])c2o1
14,14,1,[H]N([H])c1nn([H])c(=NC([H])([H])[H])o1
21,21,1,[H]C([H])([H])C1([H])C([H])([H])C([H])([H])C([H])(C([H])([H])[H])C1([H])[H]
17,17,1,[H]C(=O)N([H])C([H])([H])C12N3C([H])(C1([H])[H])C32[H]
19,18,0,[H]OC1([H])C2([H])C([H])([H])N=C([H])C([H])C([H])([H])C12[H]
16,16,1,[H]OC12N([H])C([H])(C(=O)C#N)C1([H])C2([H])[H]
16,14,0,
17,16,0,[H]OC([H])(C(C#N)N([H])[H])C([H])([H])C([H])([H])[H]
17,17,1,[H]C1([H])OC2([H])C3([H])OC1([H])C1([H])C2([H])C31[H]
15,15,1,[H]C(=O)C1([H])OC1(C#N)C([H])([H])N([H])[H]
12,12,1,[H]c1nn([H])c(=O)nc1N([H])[H]
17,17,1,[H]OC12C([H])=NC3([H])C([H])=C([H])C1(O[H])C32[H]
17,17,1,[H]OC1([H])C2([H])N3C([H])(C([H])([H])C2([H])[H])C31[H]
16,16,1,[H]N([H])C1(C([H])([H])[H])C([H])([H])C1(C#N)C#N
25,25,1,[H]C([H])([H])OC([H])(C([H])([H])C([H])([H])C([H])([H])[H])C1([H])C([H])([H])C1([H])[H]
15,15,1,[H]OC(=O)C12C([H])([H])OC1(O[H])C2([H])[H]
21,20,0,[H]OC([H])(C([H])[H])C(O[H])(N([H])[H])C1([H])C([H])([H])C1([H])[H]
25,25,1,[H]C([H])([H])C([H])([H])C1([H])OC1([H])C([H])([H])C([H])(C([H])([H])[H])C([H])([H])[H]
20,20,1,[H]N1C2([H])C([H])([H])C([H])([H])C3(C([H])([H])[H])OC3([H])C12[H]
20,20,1,[H]ON=C1N([H])C([H])(C([H])([H])[H])C([H])([H])N([H])C1([H])[H]
18,18,1,[H]C([H])([H])N(C([H])([H])[H])C1(C#N)C([H])([H])C1([H])[H]
18,18,1,[H]OC1([H])C2([H])C([H])=C([H])C3([H])N2C31C([H])([H])[H]
16,16,1,[H]N=c1oc(N([H])[H])c(N([H])[H])c([H])c1[H]
17,17,1,[H]OC1([H])C(=O)N=C([H])C1(N([H])[H])C([H])([H])[H]
11,11,1,[H]c1noc(C(=O)N([H])[H])n1
12,12,1,[H]N=C([H])Oc1noc(O[H])n1
21,21,1,[H]C([H])([H])N=C1OC([H])([H])C([H])(C([H])([H])[H])N1C([H])([H])[H]
18,16,0,
17,17,1,[H]C(=O)C1([H])C(=O)C([H])([H])C([H])([H])OC1([H])[H]
22,22,1,[H]N([H])C1([H])C([H])([H])C([H])([H])C([H])(C([H])([H])[H])C12OC2([H])[H]
14,12,0,
18,18,1,[H]OC12C(=O)N([H])C([H])(C1([H])[H])C2([H])C([H])([H])[H]
20,20,1,[H]OC12C3([H])N([H])C1(C([H])([H])C([H])([H])[H])C([H])([H])C32[H]
16,16,1,[H]OC12C(=O)N([H])C([H])([H])C1(O[H])C2([H])[H]
13,13,1,[H]N=C1N2C3([H])N4C1([H])C4([H])C23[H]
17,17,1,[H]OC([H])([H])C12C([H])=C([H])C([H])(N1[H])C2([H])[H]
16,16,1,[H]N1C2([H])C1([H])C1([H])N(C([H])([H])C#N)C21[H]
15,15,1,[H]c1nc(N([H])[H])n([H])c1C(=O)N([H])[H]
18,18,1,[H]C(=O)C1([H])C([H])([H])C([H])([H])C2([H])C([H])([H])C12[H]
17,17,1,[H]OC1([H])N(N2C(=O)C([H])([H])C2([H])[H])C1([H])[H]
17,17,1,[H]C1=C(C([H])([H])C([H])([H])C#N)C([H])([H])C1([H])[H]
13,13,1,[H]c1nc(C(=O)N([H])[H])c([H])n1[H]
19,18,0,[H]C(=O)C12N([H])C1([H])C([H])C1([H])N([H])C1([H])C2([H])[H]
21,21,1,[H]C1([H])C2([H])C3([H])C([H])([H])C4(C([H])([H])C4([H])[H])C1([H])C23[H]
14,14,1,[H]C(=O)N(C(=O)C#N)C([H])([H])N([H])[H]
19,19,1,[H]C#CC([H])(O[H])C1([H])C([H])([H])OC([H])([H])C1([H])[H]
19,18,0,
20,20,1,[H]C([H])([H])OC1([H])C([H])([H])N2C([H])([H])C3([H])C2([H])C13[H]
15,11,0,[H]OC1C([H])C([H])C(F)=NC1C([H])([H])[H]
19,19,1,[H]C1=C([H])C([H])([H])C([H])(OC([H])([H])C([H])([H])[H])C1=O
21,21,1,[H]OC([H])(OC(=O)C([H])([H])[H])N([H])C([H])([H])OC([H])([H])[H]
15,15,1,[H]C#CC12N([H])C1([H])C1([H])C(=O)OC12[H]
13,13,1,[H]Oc1oc(=O)oc1C([H])([H])O[H]
24,23,0,[H]OC([H])C([H])([H])C1(C([H])([H])[H])C([H])([H])C1([H])C([H])([H])C([H])([H])[H]
19,19,1,[H]OC([H])([H])C([H])(C([H])([H])O[H])C([H])([H])C([H])([H])[H]
21,21,1,[H]OC1(C2([H])C([H])([H])C2(C([H])([H])[H])C([H])([H])[H])OC1([H])[H]
23,23,1,[H]C1=C([H])C([H])(C([H])([H])[H])C([H])([H])C([H])([H])OC([H])([H])C1([H])[H]
15,15,1,[H]C#CC12OC([H])(C1=O)C([H])([H])C2([H])[H]
16,14,0,
18,18,1,[H]OC1(C(=O)N([H])[H])C([H])([H])C1([H])OC([H])([H])[H]
15,15,1,[H]Oc1nn(C([H])([H])C([H])([H])[H])nc1[H]
18,18,1,[H]C1=C([H])C([H])([H])C([H])([H])OC1([H])C(=O)N([H])[H]
17,17,1,[H]N=C1OC([H])([H])N([H])C1(C([H])=O)C([H])([H])[H]
23,23,1,[H]OC([H])([H])C1(N([H])C([H])([H])[H])N(C([H])([H])C([H])([H])[H])C1([H])[H]
16,16,1,[H]N=c1c(=N[H])n([H])c([H])nn1C([H])([H])[H]
19,19,1,[H]N1C([H])([H])C2([H])C([H])([H])C3(C([H])([H])C3([H])[H])C12[H]
21,21,1,[H]C([H])([H])C12C([H])([H])C3([H])C4([H])C([H])([H])C1([H])C2([H])C43[H]
17,17,1,[H]OC([H])([H])C([H])([H])C([H])([H])OC(=O)N([H])[H]
16,16,1,[H]C#CC(=NC([H])([H])[H])C1([H])N([H])C1([H])[H]
21,21,1,[H]N1C([H])([H])C1(C(=O)N(C([H])([H])[H])C([H])([H])[H])C([H])([H])[H]
14,14,1,[H]C#CC(=O)C1(C([H])=O)N([H])C1([H])[H]
17,16,0,[H]C(=O)C1([H])N(C(=O)C([H])([H])[H])C([H])C1([H])[H]
19,19,1,[H]N=C1C(=NO[H])C([H])([H])C([H])([H])C1([H])C([H])([H])[H]
18,18,1,[H]C1([H])OC([H])(N2C([H])([H])C2([H])[H])C([H])([H])C1=O
18,18,1,[H]C1([H])OC([H])([H])C2([H])C([H])([H])N1C21OC1([H])[H]
18,18,1,[H]N(C(=O)C([H])([H])[H])C(=O)C1([H])C([H])([H])C1([H])[H]
11,11,1,[H]N([H])c1nonc1N([H])[H]
17,17,1,[H]N1C(N2C([H])([H])C2([H])[H])=NC([H])([H])C1([H])[H]
17,17,1,[H]C([H])([H])C1(C([H])([H])[H])N(C(=O)C#N)C1([H])[H]
20,20,1,[H]N=C1C(=O)C([H])([H])C([H])(C([H])([H])C([H])([H])[H])C1([H])[H]
18,18,1,[H]OC([H])([H])N([H])C1(C([H])([H])[H])C(=O)OC1([H])[H]
13,13,1,[H]C(=O)n1c([H])nnc1C([H])([H])[H]
17,15,0,
19,19,1,[H]OC([H])([H])C(=O)N([H])C([H])([H])N1C([H])([H])C1([H])[H]
15,15,1,[H]OC1([H])C(=O)C(=O)OC1([H])C([H])([H])[H]
17,17,1,[H]C(=O)C([H])([H])C1=C([H])N=C(N([H])[H])C1([H])[H]
21,19,0,
15,15,1,[H]C(=O)C1(C([H])([H])[H])OC2([H])N1C2([H])[H]
21,21,1,[H]C([H])([H])C([H])([H])C12C([H])([H])C3([H])C4([H])C([H])(C31[H])C42[H]
16,14,0,
17,17,1,[H]N1C(=O)C([H])([H])C([H])([H])C([H])([H])OC1([H])[H]
19,15,0,[H]C1C2([H])C3NC4([H])C([H])([H])C3C([H])([H])C2([H])C14[H]
22,22,1,[H]N1C([H])(C([H])([H])[H])C([H])([H])OC([H])([H])C2([H])C([H])([H])C12[H]
18,17,0,[H]C1OC2([H])C([H])([H])C12C([H])([H])C1([H])OC1([H])[H]
15,15,1,[H]N=C(C([H])=O)C([H])([H])OC([H])([H])C#N
19,18,0,[H]C([H])([H])C([H])([H])C1C2([H])N3C2([H])C2([H])C1([H])C32[H]
18,18,1,[H]C([H])([H])C(=O)C([H])(C([H])([H])[H])C1([H])OC1([H])[H]
16,16,1,[H]OC([H])(C#N)C(O[H])(C([H])=O)C([H])([H])[H]
21,21,1,[H]C([H])([H])C([H])([H])OC([H])([H])C1([H])C([H])([H])C12OC2([H])[H]
15,15,1,[H]N=C(C(=N[H])N([H])[H])C(=N[H])N([H])[H]
13,12,0,[H]c1[nH]c(=O)n(C(=O)N([H])[H])c1[H]
23,23,1,[H]C1=C([H])C(C([H])([H])[H])(C([H])(N([H])[H])C([H])([H])[H])N([H])C1([H])[H]
14,14,1,[H]N=C1n2nnc([H])c2N([H])C1([H])[H]
17,17,1,[H]C1=C([H])C([H])(C([H])([H])[H])OC2([H])N1C2([H])[H]
15,13,0,
17,17,1,[H]C(=O)C1([H])C([H])([H])N([H])C1(C#N)C([H])([H])[H]
14,13,0,[H]N=C(C#N)N1C([H])=C([H])N([H])C1[H]
19,19,1,[H]OC([H])([H])C1(N([H])[H])OC2([H])N([H])C2([H])C1([H])[H]
15,15,1,[H]C(=O)C1(C([H])([H])C#N)C([H])([H])C1([H])[H]
21,21,1,[H]C([H])(C#N)N1C([H])([H])C([H])([H])C([H])([H])C([H])([H])C1([H])[H]
16,16,1,[H]OC1([H])C([H])=C([H])C2([H])OC2([H])C1([H])[H]
18,16,0,
17,17,1,[H]N([H])C1([H])C2([H])OC1(C1([H])OC1([H])[H])C2=O
18,18,1,[H]N=C([H])C([H])(OC([H])([H])C(=O)O[H])C([H])([H])[H]
16,16,1,[H]N1C2([H])OC3([H])C(=O)C1([H])C2([H])C3([H])[H]
14,14,1,[H]C([H])([H])N=C1OC([H])([H])OC1([H])[H]
14,14,1,[H]C(=O)C12N([H])C(=O)OC1([H])C2([H])[H]
16,16,1,[H]C1([H])C(=O)C2([H])C1([H])C21C([H])([H])C1([H])[H]
24,24,1,[H]N([H])C([H])(C([H])([H])[H])C([H])(C#CC([H])([H])C([H])([H])[H])C([H])([H])[H]
14,14,1,[H]C(=O)C1=NC([H])([H])N2C([H])([H])C12[H]
18,17,0,[H]OC1([H])C([H])(O[H])C2([H])C([H])(O)C([H])([H])C12[H]
25,25,1,[H]C([H])([H])OC1(C([H])([H])[H])C([H])([H])C1([H])C([H])(C([H])([H])[H])C([H])([H])[H]
16,15,0,
15,13,0,[H]C1=NC([H])C(C([H])([H])[H])C([H])=C1C#N
17,17,1,[H]OC([H])([H])C12OC1([H])C([H])([H])C([H])([H])C2=O
21,21,1,[H]C([H])=C([H])C1([H])C([H])([H])C([H])([H])C([H])([H])C2([H])OC21[H]
17,16,0,
21,21,1,[H]N1C([H])([H])C([H])([H])C([H])([H])OC([H])([H])C1([H])C([H])([H])[H]
23,23,1,[H]C([H])([H])C12C([H])([H])OC3([H])N(C([H])([H])C1([H])[H])C([H])([H])C32[H]
20,20,1,[H]N1C2([H])C(=O)C([H])([H])C1([H])C([H])([H])C2([H])C([H])([H])[H]
17,15,0,[H]OC1=C(N([H])C([H])([H])[H])N(C([H])([H])[H])NN1
20,20,1,[H]C1=C([H])C([H])([H])C(C([H])([H])C([H])([H])[H])=C([H])C1([H])[H]
14,14,1,[H]N=c1onc(C([H])([H])[H])c([H])c1[H]
20,20,1,[H]N([H])C(=O)C1([H])C([H])([H])OC([H])([H])C1([H])C([H])([H])[H]
20,19,0,
14,14,1,[H]c1c([H])n([H])nnc1=NC([H])([H])[H]
15,15,1,[H]C1=NC([H])(C([H])([H])[H])C(=O)N([H])C1=O
23,23,1,[H]OC([H])(C([H])([H])[H])C([H])([H])N1C([H])([H])N([H])C([H])([H])C1([H])[H]
16,16,1,[H]C(=O)N1C([H])([H])C(=O)C([H])=C([H])C1([H])[H]
19,19,1,[H]OC1([H])C([H])([H])N=C([H])N2C([H])([H])C([H])([H])C21[H]
22,22,1,[H]OC([H])([H])C1([H])N([H])C([H])(C([H])([H])O[H])C([H])([H])C1([H])[H]
19,19,1,[H]C([H])([H])N=c1onc(C([H])([H])[H])nc1C([H])([H])[H]
21,21,1,[H]C1([H])N2C([H])([H])C3([H])N1C(C([H])([H])[H])(C2([H])[H])C3([H])[H]
16,16,1,[H]Oc1nc([H])c2n1C([H])([H])C(=O)C2([H])[H]
19,19,1,[H]C(=O)N([H])C1([H])C([H])=C([H])C([H])([H])N1C([H])([H])[H]
19,19,1,[H]N1C(=O)C([H])(C2([H])N([H])C2([H])[H])C([H])([H])C1([H])[H]
16,16,1,[H]C#CC(OC([H])=N[H])(C([H])=O)C([H])([H])[H]
14,14,1,[H]C(=O)Oc1c(N([H])[H])nn([H])c1[H]
13,13,1,[H]OC(C#N)(C#N)C#CC([H])([H])[H]
15,15,1,[H]N=C1C([H])([H])C(=O)C([H])([H])C1([H])O[H]
19,19,1,[H]C(=O)C([H])([H])C1([H])C([H])([H])OC(=O)C1([H])N([H])[H]
13,13,1,[H]OC([H])([H])C([H])([H])C(=O)C([H])=O
12,12,1,[H]c1nc(=O)nc([H])n([H])c1=O
19,19,1,[H]OC([H])([H])C1(C([H])([H])O[H])C([H])([H])C(=O)C1([H])[H]
18,18,1,[H]N1C([H])([H])OC1(C(=O)OC([H])([H])[H])C([H])([H])[H]
17,17,1,[H]OC1([H])C([H])([H])N2C([H])([H])C21OC([H])([H])[H]
18,18,1,[H]OC12N([H])C1(OC([H])([H])[H])C1([H])C([H])([H])C21[H]
18,18,1,[H]C([H])([H])C([H])([H])N=C(C#N)C([H])([H])C([H])([H])[H]
20,20,1,[H]N1C2([H])C([H])([H])OC3([H])C([H])([H])C([H])([H])C1([H])C32[H]
21,20,0,
17,17,1,[H]Oc1c(OC([H])([H])C([H])([H])[H])nc([H])n1[H]
15,14,0,[H]OC(C([H])([H])[H])C([H])([H])C(=O)C([H])=O
13,13,1,[H]ON=C1C(=O)OC(N([H])[H])=C1[H]
8,8,1,[H]OC([H])([H])C([H])=O
16,16,1,[H]C([H])([H])OC12C(=O)N3C([H])(C1([H])[H])C32[H]
16,14,0,[H]C1=C2N=C(N([H])[H])C([H])N2C([H])([H])C1[H]
24,24,1,[H]OC([H])([H])C([H])(C([H])([H])OC([H])([H])[H])C1([H])C([H])([H])C1([H])O[H]
18,18,1,[H]C(=O)N(C([H])([H])C#N)C([H])([H])C1([H])OC1([H])[H]
15,15,1,[H]OC1([H])C2([H])C(=O)C([H])([H])C1([H])N2[H]
23,23,1,[H]OC12C3([H])N(C3([H])[H])C([H])([H])C1(C([H])([H])[H])C2([H])C([H])([H])[H]
17,17,1,[H]N1C([H])([H])C([H])([H])OC1([H])C1([H])OC1([H])[H]
18,16,0,
19,19,1,[H]C(=O)N([H])C1(N2C([H])([H])C2([H])[H])C([H])([H])C1([H])[H]
16,16,1,[H]OC1([H])C(=O)C2([H])C3([H])N([H])C1([H])C23[H]
19,19,1,[H]C#CC1(C([H])([H])[H])C2([H])C([H])([H])OC([H])([H])C21[H]
15,15,1,[H]OC1(N([H])[H])C(=O)N([H])C([H])([H])C1=O
14,14,1,[H]OC([H])([H])OC(=O)C([H])([H])C([H])=O
17,17,1,[H]OC([H])([H])C1([H])N2C([H])([H])OC1([H])C2([H])[H]
21,19,0,[H]OC([H])(C([H])([H])[H])C([H])([H])C1NN([H])N=C1C([H])([H])[H]
21,21,1,[H]OC1([H])OC([H])(C([H])([H])[H])C2(N([H])C2([H])O[H])C1([H])[H]
15,15,1,[H]N=C1OC([H])([H])C2([H])C([H])([H])C12O[H]
18,18,1,[H]N1C([H])([H])C2([H])OC1([H])C21OC1([H])C([H])([H])[H]
21,21,1,[H]C([H])([H])C1(C2([H])OC23C([H])([H])C3([H])[H])C([H])([H])C1([H])[H]
21,21,1,[H]OC1([H])C2([H])C([H])([H])C3(C([H])([H])[H])C1([H])C23C([H])([H])[H]
20,20,1,[H]OC1(C([H])([H])[H])C(=C([H])C([H])([H])[H])C([H])=NC1([H])[H]
19,18,0,[H]C1C([H])([H])OC2([H])C([H])(C([H])([H])[H])C23N([H])C13[H]
19,19,1,[H]N([H])C([H])([H])C(=O)C12N(C1([H])[H])C2([H])C([H])([H])[H]
23,23,1,[H]N([H])C1(C([H])([H])C([H])([H])[H])N2C([H])([H])C([H])([H])C([H])([H])C21[H]
19,18,0,[H]C1=C([H])C2([H])C(=C([H])C([H])([H])C2([H])C([H])([H])[H])N1
21,21,1,[H]OC([H])([H])C1([H])C([H])([H])C(O[H])(C([H])([H])[H])C1([H])O[H]
23,23,1,[H]C([H])([H])C1([H])OC2([H])C([H])([H])C([H])([H])C([H])([H])C1([H])C2([H])[H]
18,18,1,[H]C1([H])OC([H])([H])C2([H])C3([H])C([H])([H])C1([H])C23[H]
16,16,1,[H]N=C1OC([H])([H])C2=C1C([H])(O[H])C2([H])[H]
20,20,1,[H]C([H])([H])C([H])([H])C([H])([H])OC1([H])OC([H])([H])C1([H])[H]
18,18,1,[H]C#CC12C([H])([H])N3C1([H])C3(C([H])([H])[H])C2([H])[H]
19,19,1,[H]OC1([H])C2([H])N(C2([H])[H])C([H])([H])C2([H])N([H])C12[H]
18,18,1,[H]OC1([H])C([H])([H])OC1([H])C([H])([H])OC([H])([H])[H]
23,23,1,[H]OC([H])([H])C([H])([H])N([H])C1(O[H])C([H])([H])C([H])([H])C1([H])O[H]
19,19,1,[H]C(=O)C12C([H])([H])C1([H])C1(C([H])([H])C1([H])[H])C2([H])[H]
19,19,1,[H]C#CC1([H])C(=O)C([H])([H])C([H])([H])C([H])([H])C1([H])[H]
13,13,1,[H]N=C([H])C#Cc1c([H])nnn1[H]
23,23,1,[H]OC([H])([H])C([H])(C([H])([H])[H])C([H])([H])C1([H])OC([H])([H])C1([H])[H]
19,19,1,[H]C([H])([H])C1([H])C(=O)C2([H])C([H])([H])C3([H])C1([H])C23[H]
25,25,1,[H]OC([H])([H])C([H])([H])C1([H])C([H])([H])C([H])(C([H])([H])[H])C1([H])C([H])([H])[H]
16,16,1,[H]c1nn(C([H])([H])N([H])C([H])([H])[H])c(=O)o1
21,21,1,[H]N=C1OC([H])([H])C([H])(C([H])([H])[H])C2([H])C([H])([H])C2([H])O1
16,16,1,[H]C(=O)C1([H])OC([H])([H])C([H])=C([H])C1([H])[H]
18,17,0,
24,24,1,[H]OC([H])(C(=O)OC([H])([H])C([H])([H])[H])C([H])([H])C([H])([H])C([H])([H])[H]
17,17,1,[H]OC([H])([H])C1(O[H])C2([H])N([H])C([H])([H])C21[H]
13,13,1,[H]C#CC([H])([H])C([H])([H])C(F)(F)F
19,19,1,[H]C(=O)C1([H])C([H])([H])C([H])([H])C(=O)C1([H])C([H])([H])[H]
21,21,1,[H]N1C([H])(C([H])([H])[H])C([H])([H])C2([H])N3C([H])([H])C1([H])C32[H]
19,19,1,[H]OC1([H])C([H])([H])N=C([H])C([H])=NC([H])([H])C1([H])[H]
11,11,1,[H]C(=O)C([H])(C#N)C([H])([H])[H]
22,22,1,[H]C(=O)C([H])([H])C([H])(N([H])C([H])([H])[H])C([H])([H])OC([H])([H])[H]
17,17,1,[H]N(C([H])([H])[H])C12C(=O)OC([H])([H])N1C2([H])[H]
16,16,1,[H]C(=O)N(C([H])([H])[H])C1([H])C(=O)N([H])N1[H]
16,14,0,[H]C1=NC2C(C([H])=C([H])N2C([H])([H])[H])N1[H]
16,16,1,[H]C(=O)N([H])C(C#N)(C([H])([H])[H])C([H])([H])[H]
13,11,0,
15,15,1,[H]C([H])([H])C12C3([H])C(=O)C1([H])C2([H])C3=O
17,15,0,[H]ON=C1C(C([H])([H])[H])C([H])([H])C2([H])NC12[H]
15,14,0,
19,17,0,[H]C([H])([H])C=C=CC([H])([H])C([H])([H])C(=O)C([H])([H])[H]
15,14,0,[H]C1C(=O)C([H])([H])C2([H])OC12C([H])([H])[H]
13,12,0,[H]C#CC(C#N)(N([H])[H])C([H])([H])O
12,11,0,[H]C1=NC(=O)N([H])N=C(F)C1[H]
18,18,1,[H]C1=NC2([H])OC3([H])C([H])(N4C([H])([H])C143)C2([H])[H]
19,19,1,[H]C([H])([H])C1([H])OC2(C([H])([H])[H])C1([H])C21OC1([H])[H]
20,20,1,[H]N([H])C(=O)C1(C([H])([H])[H])OC([H])([H])C1([H])C([H])([H])[H]
13,13,1,[H]c1nn(C(=O)C([H])([H])[H])c(=O)o1
10,9,0,[H]c1noc([N+](=O)[O-])c1[H]
27,27,1,[H]N(C([H])([H])[H])C([H])([H])C([H])([H])C1([H])C([H])([H])OC1(C([H])([H])[H])C([H])([H])[H]
13,12,0,[H]OC1=NC([H])c2nc([H])c([H])n21
17,17,1,[H]C([H])([H])C1([H])OC12C(=O)OC([H])([H])C2([H])[H]
22,22,1,[H]OC1([H])C([H])([H])C([H])([H])C1([H])C([H])([H])C([H])([H])C([H])([H])[H]
14,14,1,[H]C(=O)C1([H])OC2([H])N1C2([H])C([H])=O
19,19,1,[H]C1=NC2([H])C([H])([H])N3C([H])([H])C1([H])C3([H])C2([H])[H]
17,17,1,[H]N=C1C(=NC([H])([H])O[H])OC([H])([H])C1([H])[H]
16,15,0,[H]C1=C([H])C([H])(C2([H])OC2([H])[H])N([H])C1[H]
17,17,1,[H]N1C2([H])C(=O)C([H])([H])C([H])([H])C12C([H])([H])[H]
21,21,1,[H]N1C([H])([H])N([H])C2([H])OC2([H])C([H])([H])C([H])([H])C1([H])[H]
18,17,0,[H]C1=NC([H])(C([H])([H])C([H])([H])[H])C(=O)C([H])N1[H]
17,17,1,[H]C([H])([H])C1([H])C2([H])C([H])([H])C3([H])C1([H])C23[H]
23,23,1,[H]OC([H])([H])C(O[H])(C([H])([H])[H])C1(C([H])([H])[H])C([H])([H])C1([H])[H]
16,16,1,[H]C#CC1([H])C2([H])C(=O)C1([H])N2C([H])([H])[H]
12,10,0,[H]C#CC([H])([H])C=C=C=C=C[H]
23,23,1,[H]C1([H])C([H])([H])C2([H])C([H])([H])C3([H])C([H])([H])C1([H])C2([H])C3([H])[H]
16,16,1,[H]OC1([H])C([H])(C([H])=O)C2([H])C([H])([H])C12[H]
15,15,1,[H]C(=O)C12OC([H])([H])C3([H])OC1([H])C32[H]
14,14,1,[H]N=C(O[H])C1=NC([H])([H])N([H])C1=O
18,18,1,[H]N1C2([H])C([H])([H])C3([H])C(=O)C1(C([H])([H])[H])C32[H]
19,19,1,[H]OC([H])([H])C12C3([H])C([H])([H])C4([H])C([H])(C41[H])C32[H]
20,20,1,[H]OC1([H])C([H])([H])C2([H])C([H])=NC1([H])C([H])([H])C2([H])[H]
13,12,0,[H]ON=C1N=C(F)C([H])C([H])=C1[H]
19,19,1,[H]N([H])C1([H])C2([H])OC([H])([H])C2([H])C1([H])C([H])([H])[H]
21,21,1,[H]C([H])([H])N1C([H])([H])C12C([H])([H])C([H])([H])C2([H])C([H])([H])[H]
18,18,1,[H]OC([H])([H])C1([H])C(C([H])([H])[H])=C([H])C(=O)N1[H]
21,21,1,[H]C#CC(OC([H])(C([H])=O)C([H])([H])[H])(N([H])[H])C([H])([H])[H]
21,20,0,[H]C([H])([H])N(C([H])([H])[H])C([H])(C([H])([H])[H])C([H])([H])C(=O)O
17,17,1,[H]OC12C([H])([H])C([H])(C([H])([H])[H])C1([H])C2([H])[H]
19,19,1,[H]C1=C([H])C2(C([H])([H])[H])N([H])C2(C([H])([H])[H])C1([H])[H]
19,19,1,[H]OC1(C([H])=O)OC([H])([H])C([H])(C([H])([H])[H])C1([H])[H]
10,10,1,[H]C1([H])OC([H])([H])C1([H])[H]
19,19,1,[H]C([H])([H])OC1(C([H])([H])[H])C([H])([H])C1([H])C([H])([H])[H]
14,14,1,[H]C1([H])C2([H])N3C4([H])C3([H])C2([H])C14[H]
21,21,1,[H]N([H])C([H])([H])C#CC([H])(N([H])[H])C([H])([H])OC([H])([H])[H]
21,20,0,[H]N=C(C(N([H])C([H])([H])O[H])C([H])([H])C([H])([H])[H])N([H])[H]
21,21,1,[H]C(=O)C1([H])C([H])=C(C([H])([H])[H])C([H])([H])C1([H])C([H])([H])[H]
19,19,1,[H]C(=O)C1([H])N2C([H])([H])C([H])(N([H])[H])C([H])([H])C21[H]
23,23,1,[H]C([H])([H])C([H])([H])OC([H])([H])C1([H])OC([H])([H])C([H])([H])C1([H])[H]
19,19,1,[H]C#CC([H])([H])C1([H])C2([H])N([H])C([H])([H])N([H])C21[H]
18,18,1,[H]N([H])C([H])([H])C12OC3([H])OC([H])(C1([H])[H])C32[H]
17,17,1,[H]N1C([H])([H])C2([H])C3([H])OC3([H])C2([H])C1([H])[H]
16,15,0,
25,25,1,[H]OC([H])(OC1(C([H])([H])[H])C([H])([H])C1(N([H])[H])C([H])([H])[H])C([H])([H])[H]
18,18,1,[H]C(=O)C([H])(C([H])=O)C([H])(C([H])([H])[H])C([H])([H])[H]
25,25,1,[H]C#CC([H])([H])C([H])([H])C([H])([H])C([H])([H])C([H])(C([H])([H])[H])C([H])([H])[H]
17,17,1,[H]C#CC1([H])C(=O)C([H])([H])C([H])=C([H])C1([H])[H]
16,13,0,[H]C([H])([H])C1([H])C([H])([H])C1([H])C1=NNNN1
17,17,1,[H]N=C1OC2([H])C([H])=C([H])C1([H])C2([H])N([H])[H]
20,20,1,[H]c1c([H])c(C([H])([H])OC([H])([H])[H])n(C([H])([H])[H])c1[H]
18,18,1,[H]OC([H])([H])C([H])([H])C([H])(O[H])c1noc([H])n1
21,21,1,[H]OC1(C([H])([H])[H])OC2(C([H])([H])[H])C([H])([H])C([H])([H])C12[H]
21,21,1,[H]C1=C([H])C([H])(C([H])([H])N([H])[H])C([H])(C([H])([H])[H])C1([H])[H]
16,16,1,[H]C#CC1([H])N([H])C2([H])C([H])([H])C12C#C[H]
13,12,0,[H]c1c(N([H])[H])oc([N+](=O)[O-])c1[H]
14,13,0,[H]C#CC([H])(C([H])([H])O)C([H])([H])C#N
20,20,1,[H]N=C1OC1([H])C1([H])C([H])([H])C([H])(C([H])([H])[H])C1([H])[H]
23,23,1,[H]OC([H])(N(C([H])([H])[H])C([H])(C([H])([H])[H])C([H])([H])[H])C([H])([H])[H]
21,21,1,[H]C([H])([H])C#CC1([H])OC([H])(C([H])([H])[H])C([H])([H])C1([H])[H]
15,14,0,
20,20,1,[H]OC1([H])C2([H])OC2([H])C([H])([H])C2([H])C([H])([H])C12O[H]
17,17,1,[H]N=C1OC([H])([H])C2(O1)C([H])([H])C1([H])OC12[H]
13,13,1,[H]N=C([H])N1C(=O)C([H])([H])C1([H])[H]
14,14,1,[H]N=C([H])c1oc([H])nc1C([H])([H])[H]
16,16,1,[H]OC([H])([H])C1([H])N=NC([H])([H])N1C([H])=O
19,19,1,[H]C([H])([H])C#CC12C([H])([H])OC([H])([H])C1([H])C2([H])[H]
19,19,1,[H]Oc1nc(C([H])([H])C([H])([H])C([H])([H])[H])c([H])n1[H]
23,23,1,[H]N([H])C([H])([H])C([H])(C([H])([H])[H])C1([H])C([H])([H])C([H])([H])C1([H])[H]
19,18,0,
23,23,1,[H]C([H])([H])C1([H])C([H])([H])C2([H])C([H])([H])OC2([H])C1([H])C([H])([H])[H]
15,15,1,[H]C#CC([H])([H])C(=O)N1C([H])([H])C1([H])[H]
19,19,1,[H]N1C(=O)C([H])([H])OC([H])([H])C1([H])N([H])C([H])([H])[H]
18,18,1,[H]C1=NC([H])(C2([H])N([H])C2([H])[H])C2([H])N([H])C12[H]
20,20,1,[H]N([H])C(=O)C([H])(C(=O)C([H])([H])C([H])([H])[H])C([H])([H])[H]
18,18,1,[H]N1C(=O)OC([H])([H])C2([H])C1([H])C2([H])C([H])([H])[H]
17,17,1,[H]C1=NC2(C([H])([H])[H])C([H])([H])OC2([H])C([H])=N1
13,13,1,[H]Oc1nc([H])oc1C([H])([H])O[H]
19,19,1,[H]C(=O)C(C([H])=O)(C([H])([H])[H])C1([H])C([H])([H])C1([H])[H]
11,10,0,
18,18,1,[H]OC1([H])C2([H])C3([H])C([H])([H])C([H])([H])C3([H])C12[H]
16,16,1,[H]OC1([H])N2C3([H])C(=O)C1([H])C([H])([H])C23[H]
20,20,1,[H]C1=C([H])C([H])([H])C([H])([H])C(C2([H])N([H])C2([H])[H])=C1[H]
17,17,1,[H]OC1([H])C2([H])C([H])=C(C([H])=O)C([H])([H])C12[H]
12,11,0,
23,23,1,[H]C1=C([H])C([H])(C([H])(N([H])[H])C([H])([H])[H])C([H])([H])C1([H])N([H])[H]
18,18,1,[H]C#CC([H])([H])C([H])(O[H])OC([H])([H])C([H])([H])[H]
18,18,1,[H]Oc1c([H])c(C([H])([H])C([H])([H])[H])n([H])c1O[H]
25,25,1,[H]OC([H])(C([H])([H])[H])C([H])(N([H])C([H])([H])[H])N(C([H])([H])[H])C([H])([H])[H]
16,16,1,[H]C#CN([H])c1nc(C([H])([H])[H])c([H])n1[H]
17,17,1,[H]N1C2([H])C3([H])C([H])(C#N)C3([H])C12C([H])([H])[H]
20,20,1,[H]OC([H])([H])C1([H])N2C1([H])C([H])=C([H])N1C([H])([H])C12[H]
16,16,1,[H]OC1([H])C2([H])OC1(C([H])([H])[H])C([H])=C2[H]
17,17,1,[H]c1oc(=NC([H])([H])[H])n([H])c1OC([H])([H])[H]
22,22,1,[H]N([H])C1([H])N([H])C([H])([H])C2([H])N([H])C12C([H])([H])C([H])([H])[H]
16,15,0,
15,14,0,
11,7,0,
20,20,1,[H]OC([H])(OC([H])([H])C([H])([H])[H])C([H])([H])C([H])([H])C#N
15,14,0,
25,25,1,[H]OC([H])([H])C([H])(O[H])C(C([H])([H])[H])(C([H])([H])[H])C([H])([H])C([H])([H])[H]
18,18,1,[H]C1=C([H])C2(N([H])C2([H])[H])C2([H])OC12C([H])([H])[H]
22,22,1,[H]N=C(C([H])([H])[H])C1(C([H])([H])C([H])([H])[H])C([H])([H])C1([H])O[H]
19,18,0,[H]N1C(=O)C(C([H])([H])[H])=C(C([H])([H])[H])C1C([H])([H])[H]
12,11,0,[H]n1[nH]n(C([H])([H])[H])c(=O)c1=O
15,15,1,[H]C(=O)C1([H])N=C(C#N)C([H])([H])C1([H])[H]
20,20,1,[H]OC1(C([H])([H])[H])N2C([H])([H])C2([H])C1(O[H])C([H])([H])[H]
17,17,1,[H]OC1=C([H])C2([H])N(C2([H])[H])C12N([H])C2([H])[H]
22,22,1,[H]C([H])([H])N=C1OC([H])([H])C(C([H])([H])[H])(C([H])([H])[H])C1([H])[H]
24,24,1,[H]C([H])([H])N1C([H])([H])OC([H])(C([H])([H])[H])C([H])([H])C1([H])C([H])([H])[H]
17,17,1,[H]C([H])([H])C12C(=O)C([H])([H])C1([H])C21OC1([H])[H]
23,23,1,[H]OC12C([H])([H])C(C([H])([H])[H])(C1([H])[H])C2(C([H])([H])[H])C([H])([H])[H]
19,19,1,[H]C([H])([H])C#CC1(C([H])([H])[H])C([H])([H])C2([H])OC21[H]
22,22,1,[H]OC1([H])C([H])=C([H])C2([H])C([H])([H])C([H])=C([H])C2([H])C1([H])[H]
18,17,0,
21,21,1,[H]C(=O)OC([H])([H])C([H])(C([H])([H])[H])C([H])([H])OC([H])([H])[H]
18,18,1,[H]C1([H])OC([H])([H])C23C1=NC([H])([H])C2([H])C3([H])[H]
20,20,1,[H]C([H])([H])C1(C#N)C([H])([H])C2(C([H])([H])[H])C([H])([H])C12[H]
20,20,1,[H]C([H])([H])C([H])(C([H])([H])[H])C12C([H])([H])OC1([H])C2([H])[H]
17,17,1,[H]OC([H])([H])C#CC([H])(C#CC([H])([H])[H])O[H]
15,15,1,[H]C(=O)C12N(C1([H])[H])C([H])(C#N)C2([H])[H]
20,20,1,[H]OC12C([H])=C(C([H])([H])N([H])[H])C([H])(C1([H])[H])C2([H])[H]
13,13,1,[H]Oc1nc(OC([H])=O)n([H])c1[H]
22,22,1,[H]OC1([H])OC2([H])C([H])([H])C3([H])C1([H])C3([H])C2([H])C([H])([H])[H]
16,16,1,[H]N=C(N([H])[H])C1([H])C([H])([H])C1(C#N)O[H]
19,19,1,[H]OC1=NC([H])([H])C([H])([H])C1([H])C([H])([H])C([H])([H])[H]
19,19,1,[H]C#CC1(C([H])([H])[H])OC1([H])C([H])(O[H])C([H])([H])[H]
16,16,1,[H]C1=NC2([H])OC([H])([H])C([H])=C2C([H])=C1[H]
14,14,1,[H]N([H])C(=O)C([H])([H])C1([H])OC1([H])[H]
18,18,1,[H]C#CC1(O[H])C([H])(C([H])([H])[H])C12N([H])C2([H])[H]
17,17,1,[H]C1=C([H])C([H])(N([H])[H])C2(C1=O)N([H])C2([H])[H]
21,20,0,[H]C1C2([H])N(C([H])([H])[H])C([H])(C2([H])[H])C12C([H])([H])C2([H])[H]
18,18,1,[H]C(=O)C1([H])OC2([H])C([H])([H])C12N([H])C([H])([H])[H]
21,21,1,[H]N([H])C1([H])C2([H])N3C([H])([H])C([H])(C3([H])[H])C([H])([H])C12[H]
19,19,1,[H]N1C([H])([H])C1([H])C12N3C([H])(C([H])([H])C1([H])[H])C32[H]
19,19,1,[H]OC([H])([H])C1([H])C(=O)C2([H])OC2([H])C([H])([H])N1[H]
19,19,1,[H]N=C([H])C1([H])C([H])(O[H])C1(C([H])([H])[H])C([H])([H])[H]
19,19,1,[H]C(=O)C([H])([H])C([H])(N1C([H])([H])C1([H])[H])C([H])([H])[H]
21,21,1,[H]C([H])([H])OC12C([H])([H])C3(C([H])([H])[H])C1([H])C([H])([H])C23[H]
19,19,1,[H]OC1([H])C([H])([H])C2([H])N(C([H])([H])C([H])([H])[H])C12[H]
18,18,1,[H]N=C1C([H])([H])C([H])([H])C(=O)C12C([H])([H])C2([H])[H]
17,16,0,
17,17,1,[H]c1noc([H])c1C([H])(C([H])([H])[H])C([H])([H])[H]
25,25,1,[H]OC1([H])C([H])([H])C1([H])C([H])(C([H])([H])[H])C([H])([H])C([H])([H])C([H])([H])[H]
23,23,1,[H]C([H])([H])C([H])([H])C([H])([H])OC([H])([H])C([H])([H])C1([H])OC1([H])[H]
22,22,1,[H]OC([H])([H])C([H])([H])C#CC1([H])C([H])([H])C1(O[H])C([H])([H])[H]
15,15,1,[H]OC1(C([H])([H])[H])C(=O)C([H])([H])C1([H])[H]
17,13,0,
16,15,0,
14,13,0,
20,20,1,[H]OC1([H])C2([H])N3C([H])([H])C1([H])C([H])([H])C32C([H])([H])[H]
18,18,1,[H]OC([H])([H])N1C([H])([H])C2(O[H])OC([H])([H])C12[H]
17,17,1,[H]OC12C([H])([H])C([H])([H])OC13C([H])([H])OC32[H]
17,17,1,[H]C(=O)N([H])C([H])(C(=O)C([H])([H])[H])C([H])([H])[H]
13,9,0,[H]C1=C(N([H])[H])NNNC1N([H])[H]
19,19,1,[H]OC1(C([H])([H])[H])N(C([H])([H])C([H])([H])C#N)C1([H])[H]
21,18,0,
17,17,1,[H]N1C([H])([H])C([H])([H])C2([H])C3([H])OC3([H])C12[H]
16,16,1,[H]N=C([H])OC12C([H])([H])C(=O)C1([H])C2([H])[H]
19,16,0,[H]C1C(C2([H])C([H])([H])C2([H])[H])C([H])([H])C2([H])NC12[H]
20,20,1,[H]C#CC([H])([H])C([H])([H])C1([H])C(=O)OC1([H])C([H])([H])[H]
18,18,1,[H]C1=C([H])C2([H])N(C([H])([H])[H])C1([H])C(=O)C2([H])[H]
15,15,1,[H]OC12C([H])([H])C([H])([H])C1(C#N)C2([H])[H]
16,16,1,[H]C1(C#N)C(=O)C2([H])C([H])([H])C1([H])C2([H])[H]
16,14,0,
19,19,1,[H]OC([H])([H])C#CC(O[H])(C([H])([H])[H])C([H])([H])O[H]
23,23,1,[H]OC([H])(C([H])([H])[H])C([H])(OC([H])([H])[H])C1([H])C([H])([H])C1([H])[H]
19,19,1,[H]OC1(C2([H])OC2([H])[H])C([H])([H])C2([H])C([H])([H])C21[H]
15,15,1,[H]N=C(C#N)C([H])([H])C([H])([H])C([H])([H])[H]
18,18,1,[H]C1=C(N([H])[H])C([H])([H])C([H])([H])C([H])([H])C1([H])[H]
18,18,1,[H]C([H])([H])OC12OC3([H])C([H])([H])N(C1([H])[H])C32[H]
15,15,1,[H]C#CC([H])([H])C([H])(C#N)C([H])([H])C#N
19,19,1,[H]C([H])([H])N1C2([H])C([H])([H])C2([H])C12C([H])([H])C2([H])[H]
20,20,1,[H]OC12C([H])([H])C([H])([H])C(C([H])([H])[H])=NC1([H])C2([H])[H]
18,18,1,[H]N([H])C(=O)C(C#N)(C([H])([H])[H])C([H])([H])N([H])[H]
23,23,1,[H]C1=C(C([H])([H])[H])C([H])([H])C2(C([H])([H])[H])C([H])([H])C2([H])C1([H])[H]
18,18,1,[H]N=C1C([H])=C([H])C(C([H])([H])[H])(C([H])([H])[H])N1[H]
20,20,1,[H]C#CC([H])(O[H])C([H])(O[H])C([H])([H])N([H])C([H])([H])[H]
14,14,1,[H]OC1=C([H])C([H])([H])N([H])C(=O)C1=O
17,17,1,[H]N1C([H])([H])C2([H])C1([H])C([H])([H])C21OC1([H])[H]
18,18,1,[H]C([H])([H])C1([H])C([H])([H])C2(C#N)OC1([H])C2([H])[H]
17,17,1,[H]N=C1C([H])([H])C12C(=O)OC([H])([H])C2([H])O[H]
17,14,0,
18,13,0,[H]C1=C([H])C(N([H])[H])C([H])C([H])C([H])C1N([H])[H]
16,16,1,[H]OC1([H])N2C(=O)C([H])=C(C([H])([H])[H])C21[H]
21,21,1,[H]C(=O)C1([H])C(C([H])([H])[H])=C([H])C([H])([H])C1([H])C([H])([H])[H]
20,19,0,[H]C([H])([H])C12C(C3([H])C([H])([H])C3([H])[H])OC1([H])C2([H])[H]
15,12,0,
16,14,0,
16,14,0,[H]C(=O)C1C(N([H])C([H])([H])[H])N=C([H])N1[H]
23,23,1,[H]OC1([H])C([H])=C(C([H])([H])[H])C([H])(C([H])([H])C([H])([H])[H])C1([H])[H]
14,14,1,[H]Oc1nc(OC([H])([H])[H])c([H])n1[H]
20,18,0,
18,18,1,[H]C(=O)C1([H])C2([H])C([H])([H])C1([H])C21N([H])C1([H])[H]
14,14,1,[H]c1nc([H])n2c1N([H])C(=O)C2([H])[H]
23,23,1,[H]OC([H])(C([H])([H])[H])C([H])([H])C([H])(C(=O)C([H])([H])[H])C([H])([H])[H]
12,12,1,[H]N=c1oc([H])c([H])n([H])c1=O
19,19,1,[H]C(=O)C([H])([H])C1(C([H])([H])[H])N([H])C1([H])C([H])([H])[H]
14,14,1,[H]N1C([H])([H])C([H])(C([H])([H])[H])C1([H])[H]
18,18,1,[H]C(=O)C1=C([H])N([H])C([H])([H])C([H])=C([H])C1([H])[H]
26,26,1,[H]C([H])([H])N1C([H])([H])C([H])([H])C([H])([H])C([H])(C([H])([H])[H])C([H])([H])C1([H])[H]
13,13,1,[H]C1([H])C([H])([H])C12C(=O)C(=O)C2=O
13,12,0,[H]C1=NC(=O)C(C(=O)N([H])[H])N1[H]
22,22,1,[H]N([H])C1([H])C(=O)C(C([H])([H])[H])(C([H])([H])C([H])([H])[H])C1([H])[H]
21,21,1,[H]OC([H])([H])C1(C([H])([H])[H])C([H])([H])C([H])([H])C12OC2([H])[H]
17,17,1,[H]OC12OC(C#N)(C([H])([H])[H])C1([H])OC2([H])[H]
18,18,1,[H]OC([H])([H])C1(OC([H])=O)C([H])([H])N([H])C1([H])[H]
23,21,0,
16,14,0,
19,19,1,[H]N1C([H])([H])C2(OC2([H])[H])C1([H])C([H])([H])C([H])([H])[H]
19,18,0,
19,19,1,[H]N=C(C(=O)N([H])C1([H])C([H])([H])C1([H])[H])C([H])([H])[H]
12,11,0,
21,21,1,[H]C([H])([H])N=C1OC([H])([H])C([H])([H])C([H])([H])N1C([H])([H])[H]
17,17,1,[H]Oc1oc(C2([H])C([H])([H])C2([H])[H])c([H])c1[H]
21,21,1,[H]N([H])C1([H])N([H])C([H])([H])C2([H])C([H])([H])C([H])([H])OC12[H]
20,20,1,[H]N1C([H])([H])N2C3([H])N([H])C3([H])C2(C([H])([H])[H])C1([H])[H]
19,19,1,[H]N=C1C2([H])N([H])C3(C([H])([H])[H])C1([H])C23C([H])([H])[H]
18,18,1,[H]C(=O)C([H])([H])C1([H])N([H])C2([H])C3([H])C([H])([H])C123
17,17,1,[H]OC12C([H])([H])C(=O)OC1([H])C([H])([H])C2([H])[H]
15,15,1,[H]C#CC1([H])C([H])(O[H])N2C([H])([H])C21[H]
18,18,1,[H]OC1([H])N2C([H])([H])C2(C#N)C12C([H])([H])C2([H])[H]
23,23,1,[H]C(=C(C([H])([H])[H])C([H])([H])[H])C([H])([H])C1([H])OC1([H])C([H])([H])[H]
17,16,0,[H]C(=O)OC1=C([H])C([H])N([H])C1([H])C([H])([H])[H]
18,18,1,[H]C(=O)N(C([H])([H])[H])C([H])(C([H])([H])[H])C([H])([H])[H]
21,21,1,[H]C([H])([H])C([H])([H])C12C([H])([H])C(=O)C1([H])C2([H])C([H])([H])[H]
23,23,1,[H]C([H])([H])C1([H])C([H])([H])C([H])([H])C1([H])C1(C([H])([H])[H])OC1([H])[H]
22,22,1,[H]N(C(=NC([H])([H])[H])C([H])(C([H])([H])[H])C([H])([H])[H])C([H])([H])[H]
23,23,1,[H]OC1([H])C([H])([H])C([H])([H])C2(C([H])([H])C([H])([H])[H])C([H])([H])C12[H]
19,18,0,
19,19,1,[H]C(=O)C12C([H])([H])C([H])([H])C1([H])C21C([H])([H])C1([H])[H]
20,20,1,[H]N=C(N([H])C(=O)C([H])([H])[H])C([H])(N([H])[H])C([H])([H])[H]
19,19,1,[H]OC([H])([H])C([H])(C#N)C([H])([H])C([H])([H])C([H])([H])[H]
20,20,1,[H]OC([H])([H])C([H])([H])C1([H])C([H])([H])C1([H])OC([H])([H])[H]
14,14,1,[H]C([H])([H])C(=O)C1(C#N)C(=O)C1([H])[H]
19,19,1,[H]C#CC([H])([H])OC1([H])C([H])([H])C1([H])C([H])([H])O[H]
18,16,0,[H]OC([H])(C1=NN([H])NC1C([H])([H])[H])C([H])([H])[H]
14,14,1,[H]C1([H])C(=O)C2([H])N1C(=O)OC2([H])[H]
15,15,1,[H]OC([H])(C([H])([H])[H])C1(O[H])OC1([H])[H]
20,20,1,[H]C1=C(N([H])[H])C([H])([H])C(=O)C([H])([H])C1([H])C([H])([H])[H]
19,19,1,[H]C([H])([H])C12N3C([H])([H])C1(C([H])([H])[H])C3([H])C2([H])[H]
14,14,1,[H]c1c([H])c([H])c2c([H])onc2c1[H]
17,17,1,[H]N1C([H])([H])C([H])([H])C2([H])C(=O)C1([H])C2([H])[H]
19,19,1,[H]OC1([H])C([H])([H])C([H])(C([H])([H])[H])C1(C#N)N([H])[H]
14,14,1,[H]N1C2([H])C1([H])C1([H])C([H])(C#N)C21[H]
21,21,1,[H]OC12C([H])([H])C([H])([H])OC([H])(C([H])([H])[H])C1([H])C2([H])[H]
21,21,1,[H]OC(=O)C([H])([H])C1(C([H])([H])[H])C([H])([H])C([H])([H])C1([H])[H]
20,20,1,[H]C([H])([H])C1([H])N2C3([H])C4([H])C1([H])C4([H])C23C([H])([H])[H]
18,18,1,[H]N=C1N([H])C([H])=C(O[H])C1([H])N([H])C([H])([H])[H]
22,22,1,[H]OC([H])([H])C1(C([H])([H])C([H])([H])[H])C2([H])N([H])C([H])([H])C21[H]
20,20,1,[H]OC1([H])C([H])([H])C23OC1([H])C2([H])OC([H])([H])C3([H])[H]
24,24,1,[H]C1=C(C([H])([H])C([H])([H])[H])C([H])(C([H])([H])[H])C([H])(C([H])([H])[H])N1[H]
19,19,1,[H]N=C1C(C([H])([H])C([H])([H])[H])=NC([H])([H])N1C([H])=O
17,17,1,[H]N=C1C([H])([H])C2(C([H])([H])[H])N([H])C12C([H])=O
17,16,0,[H]OC1([H])C([H])([H])C2([H])OC([H])([H])C([H])C12[H]
18,18,1,[H]N1OC2(C([H])([H])[H])C(=O)C([H])(C([H])([H])[H])C12[H]
13,13,1,[H]N([H])C([H])(C#N)C1([H])OC1([H])[H]
11,11,1,[H]C#CC1([H])C(=O)OC1([H])[H]
19,19,1,[H]OC([H])(C(=O)C#CC([H])([H])[H])C([H])([H])C([H])([H])[H]
21,21,1,[H]C([H])([H])C1([H])C2([H])C([H])([H])OC2([H])C12C([H])([H])C2([H])[H]
19,19,1,[H]C([H])([H])C([H])([H])C1([H])OC([H])([H])C2([H])N1C2([H])[H]
18,18,1,[H]C#CC1([H])C(=NO[H])C([H])([H])C([H])([H])C1([H])[H]
20,20,1,[H]N1C2([H])OC3(C([H])([H])[H])C([H])([H])C3([H])C1([H])C2([H])[H]
23,23,1,[H]OC([H])(OC([H])([H])C([H])([H])[H])C([H])(O[H])C([H])([H])C([H])([H])[H]
17,17,1,[H]C([H])([H])C([H])([H])C1([H])C([H])([H])C2([H])OC21[H]
18,18,1,[H]C1=NC2([H])C3([H])N([H])C2(C([H])([H])[H])C3([H])N1[H]
19,19,1,[H]OC([H])([H])C1([H])C([H])([H])C1(N([H])[H])C([H])([H])O[H]
16,16,1,[H]OC([H])([H])C([H])([H])Oc1noc([H])c1[H]
21,21,1,[H]C([H])([H])C1([H])OC2(C([H])([H])[H])OC([H])([H])C12C([H])([H])[H]
18,18,1,[H]C(=O)C1([H])C2([H])N([H])C3([H])C2([H])C13C([H])([H])[H]
23,23,1,[H]OC1([H])C([H])([H])C12C([H])([H])C([H])(C([H])([H])C([H])([H])[H])C2([H])[H]
20,20,1,[H]C([H])([H])C1([H])C2([H])OC1([H])C1([H])N(C2([H])[H])C1([H])[H]
17,17,1,[H]c1c2c(n(C([H])([H])[H])c1[H])OC([H])([H])N2[H]
18,16,0,[H]C#CC([H])([H])C12NC1([H])C([H])([H])C([H])C2([H])[H]
20,20,1,[H]N1C2([H])C1([H])C1(OC1([H])[H])C([H])([H])C2([H])C([H])([H])[H]
13,7,0,
12,12,1,[H]C1([H])OC2([H])C(=O)C2([H])C1=O
17,17,1,[H]C(=O)C([H])([H])C1([H])C([H])=C([H])C2([H])OC21[H]
16,16,1,[H]C([H])(C#N)C1([H])OC2([H])C([H])([H])C2([H])O1
18,18,1,[H]OC([H])([H])C([H])(O[H])C([H])([H])C([H])(C#N)O[H]
20,20,1,[H]OC(C([H])([H])[H])(C([H])([H])[H])C1([H])N=C([H])C([H])([H])O1
16,16,1,[H]C(=O)N([H])C([H])([H])c1nn([H])c([H])c1[H]
21,21,1,[H]OC([H])(C([H])([H])C([H])([H])[H])C1([H])C([H])([H])C12OC2([H])[H]
15,15,1,[H]c1nc(C([H])([H])[H])n(C([H])([H])[H])c1[H]
20,20,1,[H]C(=O)C1([H])C([H])([H])C([H])(N2C([H])([H])C2([H])[H])C1([H])[H]
19,19,1,[H]OC12OC([H])(C1([H])[H])C2([H])OC([H])([H])C([H])([H])[H]
21,21,1,[H]N1C([H])([H])C1([H])C1([H])C(C([H])([H])[H])=NC1([H])C([H])([H])[H]
17,17,1,[H]C1([H])N2C3([H])N4C3([H])C3([H])C4([H])C3([H])C21[H]
18,18,1,[H]OC([H])([H])C1([H])C([H])(C#N)C2([H])C([H])([H])C12[H]
18,18,1,[H]N1C2=C(C([H])([H])[H])OC([H])([H])OC2([H])C1([H])[H]
19,19,1,[H]OC([H])(C([H])([H])[H])C([H])([H])C1(C([H])=O)OC1([H])[H]
19,19,1,[H]OC([H])([H])C([H])([H])c1oc([H])c(C([H])([H])[H])c1[H]
17,17,1,[H]C#CC([H])(O[H])C([H])([H])[H]
17,17,1,[H]OC12C([H])([H])N(C([H])=O)C1([H])C1([H])OC12[H]
16,16,1,[H]C(=O)C1([H])OC1([H])C([H])(C#N)C([H])([H])[H]
14,14,1,[H]OC([H])([H])c1c([H])c([H])c([H])n1[H]
18,18,1,[H]OC(=O)C1([H])C([H])([H])C([H])([H])C([H])([H])C1([H])[H]
19,19,1,[H]N1C([H])([H])C2([H])OC1([H])C1([H])C([H])([H])C1([H])N2[H]
16,16,1,[H]OC1([H])N(C([H])=O)C2([H])C([H])([H])OC12[H]
17,17,1,[H]N1C2([H])C3([H])C([H])([H])C([H])([H])C1(C#N)C23[H]
19,19,1,[H]OC1([H])C2([H])OC3(C([H])([H])[H])C2([H])C13C([H])([H])[H]
17,17,1,[H]OC1([H])C(=O)C([H])(O[H])C([H])(O[H])C1([H])[H]
16,16,1,[H]C1([H])N2C([H])([H])C2([H])C([H])(C#N)C1([H])[H]
21,18,0,
13,13,1,[H]OC1([H])N2C(=O)N([H])C(=O)C21[H]
15,13,0,[H]N=C([H])C1C(N([H])[H])=C([H])N([H])C1[H]
17,17,1,[H]N=c1oc(=NC([H])([H])[H])nnn1C([H])([H])[H]
19,19,1,[H]C([H])([H])C([H])([H])C(=O)OC1([H])C([H])([H])OC1([H])[H]
18,18,1,[H]C(=O)C12N(C1([H])[H])C1([H])C([H])([H])C([H])([H])C12[H]
19,19,1,[H]C(=O)C([H])([H])C12N(C([H])([H])[H])C1([H])N([H])C2([H])[H]
21,21,1,[H]C([H])([H])C([H])([H])C12C(=O)C([H])(C([H])([H])C1([H])[H])C2([H])[H]
17,17,1,[H]C#CC1([H])N=C([H])N([H])C(C([H])([H])[H])=C1[H]
11,11,1,[H]N=C(C([H])=O)N([H])C(=O)F
19,19,1,[H]C1([H])OC2([H])C([H])(C1=O)C([H])([H])C2([H])C([H])([H])[H]
13,13,1,[H]C(=O)c1oc([H])nc1C([H])([H])[H]
24,24,1,[H]C([H])([H])N1C2([H])C([H])([H])C([H])([H])C([H])([H])C12C([H])([H])C([H])([H])[H]
16,16,1,[H]N=C1N(C([H])([H])[H])C(C([H])=O)=NC1([H])[H]
18,18,1,[H]C([H])([H])C1([H])C([H])([H])C([H])(C#N)C12OC2([H])[H]
20,20,1,[H]C(=O)N([H])C1([H])C([H])([H])C2([H])C([H])([H])C12C([H])([H])[H]
13,13,1,[H]OC([H])(C#N)C([H])(C#N)C([H])=O
17,17,1,[H]C(=O)C([H])([H])C([H])([H])N([H])C(=O)C([H])([H])[H]
13,10,0,[H]N1N=NNC1C(N=O)C([H])([H])[H]
14,13,0,
18,18,1,[H]OC(c1nn([H])nc1[H])(C([H])([H])[H])C([H])([H])[H]
14,9,0,[H]C1C(=O)C2OC1C([H])C2C([H])([H])[H]
17,17,1,[H]C1=NC2(C([H])([H])[H])C([H])([H])C1([H])C2([H])C#N
15,15,1,[H]C(=O)C1=C([H])C([H])([H])OC([H])([H])C1=O
18,18,1,[H]N(C([H])([H])C([H])([H])[H])C([H])([H])C1([H])OC(=O)O1
16,16,1,[H]C#CC1(C([H])([H])[H])C(=N[H])OC([H])=C1[H]
21,21,1,[H]C([H])([H])N=C(C([H])([H])[H])C([H])([H])C([H])([H])OC([H])([H])[H]
16,16,1,[H]C([H])([H])Oc1onc(C([H])([H])[H])c1C#N
25,25,1,[H]OC([H])([H])C([H])(OC([H])(N([H])[H])C([H])([H])[H])C([H])([H])OC([H])([H])[H]
23,23,1,[H]OC([H])(C([H])([H])C([H])([H])OC([H])([H])[H])C1([H])C([H])([H])C1([H])[H]
21,21,1,[H]C(=O)C([H])(C([H])([H])[H])C([H])([H])C1([H])OC1([H])C([H])([H])[H]
19,19,1,[H]C#CC([H])(C([H])=N[H])C([H])(C([H])([H])[H])C([H])([H])[H]
18,16,0,
21,21,1,[H]C([H])([H])C1([H])C([H])([H])C2([H])C([H])([H])C1([H])C1([H])OC12[H]
15,13,0,[H]OC1C([H])=C([H])N(C([H])([H])[H])C1C#N
17,17,1,[H]C#CC([H])([H])C(N=C=N[H])(O[H])C([H])([H])[H]
21,21,1,[H]N([H])C1(C([H])([H])[H])N(C([H])([H])[H])C(=O)C1([H])C([H])([H])[H]
12,10,0,[H]c1nc2c(o1)C(N([H])[H])NO2
20,20,1,[H]N1C(=O)C([H])(C([H])([H])[H])OC([H])([H])C([H])([H])C1([H])[H]
19,19,1,[H]OC1([H])C([H])(O[H])C2(C([H])([H])[H])C([H])([H])OC12[H]
13,13,1,[H]OC1([H])C(=O)C([H])(C#N)C1([H])[H]
17,17,1,[H]C#CC12C([H])=C(C([H])([H])[H])OC1([H])C2([H])[H]
16,16,1,[H]OC1([H])C(=O)OC([H])([H])C1=NC([H])([H])[H]
21,21,1,[H]C#CC([H])(C([H])([H])[H])C([H])([H])OC([H])([H])C([H])([H])O[H]
17,17,1,[H]N=C([H])N([H])c1c([H])nc(C([H])([H])[H])n1[H]
18,18,1,[H]C1([H])C([H])([H])C2(C#N)C3([H])C([H])([H])C2([H])C13[H]
16,16,1,[H]N([H])C(=O)C([H])(C#N)N1C([H])([H])C1([H])[H]
13,12,0,[H]OC([H])([H])C1(C#N)OC([H])C1=O
21,21,1,[H]C([H])([H])N(C1=NC([H])([H])C1([H])[H])C1([H])C([H])([H])C1([H])[H]
17,17,1,[H]N1C(=O)C([H])([H])OC([H])(C([H])([H])[H])C1([H])[H]
15,14,0,[H]Oc1c([H])oc([H])c1C([H])(O)N([H])[H]
18,17,0,
16,15,0,
23,23,1,[H]OC([H])([H])C1([H])C([H])([H])C([H])([H])C([H])([H])C1(O[H])C([H])([H])[H]
19,19,1,[H]OC([H])(C#N)C([H])(C([H])([H])[H])C([H])([H])C([H])([H])[H]
19,19,1,[H]OC([H])([H])C1(C([H])([H])[H])OC([H])=C([H])C([H])([H])O1
21,20,0,[H]OC([H])([H])C1(O[H])C([H])=C([H])C([H])=C([H])C([H])([H])C1[H]
22,22,1,[H]OC(C([H])([H])[H])(C([H])([H])[H])C([H])([H])C1([H])C([H])([H])C1([H])[H]
14,14,1,[H]N1C(=O)OC([H])(C([H])([H])[H])C1([H])[H]
18,17,0,[H]C1=C([H])C([H])([H])C(=O)C([H])C([H])([H])OC1([H])[H]
17,17,1,[H]C(=O)C12N([H])C([H])=C(C([H])([H])[H])N1C2([H])[H]
17,16,0,
20,20,1,[H]c1nc(N([H])C([H])([H])[H])n(C([H])([H])[H])c1C([H])([H])[H]
19,19,1,[H]OC([H])([H])C1([H])N2C3([H])N([H])C3([H])C2([H])C1([H])[H]
20,20,1,[H]C1=C([H])C2([H])C([H])(N1[H])C([H])([H])C1([H])C([H])([H])C21[H]
20,20,1,[H]C([H])([H])C([H])([H])C([H])([H])C(=O)C([H])([H])C([H])([H])C#N
20,20,1,[H]N([H])C12C([H])([H])C1(C1([H])OC1([H])[H])C2([H])C([H])([H])[H]
21,21,1,[H]C1=C([H])C([H])(C([H])(OC([H])([H])[H])N([H])[H])N([H])C1([H])[H]
21,21,1,[H]N1N2C1([H])C(OC([H])([H])[H])(C([H])([H])[H])C2([H])C([H])([H])[H]
17,17,1,[H]C#CC12C([H])([H])C3([H])C([H])(C1([H])O[H])C32[H]
18,18,1,[H]N1C([H])([H])C12C(=O)C([H])([H])OC2([H])C([H])([H])[H]
18,18,1,[H]C(=O)N1C2([H])C([H])([H])C2([H])C2([H])C([H])([H])C12[H]
15,15,1,[H]C(=O)OC(=O)C([H])(C([H])=O)C([H])([H])[H]
18,17,0,[H]OC1([H])C([H])([H])C([H])C23OC2([H])C([H])([H])C13[H]
16,15,0,
16,16,1,[H]C1([H])OC([H])([H])C([H])(C#N)C(=O)C1([H])[H]
19,19,1,[H]C1([H])N=C(N2C([H])([H])C([H])([H])C2([H])[H])OC1([H])[H]
15,14,0,[H]C#CC1=C([H])C(=O)C(C([H])([H])[H])N1[H]
21,21,1,[H]OC([H])([H])C1(OC([H])([H])OC([H])([H])[H])C([H])([H])C1([H])[H]
19,19,1,[H]C([H])([H])C12OC1([H])C1(C([H])([H])[H])OC1([H])C2([H])[H]
16,16,1,[H]c1nc(=O)oc(C([H])([H])C([H])([H])[H])c1[H]
20,20,1,[H]C#CC1([H])C2([H])OC([H])(C([H])([H])[H])C([H])(O[H])C12[H]
14,14,1,[H]OC([H])(C#N)N(C([H])=O)C([H])([H])[H]
21,21,1,[H]C([H])([H])C1([H])C([H])([H])N(C([H])([H])C([H])([H])C#N)C1([H])[H]
18,18,1,[H]C#CC([H])([H])C([H])(N([H])[H])N([H])C(=N[H])O[H]
14,13,0,
16,16,1,[H]OC1([H])C([H])([H])N(C(=O)N([H])[H])C1([H])[H]
13,13,1,[H]C#CC([H])(C([H])=O)C([H])([H])C#N
16,16,1,[H]N([H])c1nnoc1OC([H])([H])C([H])([H])[H]
18,18,1,[H]N1C([H])([H])C2([H])OC([H])(C(=O)C([H])([H])[H])C12[H]
21,21,1,[H]OC1([H])C([H])([H])C([H])([H])C([H])(C([H])=O)C1([H])C([H])([H])[H]
16,15,0,
21,20,0,
23,23,1,[H]OC(C([H])([H])[H])(C([H])([H])[H])C([H])(C([H])=NC([H])([H])[H])N([H])[H]
20,20,1,[H]C([H])([H])C([H])([H])C([H])(C([H])([H])[H])C1([H])C(=O)C1([H])[H]
14,13,0,[H]C#CC(=O)NN([H])C([H])([H])C#C[H]
14,12,0,
17,17,1,[H]c1nc2c(n1[H])N([H])C([H])([H])C([H])([H])N2[H]
21,21,1,[H]C1=C(C([H])([H])[H])C([H])(C([H])([H])[H])N=C(C([H])([H])[H])N1[H]
18,18,1,[H]C([H])([H])OC([H])([H])C([H])([H])C([H])([H])C([H])([H])[H]
15,13,0,
21,21,1,[H]N1C([H])(C([H])([H])C([H])([H])[H])N2C3([H])C([H])([H])C1([H])C23[H]
17,15,0,
20,20,1,[H]C#CC([H])(OC([H])([H])[H])C([H])([H])C([H])([H])C([H])=N[H]
14,14,1,[H]c1c([H])c(C([H])([H])C#N)n([H])c1[H]
16,16,1,[H]OC([H])([H])c1c([H])c([H])c2n1C([H])=C2[H]
16,16,1,[H]C1=NN2C(=NO1)C([H])(C([H])([H])[H])C2([H])[H]
20,20,1,[H]C1=NC([H])([H])OC([H])([H])C12C([H])([H])C([H])([H])C2([H])[H]
19,19,1,[H]N1C(=O)C([H])(N([H])[H])C(C([H])([H])[H])=C1C([H])([H])[H]
17,17,1,[H]C([H])([H])C12OC3([H])C4([H])C([H])(OC41[H])C32[H]
19,19,1,[H]C(=O)N([H])C([H])(N([H])[H])C1([H])OC1([H])C([H])([H])[H]
21,21,1,[H]OC([H])([H])C([H])([H])C1(C([H])([H])[H])N([H])C1([H])C([H])([H])[H]
16,14,0,[H]C1=NC2=C([H])N(C([H])([H])[H])NC2C([H])=N1
19,19,1,[H]OC1(C([H])([H])[H])C2([H])N([H])C3(N([H])C3([H])[H])C21[H]
15,14,0,
18,17,0,[H]C1=C([H])C([H])([H])C(=O)N([H])C([H])([H])C1N([H])[H]
21,21,1,[H]C#CC12C([H])([H])C([H])(C([H])([H])[H])C1(C([H])([H])[H])C2([H])[H]
21,21,1,[H]C([H])([H])C([H])([H])C([H])(N1C([H])([H])C1([H])[H])C([H])([H])C#N
11,11,1,[H]C#CC(=O)C(=O)C([H])([H])[H]
15,14,0,
16,14,0,
19,19,1,[H]C1=C([H])C([H])([H])C([H])([H])N(C([H])([H])N([H])[H])C1=O
16,16,1,[H]Oc1c(C([H])=O)c([H])c([H])n1C([H])([H])[H]
14,14,1,[H]C#Cc1c(N([H])[H])n([H])c(=O)n1[H]
15,15,1,[H]C#CC([H])([H])C12N(C1([H])[H])C2([H])C#N
18,18,1,[H]C#CC1(C([H])([H])[H])C(=O)N([H])C1=NC([H])([H])[H]
16,16,1,[H]OC([H])([H])C1([H])C2([H])OC1(C#N)C2([H])[H]
18,18,1,[H]C([H])([H])C(=O)C([H])([H])C#CC([H])([H])C([H])([H])[H]
19,19,1,[H]OC([H])([H])C([H])([H])C#CC([H])(C#N)OC([H])([H])[H]
19,19,1,[H]C([H])([H])C([H])(C#N)C([H])([H])C1([H])C([H])([H])C1([H])[H]
18,16,0,
21,21,1,[H]C([H])([H])C1([H])OC1([H])C1(C([H])([H])[H])OC([H])([H])C1([H])[H]
25,25,1,[H]C1([H])C([H])([H])C([H])([H])C([H])([H])C2(C([H])([H])C1([H])[H])C([H])([H])C2([H])[H]
19,19,1,[H]OC1([H])C([H])([H])C2([H])OC([H])([H])C([H])(O2)C1([H])[H]
18,18,1,[H]ON=C1C(C([H])([H])O[H])=C([H])C([H])([H])C1([H])[H]
18,18,1,[H]OC12C([H])([H])C3([H])C1([H])C3(C([H])([H])[H])C2([H])[H]
23,23,1,[H]N1C([H])([H])C2(C([H])(N([H])[H])C([H])([H])[H])C([H])([H])C1([H])C2([H])[H]
16,16,1,[H]C1=C([H])C([H])([H])c2oc([H])c([H])c2N1[H]
19,19,1,[H]C([H])([H])C1([H])N2C3([H])C([H])([H])C2(C([H])([H])[H])C13[H]
20,20,1,[H]OC([H])([H])C1(C([H])([H])[H])C([H])([H])C12C([H])([H])C2([H])[H]
21,21,1,[H]N1C2([H])OC(N(C([H])([H])[H])C([H])([H])[H])(C([H])([H])[H])C12[H]
18,16,0,[H]C1C([H])([H])C2([H])NC2([H])C12OC([H])([H])C2([H])[H]
13,13,1,[H]C#CC12C(=O)C([H])(N1[H])C2([H])[H]
15,14,0,
18,18,1,[H]N([H])C1(C#N)C([H])([H])C1([H])C([H])([H])C([H])([H])[H]
16,16,1,[H]C1=NC(C([H])([H])[H])=NC([H])([H])OC([H])=N1
17,17,1,[H]N1C2([H])C3([H])OC3([H])C3(N([H])C3([H])[H])C12[H]
17,17,1,[H]C#CC12N([H])C1([H])C1(N([H])C1([H])[H])C2([H])[H]
18,18,1,[H]C(=O)C([H])(OC1([H])C(=O)OC1([H])[H])C([H])([H])[H]
17,17,1,[H]N1C([H])([H])C12C1([H])OC3([H])C([H])([H])N([H])C312
20,20,1,[H]OC1(C([H])([H])[H])C([H])([H])C2([H])C([H])([H])C2([H])C1([H])[H]
16,15,0,
20,20,1,[H]C#CC1([H])N([H])C1(C([H])([H])[H])C1([H])C([H])([H])C1([H])[H]
20,20,1,[H]N=C([H])C(=O)C([H])([H])C1([H])C([H])([H])C1([H])C([H])([H])[H]
18,17,0,[H]N=C1C(N([H])[H])C([H])=NC([H])([H])C([H])([H])N1[H]
14,14,1,[H]N=C1OC2([H])C([H])([H])C2([H])C1([H])[H]
17,17,1,[H]OC([H])([H])C12C([H])([H])N3C([H])(C1([H])[H])C32[H]
23,23,1,[H]C1=C(C([H])([H])[H])C2([H])C([H])([H])C([H])([H])C1(C([H])([H])[H])C2([H])[H]
14,14,1,[H]N=C1OC([H])([H])C2(O1)C(=O)C2([H])[H]
19,19,1,[H]C1=NC2([H])C([H])([H])C2(C([H])([H])[H])C([H])([H])C1([H])[H]
14,14,1,[H]N=C1C(=O)N([H])C([H])([H])C([H])=C1F
18,14,0,
12,12,1,[H]OC([H])([H])C1(C#N)OC1([H])[H]
17,17,1,[H]OC1([H])C([H])([H])OC([H])([H])C12N([H])C2([H])[H]
19,19,1,[H]C([H])([H])OC(=O)C1([H])OC1(C([H])([H])[H])C([H])([H])[H]
12,12,1,[H]c1nc(=O)oc([H])c1N([H])[H]
20,20,1,[H]N1C([H])([H])N2C([H])([H])C([H])([H])C([H])([H])C2([H])C1([H])[H]
15,15,1,[H]C(=O)N([H])C(C#N)(C([H])=O)C([H])([H])[H]
23,23,1,[H]C(=O)C([H])(C([H])([H])[H])C([H])([H])OC([H])([H])C([H])([H])C([H])([H])[H]
15,13,0,[H]C1=NC(N([H])C([H])([H])[H])C([H])=NC1[H]
12,10,0,[H]C1=NC2C(N=NN2[H])C([H])=N1
19,19,1,[H]C1([H])OC([H])([H])C2([H])C([H])([H])C2([H])C([H])([H])C1=O
20,17,0,
16,16,1,[H]N=C1OC([H])(N([H])C([H])=O)N1C([H])([H])[H]
18,17,0,[H]C([H])([H])C1N(C([H])([H])[H])C([H])([H])C12OC2([H])[H]
16,16,1,[H]ON=C1C(=O)C([H])([H])C([H])=C1C([H])([H])[H]
17,17,1,[H]C([H])([H])OC1=NC([H])([H])C([H])(C([H])([H])[H])O1
18,18,1,[H]C1=C([H])C([H])([H])C([H])(C(=O)C([H])([H])[H])C1([H])[H]
18,18,1,[H]C(=O)N([H])C1(N([H])C([H])([H])[H])C([H])([H])C1([H])[H]
22,22,1,[H]C1=C([H])C([H])(C([H])([H])[H])C2(N([H])C2([H])C([H])([H])[H])C1([H])[H]
16,16,1,[H]C#CC(OC(=N[H])C([H])([H])[H])=C([H])O[H]
20,20,1,[H]C1=C([H])C([H])(N([H])[H])C2(C([H])([H])[H])OC1([H])C2([H])[H]
16,16,1,[H]C([H])([H])C12C(=O)OC([H])(C1([H])[H])C2([H])[H]
21,21,1,[H]C1=C([H])C([H])([H])OC([H])(C([H])([H])[H])C([H])([H])OC1([H])[H]
20,19,0,[H]OC12C([H])([H])C1([H])C1(C([H])([H])[H])C([H])C2([H])C1([H])[H]
17,17,1,[H]ON=C1C([H])([H])C([H])=C([H])C1([H])C([H])([H])[H]
14,14,1,[H]Oc1nn(C([H])([H])[H])nc1C([H])=O
16,16,1,[H]C1=C([H])C([H])(OC([H])([H])[H])C([H])([H])C1=O
17,17,1,[H]N=C1OC(C([H])([H])[H])=NC([H])([H])C([H])=C1[H]
17,17,1,[H]C#CC1([H])C2([H])C(=O)C([H])([H])C([H])([H])C12[H]
15,15,1,[H]N=C1OC(=O)C([H])(C([H])([H])[H])N=C1[H]
13,13,1,[H]c1nn(C([H])([H])C#N)c([H])c1[H]
18,17,0,[H]OC([H])([H])C1C2([H])OC2([H])C1(O[H])C([H])([H])[H]
18,17,0,[H]OC12C3OC([H])(C1([H])[H])C3(C([H])([H])[H])C2([H])[H]
17,17,1,[H]OC1([H])C(=O)C2([H])N(C([H])([H])[H])C([H])([H])N12
21,19,0,[H]C1N(C([H])([H])[H])C2(C([H])([H])[H])C([H])([H])NC2([H])C1([H])[H]
15,15,1,[H]n1nc(C2([H])C([H])([H])C2([H])[H])oc1=O
21,21,1,[H]C([H])([H])C1([H])C2([H])OC([H])([H])C3([H])C([H])(C2([H])[H])C13[H]
16,15,0,[H]N=C1OC(C([H])([H])N([H])[H])C(=O)C1([H])[H]
17,16,0,[H]C1([H])C2N3C4([H])C2([H])OC([H])(C1([H])[H])C34[H]
16,12,0,[H]OC1NNN(C([H])([H])C(=O)N([H])[H])C1[H]
19,19,1,[H]OC1([H])C([H])(C([H])=O)C([H])([H])C2([H])C([H])([H])C12[H]
19,19,1,[H]N1C2([H])OC3([H])N(C([H])([H])[H])C3([H])C12C([H])([H])[H]
17,17,1,[H]C([H])([H])N1C(=O)C([H])([H])C2([H])C([H])([H])C12[H]
20,20,1,[H]C([H])([H])OC1([H])C2([H])C([H])([H])C([H])([H])C12C([H])([H])[H]
12,12,1,[H]OC12OC3(C#N)C1([H])OC32[H]
20,20,1,[H]OC12C([H])([H])N([H])C3([H])C1([H])C([H])(C([H])([H])[H])C32[H]
20,20,1,[H]OC([H])(C([H])([H])C([H])=O)C([H])([H])C([H])([H])C([H])([H])[H]
21,21,1,[H]C([H])([H])C([H])([H])C1([H])C([H])([H])C23C([H])([H])OC2([H])C13[H]
11,10,0,[H]N=C(O)N([H])C(=O)N([H])[H]
16,15,0,
22,22,1,[H]C([H])([H])C1(C([H])([H])[H])C([H])([H])C([H])([H])OC([H])([H])C1([H])[H]
18,18,1,[H]C1([H])OC([H])([H])C2([H])OC([H])(C1([H])[H])C2([H])[H]
10,8,0,[H]c1nc(O)c(N=N)n1[H]
13,13,1,[H]c1noc(C#CC([H])([H])[H])c1[H]
21,21,1,[H]OC1([H])C([H])(C([H])([H])[H])C1(N([H])C([H])([H])[H])C([H])([H])[H]
21,21,1,[H]OC1(N(C([H])([H])[H])C([H])([H])[H])C([H])([H])N2C([H])([H])C21[H]
16,16,1,[H]C([H])([H])N1C(=O)C([H])([H])C1([H])C([H])([H])[H]
17,17,1,[H]OC1([H])C2([H])C([H])=C([H])C3([H])OC2([H])C31[H]
20,20,1,[H]C1([H])OC2([H])C([H])(C([H])([H])[H])C2([H])C2([H])N1C2([H])[H]
21,21,1,[H]N1C([H])(C([H])([H])[H])N2C([H])([H])C3([H])C2([H])C13C([H])([H])[H]
23,23,1,[H]C([H])([H])C([H])([H])C([H])([H])C1([H])C(=O)C([H])([H])C([H])([H])C1([H])[H]
17,17,1,[H]N1C2([H])C1([H])C1(C([H])([H])[H])OC([H])([H])C21[H]
17,17,1,[H]N(C(=O)C([H])([H])[H])C1([H])N([H])C2([H])OC21[H]
16,15,0,[H]C1=NC([H])([H])C2=NC([H])([H])OC2C1([H])[H]
17,17,1,[H]C([H])([H])C([H])([H])C1([H])C([H])([H])C12OC2([H])[H]
12,10,0,
19,19,1,[H]C(=O)C1([H])OC12C([H])([H])C([H])([H])C2([H])C([H])([H])[H]
17,17,1,[H]OC(=O)C1(C([H])([H])C([H])=O)C([H])([H])C1([H])[H]
21,21,1,[H]C1=C([H])C2([H])C([H])([H])C2([H])OC1([H])C([H])([H])C([H])([H])[H]
13,9,0,[H]N=C(C#N)C1C([H])C([H])NN1[H]
22,22,1,[H]OC1([H])C([H])=C([H])C2(C([H])([H])[H])C([H])(O[H])C2([H])C1([H])[H]
13,12,0,[H]N=c1oc(C([H])O[H])c([H])n1[H]
14,14,1,[H]N1C(C#N)=NC(=O)C1([H])C([H])([H])[H]
19,19,1,[H]C#CC([H])([H])C([H])([H])C([H])([H])OC(=O)C([H])([H])[H]
22,22,1,[H]C([H])([H])C1([H])C([H])([H])C([H])([H])C2([H])C([H])([H])C12C([H])([H])[H]
20,20,1,[H]C1([H])C([H])([H])C2([H])C3([H])C([H])([H])C1([H])C2([H])C3([H])[H]
17,17,1,[H]C#CC12N=C(C([H])([H])[H])N([H])C1([H])C2([H])[H]
18,18,1,[H]N=C1C([H])=C([H])C2([H])C(=C([H])[H])C([H])([H])C12[H]
18,18,1,[H]C#CC1([H])C([H])([H])OC2([H])C([H])([H])N([H])C12[H]
21,21,1,[H]C([H])([H])C1([H])C([H])([H])C2([H])C([H])([H])C2([H])C12OC2([H])[H]
14,14,1,[H]N=C([H])C(=O)OC([H])([H])C([H])([H])[H]
22,22,1,[H]OC([H])([H])C1(C([H])([H])[H])C([H])([H])N2C([H])(C([H])([H])[H])C21[H]
16,16,1,[H]N1C(=O)OC2([H])C([H])([H])OC12C([H])([H])[H]
23,23,1,[H]C1=C([H])C(OC([H])([H])C([H])([H])[H])(C([H])([H])[H])C([H])([H])C1([H])[H]
21,21,1,[H]C([H])([H])C12OC1([H])C([H])(C1([H])C([H])([H])C1([H])[H])C2([H])[H]
22,22,1,[H]N1C2(C([H])([H])[H])C([H])([H])C2([H])C2([H])C([H])([H])C12C([H])([H])[H]
20,20,1,[H]N(C(=O)C([H])([H])[H])C1([H])C([H])([H])OC([H])([H])C1([H])[H]
16,16,1,[H]C1=C([H])C([H])(C#N)C([H])(N([H])[H])C1([H])[H]
20,20,1,[H]OC([H])([H])C(C(=O)N([H])[H])(C([H])([H])[H])C([H])([H])O[H]
21,21,1,[H]C1=NC([H])([H])C([H])(C([H])([H])[H])C12N([H])C([H])([H])C2([H])[H]
22,22,1,[H]N=C1N(C([H])([H])[H])C([H])(C([H])([H])[H])N([H])C([H])([H])C1([H])[H]
15,15,1,[H]OC12C([H])([H])C1([H])C1([H])C([H])([H])C12[H]
20,20,1,[H]OC([H])([H])N([H])C1=NC([H])(C([H])([H])[H])C([H])([H])N1[H]
24,24,1,[H]OC1([H])C([H])([H])C([H])([H])C1(C([H])([H])[H])C([H])([H])C([H])([H])N([H])[H]
21,21,1,[H]N1C([H])([H])C2([H])OC([H])([H])C([H])(C([H])([H])[H])C1([H])N2[H]
17,17,1,[H]C([H])([H])C(=O)C12N(C([H])([H])C1([H])[H])C2([H])[H]
18,18,1,[H]c1nc(OC([H])([H])C([H])([H])[H])n([H])c1N([H])[H]
18,18,1,[H]OC1([H])OC2([H])N3C([H])([H])C1([H])C32C([H])([H])[H]
21,21,1,[H]OC([H])([H])C1(C([H])([H])[H])C2([H])C([H])([H])C([H])(O[H])C21[H]
21,21,1,[H]C(=O)C(N1C([H])([H])C1([H])[H])(C([H])([H])[H])C([H])([H])N([H])[H]
17,17,1,[H]C#CC1([H])C(=O)C([H])([H])OC1([H])C([H])([H])[H]
21,21,1,[H]N1C([H])([H])C2(C([H])([H])[H])N([H])C2([H])OC1([H])C([H])([H])[H]
23,21,0,
19,19,1,[H]OC1=NC2(N([H])C2([H])C([H])([H])[H])C([H])([H])C1([H])[H]
19,17,0,
14,12,0,
19,19,1,[H]N1C([H])([H])C2(C([H])([H])OC3([H])N([H])C32[H])C1([H])[H]
18,18,1,[H]N=C([H])n1c([H])c([H])c([H])c1C([H])([H])N([H])[H]
16,16,1,[H]C(=O)C(=C([H])N([H])[H])C([H])([H])C([H])([H])[H]
18,18,1,[H]C1=NC([H])(C([H])([H])C([H])([H])C([H])([H])[H])OC1=O
18,18,1,[H]C#CC1(C([H])([H])[H])OC1(C#CC([H])([H])[H])O[H]
21,21,1,[H]C#CC1(C2([H])C([H])([H])C2([H])O[H])N(C([H])([H])[H])C1([H])[H]
23,23,1,[H]C#CC([H])([H])C([H])([H])C([H])(C([H])([H])[H])C([H])(O[H])C([H])([H])[H]
14,13,0,[H]C#CC1C([H])=C(N([H])[H])C(=O)N1[H]
21,20,0,[H]N=C(C1([H])C(O[H])C1([H])[H])C([H])(C([H])([H])[H])C([H])([H])[H]
14,12,0,
17,17,1,[H]OC1([H])C(=O)C2([H])OC([H])([H])C12C([H])([H])[H]
17,17,1,[H]OC1([H])OC([H])([H])C([H])(C([H])=O)C1([H])O[H]
16,16,1,[H]OC1([H])C([H])([H])OC([H])(C#N)OC1([H])[H]
21,20,0,
20,20,1,[H]OC1([H])C2([H])C3([H])C([H])(C12O[H])C31C([H])([H])C1([H])[H]
18,18,1,[H]N1C2([H])C3([H])OC2([H])C2([H])C1([H])C([H])([H])C32[H]
23,23,1,[H]OC([H])(O[H])C([H])(OC([H])([H])C([H])([H])C([H])([H])[H])C([H])([H])[H]
13,9,0,[H]C1N([H])C2NC(C(=O)O2)C1([H])[H]
21,21,1,[H]C1=C2C([H])([H])C3([H])C([H])([H])C23C([H])([H])C([H])([H])C1([H])[H]
19,19,1,[H]OC([H])(C(=O)N([H])C([H])([H])[H])C([H])([H])C([H])([H])[H]
12,12,1,[H]C(=O)C([H])([H])c1nonc1[H]
17,15,0,
16,16,1,[H]C#CC1([H])N([H])C2([H])C([H])([H])N([H])C12[H]
18,18,1,[H]OC1([H])C([H])([H])C([H])([H])C([H])(C([H])=O)C1([H])[H]
20,18,0,
21,21,1,[H]OC([H])([H])C#CC([H])([H])C([H])(N([H])C([H])=O)C([H])([H])[H]
22,22,1,[H]OC([H])([H])C([H])(C([H])([H])N([H])C([H])([H])[H])C1([H])OC1([H])[H]
18,18,1,[H]OC1([H])N=C([H])C([H])([H])C1([H])C#CC([H])([H])[H]
12,12,1,[H]C(=O)N=c1nc([H])c([H])no1
16,15,0,
14,14,1,[H]C#CC1([H])C(=O)OC1([H])C([H])([H])[H]
21,21,1,[H]OC([H])([H])C(=O)OC([H])(C([H])([H])[H])C([H])([H])C([H])([H])[H]
25,25,1,[H]OC([H])([H])N1C([H])([H])C([H])(C([H])([H])[H])C([H])(O[H])C1([H])C([H])([H])[H]
16,16,1,[H]OC1(C([H])([H])[H])N=C([H])C(=O)C([H])=C1[H]
19,18,0,
19,19,1,[H]OC([H])([H])C1([H])OC1([H])C(=NC([H])([H])[H])N([H])[H]
18,18,1,[H]C(=O)N1C2([H])C([H])=C(C([H])([H])[H])C([H])([H])C12[H]
14,14,1,[H]C1=NC2([H])C3([H])OC(=O)C23C1([H])[H]
14,14,1,[H]OC1(C([H])=O)C(=O)N([H])C([H])=C1[H]
22,22,1,[H]C1=NC([H])(C([H])([H])[H])C([H])([H])C([H])(C([H])([H])[H])C([H])([H])O1
19,19,1,[H]N1C([H])([H])OC([H])(C([H])([H])[H])C([H])(C#N)C1([H])[H]
17,16,0,[H]OC1([H])OC([H])([H])C([H])([H])C(=O)C1N([H])[H]
22,22,1,[H]OC([H])(C([H])([H])[H])C1([H])N([H])C2([H])C([H])([H])C1([H])C2([H])[H]
14,14,1,[H]C#CC1(C#N)OC([H])([H])OC1([H])[H]
17,17,1,[H]N([H])N([H])C(=O)C12C([H])([H])OC1([H])C2([H])[H]
19,19,1,[H]OC1([H])C2([H])N=C([H])C([H])(N([H])[H])C21C([H])([H])[H]
16,16,1,[H]C1([H])OC12C([H])([H])C1([H])C([H])(C#N)C12[H]
21,21,1,[H]N1C([H])(C([H])([H])[H])C12C([H])([H])N1C([H])([H])C1([H])C2([H])[H]
23,23,1,[H]OC([H])([H])C1(C([H])([H])[H])OC(C([H])([H])[H])(C([H])([H])[H])C1([H])[H]
19,17,0,
21,21,1,[H]OC([H])([H])C#CC1([H])C([H])([H])C1(O[H])N([H])C([H])([H])[H]
16,16,1,[H]N(C(=O)C([H])([H])C([H])([H])C#N)C([H])([H])[H]
12,12,1,[H]C#Cc1oc(=O)oc1N([H])[H]
15,15,1,[H]C(=O)N(c1nc([H])n([H])n1)C([H])([H])[H]
25,25,1,[H]OC1(C([H])([H])[H])C([H])([H])C([H])(C([H])([H])C([H])([H])[H])C1([H])C([H])([H])[H]
21,21,1,[H]OC1(C([H])([H])[H])C([H])=C([H])C2([H])C([H])([H])C([H])([H])C21[H]
22,22,1,[H]OC([H])([H])N1C([H])([H])C1(C([H])([H])[H])C([H])([H])C([H])([H])O[H]
18,18,1,[H]ON=C1C([H])([H])C1([H])C([H])(N([H])[H])C([H])([H])[H]
21,21,1,[H]C(=O)N([H])C([H])(C([H])([H])[H])C1([H])N([H])C1([H])C([H])([H])[H]
21,21,1,[H]OC1([H])C2(N([H])C2([H])[H])C1(C([H])([H])[H])C1([H])OC1([H])[H]
13,13,1,[H]N=c1c([H])nnc([H])c([H])c1[H]
17,17,1,[H]Oc1nn([H])c(C([H])([H])C([H])([H])[H])c1O[H]
14,14,1,[H]C1([H])OC(=O)C([H])([H])C([H])(C#N)O1
23,21,0,
11,11,1,[H]C#CC1(C#N)OC(=O)N1[H]
18,18,1,[H]N(C([H])([H])C#N)C1(C([H])([H])[H])C([H])([H])C1([H])[H]
19,19,1,[H]N1C([H])([H])C1([H])C1([H])OC2([H])C([H])([H])N([H])C21[H]
18,18,1,[H]C1=C(N([H])[H])N2C([H])([H])C([H])(C1([H])[H])C2([H])[H]
18,18,1,[H]C#CC1([H])C(=N[H])C(C([H])([H])[H])=C([H])C1([H])[H]
17,16,0,
18,18,1,[H]C1=C(C([H])([H])[H])C([H])(C([H])([H])[H])C(=O)C1([H])[H]
18,18,1,[H]C1=C(C([H])([H])[H])N([H])C([H])([H])N([H])C1([H])C#N
20,20,1,[H]C1=C([H])C2([H])C(C([H])([H])[H])=C([H])C([H])([H])C2([H])N1[H]
15,12,0,
19,19,1,[H]C(=O)C1([H])N(C([H])([H])[H])C([H])([H])C([H])([H])C1([H])[H]
19,19,1,[H]Oc1nn([H])c(C([H])([H])C([H])([H])C([H])([H])[H])c1[H]
20,20,1,[H]C1=C([H])C2([H])N3C([H])([H])C3([H])C2([H])C([H])([H])C1([H])[H]
21,21,1,[H]C([H])([H])C([H])(C(=O)C#N)C([H])([H])C1([H])C([H])([H])C1([H])[H]
14,12,0,
13,13,1,[H]C1([H])N2C1([H])N1C([H])([H])C21C#N
17,17,1,[H]N=C1OC([H])(C([H])([H])C([H])([H])[H])C([H])=C1[H]
19,19,1,[H]C([H])([H])OC1([H])C2([H])N(C([H])([H])[H])C1([H])C2([H])[H]
16,15,0,
15,15,1,[H]C1=C([H])C2([H])C(=O)OC1([H])C2([H])C#N
15,15,1,[H]ON=C1OC2([H])C([H])([H])N3C1([H])C32[H]
12,11,0,
19,19,1,[H]C#CC1([H])C([H])([H])OC1([H])C([H])([H])C([H])([H])O[H]
17,17,1,[H]c1c(C([H])([H])C#N)c(C([H])([H])[H])n([H])c1[H]
19,17,0,
14,14,1,[H]OC([H])([H])C([H])([H])OC(=O)N([H])[H]
16,16,1,[H]C1=C([H])C23C([H])([H])C24N1C1([H])C3([H])C14[H]
12,12,1,[H]OC1=C(C#N)OC(=O)C1([H])[H]
16,16,1,[H]ON=C1C(=O)C2([H])C([H])([H])C2([H])C1([H])[H]
19,19,1,[H]OC1([H])C([H])([H])OC([H])([H])C12N([H])C(=O)C2([H])[H]
21,21,1,[H]OC([H])([H])C([H])([H])C(=O)C([H])([H])C1([H])C([H])([H])C1([H])[H]
12,12,1,[H]N=c1oc2nnc([H])nc2o1
20,20,1,[H]C(=O)C#CC([H])([H])C(N([H])[H])(C([H])([H])[H])C([H])([H])[H]
15,15,1,[H]N=C1OC2([H])C([H])(O1)C21N([H])C1([H])[H]
18,18,1,[H]OC1([H])N([H])C([H])(C#N)C([H])(N([H])[H])C1([H])[H]
18,17,0,[H]N([H])C1C([H])([H])OC([H])([H])C([H])(C#N)C1([H])[H]
23,23,1,[H]N([H])C([H])([H])C([H])(C([H])([H])[H])C([H])([H])C1([H])C([H])([H])C1([H])[H]
17,17,1,[H]OC12C3=C([H])C([H])([H])C4([H])C([H])(C31[H])C24[H]
19,19,1,[H]C1([H])OC([H])([H])C2(C#N)OC1([H])C([H])([H])C2([H])[H]
18,18,1,[H]C([H])([H])C1([H])C(=O)C2([H])C([H])([H])C1([H])C2([H])[H]
20,20,1,[H]OC12C([H])([H])C1([H])C1([H])C([H])([H])C1([H])C2([H])N([H])[H]
12,12,1,[H]OC12C3([H])OC1([H])C2([H])C3=O
18,18,1,[H]OC1([H])OC([H])([H])C2([H])C([H])([H])C12C([H])([H])[H]
16,16,1,[H]C(=O)N([H])C([H])([H])C([H])(C#N)C([H])([H])[H]
16,15,0,[H]C1=C([H])C2(OC2([H])[H])C([H])C2([H])OC12[H]
18,18,1,[H]C#CC([H])([H])C12N([H])C1([H])C([H])([H])C2([H])C#N
14,14,1,[H]c1nc([H])c([H])c(C([H])([H])C#N)n1
13,13,1,[H]c1nonc1C([H])([H])C([H])([H])[H]
17,17,1,[H]OC([H])(C#N)C1([H])N2C([H])([H])C2([H])C1([H])[H]
15,14,0,[H]C1N([H])C2([H])C([H])([H])C(=O)C(=O)C12[H]
18,18,1,[H]C(=O)C1([H])C([H])([H])C([H])([H])C1([H])C([H])([H])C#N
19,18,0,[H]C1=C([H])C([H])(OC([H])C([H])([H])[H])C2([H])N1C2([H])[H]
17,17,1,[H]OC12C3=NC([H])([H])C([H])(N([H])C1([H])[H])C32[H]
17,13,0,[H]C(=O)C1C([H])=C([H])C([H])C([H])C1C([H])([H])[H]
14,14,1,[H]c1c(C#N)nn([H])c1OC([H])([H])[H]
19,18,0,
19,19,1,[H]OC1([H])C2([H])OC([H])([H])C([H])(C([H])([H])[H])OC12[H]
21,21,1,[H]N1C([H])([H])C2([H])C([H])(C([H])([H])[H])C2([H])C1([H])C([H])([H])[H]
19,19,1,[H]OC12C3([H])OC1([H])C2([H])C([H])([H])C3([H])C([H])([H])[H]
14,13,0,[H]OC(=O)C([H])([H])C1=NNOC1([H])[H]
16,16,1,[H]C(=O)C1([H])C(=O)C2(C([H])([H])[H])N1C2([H])[H]
17,17,1,[H]C1([H])OC2([H])C([H])([H])N3C([H])([H])C3([H])C12[H]
16,16,1,[H]N([H])C1(C#N)C2([H])N3C([H])(C2([H])[H])C31[H]
17,17,1,[H]OC([H])([H])C1(C([H])([H])C#N)C([H])([H])C1([H])[H]
20,20,1,[H]C([H])([H])C([H])([H])C1(C([H])([H])[H])C(=O)C([H])([H])C1([H])[H]
19,19,1,[H]C([H])([H])OC1(C([H])([H])C([H])([H])[H])C(=O)OC1([H])[H]
21,21,1,[H]OC1([H])C([H])([H])N(C([H])([H])[H])C2([H])N([H])C2([H])C1([H])[H]
17,17,1,[H]N=C([H])OC1([H])C([H])([H])C12C([H])([H])C2([H])[H]
25,24,0,[H]C([H])C1([H])N(C([H])([H])C([H])([H])C([H])([H])C([H])([H])[H])C1([H])C([H])([H])[H]
21,21,1,[H]N1C([H])([H])C2([H])C3(C([H])([H])[H])N([H])C([H])([H])C23C1([H])[H]
21,20,0,[H]OC([H])C1([H])N([H])C([H])([H])C([H])([H])C([H])([H])C1([H])O[H]
12,12,1,[H]N=C1OC(=N[H])C([H])=NC1=O
13,13,1,[H]C#CC1([H])C(=O)OC2([H])OC21[H]
19,19,1,[H]OC12C([H])([H])C1(C([H])([H])[H])C([H])([H])C1([H])OC12[H]
21,20,0,
16,16,1,[H]N([H])c1noc(=O)n1C([H])([H])C([H])([H])[H]
21,21,1,[H]C([H])=C([H])C1(C([H])([H])OC([H])([H])[H])C([H])([H])OC1([H])[H]
22,22,1,[H]C([H])([H])C#CC([H])([H])C([H])([H])C([H])(C([H])([H])[H])C([H])([H])[H]
17,17,1,[H]C1=C(C([H])([H])C([H])([H])[H])C(=O)C2([H])OC12[H]
19,19,1,[H]C([H])([H])C12C3([H])OC4([H])C([H])([H])C([H])(C41[H])C32[H]
10,9,0,
14,14,1,[H]C([H])([H])C1([H])C([H])([H])C(=O)C1([H])[H]
18,18,1,[H]N=C1OC2([H])C([H])([H])C2(C([H])([H])C([H])([H])[H])O1
19,19,1,[H]C1=C([H])C([H])([H])C2([H])OC([H])([H])C([H])([H])C([H])=C12
21,21,1,[H]C1=NC(C([H])([H])[H])(C2([H])C([H])([H])C2([H])[H])C([H])([H])N1[H]
17,17,1,[H]OC12C([H])([H])C1([H])C([H])([H])C1(C#N)OC12[H]
23,22,0,[H]C1C([H])([H])C([H])([H])C2(C([H])([H])C([H])([H])[H])N([H])C1([H])C2([H])[H]
16,16,1,[H]N1C2([H])OC([H])(OC([H])([H])[H])C1([H])C2=O
20,20,1,[H]N([H])C1(C([H])([H])[H])C(=O)OC([H])([H])C([H])([H])C1([H])[H]
19,19,1,[H]C(=O)C1=C([H])C([H])([H])C(C([H])([H])[H])=C([H])C1([H])[H]
19,19,1,[H]OC1([H])OC([H])([H])C12OC([H])([H])C2([H])C([H])([H])[H]
20,20,1,[H]OC(=O)C1([H])N(C([H])([H])[H])C([H])([H])C1([H])C([H])([H])[H]
16,16,1,[H]C#CC1([H])C([H])([H])C1(C([H])=O)C([H])([H])[H]
17,17,1,[H]C(=O)OC([H])([H])c1nn([H])c(N([H])[H])c1[H]
18,18,1,[H]C1=NC2(OC2([H])C([H])([H])[H])C([H])([H])OC1([H])[H]
20,20,1,[H]OC([H])(C([H])([H])[H])C1(C2([H])OC2([H])[H])N([H])C1([H])[H]
21,21,1,[H]C([H])([H])C1([H])C2([H])OC2(C([H])([H])[H])C2([H])C([H])([H])C12[H]
17,17,1,[H]OC12C([H])([H])N=C([H])C1(C([H])([H])[H])C2([H])[H]
20,20,1,[H]N1C(=O)C([H])([H])C2([H])C([H])([H])C([H])([H])C([H])([H])C12[H]
20,20,1,[H]C([H])([H])C12C([H])([H])C([H])([H])C1(C([H])([H])C#N)C2([H])[H]
16,16,1,[H]C([H])([H])C1(C#N)OC([H])([H])C2([H])OC21[H]
20,20,1,[H]C(=C1OC([H])([H])C1([H])[H])C1([H])N(C([H])([H])[H])C1([H])[H]
15,15,1,[H]C1([H])OC1([H])C12N3C([H])(C1([H])[H])C32[H]
21,21,1,[H]N1C2([H])C([H])([H])C3(N(C([H])([H])[H])C3([H])[H])C([H])([H])C12[H]
12,11,0,[H]OC([H])([H])OC1N=NOC1=O
15,15,1,[H]C#Cc1oc([H])c([H])c1OC([H])([H])[H]
16,16,1,[H]C1=C([H])C([H])([H])C(=NC([H])([H])[H])OC1=O
16,16,1,[H]C#CC([H])(C#N)N(C([H])([H])[H])C([H])([H])[H]
17,17,1,[H]N=C([H])OC([H])(C#N)C1([H])C([H])([H])C1([H])[H]
19,19,1,[H]N1C(=O)C2([H])N(C([H])([H])[H])C2([H])C1([H])C([H])([H])[H]
15,14,0,[H]C([H])([H])Oc1[nH]oc(=O)c1C([H])([H])[H]
21,21,1,[H]OC([H])(C([H])([H])[H])C1(C([H])([H])[H])C([H])([H])N([H])C1([H])[H]
17,17,1,[H]C(=O)c1nn([H])c([H])c1C([H])([H])C([H])([H])[H]
18,18,1,[H]C([H])([H])C12OC([H])([H])C3([H])C([H])([H])C1([H])C32[H]
17,16,0,[H]OC12C([H])C3([H])N4C3([H])C([H])(C1([H])[H])C42[H]
17,17,1,[H]OC1([H])OC2([H])C([H])([H])C2(O[H])C1([H])O[H]
13,13,1,[H]Oc1noc(C#N)c1C([H])([H])[H]
19,18,0,[H]C(=O)C1([H])C([H])([H])C2([H])C([H])N(C([H])([H])[H])C12[H]
20,20,1,[H]C#CC([H])(O[H])C1(C([H])([H])[H])N([H])C1([H])C([H])([H])[H]
17,17,1,[H]C#CC1([H])N([H])C1([H])C([H])([H])OC([H])([H])[H]
19,19,1,[H]OC([H])(c1c([H])nc(C([H])([H])[H])n1[H])C([H])([H])[H]
19,19,1,[H]C1([H])C([H])([H])C12C([H])([H])C1([H])C(=O)C1([H])C2([H])[H]
16,15,0,[H]OC1([H])C([H])([H])C1([H])C(C#N)C([H])([H])[H]
18,18,1,[H]C([H])=NC12C3([H])N([H])C([H])(C1([H])[H])C2([H])N3[H]
21,21,1,[H]OC([H])([H])C1(OC([H])=O)C([H])([H])N([H])C([H])([H])C1([H])[H]
20,20,1,[H]C([H])([H])C12C([H])([H])N3C4([H])C([H])(C([H])([H])C41[H])C32[H]
17,17,1,[H]N=C(C([H])([H])[H])C([H])(C#N)N1N([H])C1([H])[H]
20,20,1,[H]C1=NC2(C([H])([H])[H])C([H])([H])C3([H])C1([H])C3([H])C2([H])[H]
19,19,1,[H]OC(=NN([H])[H])C([H])(O[H])C([H])([H])C([H])([H])O[H]
18,18,1,[H]N1C(=O)N(C([H])([H])[H])C([H])(C([H])([H])[H])C1([H])[H]
16,16,1,[H]Oc1nc(C([H])([H])C([H])([H])O[H])n([H])n1
19,17,0,[H]C1=C([H])N(C([H])([H])[H])C(C([H])([H])[H])C1C([H])([H])[H]
17,17,1,[H]c1nc(C([H])([H])[H])n(C([H])([H])[H])c1N([H])[H]
18,18,1,[H]C#CC12C([H])([H])C1([H])C1(C([H])([H])[H])N([H])C21[H]
19,19,1,[H]C1([H])OC2(C1([H])[H])C([H])([H])C2([H])C1([H])OC1([H])[H]
20,20,1,[H]OC([H])([H])C1(C([H])([H])OC([H])([H])[H])C([H])([H])C1([H])[H]
19,19,1,[H]N([H])C1([H])C([H])([H])C2([H])C([H])([H])C3([H])C1([H])C23[H]
19,19,1,[H]C([H])([H])N=C1OC([H])([H])C2=NC([H])([H])C([H])([H])N12
21,21,1,[H]C(=O)OC([H])([H])C1([H])C([H])([H])C([H])([H])C1([H])C([H])([H])[H]
23,23,1,[H]C1=C(OC([H])([H])C([H])([H])[H])C([H])(C([H])([H])[H])C([H])([H])C1([H])[H]
22,22,1,[H]N([H])C([H])(C([H])([H])[H])C1(C#CC([H])([H])[H])C([H])([H])C1([H])[H]
10,10,1,[H]C([H])([H])Oc1nnno1
16,16,1,[H]OC12OC([H])([H])N3C1([H])C1([H])C3([H])C21[H]
16,16,1,[H]C1([H])C(=O)C2([H])OC([H])([H])C3([H])N1C23[H]
22,22,1,[H]OC([H])(C([H])([H])N([H])[H])C12C([H])([H])C([H])([H])C1([H])C2([H])[H]
20,20,1,[H]OC1([H])C([H])([H])N2C([H])([H])C([H])(O[H])C2([H])C1([H])[H]
18,18,1,[H]N1N(C([H])([H])C([H])([H])C2([H])C(=O)N2[H])C1([H])[H]
21,21,1,[H]C([H])([H])C1(C2([H])C([H])([H])OC2([H])[H])OC([H])([H])C1([H])[H]
19,17,0,[H]C1=NC(C([H])([H])[H])C2C(=C1[H])OC([H])([H])C2([H])[H]
20,20,1,[H]C1=NC([H])([H])N(C2([H])N(C([H])([H])[H])C2([H])[H])C1([H])[H]
21,21,1,[H]OC([H])([H])C([H])(OC([H])([H])C([H])=O)C([H])([H])C([H])([H])[H]
15,15,1,[H]C(=O)N=C(N([H])[H])N(C#N)C([H])([H])[H]
16,16,1,[H]C#CC1([H])C2([H])N=C([H])C1([H])C([H])=C2[H]
13,10,0,
14,13,0,
15,13,0,[H]OC([H])([H])C([H])=O
21,21,1,[H]OC1([H])C([H])([H])C([H])([H])C([H])([H])C12N([H])N2C([H])([H])[H]
19,19,1,[H]OC([H])([H])C1=NC([H])([H])C([H])([H])N2C([H])([H])C12[H]
21,21,1,[H]C([H])([H])C1([H])OC([H])([H])C2([H])OC2([H])C1([H])C([H])([H])[H]
20,20,1,[H]OC12C([H])([H])C([H])([H])C([H])([H])C1([H])C2([H])C([H])([H])[H]
17,17,1,[H]C#CC([H])([H])N(C(=N[H])N([H])[H])C([H])([H])[H]
16,16,1,[H]C1([H])OC([H])(C#N)C2([H])OC1([H])C2([H])[H]
20,20,1,[H]N=C1N=C(C([H])([H])C([H])([H])C([H])([H])[H])N([H])C1([H])[H]
18,18,1,[H]C1=C(C([H])([H])[H])C2([H])OC1([H])C1([H])N([H])C21[H]
18,18,1,[H]N1C2([H])OC(C(=O)C([H])([H])[H])(C([H])([H])[H])C12[H]
14,12,0,
23,23,1,[H]C(=O)C1(C([H])([H])[H])C([H])([H])C1(C([H])([H])[H])C([H])([H])C([H])([H])[H]
19,17,0,
17,17,1,[H]Oc1c(C([H])([H])[H])oc([H])c1C([H])([H])O[H]
10,8,0,[H]C1=NC(C#N)=NNC1[H]
23,22,0,
18,18,1,[H]OC([H])(C([H])([H])[H])C([H])([H])C(=O)C([H])([H])C#N
14,14,1,[H]OC([H])([H])c1oc([H])nc(=O)c1[H]
16,13,0,[H]OC1=C([H])C([H])C(O[H])C(N([H])[H])N1[H]
17,17,1,[H]OC([H])([H])C([H])([H])C1([H])N([H])N([H])C1([H])[H]
20,20,1,[H]OC1(C([H])([H])[H])C2([H])N([H])C3([H])C([H])(C2([H])[H])C31[H]
20,20,1,[H]OC([H])([H])C(O[H])(C([H])([H])[H])C1([H])C(=O)OC1([H])[H]
18,18,1,[H]OC(=O)C([H])([H])C1([H])C([H])([H])C1([H])OC([H])=O
16,16,1,[H]c1nnc(N=C(C([H])([H])[H])C([H])([H])[H])o1
17,17,1,[H]C([H])([H])C12N(C1([H])[H])C1(C#N)C([H])([H])C12[H]
25,25,1,[H]C([H])([H])OC([H])(C([H])([H])C([H])([H])[H])C1([H])C([H])([H])C1([H])C([H])([H])[H]
18,18,1,[H]C#CC([H])([H])C1([H])C([H])([H])C([H])([H])C1([H])C#N
17,17,1,[H]OC1([H])C([H])([H])C2([H])C(=O)C1(O[H])C2([H])[H]
18,17,0,[H]N=C(C([H])OC([H])([H])[H])C1([H])C([H])([H])C1([H])[H]
14,14,1,[H]C(=O)C([H])(C([H])([H])[H])C([H])([H])C#N
15,15,1,[H]N=C1C([H])([H])N([H])C([H])(C#N)C1([H])[H]
20,20,1,[H]OC1(C([H])([H])[H])C2=C([H])N([H])C([H])([H])C2([H])C1([H])[H]
18,18,1,[H]OC(C#N)(C([H])([H])[H])C([H])([H])C1([H])OC1([H])[H]
21,21,1,[H]N(C(=O)C([H])(C#N)C([H])([H])C([H])([H])N([H])[H])C([H])([H])[H]
16,16,1,[H]N=C1C(=O)N=C(C([H])([H])C([H])([H])[H])N1[H]
23,22,0,[H]OC([H])(C([H])C([H])([H])[H])C1(C([H])([H])N([H])[H])C([H])([H])C1([H])[H]
19,19,1,[H]OC1([H])OC(C([H])=O)(C([H])([H])[H])C1([H])C([H])([H])[H]
20,20,1,[H]C#CC1([H])C([H])([H])C1(C([H])([H])[H])C1([H])N([H])C1([H])[H]
18,18,1,[H]N=C([H])N1C2([H])C([H])([H])C1([H])C2([H])C([H])([H])[H]
18,18,1,[H]C(=O)N(C(=O)N([H])C([H])([H])[H])C([H])([H])N([H])[H]
17,16,0,[H]N(C(C#N)C1([H])C([H])([H])C1([H])[H])C([H])([H])[H]
23,23,1,[H]OC([H])(C([H])([H])[H])C1([H])C([H])=C([H])C([H])(C([H])([H])[H])C1([H])[H]
22,22,1,[H]C([H])([H])C([H])([H])N1C2([H])C([H])([H])C2([H])C2([H])C([H])([H])C12[H]
19,19,1,[H]OC1([H])C2([H])C3([H])C([H])=C([H])C([H])(C3([H])[H])C12[H]
18,18,1,[H]N=c1nc([H])c(C([H])([H])[H])c(C([H])([H])[H])n1[H]
15,15,1,[H]C(=O)c1nc([H])oc1N([H])C([H])([H])[H]
17,17,1,[H]OC([H])([H])OC1([H])C([H])([H])C(=O)C1([H])O[H]
16,16,1,[H]OC(=O)N1C(=O)C([H])(C([H])([H])[H])C1([H])[H]
17,17,1,[H]C1=C2C([H])([H])C2([H])C2([H])C([H])([H])C2([H])C1=O
18,18,1,[H]OC1([H])C2([H])C(=O)N(C([H])([H])[H])C12C([H])([H])[H]
21,19,0,
18,18,1,[H]OC12C3([H])C([H])([H])C14N(C([H])([H])[H])C4([H])C32[H]
18,18,1,[H]N1C2=NC([H])(C([H])([H])[H])C2([H])C1([H])C([H])([H])[H]
19,19,1,[H]C#CC([H])([H])OC([H])(C([H])([H])[H])C([H])([H])C#C[H]
15,15,1,[H]C([H])(C#N)C1([H])C2([H])OC([H])([H])C21[H]
17,17,1,[H]C1=C(C#N)C([H])([H])C([H])(C([H])([H])[H])C1([H])[H]
16,16,1,[H]C([H])([H])C([H])([H])OC1([H])C(=O)N2OC21[H]
15,15,1,[H]C([H])([H])N(C([H])([H])[H])C([H])(C#N)C#N
14,14,1,[H]N=C=NC([H])([H])C(=O)N([H])C([H])=O
21,21,1,[H]C([H])([H])C#CC([H])([H])C(=NC([H])([H])[H])C1([H])OC1([H])[H]
16,16,1,[H]C#CC([H])([H])C1([H])OC1([H])C([H])=NO[H]
21,21,1,[H]C([H])([H])C(=O)C1([H])OC([H])([H])C([H])([H])C1([H])C([H])([H])[H]
20,20,1,[H]N=C(OC([H])=O)C([H])(C([H])([H])[H])C([H])([H])C([H])([H])[H]
23,23,1,[H]C([H])([H])C([H])([H])C1(C([H])([H])[H])OC2([H])C([H])([H])C21C([H])([H])[H]
18,18,1,[H]OC([H])([H])c1nc(C([H])([H])C([H])([H])[H])nn1[H]
19,19,1,[H]OC([H])([H])C1=C([H])C(=O)C([H])(C([H])([H])[H])C1([H])[H]
19,19,1,[H]OC([H])(OC(=O)C([H])([H])[H])C([H])([H])OC([H])([H])[H]
20,20,1,[H]OC1([H])C([H])(O[H])C23C([H])([H])C([H])([H])OC2([H])C13[H]
20,20,1,[H]OC([H])(C([H])([H])[H])C(C#N)(O[H])C([H])([H])C([H])([H])[H]
14,12,0,
21,21,1,[H]C1=C([H])C([H])([H])C2([H])N([H])C([H])([H])C2([H])N1C([H])([H])[H]
18,18,1,[H]C1([H])C(=O)C([H])([H])N1C([H])([H])C1([H])OC1([H])[H]
17,17,1,[H]C([H])([H])C12N3C([H])([H])C1([H])OC([H])([H])C32[H]
25,25,1,[H]OC(C([H])([H])[H])(C([H])([H])[H])C([H])([H])C([H])([H])OC([H])([H])C([H])([H])[H]
15,13,0,[H]C1=NC([H])=C2OC([H])([H])N([H])C2C1[H]
16,16,1,[H]c1nc(OC([H])([H])[H])n([H])c1C([H])([H])[H]
15,13,0,
13,12,0,[H]N=C1C([H])=C([H])C(F)C([H])=C1[H]
17,17,1,[H]C1([H])OC([H])(C2([H])OC2([H])[H])C(=O)C1([H])[H]
18,18,1,[H]C#CC([H])(C([H])([H])[H])C([H])([H])C#CC([H])([H])[H]
14,14,1,[H]C(=O)C(=O)C([H])([H])C([H])([H])C([H])=O
20,20,1,[H]OC([H])(N([H])C([H])([H])[H])C([H])([H])OC([H])([H])C([H])=O
21,21,1,[H]OC1(C([H])([H])[H])C([H])([H])C(C([H])=O)(C([H])([H])[H])C1([H])[H]
22,22,1,[H]C#CC([H])([H])C1([H])N([H])C([H])(C([H])([H])[H])C1([H])C([H])([H])[H]
15,14,0,[H]N=C1C([H])=NOC([H])=C([H])C1N([H])[H]
19,19,1,[H]C1=NC([H])(C([H])([H])[H])C2([H])C([H])([H])C([H])([H])C12[H]
17,17,1,[H]OC([H])(O[H])C1=C([H])C([H])([H])C(=O)C1([H])[H]
21,19,0,[H]OC([H])([H])C([H])([H])C(O[H])(C(O)C([H])([H])[H])C([H])([H])[H]
22,22,1,[H]C([H])([H])C([H])([H])C(=O)C([H])(C([H])([H])[H])C([H])([H])C([H])([H])[H]
14,14,1,[H]N1C(C([H])([H])[H])=NC(=O)C1([H])C#N
18,18,1,[H]C1=C(C([H])([H])[H])C([H])([H])N=C1C1([H])OC1([H])[H]
20,19,0,[H]OC([H])C([H])(OC([H])([H])[H])C1([H])C([H])([H])C1([H])O[H]
21,21,1,[H]OC1(C([H])([H])[H])C([H])([H])C1([H])C([H])([H])C(=O)C([H])([H])[H]
20,20,1,[H]N=C1OC([H])([H])C12C([H])([H])C2(C([H])([H])[H])C([H])([H])[H]
19,19,1,[H]N1C2([H])N([H])C3(C([H])([H])OC3([H])[H])C1([H])C2([H])[H]
17,17,1,[H]Oc1c(N([H])C([H])([H])[H])oc(N([H])[H])c1[H]
17,17,1,[H]c1oc(N([H])[H])c(C([H])([H])C([H])([H])[H])c1[H]
15,15,1,[H]N=C(C([H])=O)C([H])([H])C([H])(C#N)O[H]
18,16,0,
18,18,1,[H]C#CC([H])([H])N([H])C(=O)C1([H])C([H])([H])C1([H])[H]
19,18,0,
19,19,1,[H]C(=NC([H])([H])[H])N1C([H])([H])C2([H])OC2([H])C1([H])[H]
15,15,1,[H]OC1([H])C([H])([H])C1([H])C1([H])OC(=O)O1
10,8,0,
18,18,1,[H]N1C([H])([H])C2([H])N(C2([H])[H])C1([H])C([H])([H])C#N
19,19,1,[H]C1([H])OC2([H])C([H])([H])C([H])([H])C([H])(C1=O)C2([H])[H]
23,23,1,[H]OC1([H])C([H])([H])C([H])([H])C12C([H])([H])C1(N([H])C1([H])[H])C2([H])[H]
16,16,1,[H]OC([H])([H])C(=O)C([H])([H])C(=O)C([H])([H])[H]
23,23,1,[H]OC1([H])C([H])=C(C([H])([H])C([H])([H])[H])C([H])([H])C1([H])C([H])([H])[H]
13,13,1,[H]Oc1onc(C#N)c1C([H])([H])[H]
21,21,1,[H]OC([H])(C([H])=O)C([H])(OC([H])([H])C([H])([H])[H])C([H])([H])[H]
20,20,1,[H]C([H])([H])C1([H])C2=C(C([H])([H])C([H])([H])C2([H])[H])C1([H])[H]
16,16,1,[H]c1c(C([H])([H])[H])nn([H])c1C(=O)N([H])[H]
17,17,1,[H]C([H])([H])OC1([H])C2=NC([H])([H])C([H])([H])C21[H]
19,19,1,[H]C([H])([H])C1([H])OC2([H])OC3([H])C([H])(C2([H])[H])C13[H]
19,19,1,[H]C([H])([H])C([H])(N1C(=O)C([H])([H])C1([H])[H])C([H])([H])[H]
18,18,1,[H]OC12C([H])([H])C3([H])C4([H])N(C([H])([H])C31[H])C42[H]
18,18,1,[H]C([H])([H])C1([H])OC2([H])C([H])([H])C([H])([H])C2([H])O1
18,17,0,
16,15,0,[H]OC1([H])C(=O)N([H])C(N([H])[H])C([H])=C1[H]
17,17,1,[H]OC1=C(N([H])[H])C(=NC([H])([H])O[H])C1([H])[H]
15,15,1,[H]C1=NC([H])(C#N)C([H])([H])C([H])([H])N1[H]
22,21,0,
17,17,1,[H]N(C([H])([H])C#N)C([H])([H])OC(=O)C([H])([H])[H]
18,18,1,[H]OC1([H])C([H])([H])C([H])([H])C12OC2([H])C([H])([H])[H]
16,16,1,[H]C([H])([H])OC1([H])C([H])(C#N)OC1([H])C#N
18,17,0,
20,20,1,[H]C1=C([H])C2([H])OC2([H])C([H])([H])C([H])([H])N1C([H])([H])[H]
16,16,1,[H]N1C(=O)C2([H])OC3([H])C2([H])C3([H])C1([H])[H]
20,20,1,[H]OC([H])([H])C1([H])N2C3([H])C1([H])C([H])([H])C23C([H])([H])[H]
17,17,1,[H]c1c(N([H])[H])c(N([H])[H])n([H])c1C([H])([H])[H]
14,12,0,[H]C(=O)C1=C([H])C(N([H])[H])C([H])N1[H]
16,16,1,[H]N1C([H])([H])C12C(=O)C1([H])OC1([H])C2([H])[H]
22,22,1,[H]C#CC([H])(O[H])C([H])(C([H])([H])[H])C1([H])C([H])([H])OC1([H])[H]
17,17,1,[H]C1=NN([H])C([H])([H])C([H])(C([H])([H])[H])OC1=O
20,20,1,[H]C([H])([H])C1([H])C2([H])C3([H])N4C2([H])C4(C([H])([H])[H])C31[H]
18,18,1,[H]OC1([H])C([H])([H])C23OC2(C([H])([H])N3[H])C1([H])[H]
17,17,1,[H]N1C2([H])C([H])([H])C([H])([H])C3(C#N)C([H])([H])C123
16,16,1,[H]C1=C([H])C([H])([H])C(=NC([H])([H])[H])C(=O)O1
20,18,0,
17,16,0,[H]C#CC(=O)OC([H])C([H])([H])N([H])C([H])([H])[H]
15,13,0,
21,21,1,[H]N1C([H])([H])C2(C1([H])[H])C([H])(N([H])[H])C21C([H])([H])C1([H])[H]
19,18,0,
12,10,0,[H]OC1C([H])=C([H])N([H])C1C#N
20,20,1,[H]OC([H])(N([H])C1=NC([H])([H])C([H])([H])N1[H])C([H])([H])[H]
18,18,1,[H]OC1([H])C([H])([H])C12C1([H])C([H])=NC([H])([H])C12[H]
20,20,1,[H]OC([H])([H])C1([H])N([H])C([H])([H])C2(OC2([H])[H])C1([H])[H]
16,16,1,[H]C#CC1([H])C([H])(C#N)C2([H])C([H])([H])C12[H]
16,16,1,[H]C(=O)C1([H])C([H])([H])C1(C([H])=O)C([H])([H])[H]
19,19,1,[H]ON=C1C([H])([H])C([H])([H])C1(C([H])([H])[H])C([H])([H])[H]
20,20,1,[H]C1=C(N([H])[H])C([H])([H])C([H])([H])C12C([H])([H])OC2([H])[H]
16,16,1,[H]C(=O)C(=O)C([H])([H])C([H])([H])OC([H])([H])[H]
12,12,1,[H]c1nnc(C([H])([H])[H])c(F)n1
17,17,1,[H]OC([H])(O[H])C12OC3([H])C([H])(C1([H])[H])C32[H]
20,20,1,[H]C([H])([H])OC1(C([H])([H])[H])C2([H])N3C([H])(C2([H])[H])C31[H]
23,23,1,[H]OC1([H])C([H])([H])OC1(C([H])([H])[H])C([H])(C([H])([H])[H])C([H])([H])[H]
20,20,1,[H]C1([H])OC([H])([H])C2([H])C([H])([H])C([H])([H])C1([H])C2([H])[H]
18,18,1,[H]N1C(=O)C([H])(C([H])([H])[H])C([H])([H])C12OC2([H])[H]
15,15,1,[H]c1oc2c(c1[H])C([H])([H])C([H])([H])N2[H]
15,15,1,[H]N=C1Oc2c([H])c([H])c([H])n2C1([H])[H]
17,17,1,[H]N1C(=O)C([H])(C([H])([H])[H])C([H])(C#N)C1([H])[H]
18,18,1,[H]C([H])([H])C1([H])OC1(C([H])([H])[H])C1([H])OC1([H])[H]
15,15,1,[H]C#CC12C([H])=NC3([H])N([H])C1([H])C32[H]
17,15,0,[H]OC1=C([H])C(N([H])[H])=NC(C([H])([H])[H])C1[H]
21,20,0,[H]N1C(C([H])([H])[H])=C(C([H])([H])[H])C1C1([H])C([H])([H])C1([H])[H]
17,16,0,
18,18,1,[H]C#CC1(C([H])([H])[H])C([H])([H])C([H])([H])C1([H])O[H]
19,19,1,[H]C1=C(C([H])([H])[H])C([H])([H])C2([H])C(=O)C([H])([H])C12[H]
18,17,0,[H]OC([H])([H])C1=C([H])C([H])([H])C([H])([H])N([H])C1[H]
18,18,1,[H]C(=O)C1([H])N2C([H])([H])C([H])([H])C2([H])OC1([H])[H]
17,17,1,[H]OC1(C([H])([H])[H])C2([H])OC3([H])OC1([H])C32[H]
17,17,1,[H]OC1([H])C2([H])OC(=O)C([H])(C([H])([H])[H])C12[H]
17,17,1,[H]C(=O)C12C3([H])C4([H])C1([H])C4(C([H])([H])[H])C32[H]
21,19,0,
17,17,1,[H]C#CC1([H])C(=C([H])O[H])C([H])(O[H])C1([H])[H]
21,18,0,[H]OC([H])([H])C1C([H])([H])C1([H])C([H])([H])C([H])([H])C#N
15,14,0,[H]N=C([H])n1nc(C([H])([H])[H])c(=N[H])[nH]1
19,19,1,[H]C(=O)C([H])([H])N=C([H])C1(C([H])([H])[H])N([H])C1([H])[H]
21,21,1,[H]OC([H])([H])C1(C([H])([H])[H])C([H])(O[H])C([H])([H])C1([H])O[H]
21,21,1,[H]N([H])C1([H])C([H])([H])C(=O)C([H])([H])C1([H])N([H])C([H])([H])[H]
19,19,1,[H]C12OC([H])([H])C([H])(O1)C([H])(C([H])([H])[H])C([H])([H])O2
20,20,1,[H]N1C(=O)C([H])(C([H])([H])[H])OC([H])([H])C1([H])C([H])([H])[H]
17,17,1,[H]C(=O)C12C([H])([H])C3([H])OC1([H])C3([H])C2([H])[H]
19,19,1,[H]C#CC([H])(O[H])C1([H])C([H])([H])C([H])([H])C1([H])O[H]
14,14,1,[H]C#CC([H])([H])n1c([H])nn([H])c1=O
22,22,1,[H]N([H])C1(C2([H])OC2([H])[H])C([H])([H])C1([H])C([H])([H])C([H])([H])[H]
19,19,1,[H]C(=O)OC1([H])C([H])=C([H])C([H])([H])C([H])([H])C1([H])[H]
14,13,0,[H]c1noc(C(C#N)C([H])([H])[H])c1[H]
16,16,1,[H]ON=C(C([H])([H])[H])C([H])([H])C(=O)N([H])[H]
18,18,1,[H]OC1([H])C2([H])OC([H])([H])C([H])([H])C3([H])N2C13[H]
16,16,1,[H]C1=C([H])C([H])([H])C2([H])OC1([H])C(=O)N2[H]
16,16,1,[H]N=c1c(C([H])([H])[H])nc(O[H])c([H])n1[H]
20,20,1,[H]C1=C([H])C2([H])C([H])([H])C([H])([H])C2([H])N2C([H])([H])C12[H]
17,16,0,[H]C(N([H])[H])C1([H])N2C([H])([H])C([H])(C#N)C21[H]
21,21,1,[H]C(=O)C1(C([H])(C([H])([H])[H])C([H])([H])[H])C([H])([H])OC1([H])[H]
19,19,1,[H]OC([H])([H])C([H])(C([H])=O)C([H])(C([H])=O)C([H])([H])[H]
21,21,1,[H]C#CC1([H])C([H])(C([H])([H])[H])C([H])([H])C1([H])C([H])([H])O[H]
17,17,1,[H]N=c1c(N([H])[H])c([H])c([H])nn1C([H])([H])[H]
19,19,1,[H]OC([H])([H])C(C#CC([H])([H])[H])(N([H])[H])C([H])([H])[H]
21,21,1,[H]N1C2([H])C([H])([H])C([H])(C([H])([H])[H])C([H])([H])C12C([H])([H])[H]
13,13,1,[H]C#CC1=C([H])C(=N[H])OC1([H])[H]
21,21,1,[H]OC1(C([H])([H])C([H])([H])[H])C2([H])OC([H])(C([H])([H])[H])C21[H]
17,17,1,[H]ON=C1C(=O)C([H])([H])C([H])([H])N1C([H])([H])[H]
25,22,0,[H]C([H])OC([H])(C([H])([H])[H])C1([H])C([H])([H])N(C([H])([H])[H])C1([H])[H]
20,20,1,[H]C1=C([H])C2(C([H])([H])[H])C([H])([H])N([H])C3([H])C1([H])C32[H]
17,17,1,[H]C1=NC2([H])OC([H])([H])OC([H])(C1=O)C2([H])[H]
23,23,1,[H]C([H])([H])C([H])([H])C1([H])C2([H])C3([H])C([H])([H])C3([H])C12C([H])([H])[H]
22,22,1,[H]N=C(C([H])(OC([H])([H])[H])C([H])([H])[H])C1([H])C([H])([H])C1([H])[H]
19,18,0,[H]OC([H])(N([H])C1N([H])C([H])=NC1([H])[H])C([H])([H])[H]
22,21,0,[H]C1=C([H])C([H])([H])C([H])=C([H])C([H])([H])C([H])([H])C1C([H])([H])[H]
14,14,1,[H]Oc1nnc(C2([H])OC2([H])[H])n1[H]
16,15,0,[H]C1OC(=NC([H])([H])[H])C([H])([H])C1([H])C#N
15,13,0,
12,9,0,[H]C1C(N([H])[H])C(=O)N([H])C1[H]
20,20,1,[H]N(C(=O)C([H])([H])[H])C([H])([H])C([H])(N([H])[H])C([H])([H])[H]
17,17,1,[H]C#CC1([H])C2([H])C([H])([H])C3([H])OC3([H])C12[H]
19,19,1,[H]C#CC(C#N)(N([H])C([H])([H])[H])C([H])([H])C([H])([H])[H]
22,22,1,[H]C([H])([H])OC1([H])C([H])([H])C([H])([H])C1(C([H])([H])[H])C([H])([H])[H]
20,18,0,
18,18,1,[H]c1nc(C([H])([H])OC([H])([H])[H])c([H])c([H])c1[H]
16,16,1,[H]C1=NC2(C([H])([H])[H])C(=NN1[H])OC2([H])[H]
19,19,1,[H]OC12C([H])([H])C([H])([H])N([H])C([H])=NC1([H])C2([H])[H]
17,17,1,[H]OC1([H])C([H])([H])C1(O[H])OC(=O)C([H])([H])[H]
14,14,1,[H]C#CC([H])([H])C1([H])N([H])C1([H])C#N
15,13,0,
17,15,0,
14,14,1,[H]C1=C([H])C2([H])C([H])([H])N3C1([H])C32[H]
16,16,1,[H]C#CC([H])([H])C(=O)C([H])(C#N)C([H])([H])[H]
12,11,0,
14,14,1,[H]Oc1nc([H])c2n1C([H])([H])C2([H])[H]
15,15,1,[H]C#CC1([H])N([H])C1([H])C#CC([H])([H])[H]
12,11,0,
16,15,0,
23,23,1,[H]C([H])([H])C([H])([H])C(=O)C1([H])C([H])(C([H])([H])[H])C1([H])C([H])([H])[H]
19,19,1,[H]OC([H])([H])C1=C([H])C2([H])OC([H])(C1([H])[H])C2([H])[H]
16,15,0,[H]OC12C3([H])C4([H])C([H])([H])C3([H])C1(O)C42[H]
18,18,1,[H]C#CC1([H])C2([H])N3C1([H])C([H])(C([H])([H])[H])C32[H]
18,17,0,[H]C#CC1N=C([H])N([H])C1([H])C([H])([H])C([H])([H])[H]
15,15,1,[H]C#CC1(O[H])C(=O)OC([H])([H])C1([H])[H]
18,18,1,[H]C([H])([H])C([H])([H])C1(C([H])([H])[H])C([H])([H])C1([H])[H]
16,16,1,[H]N=c1oc(C([H])([H])[H])c(O[H])c([H])c1[H]
17,17,1,[H]N=C1C([H])([H])C2([H])N([H])C(=O)C([H])([H])C12[H]
15,15,1,[H]C#CC(O[H])(C([H])=O)C([H])([H])C([H])=O
25,25,1,[H]OC([H])(C([H])([H])[H])C([H])(N([H])[H])C([H])([H])C([H])(N([H])[H])C([H])([H])[H]
17,17,1,[H]c1c([H])c(C(=O)N([H])C([H])([H])[H])n([H])c1[H]
18,18,1,[H]N=C(C([H])([H])[H])C1(N([H])[H])C([H])([H])C1([H])C#N
20,20,1,[H]OC1([H])OC([H])([H])C([H])=C([H])N(C([H])([H])[H])C1([H])[H]
19,19,1,[H]OC12N3C([H])([H])C1([H])C([H])(C([H])([H])N([H])[H])C32[H]
18,18,1,[H]C#CC1([H])N([H])C([H])=C([H])C2([H])C([H])([H])C12[H]
15,15,1,[H]C(=O)C#CC([H])([H])C([H])([H])C([H])([H])[H]
18,18,1,[H]c1onc(N([H])C([H])([H])[H])c1N([H])C([H])([H])[H]
16,15,0,[H]OC1(C([H])([H])[H])C(C#N)C([H])=NC1([H])[H]
16,14,0,[H]C(=NC(C#N)N([H])[H])OC([H])C([H])([H])[H]
20,20,1,[H]OC([H])([H])C([H])([H])OC([H])(C([H])=O)C([H])([H])C([H])=O
18,17,0,[H]N=C1N2C([H])([H])C2([H])C(C([H])([H])[H])OC1([H])[H]
16,16,1,[H]C(=O)N([H])C(=O)C([H])([H])C(=O)C([H])([H])[H]
13,13,1,[H]c1nc(=O)nnc(N([H])[H])c1[H]
20,20,1,[H]OC1([H])N2C([H])([H])C([H])=C([H])C([H])([H])C2([H])C1([H])[H]
19,19,1,[H]C#CC1([H])C([H])([H])N(C([H])([H])C([H])=N[H])C1([H])[H]
21,21,1,[H]N1C([H])([H])C1([H])C12C([H])([H])C1([H])C1([H])OC2([H])C1([H])[H]
17,17,1,[H]C#CC([H])(C([H])(O[H])O[H])C1([H])OC1([H])[H]
14,14,1,[H]C#CC1([H])C([H])([H])OC1([H])C([H])=O
11,9,0,[H]C(=O)OC([H])=C1N=NNN1
15,14,0,
18,18,1,[H]C#CC1=C([H])C([H])(O[H])C([H])([H])N([H])C1([H])[H]
16,16,1,[H]c1oc([H])c2c1C([H])([H])N1C([H])([H])C21[H]
23,23,1,[H]N([H])C([H])([H])C([H])(C([H])([H])[H])C([H])(OC([H])([H])[H])C([H])([H])[H]
13,12,0,[H]OC([H])([H])C(O)(C([H])=O)C([H])=O
24,24,1,[H]N1C([H])(C([H])([H])C([H])([H])[H])C1([H])C1([H])C([H])([H])C1([H])C([H])([H])[H]
19,19,1,[H]N=C(C([H])([H])C([H])([H])[H])C1([H])C([H])([H])C1([H])O[H]
19,19,1,[H]OC([H])([H])C([H])([H])C([H])(C(=O)N([H])[H])C([H])([H])[H]
17,17,1,[H]C([H])=C1C(=O)OC([H])([H])C([H])([H])OC1([H])[H]
19,19,1,[H]C#CC1(O[H])C([H])([H])C2([H])C([H])([H])C2([H])C1([H])[H]
16,16,1,[H]OC1(C#N)N([H])C1([H])C([H])([H])C([H])([H])[H]
18,18,1,[H]C#CC1([H])N2C(C([H])([H])[H])=C([H])C2([H])C1([H])[H]
14,9,0,[H]OC1=C([H])N([H])C2C([H])NC([H])C12
19,19,1,[H]N1C(C#N)(C([H])([H])[H])C([H])([H])C12C([H])([H])C2([H])[H]
16,16,1,[H]N1C(=O)C2([H])C([H])([H])C1([H])C21OC1([H])[H]
17,17,1,[H]C([H])([H])C([H])([H])C12C([H])([H])OC1([H])C2([H])[H]
16,16,1,[H]OC1([H])C(=O)C([H])(C([H])([H])[H])OC1([H])[H]
14,14,1,[H]C#Cc1oc(=O)n(C([H])([H])[H])c1[H]
10,10,1,[H]C(=O)Oc1noc([H])n1
17,17,1,[H]C([H])([H])C#CC1([H])N=C(C([H])([H])[H])OC1=O
16,16,1,[H]OC1(O[H])C([H])=C([H])OC12N([H])C2([H])[H]
19,19,1,[H]C1=NC23C([H])(N1[H])C([H])([H])C2([H])C3([H])C([H])([H])[H]
18,18,1,[H]C#CC([H])(C([H])([H])[H])C([H])([H])C1([H])OC1([H])[H]
19,19,1,[H]C([H])([H])OC([H])([H])C1=NC([H])([H])C([H])([H])C1([H])[H]
17,17,1,[H]c1noc(C([H])(C([H])([H])[H])C([H])([H])[H])c1[H]
17,17,1,[H]N=C1OC([H])([H])C2([H])N3C1([H])C3([H])C2([H])[H]
19,19,1,[H]N1C([H])(C([H])([H])[H])C1(C(=O)C([H])([H])[H])C([H])([H])[H]
16,16,1,[H]C(=O)OC([H])([H])C([H])([H])C(=O)C([H])([H])[H]
18,18,1,[H]C#CC1(C2([H])N([H])C2([H])[H])OC1([H])C([H])([H])[H]
13,13,1,[H]C(=O)C([H])(C(=O)C#N)C([H])([H])[H]
14,10,0,
18,18,1,[H]OC([H])([H])C1([H])C(=O)C([H])=C(C([H])([H])[H])N1[H]
23,23,1,[H]C([H])([H])C([H])([H])C([H])([H])C([H])(C([H])([H])[H])C([H])([H])C([H])([H])[H]
17,17,1,[H]C(=O)OC([H])(N([H])[H])C1([H])C([H])([H])C1([H])[H]
15,15,1,[H]OC(C#N)(C(=O)C([H])([H])[H])C([H])([H])[H]
19,19,1,[H]OC1([H])C([H])(C([H])([H])[H])C2(C([H])=O)C([H])([H])C12[H]
18,18,1,[H]OC([H])([H])C1([H])C(C([H])([H])[H])=NC(=O)C1([H])[H]
18,18,1,[H]C1([H])C2([H])C3([H])C([H])([H])C4([H])C1([H])C4([H])C23[H]
19,19,1,[H]C1=NC([H])([H])N2C([H])([H])C2([H])C12C([H])([H])C2([H])[H]
18,18,1,[H]C1=C([H])C2([H])C([H])([H])C2(N([H])[H])C([H])([H])C1=O
15,14,0,
18,17,0,[H]N([H])C1(C([H])([H])[H])C([H])([H])C1(O)C([H])([H])C#N
16,14,0,
17,17,1,[H]Oc1c([H])c(C([H])([H])[H])n(C([H])([H])[H])c1[H]
21,21,1,[H]OC([H])(OC([H])([H])[H])C1([H])C([H])([H])OC1([H])C([H])([H])[H]
14,14,1,[H]C(=O)C12C(=O)C([H])([H])OC1([H])C2=O
16,16,1,[H]C#CC1([H])N([H])C([H])(C#C[H])C1([H])O[H]
20,19,0,[H]N(C(=O)C([H])([H])[H])C(C([H])([H])[H])C1([H])N([H])C1([H])[H]
13,12,0,[H]C#CC1N=C([H])N=C([H])C([H])=N1
20,20,1,[H]C1=C([H])C2(C([H])([H])[H])N3C1([H])C3([H])C([H])([H])C2([H])[H]
17,17,1,[H]C([H])(C#N)N1C([H])([H])C2(C([H])([H])[H])OC12[H]
18,18,1,[H]c1c([H])c(C([H])([H])[H])n([H])c1N([H])C([H])([H])[H]
22,21,0,[H]C#CC([H])([H])C([H])([H])C(N([H])[H])N([H])C([H])([H])C([H])([H])[H]
18,18,1,[H]C#CC([H])([H])C([H])([H])N([H])C([H])([H])C([H])([H])[H]
18,18,1,[H]N=C1OC([H])(C([H])([H])[H])C([H])([H])C([H])([H])C1=O
17,17,1,[H]c1nc(C([H])([H])C([H])([H])C([H])([H])[H])oc1[H]
21,21,1,[H]C(=O)C1([H])C([H])([H])C1([H])OC([H])([H])C([H])([H])C([H])([H])[H]
21,21,1,[H]OC([H])([H])C([H])(OC1([H])C([H])([H])OC1([H])[H])C([H])([H])[H]
21,21,1,[H]C([H])([H])C([H])(C([H])([H])[H])C12C([H])([H])OC1([H])OC2([H])[H]
19,19,1,[H]C1=C([H])C2([H])C3([H])C1([H])C1([H])C([H])([H])C3([H])C21[H]
14,14,1,[H]C(=O)C1([H])N([H])C([H])([H])C1([H])C#N
20,20,1,[H]OC([H])([H])C#CC([H])(N1C([H])([H])C1([H])[H])C([H])([H])[H]
21,20,0,[H]C#CC([H])([H])C1([H])N([H])C([H])(C([H])([H])[H])C([H])C1([H])[H]
20,19,0,
20,20,1,[H]N=C1OC([H])(C([H])([H])C([H])(O[H])C([H])([H])[H])C1([H])[H]
15,15,1,[H]C1=C([H])C2(OC2([H])[H])C([H])([H])C1([H])[H]
21,21,1,[H]C1=C([H])C([H])(C([H])([H])[H])C2([H])OC([H])([H])C2([H])C1([H])[H]
17,17,1,[H]N1C([H])([H])C(=O)C([H])([H])C12C([H])([H])C2([H])[H]
16,16,1,[H]OC([H])([H])C1([H])OC([H])([H])C2([H])OC12[H]
18,18,1,[H]C(=O)C1([H])C(=O)C([H])([H])C([H])([H])C([H])([H])N1[H]
23,23,1,[H]C([H])([H])OC([H])([H])C([H])([H])C1([H])N2C3([H])C([H])([H])C1([H])C23[H]
16,16,1,[H]C([H])([H])C12OC1([H])C(=O)C([H])([H])C2([H])[H]
20,20,1,[H]C1=NC([H])(C([H])([H])[H])C2(C([H])([H])[H])C([H])([H])C2([H])O1
20,20,1,[H]C1=C([H])C([H])([H])C([H])([H])C(=O)C([H])(C([H])([H])[H])N1[H]
19,19,1,[H]OC1(C([H])([H])[H])C([H])([H])C2([H])N([H])C2([H])C1([H])[H]
19,19,1,[H]OC12C([H])([H])C1([H])C1([H])C([H])(OC([H])([H])[H])C12[H]
21,21,1,[H]N1C([H])(C([H])([H])C([H])([H])[H])C([H])([H])C12C([H])([H])C2([H])[H]
14,14,1,[H]OC([H])([H])C([H])(C#N)C(=O)N([H])[H]
20,19,0,
21,21,1,[H]N1C([H])([H])C1([H])N([H])C1(C([H])([H])[H])C([H])([H])OC1([H])[H]
20,20,1,[H]C([H])([H])C([H])([H])C(=O)C([H])([H])C([H])(C#N)C([H])([H])[H]
18,18,1,[H]OC([H])(C([H])=O)C1([H])N(C([H])([H])[H])OC1([H])[H]
21,21,1,[H]OC([H])(C([H])([H])[H])C1([H])C([H])([H])N2C([H])([H])C(=O)C21[H]
13,10,0,
17,17,1,[H]C1([H])OC([H])([H])C23N(C([H])([H])C2([H])[H])C13[H]
17,17,1,[H]C1=C(N([H])[H])N([H])C2([H])C([H])([H])C2([H])C1=O
23,23,1,[H]OC([H])(C([H])([H])[H])C([H])([H])C1(C([H])([H])[H])OC1([H])C([H])([H])[H]
15,15,1,[H]Oc1c(N([H])[H])n([H])c([H])c([H])c1=O
16,16,1,[H]N=C1N([H])C([H])([H])OC(=NO[H])C1([H])[H]
20,20,1,[H]N1N2C([H])([H])C3([H])N([H])C3([H])C([H])(C([H])([H])[H])C12[H]
22,22,1,[H]C#CC(C([H])([H])[H])(C([H])([H])[H])C([H])(O[H])C([H])([H])N([H])[H]
19,19,1,[H]OC1([H])C2([H])N(C([H])([H])[H])C([H])(C([H])([H])[H])C12[H]
16,13,0,[H]C1C([H])(O)C([H])(C#CC([H])([H])[H])C1([H])O
18,18,1,[H]C1([H])OC2([H])C1([H])C([H])([H])C21C([H])([H])C1([H])[H]
14,13,0,[H]C1=NC2C([H])=C([H])C(=O)N2C1([H])[H]
21,21,1,[H]OC1([H])C2([H])C([H])([H])C3(O[H])C([H])([H])N([H])C2([H])C13[H]
20,20,1,[H]C1=C2C3([H])C([H])([H])C2(N([H])[H])C([H])([H])C3([H])C1([H])[H]
16,16,1,[H]C([H])([H])C1([H])OC([H])([H])C12C(=O)C2([H])[H]
15,15,1,[H]C(=O)C1([H])OC2([H])C3([H])OC1([H])C23[H]
16,16,1,[H]C([H])([H])C(=O)C1([H])C2([H])OC([H])([H])C21[H]
18,18,1,[H]C1=NC([H])([H])OC2([H])C([H])(O1)C2([H])C([H])([H])[H]
23,23,1,[H]C([H])([H])C1([H])C([H])([H])C2(C([H])([H])[H])C([H])([H])OC1([H])C2([H])[H]
12,8,0,
19,19,1,[H]OC1([H])C2(O[H])OC([H])([H])C([H])(C([H])([H])[H])C12[H]
20,20,1,[H]N=C(N([H])[H])C([H])(C([H])([H])[H])C([H])(O[H])C([H])([H])[H]
10,10,1,[H]N=C([H])OC(=O)N([H])[H]
11,9,0,
18,18,1,[H]N=C1N(C([H])([H])[H])C([H])=NC2([H])C([H])([H])C12[H]
19,19,1,[H]C1=C([H])C2(N([H])C2([H])[H])N2C1([H])C2([H])C([H])([H])[H]
17,17,1,[H]C#CC(=C(N([H])[H])N([H])C([H])=O)C([H])([H])[H]
16,15,0,
18,18,1,[H]OC1(C#CC([H])=O)C2([H])C([H])([H])C([H])([H])C12[H]
18,18,1,[H]OC([H])(C([H])([H])[H])C1([H])C([H])([H])OC1([H])C#N
19,19,1,[H]C1=C([H])C23C([H])=C([H])C([H])(C2([H])[H])C3([H])C1([H])[H]
21,21,1,[H]C(=NC([H])([H])N([H])C1([H])N([H])C1([H])[H])N([H])C([H])([H])[H]
16,16,1,[H]C#CC([H])(C([H])([H])[H])C1(C#N)OC1([H])[H]
17,13,0,
18,18,1,[H]OC([H])([H])C(=O)N([H])C([H])(C([H])=O)C([H])([H])[H]
15,15,1,[H]N([H])C(=O)C(=O)OC([H])([H])C([H])([H])[H]
22,21,0,[H]C([H])([H])C1(C([H])([H])[H])C2([H])C3N4C([H])([H])C3([H])C2([H])C41[H]
17,17,1,[H]C([H])([H])C([H])([H])N1C(=O)OC([H])([H])C1([H])[H]
19,18,0,[H]OC1([H])C([H])C2([H])OC([H])([H])C2([H])N([H])C1([H])[H]
17,17,1,[H]C1=C(C([H])([H])[H])N([H])C2(C#N)C([H])([H])C12[H]
21,21,1,[H]OC([H])([H])C1([H])OC([H])(C([H])([H])O[H])C1([H])C([H])([H])[H]
17,17,1,[H]OC1([H])N([H])C([H])=C([H])C([H])([H])C1([H])C#N
19,19,1,[H]C#CC([H])([H])C1(O[H])C([H])([H])OC1([H])C([H])([H])[H]
18,18,1,[H]C#CC1([H])C(=NO[H])C([H])([H])C1([H])C([H])([H])[H]
20,20,1,[H]C([H])([H])C1([H])C([H])([H])N2C3([H])C4([H])C2([H])C4([H])C31[H]
20,20,1,[H]OC1([H])C2([H])C([H])(C([H])([H])[H])C([H])([H])C12C([H])([H])[H]
14,14,1,[H]C1=C([H])C([H])([H])C2(OC2([H])[H])C1=O
19,19,1,[H]C#CC1(C([H])([H])[H])N([H])C([H])([H])C([H])([H])C1([H])[H]
19,19,1,[H]C#CC([H])(C#CC([H])([H])C([H])([H])C([H])([H])[H])O[H]
16,16,1,[H]C1=NC([H])(C#N)C2([H])N(C1([H])[H])C2([H])[H]
17,17,1,[H]N(C([H])([H])[H])C([H])([H])C1=NC([H])([H])OC1=O
17,17,1,[H]OC12N3C([H])([H])C([H])(C1([H])[H])C3([H])C2([H])[H]
18,18,1,[H]N1C([H])([H])C2([H])C([H])([H])C23C([H])([H])C2([H])OC123
20,20,1,[H]N=C([H])C(=N[H])N([H])C1([H])C([H])([H])C([H])([H])C1([H])[H]
21,21,1,[H]C#CC(OC([H])([H])[H])(C([H])([H])[H])C([H])(O[H])C([H])([H])[H]
15,15,1,[H]C(=O)C(=Nc1nc([H])no1)C([H])([H])[H]
18,18,1,[H]C([H])([H])C([H])([H])N1C(=O)C2(C([H])([H])[H])OC12[H]
21,21,1,[H]OC([H])([H])OC([H])([H])C1(C([H])([H])C([H])([H])[H])OC1([H])[H]
23,22,0,[H]OC([H])([H])C([H])([H])C1([H])C([H])(OC([H])[H])C1(O[H])C([H])([H])[H]
18,16,0,
19,19,1,[H]OC1([H])C([H])(C([H])([H])[H])OC1(C([H])=O)C([H])([H])[H]
19,19,1,[H]C#CC1(N([H])[H])N(C([H])([H])[H])C([H])(O[H])C1([H])[H]
18,16,0,[H]C1=NNC(N([H])C([H])([H])[H])C([H])=C1C([H])([H])[H]
14,13,0,
20,20,1,[H]OC([H])(C([H])([H])C([H])([H])[H])C([H])([H])C([H])([H])C([H])=O
18,17,0,[H]C1=C([H])C2([H])C([H])([H])C3([H])C1C([H])([H])OC23[H]
16,15,0,[H]N=C1N([H])C(C([H])([H])[H])C2([H])C(=O)C12[H]
17,17,1,[H]OC([H])([H])C([H])(O[H])C([H])([H])C(=O)N([H])[H]
19,19,1,[H]C1=C([H])C([H])(C([H])([H])[H])C2([H])C([H])([H])C2([H])C1=O
13,10,0,[H]OC1C(=O)N([H])C([H])C1C([H])=O
17,17,1,[H]C1=C([H])C([H])([H])c2c1nn(C([H])([H])[H])c2[H]
18,18,1,[H]N=C(N([H])C(=O)C([H])([H])[H])C([H])([H])C([H])([H])[H]
23,23,1,[H]N([H])C1([H])OC([H])(C([H])([H])[H])C([H])(N([H])C([H])([H])[H])C1([H])[H]
20,20,1,[H]OC1(C([H])([H])[H])C([H])=C(C([H])([H])[H])N([H])C(=O)N1[H]
17,17,1,[H]C1([H])C2([H])C([H])([H])C3(C([H])([H])C3([H])[H])C12[H]
21,21,1,[H]OC1(C([H])([H])[H])C([H])([H])C(=O)C1([H])C([H])([H])C([H])([H])[H]
15,13,0,
17,17,1,[H]c1nc(C([H])([H])[H])c(=O)n([H])c1C([H])([H])[H]
16,16,1,[H]OC1([H])C([H])([H])C2(C#N)OC1([H])C2([H])[H]
17,17,1,[H]N=C1OC([H])(O[H])C([H])([H])N([H])C1=NO[H]
21,21,1,[H]C([H])([H])C1(C([H])([H])[H])C([H])([H])C(=O)C2([H])C([H])([H])C21[H]
16,16,1,[H]N1C(=O)C2([H])OC2([H])C2([H])C([H])([H])C12[H]
16,16,1,[H]C1=C(C([H])([H])[H])N([H])C(C#N)=NC1([H])[H]
20,19,0,[H]C1C2([H])C3([H])C([H])(C([H])([H])[H])C2([H])C2([H])C1([H])C32[H]
15,15,1,[H]OC1([H])C([H])(O[H])C1(O[H])C([H])([H])[H]
17,17,1,[H]C(=O)N([H])C1([H])C([H])([H])C1([H])C(=O)N([H])[H]
17,17,1,[H]c1nc2n(c1[H])C(=NC([H])([H])[H])C([H])([H])O2
23,23,1,[H]C([H])([H])C1([H])C([H])([H])C2(C([H])([H])[H])C1([H])C21C([H])([H])C1([H])[H]
16,16,1,[H]C1([H])OC2([H])C([H])([H])C23OC3([H])C1([H])[H]
16,16,1,[H]c1nn([H])nc1C1([H])C([H])([H])OC1([H])[H]
16,15,0,[H]OC1=NNN([H])C1=C(N([H])[H])C([H])([H])[H]
22,22,1,[H]OC12C([H])([H])OC([H])([H])C([H])=C(C([H])([H])[H])C1([H])C2([H])[H]
17,17,1,[H]C#CC1([H])C([H])=C([H])C(=O)C([H])([H])C1([H])[H]
17,17,1,[H]C(=O)C1([H])N([H])C1([H])C1(N([H])[H])OC1([H])[H]
21,21,1,[H]OC([H])([H])C(C#N)(OC([H])([H])C([H])([H])[H])C([H])([H])O[H]
21,21,1,[H]OC([H])([H])C([H])(O[H])C1([H])C([H])([H])OC1([H])C([H])([H])[H]
17,17,1,[H]N(C(=O)C([H])([H])[H])C1([H])C([H])([H])OC1([H])[H]
16,16,1,[H]N=C1OC([H])(C#N)C([H])([H])N([H])C1([H])[H]
18,18,1,[H]C([H])([H])N=C1OC2([H])C([H])([H])OC2([H])C1([H])[H]
16,16,1,[H]C#CC([H])([H])c1c(C([H])=N[H])noc1[H]
18,18,1,[H]C([H])([H])C([H])([H])C12C3([H])C([H])([H])C1([H])C32C#N
19,19,1,[H]OC([H])([H])C([H])([H])C1([H])C([H])([H])C([H])([H])C1([H])[H]
19,19,1,[H]OC1([H])C([H])([H])C([H])=C([H])C12OC([H])([H])C2([H])[H]
20,20,1,[H]C([H])([H])C12C(=O)C([H])([H])C([H])([H])C([H])([H])N1C2([H])[H]
17,17,1,[H]C1=C(C([H])([H])[H])C([H])([H])Oc2noc([H])c21
23,21,0,
20,20,1,[H]OC([H])(C([H])([H])[H])C1(O[H])C([H])([H])C1([H])C([H])([H])[H]
19,19,1,[H]N(C([H])([H])[H])C12N(C1([H])[H])C1([H])OC1([H])C2([H])[H]
12,10,0,
23,23,1,[H]C([H])([H])C([H])([H])C12C([H])([H])OC([H])(C([H])([H])C1([H])[H])C2([H])[H]
15,15,1,[H]C(=O)C([H])([H])Oc1nc([H])n([H])c1[H]
18,18,1,[H]C1=NC2([H])C([H])([H])C3([H])N([H])C3([H])C2([H])N1[H]
16,16,1,[H]OC1([H])C(=O)C([H])([H])C(=O)N1C([H])([H])[H]
21,21,1,[H]OC1([H])N2C([H])([H])C([H])(C([H])(N([H])[H])C([H])([H])[H])C21[H]
19,19,1,[H]C#CC12C([H])([H])C([H])([H])C(O[H])(C1([H])[H])C2([H])[H]
18,18,1,[H]N1C(=O)N(C([H])([H])[H])C([H])(C([H])([H])[H])C1([H])[H]
15,13,0,[H]C#CC12NC1([H])C([H])([H])C([H])C2([H])[H]
18,18,1,[H]N=C(C1=NC([H])([H])OC([H])([H])C1([H])[H])N([H])[H]
17,17,1,[H]OC([H])(OC(=O)C([H])=O)C([H])(O[H])N([H])[H]
18,18,1,[H]C1=NC2(C([H])([H])C2([H])[H])C2(OC2([H])[H])C1([H])[H]
25,25,1,[H]C([H])([H])C([H])([H])C([H])([H])C1([H])OC1([H])C([H])(C([H])([H])[H])C([H])([H])[H]
20,20,1,[H]OC12C([H])([H])C3([H])N([H])C([H])(C3([H])[H])C1([H])C2([H])[H]
19,19,1,[H]C1([H])OC([H])([H])C2([H])C([H])([H])C2([H])C2([H])OC12[H]
16,16,1,[H]OC12OC1(O[H])C([H])([H])C([H])([H])C2([H])[H]
18,18,1,[H]OC([H])(C([H])([H])[H])C([H])([H])c1nc([H])c([H])o1
19,19,1,[H]C([H])([H])OC([H])(C([H])([H])C#N)C([H])([H])C([H])([H])[H]
20,20,1,[H]C#CC([H])(C([H])([H])[H])C1([H])C([H])([H])C2([H])N([H])C21[H]
17,17,1,[H]OC([H])(c1nonc1[H])C([H])([H])C([H])([H])[H]
18,18,1,[H]C#CC1=C([H])C(=N[H])C([H])(C([H])([H])[H])C1([H])[H]
15,15,1,[H]C1=NC([H])(C([H])([H])[H])C([H])=C([H])N1[H]
20,20,1,[H]OC1([H])C([H])(C([H])([H])[H])C2([H])C3([H])N([H])C12C3([H])[H]
23,23,1,[H]N([H])C1(C([H])([H])[H])N([H])C2(C([H])([H])[H])C([H])([H])C1([H])C2([H])[H]
19,18,0,[H]N1C([H])([H])C2OC3(C([H])([H])[H])C([H])([H])C23C1([H])[H]
17,17,1,[H]C1=C([H])C2([H])C(=O)C1([H])C2([H])OC([H])([H])[H]
15,11,0,[H]C1C(OC([H])([H])[H])=NNNC1N([H])[H]
13,13,1,[H]OC([H])([H])c1nc(=O)nc([H])o1
14,14,1,[H]C1=C(C([H])([H])[H])C(=O)C(=O)C1([H])[H]
16,16,1,[H]OC([H])([H])OC(=O)N(C([H])=O)C([H])([H])[H]
21,21,1,[H]OC([H])([H])C1=NC([H])(C([H])([H])OC([H])([H])[H])C([H])([H])O1
19,19,1,[H]c1c(C2([H])C([H])([H])C2([H])C([H])([H])[H])nn([H])c1[H]
14,14,1,[H]N=c1nc(F)c([H])nn1C([H])([H])[H]
13,13,1,[H]C#CC([H])(O[H])C([H])(C#N)C#N
15,15,1,[H]C#CC([H])([H])C([H])([H])[H]
20,20,1,[H]C([H])([H])C1(C([H])([H])[H])N2C(=O)C([H])([H])C2([H])C1([H])[H]
19,19,1,[H]C([H])([H])C#CC([H])(C(=O)OC([H])([H])[H])C([H])([H])[H]
19,19,1,[H]OC12C([H])([H])C3([H])C([H])([H])C1([H])C2(O[H])C3([H])[H]
17,17,1,[H]OC1([H])C([H])([H])C(=O)C1(C([H])=O)C([H])([H])[H]
18,18,1,[H]C([H])([H])C1([H])C(=O)C([H])([H])C2([H])C([H])([H])C12[H]
20,20,1,[H]OC([H])([H])N1C([H])(C([H])([H])[H])C2(O[H])C([H])([H])C12[H]
17,17,1,[H]C#CC1([H])C([H])([H])C1(O[H])C(=O)C([H])([H])[H]
16,16,1,[H]OC([H])([H])C12C(=O)OC([H])([H])C1([H])N2[H]
18,18,1,[H]OC1=NC([H])([H])C([H])([H])C2([H])OC1([H])C2([H])[H]
16,16,1,[H]OC1([H])C([H])([H])C2([H])N3C(=O)C1([H])C32[H]
18,18,1,[H]OC([H])([H])C1([H])C([H])([H])C2([H])OC21C([H])([H])[H]
18,18,1,[H]OC([H])([H])C1=NC([H])([H])OC([H])([H])C1([H])O[H]
20,20,1,[H]OC([H])([H])N(C([H])([H])[H])C([H])(OC([H])=O)C([H])([H])[H]
16,16,1,[H]OC12C([H])([H])C([H])=NC1([H])C2([H])C([H])=O
19,19,1,[H]C(=O)C1(C([H])([H])[H])OC1([H])C1([H])C([H])([H])C1([H])[H]
23,23,1,[H]C([H])([H])OC([H])([H])C12C([H])([H])C([H])(C([H])([H])[H])C1([H])C2([H])[H]
15,15,1,[H]C#CC1(OC([H])([H])[H])C(=O)N([H])C1=O
17,17,1,[H]OC12N3N([H])C1(C([H])([H])[H])C3([H])OC2([H])[H]
16,15,0,[H]N=C1OC2([H])C([H])C3([H])N(C2([H])[H])C13[H]
15,14,0,
17,16,0,[H]OC([H])([H])OC([H])([H])C1=NNC([H])([H])N1[H]
20,20,1,[H]N=C(C(=N[H])C([H])([H])C1([H])N([H])C1([H])[H])C([H])([H])[H]
15,15,1,[H]C(=O)C1([H])N([H])C2([H])C(=O)N([H])C12[H]
16,16,1,[H]C1=NC([H])([H])C2(OC([H])([H])[H])C(=O)C12[H]
17,17,1,[H]N([H])C(=O)C1([H])OC([H])([H])C12N([H])C2([H])[H]
19,18,0,[H]C1=C([H])C([H])(O)C2([H])N(C([H])([H])[H])C2([H])C1([H])[H]
22,22,1,[H]N=C([H])C1([H])C([H])([H])N([H])C2(C([H])([H])C2([H])O[H])C1([H])[H]
20,20,1,[H]C([H])([H])C1(C2=NC([H])([H])C([H])([H])C2([H])[H])OC1([H])[H]
13,13,1,[H]Oc1nn([H])c(=O)n1C([H])([H])[H]
15,15,1,[H]OC(C([H])=O)(C([H])=O)C1([H])OC1([H])[H]
18,18,1,[H]C#CC1(C([H])([H])[H])C([H])([H])C1([H])OC([H])([H])[H]
19,19,1,[H]OC([H])(N([H])[H])C1(C#N)C([H])([H])C1([H])C([H])([H])[H]
18,18,1,[H]C(=O)N1C2([H])C([H])([H])C3([H])C([H])([H])C2([H])C13[H]
18,17,0,[H]C(=O)N([H])C1([H])N2C(C([H])([H])[H])C1([H])C2([H])[H]
17,17,1,[H]OC([H])([H])C1([H])C([H])([H])C2(O[H])N([H])C21[H]
21,21,1,[H]OC1([H])C2([H])C([H])=C([H])C([H])([H])C1(C([H])([H])[H])C2([H])[H]
14,13,0,[H]C([H])OC1([H])C([H])([H])OC1([H])C#N
25,23,0,
20,20,1,[H]N=C1C([H])([H])C2(C([H])([H])[H])OC1([H])C([H])([H])C2([H])[H]
21,21,1,[H]N1C([H])([H])C1([H])C([H])([H])OC([H])([H])C([H])([H])C([H])([H])[H]
19,19,1,[H]c1c(C([H])([H])C([H])([H])C([H])([H])[H])c([H])n([H])c1[H]
16,16,1,[H]C([H])(C#N)C1([H])OC2([H])C([H])([H])C2([H])O1
19,19,1,[H]OC1([H])C2([H])N(C([H])([H])[H])C1(C([H])([H])[H])C2([H])[H]
25,25,1,[H]OC([H])(C([H])([H])[H])C([H])([H])C1(C([H])([H])[H])C([H])([H])C1([H])C([H])([H])[H]
19,19,1,[H]C([H])=NC([H])(C#CC([H])([H])[H])C([H])([H])C([H])([H])[H]
16,16,1,[H]OC12C([H])([H])N([H])C3([H])C1([H])OC32C#N
18,17,0,[H]OC([H])C([H])(O[H])C([H])=C([H])C1([H])OC1([H])[H]
16,16,1,[H]C(=O)C([H])([H])C12C(=O)C([H])([H])N1C2([H])[H]
19,19,1,[H]N=C([H])C1([H])C2([H])C(=N[H])C([H])([H])C([H])([H])C12[H]
19,19,1,[H]C([H])([H])C12C([H])([H])C([H])([H])C1(C([H])([H])[H])C2([H])[H]
16,16,1,[H]OC1(C([H])=O)C([H])=C([H])C2([H])N([H])C12[H]
18,18,1,[H]N([H])C12N([H])C3([H])N4C([H])([H])C4([H])C1([H])C32[H]
21,21,1,[H]OC1([H])C([H])([H])C2([H])C([H])(O[H])C2([H])C1([H])C([H])([H])[H]
18,17,0,
16,15,0,[H]C#CC([H])([H])C1([H])OC2C([H])(O[H])C21[H]
21,21,1,[H]C1=C([H])C2(OC2([H])[H])C([H])(C([H])([H])C([H])([H])[H])C1([H])[H]
12,12,1,[H]c1nc(C2([H])OC2([H])[H])no1
23,23,1,[H]C([H])([H])C1([H])C(=O)C([H])([H])C([H])([H])C([H])(C([H])([H])[H])C1([H])[H]
18,18,1,[H]OC1(C(=O)OC([H])([H])[H])C([H])([H])N([H])C1([H])[H]
14,14,1,[H]OC12C(=O)C([H])(N1[H])C2([H])C([H])=O
17,14,0,[H]C(O)C12C(C([H])([H])[H])C([H])([H])OC1([H])N2[H]
23,23,1,[H]C1=C(C([H])([H])[H])C([H])(N([H])[H])C([H])([H])N1C([H])([H])C([H])([H])[H]
11,11,1,[H]c1onc(C([H])([H])[H])c1[H]
17,17,1,[H]OC([H])([H])C1(OC([H])([H])[H])N2C([H])([H])C21[H]
21,21,1,[H]C(=O)C([H])([H])C([H])([H])C1([H])C([H])([H])C2([H])C([H])([H])C12[H]
18,18,1,[H]C1([H])OC(=O)N2C([H])([H])C([H])([H])C([H])([H])C21[H]
18,18,1,[H]C#CC([H])([H])C([H])([H])C1(C#C[H])N([H])C1([H])[H]
21,21,1,[H]C(=O)OC([H])(C([H])([H])[H])C([H])([H])C([H])([H])OC([H])([H])[H]
23,23,1,[H]C([H])([H])C([H])([H])C([H])([H])C([H])([H])C([H])([H])C([H])([H])C([H])([H])[H]
19,19,1,[H]n1nc(N(C([H])([H])[H])C([H])([H])[H])nc1C([H])([H])[H]
19,19,1,[H]C(=O)N([H])C([H])(OC([H])([H])C([H])([H])[H])C([H])([H])[H]
23,23,1,[H]OC1(C([H])([H])[H])C([H])([H])C2([H])C([H])([H])C([H])([H])C2([H])C1([H])[H]
23,23,1,[H]N(C([H])([H])[H])C([H])(C([H])([H])OC([H])([H])[H])C([H])([H])C([H])([H])[H]
14,14,1,[H]OC1([H])C([H])([H])C([H])(O[H])C1([H])[H]
18,16,0,
19,19,1,[H]C(=O)C([H])([H])C1([H])C2([H])OC([H])([H])C([H])([H])C21[H]
21,21,1,[H]OC1([H])C([H])(C([H])([H])[H])C1([H])C([H])(C([H])=O)C([H])([H])[H]
16,14,0,[H]C(=O)C1N=C(C([H])([H])[H])N([H])C1N([H])[H]
16,16,1,[H]N([H])C(=O)C1([H])C([H])([H])C([H])([H])C1([H])[H]
15,15,1,[H]OC([H])([H])C1([H])C(=O)N2C([H])([H])C21[H]
20,20,1,[H]C([H])([H])C12C([H])([H])C([H])([H])OC1([H])C([H])([H])C2([H])[H]
16,16,1,[H]C(=O)C([H])([H])N(C(=O)N([H])[H])C([H])([H])[H]
23,23,1,[H]OC([H])([H])N1C([H])([H])C([H])(C([H])(N([H])[H])C([H])([H])[H])C1([H])[H]
16,16,1,[H]C#CC12C(=N[H])N([H])C([H])([H])C1([H])N2[H]
21,21,1,[H]OC([H])(OC12C([H])([H])C([H])([H])C1([H])C2([H])[H])C([H])([H])[H]
19,19,1,[H]C(=C1C([H])([H])C2([H])OC12[H])C1([H])C([H])([H])C1([H])[H]
21,21,1,[H]N1N(C23C([H])([H])C([H])([H])C([H])([H])C2([H])C3([H])[H])C1([H])[H]
19,19,1,[H]N1C(=O)N([H])C([H])(C([H])([H])[H])C1([H])OC([H])([H])[H]
17,17,1,[H]N=C1N([H])C([H])([H])C([H])([H])C1(C#N)N([H])[H]
19,17,0,
17,17,1,[H]c1c(C([H])([H])[H])c(N([H])[H])c([H])n([H])c1=O
20,20,1,[H]C1([H])OC([H])([H])C([H])([H])C([H])([H])C([H])([H])C([H])([H])O1
15,14,0,[H]OC1C(=O)N([H])C(=NC([H])([H])[H])N1[H]
18,18,1,[H]C(=O)C1(N([H])[H])C([H])([H])C1(C([H])=O)C([H])([H])[H]
13,13,1,[H]ON=c1c([H])c([H])nc([H])n1[H]
14,14,1,[H]c1noc([H])c1C1([H])N([H])C1([H])[H]
19,19,1,[H]C(=O)N([H])C([H])(C([H])([H])[H])C([H])(C([H])=O)N([H])[H]
20,20,1,[H]N1C2([H])OC([H])(OC([H])([H])C2([H])[H])C1([H])C([H])([H])[H]
16,16,1,[H]C([H])([H])C1([H])C(=O)C1([H])C1([H])OC1([H])[H]
19,19,1,[H]C(=O)C(=C1C([H])([H])OC([H])([H])C1([H])[H])C([H])([H])[H]
17,16,0,[H]C=C1C2([H])N([H])C([H])([H])C3([H])OC3([H])C12[H]
18,18,1,[H]C#CC([H])([H])C(OC([H])([H])[H])(C([H])=O)C([H])=O
16,16,1,[H]Oc1nnoc1C([H])(N([H])[H])C([H])([H])[H]
21,21,1,[H]OC1([H])C([H])([H])C1([H])C1=C([H])C([H])([H])C([H])([H])C1([H])[H]
20,19,0,[H]C1([H])OC2([H])C([H])([H])C12[H]
18,18,1,[H]C#CC12C(=O)C([H])=C([H])C1([H])C2([H])C([H])([H])[H]
15,15,1,[H]N1C(C([H])([H])C#N)=NC([H])([H])C1([H])[H]
17,17,1,[H]OC([H])([H])C1(C([H])=O)N([H])C1(O[H])N([H])[H]
19,19,1,[H]N([H])C1([H])OC([H])([H])C([H])(N([H])C([H])([H])[H])C1=O
21,20,0,[H]C([H])([H])N1C(C([H])([H])C([H])([H])C([H])([H])[H])C(=O)C1([H])[H]
14,14,1,[H]OC([H])(C([H])([H])[H])C1([H])OC1([H])[H]
27,27,1,[H]OC([H])([H])C([H])([H])C(C([H])([H])[H])(C([H])([H])[H])C([H])(C([H])([H])[H])C([H])([H])[H]
18,18,1,[H]OC([H])([H])C([H])(C(=O)C(=O)C([H])([H])[H])N([H])[H]
20,20,1,[H]C1([H])OC2(C([H])([H])[H])C3([H])C([H])([H])N1C([H])([H])C32[H]
24,24,1,[H]N([H])C12C([H])([H])C([H])([H])C([H])(C1([H])[H])C2([H])C([H])([H])C([H])([H])[H]
20,20,1,[H]N([H])C1(OC([H])([H])[H])C([H])([H])N2C([H])([H])C21N([H])[H]
19,19,1,[H]OC([H])([H])C([H])([H])c1oc(C([H])([H])[H])c([H])c1[H]
18,18,1,[H]C([H])([H])OC1=C(C([H])([H])[H])C([H])([H])OC1([H])[H]
23,23,1,[H]N(C([H])([H])C([H])([H])[H])C1([H])N([H])C([H])([H])C([H])([H])OC1([H])[H]
18,17,0,[H]C([H])([H])OC1C([H])([H])C(=O)C2([H])C([H])([H])C12[H]
17,17,1,[H]OC1([H])C([H])([H])C([H])=C2N(C2([H])[H])C1([H])[H]
17,17,1,[H]C1([H])N2C3([H])C([H])([H])C34C([H])([H])C([H])([H])C214
15,15,1,[H]OC([H])(C([H])=O)C([H])(C#N)C([H])([H])[H]
17,17,1,[H]N([H])C1=NC([H])([H])N([H])C([H])([H])N([H])C1=O
22,22,1,[H]OC1(C([H])([H])C([H])([H])[H])C2([H])N([H])C([H])([H])C21C([H])([H])[H]
12,12,1,[H]C#Cc1nc([H])n(C([H])=O)n1
20,20,1,[H]C([H])([H])C1([H])C([H])([H])C([H])(C([H])([H])[H])C12OC2([H])[H]
23,23,1,[H]OC12C3([H])N(C3([H])C1([H])C([H])([H])[H])C2(C([H])([H])[H])C([H])([H])[H]
17,17,1,[H]C([H])([H])C1([H])N2C(=O)C2([H])C([H])([H])C1([H])[H]
17,17,1,[H]N=C([H])N=C1N([H])C(=N[H])C([H])([H])C1([H])[H]
22,22,1,[H]C([H])([H])N1C(=O)C([H])([H])C([H])(C([H])([H])[H])C1([H])C([H])([H])[H]
20,20,1,[H]OC([H])(C(=O)N([H])C([H])([H])[H])C1([H])C([H])([H])C1([H])[H]
18,18,1,[H]C1=C([H])C2(C(=O)C([H])([H])[H])N([H])C2([H])C1([H])[H]
12,10,0,[H]C1C(=O)C2([H])NC2([H])C1([H])[H]
18,18,1,[H]OC([H])([H])C(C#CC([H])([H])[H])(O[H])C([H])([H])[H]
19,19,1,[H]N(C1=C(C#N)C([H])(C([H])([H])[H])C1([H])[H])C([H])([H])[H]
20,20,1,[H]C1=C([H])C([H])([H])C([H])(C([H])([H])C2([H])OC2([H])[H])N1[H]
21,21,1,[H]C([H])([H])OC([H])(C([H])([H])[H])C([H])([H])OC(=O)C([H])([H])[H]
17,17,1,[H]OC1([H])C(=O)N(C([H])([H])[H])C1([H])C([H])([H])[H]
16,16,1,[H]C1=NC([H])(C#N)C([H])(N([H])[H])C([H])([H])O1
18,17,0,[H]C(=O)C1C([H])=C([H])C([H])(N([H])[H])C([H])([H])N1[H]
9,8,0,
14,11,0,
18,18,1,[H]C(=O)C1([H])OC([H])(C([H])([H])[H])C2([H])N([H])C12[H]
14,13,0,[H]C1=C([H])N(C([H])([H])[H])C(=O)C1C#N
17,15,0,
16,16,1,[H]ON=C1OC(C([H])=O)(C([H])([H])[H])C1([H])[H]
16,14,0,
16,16,1,[H]C1=NC([H])([H])C23C([H])([H])C2([H])C2([H])OC123
14,14,1,[H]C(=O)C1=C([H])C([H])([H])C2([H])OC12[H]
20,20,1,[H]N1C2(C([H])([H])[H])C(=O)C([H])([H])C([H])([H])C12C([H])([H])[H]
23,23,1,[H]C([H])([H])C#CC([H])(OC([H])(C([H])([H])[H])C([H])([H])[H])C([H])([H])[H]
19,19,1,[H]OC([H])([H])C([H])([H])C1(C([H])([H])[H])C(=O)OC1([H])[H]
16,16,1,[H]C1([H])N2C3([H])C(=O)OC([H])(C1([H])[H])C23[H]
19,19,1,[H]C#CC([H])(C([H])([H])[H])C([H])([H])OC([H])([H])C([H])=O
21,21,1,[H]OC([H])([H])C([H])([H])C1([H])C2([H])N([H])C3([H])C1([H])C23O[H]
17,17,1,[H]C([H])([H])OC1([H])C(=O)C1([H])C1([H])OC1([H])[H]
21,21,1,[H]C([H])([H])C1([H])C([H])([H])OC2([H])C([H])([H])C23C([H])([H])C13[H]
16,14,0,[H]C1N2C3([H])OC([H])([H])OC1([H])C([H])C23[H]
13,13,1,[H]C(=O)OC(=O)C([H])([H])C([H])([H])[H]
13,13,1,[H]C1([H])OC(=O)C(=O)C([H])([H])C1=O
18,18,1,[H]C([H])([H])C1(C#N)OC([H])(C([H])([H])C([H])([H])[H])O1
17,17,1,[H]N([H])C(=O)C12C([H])([H])C3([H])N([H])C1([H])C32[H]
24,24,1,[H]C#CC([H])(C([H])([H])[H])C([H])(N([H])C([H])([H])C([H])([H])[H])C([H])([H])[H]
22,22,1,[H]C([H])([H])N1C([H])([H])C([H])([H])C12C([H])([H])C21C([H])([H])C1([H])[H]
16,16,1,[H]C1=C(C([H])([H])[H])C([H])([H])c2nc([H])nn21
17,17,1,[H]C(=O)C([H])([H])OC1(C([H])=O)C([H])([H])C1([H])[H]
17,17,1,[H]C1=NC([H])(N([H])[H])C(=O)OC1([H])C([H])([H])[H]
16,16,1,[H]c1oc(=O)n([H])c1OC([H])([H])C([H])([H])[H]
22,22,1,[H]C1=NC([H])([H])C2([H])C([H])([H])C([H])([H])C1([H])C2([H])C([H])([H])[H]
18,17,0,
19,19,1,[H]N=C([H])C1([H])C(C([H])([H])[H])=C([H])C2([H])N([H])C12[H]
17,17,1,[H]c1c(C2([H])OC2([H])[H])c([H])n([H])c1N([H])[H]
23,22,0,[H]C1=C([H])C(C([H])C([H])([H])[H])(C([H])([H])[H])N([H])C([H])([H])C1([H])[H]
18,18,1,[H]N1C([H])(C([H])([H])[H])C([H])([H])C2([H])C([H])([H])C12[H]
27,27,1,[H]C([H])([H])OC([H])(C([H])([H])[H])C([H])([H])C(C([H])([H])[H])(C([H])([H])[H])C([H])([H])[H]
18,17,0,[H]C([H])([H])c1nc(=NC([H])([H])C([H])([H])[H])nn[nH]1
25,25,1,[H]C([H])([H])C1(C([H])([H])[H])OC([H])([H])C([H])([H])C([H])([H])C([H])([H])C1([H])[H]
19,19,1,[H]C1=NC2(N(C([H])([H])[H])C2([H])[H])C2([H])C([H])([H])C12[H]
18,18,1,[H]C(=O)N([H])N=C([H])C1(C([H])([H])[H])N([H])C1([H])[H]
18,17,0,[H]N(NC(=NC([H])([H])[H])C([H])([H])C#N)C([H])([H])[H]
20,20,1,[H]C1([H])N2C([H])([H])C3([H])C4([H])C([H])([H])C4([H])C3([H])C21[H]
17,16,0,[H]OC1([H])C(=O)C([H])(C(C#N)N([H])[H])C1([H])[H]
16,16,1,[H]N([H])c1nnoc1OC([H])([H])C([H])([H])[H]
16,16,1,[H]OC([H])(C#N)C12OC1([H])C([H])([H])C2([H])[H]
17,17,1,[H]C([H])([H])OC12C([H])([H])N3C([H])(C1([H])[H])C32[H]
18,18,1,[H]C(=O)C12C([H])([H])C([H])([H])C1([H])C2([H])C([H])([H])[H]
15,15,1,[H]OC([H])(c1nn([H])nc1[H])C([H])([H])[H]
19,19,1,[H]C([H])([H])C12OC3([H])C([H])([H])C1([H])C3([H])OC2([H])[H]
15,15,1,[H]N=C1OC([H])([H])C([H])(O[H])C([H])([H])O1
16,16,1,[H]C#CC1([H])OC1=C([H])C1([H])N([H])C1([H])[H]
21,21,1,[H]C([H])([H])C(=O)C1(C([H])([H])[H])C([H])([H])OC1([H])C([H])([H])[H]
25,25,1,[H]OC([H])([H])C12C([H])([H])C1(C([H])([H])[H])C2([H])[H]
15,15,1,[H]C1=C(C#N)C([H])(C#N)C1([H])C([H])([H])[H]
20,20,1,[H]OC1(N([H])[H])C(=O)N2C1([H])C2(C([H])([H])[H])C([H])([H])[H]
18,18,1,[H]OC([H])([H])c1oc(C([H])([H])[H])c(N([H])[H])c1[H]
20,20,1,[H]C(=O)C1=C([H])C([H])([H])C([H])([H])N(C([H])([H])[H])C1([H])[H]
18,16,0,[H]OC1([H])NC2([H])C(C([H])([H])C([H])([H])[H])OC12[H]
18,18,1,[H]C1=C([H])C2([H])C3([H])C([H])([H])C2([H])C3([H])C1([H])[H]
18,16,0,
23,23,1,[H]C1=C([H])C([H])([H])C([H])([H])C(C([H])(C([H])([H])[H])C([H])([H])[H])=C1[H]
19,19,1,[H]C#CC([H])([H])N1C([H])=NC([H])(C([H])([H])[H])C1([H])[H]
25,25,1,[H]C([H])([H])C1([H])C([H])([H])C([H])(C([H])([H])[H])C2([H])C([H])([H])C2([H])C1([H])[H]
19,18,0,[H]OC1([H])C([H])([H])C12C([H])=C([H])C([H])N2C([H])([H])[H]
20,20,1,[H]C(=O)C12C([H])([H])C1([H])N([H])C([H])([H])C2([H])C([H])([H])[H]
16,13,0,
20,19,0,[H]OC([H])([H])C1([H])C([H])(O)C1([H])C([H])([H])OC([H])([H])[H]
17,17,1,[H]C([H])([H])C#CC1([H])C([H])([H])C([H])([H])C1([H])[H]
17,17,1,[H]C1=C2C3([H])OC([H])(OC3([H])[H])C2([H])C1([H])[H]
16,16,1,[H]N([H])C1=NC([H])(C([H])([H])[H])OC1([H])C#N
19,19,1,[H]C([H])([H])C1=C(C([H])([H])[H])C([H])([H])OC([H])([H])C1=O
20,20,1,[H]N(C([H])([H])[H])C([H])([H])C12OC([H])(O1)C([H])([H])C2([H])[H]
17,17,1,[H]OC([H])([H])C1(C([H])=O)OC2([H])C([H])([H])C21[H]
19,19,1,[H]C1([H])C([H])([H])C([H])(C2([H])C([H])([H])C2([H])[H])C1([H])[H]
21,21,1,[H]N1C([H])([H])C1([H])C1(C([H])([H])[H])C([H])([H])C1([H])C([H])([H])[H]
21,21,1,[H]OC1([H])C2([H])C3([H])C([H])([H])C1(C([H])([H])[H])C32C([H])([H])[H]
21,21,1,[H]C1=NC2([H])N(C2([H])[H])C([H])([H])C([H])([H])C1([H])C([H])([H])[H]
18,18,1,[H]C1=NC([H])([H])OC2([H])C([H])([H])OC2([H])C1([H])[H]
21,21,1,[H]N1C([H])([H])C([H])(C([H])([H])[H])C([H])([H])C1([H])OC([H])([H])[H]
18,18,1,[H]OC(C#CC([H])([H])[H])(N([H])C([H])=O)C([H])([H])[H]
17,17,1,[H]C1([H])C2([H])C([H])([H])C2([H])C2([H])C([H])([H])C12[H]
18,18,1,[H]C1([H])OC23N1C2([H])C1([H])C([H])([H])C1([H])C3([H])[H]
12,10,0,[H]C1=NN([H])C2N=C([H])N([H])C12
19,19,1,[H]N=C(N([H])[H])C([H])([H])C([H])([H])OC(=O)C([H])([H])[H]
16,16,1,[H]C#CC([H])([H])C1([H])C([H])([H])C(=O)C1([H])[H]
21,20,0,[H]NC1([H])C2([H])OC([H])([H])C([H])(C([H])([H])C([H])([H])[H])C12[H]
16,15,0,[H]C1=C(C([H])([H])[H])C([H])C(=NC([H])([H])[H])O1
23,23,1,[H]C(=O)C([H])(C([H])(C([H])([H])[H])C([H])([H])[H])C1([H])C([H])([H])C1([H])[H]
19,19,1,[H]OC([H])(C([H])([H])[H])C([H])([H])C([H])([H])C(=O)C([H])=O
18,17,0,
16,16,1,[H]C(=O)C1=C(C#N)C([H])([H])C([H])([H])C1([H])[H]
21,21,1,[H]C1=C(C([H])([H])[H])C([H])([H])C23OC([H])([H])C12N([H])C3([H])[H]
15,13,0,[H]C([H])([H])C1([H])C(O)=C(N=N)OC1([H])[H]
19,19,1,[H]N(C([H])([H])[H])C([H])([H])C12N([H])C1([H])N([H])C2([H])[H]
13,13,1,[H]C#CC1(C#N)C([H])([H])C1([H])O[H]
15,15,1,[H]C(=O)N1C([H])([H])C2(C([H])=O)N([H])C12[H]
25,25,1,[H]C([H])([H])OC([H])([H])C1(C([H])([H])C([H])([H])C([H])([H])[H])C([H])([H])C1([H])[H]
19,17,0,[H]C1N([H])C23N([H])C2(C([H])C3([H])C([H])([H])[H])C1([H])[H]
17,17,1,[H]N=C([H])C1([H])C([H])([H])C2(OC2=N[H])C1([H])[H]
14,14,1,[H]N([H])C12OC([H])([H])C1([H])N([H])C2=O
20,20,1,[H]OC1([H])C2([H])C([H])([H])C([H])(C([H])([H])[H])C12C([H])([H])[H]
23,23,1,[H]OC([H])([H])C1([H])C([H])([H])C([H])([H])C([H])(O[H])C1([H])C([H])([H])[H]
13,13,1,[H]OC(=O)c1nc(N([H])[H])c([H])o1
18,18,1,[H]OC1([H])C([H])([H])C(=O)C2([H])N([H])C2([H])C1([H])[H]
19,19,1,[H]OC([H])([H])C1(O[H])C([H])(C([H])=O)C1([H])C([H])([H])[H]
14,14,1,[H]c1nc(C([H])([H])C([H])([H])[H])oc1[H]
17,17,1,[H]N([H])C1(C([H])([H])[H])N([H])C1([H])C([H])([H])C#N
17,17,1,[H]N1C(=O)C2(OC1([H])[H])N([H])C([H])([H])C2([H])[H]
14,13,0,[H]C#CC(=O)C1([H])C2([H])OC([H])C21[H]
18,18,1,[H]OC([H])([H])C1([H])C2([H])OC2(O[H])C12OC2([H])[H]
14,14,1,[H]C#CC(=N[H])C([H])(C#N)C([H])([H])[H]
18,18,1,[H]C#CC([H])(N([H])C([H])=NC([H])([H])[H])C([H])([H])[H]
14,14,1,[H]c1oc(=O)c([H])nc1OC([H])([H])[H]
23,23,1,[H]OC([H])([H])C1([H])C([H])([H])C([H])([H])C([H])([H])C([H])([H])C1([H])O[H]
20,20,1,[H]OC1([H])C([H])=C([H])C([H])([H])C2(N([H])C2([H])[H])C1([H])[H]
16,16,1,[H]OC1(C(=O)N([H])[H])C([H])([H])C1([H])N([H])[H]
17,16,0,[H]N=C1OC2OC([H])([H])C23N([H])C3([H])C1([H])[H]
21,21,1,[H]N(C([H])([H])[H])C1([H])C([H])([H])C([H])([H])C1([H])C([H])([H])C#N
19,19,1,[H]C1([H])N=C2C([H])([H])C([H])([H])C3([H])N1C3([H])C2([H])[H]
18,18,1,[H]OC1([H])N2C3([H])C([H])(O[H])C([H])(C1([H])[H])C23[H]
23,23,1,[H]C1([H])OC([H])([H])C2([H])C1=NC([H])([H])C2([H])C([H])([H])C([H])([H])[H]
18,18,1,[H]C1=C(C#N)C([H])([H])C2([H])C([H])([H])C([H])([H])C12[H]
14,14,1,[H]OC(=O)c1nc([H])nn1C([H])([H])[H]
19,19,1,[H]C(=O)N1C([H])([H])C([H])([H])C([H])([H])C1([H])C([H])([H])[H]
15,13,0,[H]C1=NC([H])C([H])=C2OC(N([H])[H])=NC12
21,21,1,[H]C(=O)C([H])([H])C([H])([H])C#CC1([H])C([H])([H])N([H])C1([H])[H]
23,23,1,[H]N(C(=O)C([H])([H])C([H])([H])N(C([H])([H])[H])C([H])([H])[H])C([H])([H])[H]
20,19,0,[H]OC12C(C([H])([H])[H])OC1(C([H])([H])[H])C2([H])C([H])([H])[H]
22,22,1,[H]OC([H])([H])C([H])([H])C1(C([H])([H])O[H])N(C([H])([H])[H])C1([H])[H]
14,13,0,
18,18,1,[H]N=C1OC2=C([H])C([H])([H])C([H])(C1([H])[H])C2([H])[H]
20,20,1,[H]N([H])C(=O)C1([H])OC([H])(C([H])([H])C([H])([H])[H])C1([H])[H]
21,19,0,[H]C1C2C3([H])C([H])([H])C([H])(C13[H])C2(C([H])([H])[H])C([H])([H])[H]
13,11,0,
19,19,1,[H]OC([H])(C#N)C([H])(OC([H])([H])[H])C1([H])OC1([H])[H]
18,18,1,[H]C([H])([H])OC([H])([H])C([H])([H])C1([H])C(=O)C1([H])[H]
16,15,0,
17,17,1,[H]OC1(O[H])C(=O)C([H])=C(C([H])([H])[H])C1([H])[H]
14,14,1,[H]OC12N=C([H])C3([H])N(C1([H])[H])C32[H]
18,18,1,[H]OC1(C([H])([H])[H])C(=O)C2([H])N([H])C2([H])C1([H])[H]
18,14,0,[H]OC1C([H])=C([H])C(N([H])C([H])([H])[H])C([H])C1[H]
20,20,1,[H]N1C([H])([H])C([H])([H])C([H])([H])N2C3([H])N([H])C1([H])C23[H]
20,20,1,[H]C#CC(C([H])=O)(N1N([H])C1([H])[H])C([H])([H])C([H])([H])[H]
16,16,1,[H]N1C(=O)C(=O)N([H])C([H])(N([H])[H])C1([H])[H]
15,15,1,[H]C#CC1([H])OC([H])(C([H])([H])[H])C1=N[H]
15,13,0,[H]C1C(=O)C2(C([H])([H])[H])NC2([H])C1([H])[H]
15,15,1,[H]C(=O)N([H])C(=O)N=C([H])OC([H])([H])[H]
20,20,1,[H]N1C([H])([H])C12C([H])(C#N)OC2([H])C([H])([H])C([H])([H])[H]
18,17,0,[H]OC1([H])C2([H])C3C([H])([H])N([H])C1([H])C3([H])N2[H]
21,21,1,[H]N=C1N([H])C([H])([H])OC1([H])C([H])(C([H])([H])[H])C([H])([H])[H]
20,20,1,[H]C([H])([H])C([H])([H])C1([H])C([H])([H])C1([H])C1([H])OC1([H])[H]
15,13,0,[H]C#CC1C([H])(O[H])N2NC2([H])C1([H])[H]
19,19,1,[H]C(=O)C12C([H])([H])N([H])C([H])(C1([H])[H])C2([H])N([H])[H]
15,13,0,
20,20,1,[H]C(=O)C1([H])C([H])([H])C([H])([H])C2([H])N([H])C12C([H])([H])[H]
18,18,1,[H]N1C(=O)C2(C([H])([H])[H])C1([H])OC([H])([H])C2([H])[H]
11,9,0,[H]C1=NOC2=NC([H])NC2=N1
18,18,1,[H]C1=C([H])C23C([H])([H])C2(C([H])([H])[H])C3([H])C1([H])[H]
18,18,1,[H]c1c(C([H])([H])C([H])([H])[H])c([H])c(=O)n([H])c1[H]
15,15,1,[H]N=C1c2c(oc([H])c2[H])C([H])([H])N1[H]
19,19,1,[H]OC([H])([H])C([H])(O[H])C1([H])N=C([H])N([H])C1([H])[H]
13,13,1,[H]OC1=NOC([H])([H])N=C1N([H])[H]
20,20,1,[H]C([H])([H])N=C(C(=O)C([H])([H])OC([H])([H])[H])C([H])([H])[H]
17,17,1,[H]C1=NC2(C([H])([H])[H])C([H])(O1)C2([H])C([H])([H])[H]
12,10,0,
17,17,1,[H]C1([H])OC12C([H])([H])N1C([H])([H])C2([H])C1([H])[H]
21,21,1,[H]C(=O)C12C([H])([H])C([H])(C([H])([H])[H])C1([H])C2([H])C([H])([H])[H]
17,17,1,[H]C([H])([H])N1C(=O)N(C([H])([H])[H])C([H])([H])C1=O
17,17,1,[H]N1C([H])([H])C2([H])C1([H])C(=O)C2([H])C([H])([H])[H]
18,18,1,[H]N=C1OC([H])(C2([H])N([H])C2([H])[H])N([H])C1([H])[H]
19,19,1,[H]OC([H])([H])C12C(=O)OC1([H])C([H])(N([H])[H])C2([H])[H]
21,21,1,[H]OC([H])([H])C12C([H])([H])C3([H])C([H])([H])C1([H])C32C([H])([H])[H]
15,15,1,[H]OC1([H])C2([H])C(=O)C1([H])C([H])([H])N2[H]
20,20,1,[H]C#CC([H])([H])C1(C([H])([H])[H])N([H])C2([H])C([H])([H])C21[H]
20,19,0,
17,17,1,[H]C#CC([H])(N([H])[H])C1(O[H])C(=O)OC1([H])[H]
18,18,1,[H]N1C([H])([H])C1([H])C1(C#N)N(C([H])([H])[H])C1([H])[H]
18,18,1,[H]OC1(C2([H])OC2([H])[H])C([H])([H])C2([H])N([H])C21[H]
20,19,0,
16,16,1,[H]C1=C([H])N([H])C(=O)C([H])([H])C([H])([H])C1=O
17,17,1,[H]N1C(=O)C(=NC([H])([H])[H])C([H])([H])OC1([H])[H]
16,16,1,[H]C#CC1=C(C([H])([H])[H])OC(=N[H])C1([H])[H]
17,17,1,[H]N([H])C12C([H])([H])C3([H])C([H])(C1([H])C#N)C32[H]
21,21,1,[H]OC1([H])C2([H])C([H])=C(C([H])(C([H])([H])[H])C([H])([H])[H])C12[H]
17,17,1,[H]N(C(=O)C([H])([H])[H])C(=O)C1([H])N([H])C1([H])[H]
21,21,1,[H]C1=NC([H])([H])C2([H])N1C([H])(C([H])([H])C([H])([H])[H])C2([H])[H]
22,22,1,[H]OC1([H])C([H])(C([H])([H])[H])C2(C([H])([H])[H])N([H])C([H])([H])C12[H]
16,16,1,[H]N=C([H])OC(=O)C([H])([H])C#CC([H])([H])[H]
20,20,1,[H]C(=O)C([H])(OC1(C([H])([H])[H])C(=O)C1([H])[H])C([H])([H])[H]
18,18,1,[H]C([H])([H])OC([H])(C#N)C1([H])OC([H])([H])C1([H])[H]
18,18,1,[H]C(=O)N([H])C#CC([H])([H])N(C([H])=O)C([H])([H])[H]
18,18,1,[H]C(=O)N([H])C1([H])N([H])C([H])=NC([H])([H])C1([H])[H]
21,21,1,[H]N([H])C([H])([H])C(=O)OC([H])([H])C(=O)C([H])([H])C([H])([H])[H]
9,9,1,[H]C#CC([H])(O[H])O[H]
17,17,1,[H]N1C2([H])C(=O)C1([H])C([H])(C([H])([H])[H])C2([H])[H]
21,21,1,[H]OC([H])([H])C1(C([H])([H])[H])N([H])C12C1([H])OC([H])([H])C12[H]
14,14,1,[H]C(=O)ON=C([H])C1([H])N([H])C1([H])[H]
18,18,1,[H]N=C1C([H])([H])N([H])C1([H])C([H])([H])OC([H])([H])[H]
19,19,1,[H]C([H])([H])C12OC3([H])C([H])(OC([H])([H])C1([H])[H])C32[H]
14,14,1,[H]N=c1n([H])c([H])c(C([H])([H])[H])n1[H]
14,14,1,[H]OC([H])([H])C(=O)C([H])(C#N)N([H])[H]
19,19,1,[H]C#CC1([H])C(=O)C([H])([H])C([H])([H])C1([H])C([H])([H])[H]
20,20,1,[H]C([H])([H])C12OC([H])([H])C1([H])C([H])([H])C([H])([H])C2([H])[H]
16,16,1,[H]OC1([H])C2([H])OC1([H])C1([H])C([H])([H])C21[H]
18,18,1,[H]OC1(N([H])[H])C2([H])C(=O)C([H])([H])C21C([H])([H])[H]
19,19,1,[H]C([H])([H])C#CC1([H])C([H])([H])C2([H])OC12C([H])([H])[H]
17,17,1,[H]OC1([H])C([H])([H])C([H])([H])C1([H])C#CC([H])=O
13,13,1,[H]C1=C([H])C(=O)C2([H])OC2([H])C1=O
14,12,0,
13,13,1,[H]C1=C([H])C(=O)C([H])([H])C(=O)C1=O
18,18,1,[H]C1=NC2([H])C(=O)C([H])([H])C1([H])C([H])([H])C2([H])[H]
13,10,0,
16,14,0,
13,12,0,
19,18,0,[H]OC1([H])C([H])([H])C2([H])N3C([H])([H])C([H])C2([H])C31[H]
17,17,1,[H]OC1([H])C([H])([H])N([H])C2(C#N)C([H])([H])C12[H]
16,16,1,[H]C#CC12N3C1([H])C([H])(N([H])C([H])=O)C32[H]
21,19,0,
14,14,1,[H]OC12OC3([H])C1([H])N1C2([H])C13O[H]
18,18,1,[H]N1C(=O)OC([H])(C2([H])OC2([H])[H])N([H])C1([H])[H]
18,18,1,[H]C(=O)C1([H])C([H])([H])C2([H])C([H])([H])C12C([H])([H])[H]
23,23,1,[H]N([H])C([H])([H])C1([H])C([H])([H])C2(C([H])([H])C([H])([H])[H])N([H])C12[H]
18,18,1,[H]OC([H])([H])C1([H])C([H])([H])OC1(C#N)C([H])([H])[H]
19,19,1,[H]C#CC([H])([H])C1(O[H])C([H])([H])C1([H])C([H])([H])O[H]
22,22,1,[H]N([H])C([H])([H])C1(C([H])([H])[H])C(=O)C([H])([H])C1([H])C([H])([H])[H]
11,10,0,[H]C1=NN([H])C(=O)C(=O)C1F
17,17,1,[H]N1C2([H])C([H])([H])C3([H])C([H])([H])C3([H])C12C#N
21,21,1,[H]C#CC([H])(C([H])([H])C([H])([H])[H])C1([H])C([H])([H])C1([H])O[H]
15,15,1,[H]C1=C([H])C2([H])N(C(=O)C1([H])[H])C2([H])[H]
19,18,0,
15,14,0,
23,23,1,[H]OC([H])([H])C1(C([H])([H])[H])C([H])([H])C2([H])C([H])([H])C2([H])C1([H])[H]
16,16,1,[H]c1oc(C([H])([H])[H])c(C#N)c1C([H])([H])[H]
16,16,1,[H]C([H])(C#N)C1(C2([H])OC2([H])[H])OC1([H])[H]
17,17,1,[H]C(=O)C([H])([H])C#CC(=O)C([H])([H])C([H])([H])[H]
17,16,0,[H]N=C(OC([H])([H])[H])C(O[H])C(=O)C([H])([H])[H]
20,20,1,[H]C1=C(C(=O)C([H])([H])[H])C([H])([H])C([H])([H])N([H])C1([H])[H]
16,16,1,[H]N=C1OC2(C([H])([H])OC([H])([H])[H])OC12[H]
19,19,1,[H]OC1([H])C([H])([H])OC([H])(C([H])([H])[H])C2([H])OC12[H]
19,19,1,[H]N=C([H])OC1([H])N([H])C1(C([H])([H])[H])C([H])([H])O[H]
14,14,1,[H]N([H])c1nc(C#N)c(N([H])[H])n1[H]
18,17,0,
21,21,1,[H]N([H])C1([H])C2([H])N([H])C3([H])C([H])([H])C1([H])C32C([H])([H])[H]
22,21,0,[H]C([H])([H])C([H])([H])C([H])([H])C1C2([H])OC([H])([H])C1([H])C2([H])[H]
18,18,1,[H]C([H])([H])C1([H])C([H])([H])C([H])([H])C2(C#N)OC21[H]
21,21,1,[H]OC([H])([H])C([H])([H])C12C([H])([H])OC1([H])C([H])([H])C2([H])[H]
17,17,1,[H]N1C([H])(C(=O)C#N)C([H])([H])C1([H])C([H])([H])[H]
17,17,1,[H]C#CC1([H])OC2([H])C([H])(O[H])C12C([H])([H])[H]
21,21,1,[H]OC([H])([H])C1([H])C([H])([H])C12C([H])([H])OC([H])([H])C2([H])[H]
21,21,1,[H]C(=O)OC([H])([H])C([H])([H])C([H])([H])C([H])([H])N([H])C([H])=O
18,17,0,[H]OC12C3([H])C1([H])C2(C([H])([H])[H])C3(O)C([H])([H])[H]
20,20,1,[H]N=C([H])C([H])([H])C1(C([H])([H])[H])C([H])([H])N([H])C1([H])[H]
19,19,1,[H]OC([H])([H])C([H])([H])N1C([H])([H])C([H])([H])C1([H])C#N
24,24,1,[H]C(=C([H])C1([H])N2C([H])([H])C21[H])C([H])([H])N([H])C([H])([H])C([H])([H])[H]
18,18,1,[H]N([H])C1(C2([H])N([H])C23N([H])C3([H])[H])OC1([H])[H]
19,19,1,[H]N=C1OC([H])([H])C2([H])N([H])C2([H])C1([H])C([H])([H])[H]
17,17,1,[H]N=C1N([H])C([H])([H])C(=O)C12C([H])([H])C2([H])[H]
17,17,1,[H]N=C1N([H])C(OC([H])([H])[H])=NC([H])([H])N1[H]
19,19,1,[H]OC([H])([H])C1(N([H])[H])N2C([H])([H])C3([H])C2([H])C13[H]
20,20,1,[H]N1C([H])([H])OC2(OC([H])([H])[H])C([H])([H])C([H])([H])C12[H]
19,19,1,[H]C1([H])OC2([H])C3([H])C1([H])C([H])([H])C1([H])C2([H])C13[H]
16,16,1,[H]ON=C([H])C1(C([H])([H])O[H])N([H])C1([H])[H]
17,17,1,[H]C([H])([H])N1C([H])([H])C2([H])OC2([H])C1([H])C#N
19,19,1,[H]C(=O)OC([H])([H])C12C([H])([H])C([H])([H])C1([H])C2([H])[H]
14,12,0,[H]C#CC1([H])C2([H])NC3C2([H])C31O[H]
17,17,1,[H]C1([H])N2C3([H])C([H])([H])C4([H])C1([H])C2([H])C34[H]
17,17,1,[H]C1=C(N([H])[H])C(=O)C([H])([H])C([H])([H])C1([H])[H]
19,19,1,[H]C1=C([H])C2([H])C3([H])OC2([H])C1([H])C([H])([H])C3([H])[H]
14,14,1,[H]c1nc(=NC([H])([H])[H])oc(F)c1[H]
18,17,0,[H]C1=NC([H])([H])C2(C([H])N=NC2([H])[H])C([H])([H])O1
23,23,1,[H]N1C([H])([H])C23C([H])([H])OC([H])([H])C([H])([H])C([H])([H])C12C3([H])[H]
21,21,1,[H]C1([H])OC2([H])C([H])([H])C23C([H])([H])C([H])([H])C([H])([H])C13[H]
25,25,1,[H]OC1([H])C([H])([H])C1(C([H])([H])C([H])([H])[H])C([H])(C([H])([H])[H])C([H])([H])[H]
15,15,1,[H]C#CC1=NC([H])([H])N(C([H])=O)C1([H])[H]
16,16,1,[H]OC([H])([H])OC1([H])C([H])([H])OC1([H])C#N
20,20,1,[H]C(=O)OC1([H])C([H])([H])N(C([H])([H])[H])C([H])([H])C1([H])[H]
19,19,1,[H]OC([H])([H])C1(C#CC([H])([H])[H])C([H])([H])C1([H])O[H]
23,23,1,[H]OC1([H])C([H])([H])C([H])([H])C([H])(C([H])([H])C([H])([H])[H])C1([H])O[H]
20,20,1,[H]C(=O)C1(N2C([H])([H])C2([H])[H])C([H])([H])C1([H])C([H])([H])[H]
19,19,1,[H]c1oc(OC([H])([H])C([H])([H])[H])c(C([H])([H])[H])c1[H]
15,15,1,[H]c1noc([H])c1C([H])([H])C([H])([H])C#N
13,13,1,[H]N([H])C(=O)C(=O)N([H])C([H])([H])[H]
20,20,1,[H]N1C([H])([H])C1([H])C([H])([H])OC1([H])C([H])([H])OC1([H])[H]
15,14,0,[H]C(=O)C1C([H])=NOC([H])=C1C([H])([H])[H]
18,18,1,[H]OC1([H])C([H])(OC([H])=O)C([H])([H])C12OC2([H])[H]
12,12,1,[H]C(C#N)(C#N)C1([H])OC1([H])[H]
21,21,1,[H]C#CC([H])([H])C([H])([H])C1([H])OC([H])([H])C([H])([H])C1([H])[H]
19,19,1,[H]ON=C(N([H])[H])C1([H])OC([H])(C([H])([H])[H])C1([H])[H]
16,16,1,[H]C(=O)N([H])C(=O)N(C([H])([H])[H])C([H])([H])[H]
14,12,0,[H]OC([H])([H])C#CC1NN([H])N=C1[H]
13,11,0,
20,20,1,[H]C1=C(C([H])([H])[H])C([H])([H])C([H])([H])OC1([H])C([H])([H])[H]
23,23,1,[H]N(C([H])([H])C([H])([H])C([H])([H])C([H])([H])[H])C1([H])C([H])([H])C1([H])[H]
19,19,1,[H]C1([H])OC([H])(C2([H])C([H])([H])C2([H])[H])C([H])([H])C1=O
16,16,1,[H]C1=C([H])C(=O)OC([H])([H])C(C([H])([H])[H])=N1
19,19,1,[H]C(=O)C1([H])C([H])([H])C(=O)C([H])([H])C([H])([H])C1([H])[H]
16,16,1,[H]N1C([H])([H])C(=O)C([H])([H])C1([H])C([H])([H])[H]
17,17,1,[H]c1c(C([H])([H])[H])noc1C([H])([H])C([H])([H])[H]
19,19,1,[H]C#CC([H])([H])C(C([H])([H])[H])(C([H])([H])[H])C([H])([H])[H]
21,19,0,
17,17,1,[H]OC([H])([H])C(=O)C12C([H])([H])OC1([H])C2([H])[H]
19,18,0,[H]C1C([H])([H])C2([H])N(C(=O)C([H])([H])C([H])([H])[H])C12[H]
19,19,1,[H]N1C([H])([H])C1([H])C12N3C([H])(C([H])([H])C1([H])[H])C32[H]
25,25,1,[H]C([H])([H])C([H])([H])C1(C2(C([H])([H])[H])C([H])([H])C2([H])[H])C([H])([H])C1([H])[H]
12,12,1,[H]N=c1oc(F)c([H])nc1O[H]
18,18,1,[H]Oc1nc(N([H])C([H])([H])[H])n(C([H])([H])[H])c1[H]
19,19,1,[H]C([H])([H])OC12OC1([H])C1([H])C([H])([H])C21C([H])([H])[H]
20,19,0,[H]C1C([H])([H])OC([H])([H])C2([H])OC1([H])C([H])([H])C2([H])[H]
16,14,0,[H]C1=NC(N([H])C([H])([H])[H])C([H])=C([H])C1[H]
18,16,0,
17,17,1,[H]OC([H])([H])C1([H])N([H])C(=O)OC([H])([H])N1[H]
25,25,1,[H]C1=C(C([H])([H])[H])C([H])(C([H])([H])[H])C([H])(C([H])([H])C([H])([H])[H])C1([H])[H]
14,13,0,[H]C#CC([H])([H])C([H])([H])NOC([H])=O
18,18,1,[H]C1=C([H])C2([H])C([H])([H])N([H])C2([H])C(=O)C1([H])[H]
15,15,1,[H]N([H])N=C1C([H])([H])OC1([H])C([H])([H])[H]
15,15,1,[H]OC1([H])C2([H])N([H])C1(O[H])C2([H])C#N
14,14,1,[H]C(=O)C([H])([H])C([H])([H])c1nnno1
19,19,1,[H]OC([H])([H])C([H])([H])C1([H])OC([H])([H])C2([H])OC21[H]
19,19,1,[H]OC([H])([H])C([H])([H])C1([H])C2([H])OC3([H])C2([H])C31[H]
16,16,1,[H]C(=O)N([H])C1(C([H])([H])[H])C(=O)OC1([H])[H]
16,16,1,[H]C(=O)C([H])(C([H])([H])[H])C([H])(C#N)N([H])[H]
17,17,1,[H]OC([H])([H])c1c(C([H])([H])[H])c([H])c([H])n1[H]
18,18,1,[H]N=C([H])OC([H])([H])C1=C([H])C([H])=C([H])C1([H])[H]
20,18,0,[H]OC(N([H])[H])C([H])([H])C1([H])C([H])C2([H])C([H])([H])C12[H]
19,19,1,[H]OC([H])(C1=C([H])N([H])C([H])=NC1([H])[H])C([H])([H])[H]
17,17,1,[H]OC([H])([H])C([H])(C#N)C([H])(C#N)C([H])([H])[H]
24,24,1,[H]C1=C(C(=O)C([H])([H])[H])C([H])([H])C(C([H])([H])[H])(C([H])([H])[H])C1([H])[H]
21,20,0,[H]ON=C1C(C([H])([H])C([H])([H])[H])C([H])([H])C([H])([H])C1([H])[H]
18,18,1,[H]N=C1N=NC([H])([H])C([H])([H])C([H])=C1C([H])([H])[H]
20,20,1,[H]OC([H])(C#CC([H])([H])C([H])([H])O[H])C(=O)C([H])([H])[H]
15,15,1,[H]c1c(C([H])([H])[H])c(F)c(=O)n([H])c1[H]
16,16,1,[H]C(=O)C#CC1([H])OC([H])([H])C(=O)C1([H])[H]
25,25,1,[H]C([H])([H])C1([H])C2([H])C([H])(C([H])([H])[H])C(C([H])([H])[H])(C([H])([H])[H])C12[H]
18,18,1,[H]C1=NC([H])([H])C(C#N)(C([H])([H])[H])C([H])([H])N1[H]
17,17,1,[H]C1=C([H])C([H])([H])C2([H])OC2([H])C([H])=C([H])O1
18,18,1,[H]C#CC(O[H])(C([H])([H])O[H])C1([H])N([H])C1([H])[H]
21,20,0,[H]C1=C([H])C2([H])C([H])([H])N([H])C([H])([H])C1C([H])([H])C2([H])[H]
20,20,1,[H]C1([H])C(=O)C([H])([H])C([H])([H])C2([H])N(C1([H])[H])C2([H])[H]
16,16,1,[H]OC([H])(OC([H])([H])[H])C1(C#N)OC1([H])[H]
19,19,1,[H]C#CC1([H])C([H])([H])C([H])([H])C([H])([H])C1([H])C([H])=O
17,17,1,[H]OC([H])([H])C1([H])OC2([H])C([H])(C#N)OC12[H]
21,20,0,[H]C1([H])OC2C3([H])C([H])([H])C4([H])C([H])([H])C3([H])C2([H])C14[H]
14,13,0,
19,18,0,
14,14,1,[H]OC1([H])OC2([H])C([H])([H])C12C([H])=O
14,14,1,[H]OC1([H])N=C([H])OC(=O)C([H])=C1[H]
14,13,0,[H]N=C1OC([H])=C([H])C(=N[H])C1O[H]
19,19,1,[H]C1=C(C2([H])C([H])([H])C2([H])[H])C([H])([H])C(=O)C1([H])[H]
15,15,1,[H]C#Cc1noc(C#C[H])c1C([H])([H])[H]
21,21,1,[H]C([H])([H])C12OC([H])([H])C1([H])C([H])([H])OC([H])([H])C2([H])[H]
18,18,1,[H]C#CC1(C#C[H])N(C([H])([H])[H])C1([H])C([H])([H])[H]
18,18,1,[H]C([H])([H])C#CC([H])([H])C([H])([H])C#CC([H])([H])[H]
15,15,1,[H]C#CC1([H])OC(=N[H])N=C([H])C1([H])[H]
15,15,1,[H]C(=O)OC1(C([H])=O)C([H])([H])OC1([H])[H]
20,20,1,[H]C1=C([H])C2([H])C([H])([H])C3([H])C([H])(C1([H])N([H])[H])C23[H]
13,13,1,[H]OC(=O)C(=O)N(C#N)C([H])([H])[H]
19,19,1,[H]OC1(O[H])C([H])([H])OC2([H])C([H])([H])C21C([H])([H])[H]
19,19,1,[H]C(=O)C1([H])OC([H])([H])C1([H])OC([H])([H])C([H])([H])[H]
18,18,1,[H]C1([H])N2C([H])([H])C1([H])C21C2([H])OC1([H])C2([H])[H]
14,13,0,[H]C1([H])OC(=O)C1([H])C([H])([H])C(=O)O
25,25,1,[H]N1C([H])([H])C([H])([H])C([H])(N([H])C([H])([H])[H])C1([H])C([H])([H])C([H])([H])[H]
21,21,1,[H]OC([H])([H])C([H])([H])C([H])([H])C([H])(O[H])C([H])([H])C([H])=O
19,19,1,[H]C1=C(C([H])([H])[H])C(=O)N([H])C([H])([H])N1C([H])([H])[H]
15,15,1,[H]C([H])([H])c1nnnc(=O)n1C([H])([H])[H]
23,23,1,[H]C1=C(C([H])([H])[H])C([H])([H])OC([H])([H])C1([H])C([H])([H])C([H])([H])[H]
12,10,0,[H]C([H])([H])C1=C(C#N)N(F)NN1
23,23,1,[H]C([H])([H])C1([H])OC([H])(C2(C([H])([H])[H])C([H])([H])C2([H])[H])C1([H])[H]
18,17,0,[H]C1=NC([H])([H])C2([H])C([H])C3([H])N([H])C3([H])C12[H]
16,16,1,[H]N=C1C2([H])C(=O)C3(C([H])([H])[H])C1([H])C23[H]
18,18,1,[H]OC([H])([H])C1([H])N([H])C([H])([H])C1(C#N)N([H])[H]
18,17,0,[H]C#CC([H])(C#N)OC([H])([H])C([H])([H])OC([H])[H]
18,18,1,[H]C([H])([H])C12N3C4([H])C([H])([H])C1([H])OC4([H])C32[H]
17,17,1,[H]C#CC1=C([H])C2(C([H])([H])[H])OC1([H])C2([H])[H]
14,14,1,[H]C#CC([H])(O[H])c1nn([H])nc1[H]
18,18,1,[H]C#CC([H])(N([H])C(=O)C([H])([H])[H])C([H])([H])O[H]
14,14,1,[H]OC([H])([H])c1nnc(C([H])([H])[H])o1
18,18,1,[H]OC1([H])OC([H])(C([H])([H])C([H])([H])[H])C1([H])O[H]
18,18,1,[H]OC1([H])C([H])([H])C1([H])C1([H])N(C([H])=O)C1([H])[H]
18,18,1,[H]C([H])([H])C12C([H])([H])C1([H])C1([H])OC2([H])C1([H])[H]
15,15,1,[H]OC12C([H])([H])C([H])([H])C1(O[H])C2([H])[H]
18,18,1,[H]C([H])([H])C1([H])N2C3([H])C(=O)C1([H])C2([H])C3([H])[H]
19,19,1,[H]C#CC([H])([H])N([H])C(=N[H])C([H])([H])OC([H])([H])[H]
16,16,1,[H]OC([H])([H])C(=O)C#CC([H])([H])C([H])([H])[H]
11,11,1,[H]Oc1oc(C#N)c([H])c1[H]
14,14,1,[H]ON=C1C([H])([H])C2([H])OC12C([H])=O
21,20,0,[H]C#CC(=C(C([H])([H])[H])C([H])([H])N[H])C([H])([H])C([H])([H])[H]
21,21,1,[H]C([H])([H])C12C([H])([H])C3([H])C([H])([H])C1([H])C1([H])C3([H])C12[H]
21,21,1,[H]C([H])([H])C(=O)C#CC([H])(C([H])([H])[H])C([H])([H])C([H])([H])[H]
17,17,1,[H]C#CC12C([H])([H])OC1([H])OC([H])([H])C2([H])[H]
19,19,1,[H]N1C2([H])C([H])([H])N(C(=O)C([H])([H])[H])C12C([H])([H])[H]
15,15,1,[H]C([H])([H])C1([H])OC([H])(C#N)C1([H])C#N
23,23,1,[H]OC([H])([H])C([H])([H])C1(O[H])C([H])([H])C([H])([H])C([H])([H])C1([H])[H]
19,19,1,[H]N([H])C1(C([H])([H])[H])C(=O)C2(N1[H])C([H])([H])C2([H])[H]
12,12,1,[H]C(=O)c1c([H])nn([H])c1C#N
19,19,1,[H]c1oc(C([H])([H])[H])nc1C([H])([H])N([H])C([H])([H])[H]
12,12,1,[H]C1([H])C2([H])OC3([H])C1([H])C23[H]
20,20,1,[H]OC1([H])C([H])([H])C2(C([H])([H])[H])C([H])([H])C12C([H])([H])[H]
19,19,1,[H]C1([H])OC2([H])C([H])(OC3([H])C([H])([H])C32[H])C1([H])[H]
21,21,1,[H]C([H])([H])OC12C([H])([H])C3([H])C1([H])C3(C([H])([H])[H])C2([H])[H]
18,18,1,[H]N=C1OC2([H])C([H])(C([H])=C1[H])C2([H])C([H])([H])[H]
19,17,0,[H]C1=C(N([H])C([H])(C([H])([H])[H])C([H])([H])[H])NNN1[H]
19,19,1,[H]C(=O)N1C([H])([H])C([H])([H])C([H])([H])C1([H])C([H])([H])[H]
18,18,1,[H]OC(=O)C1=C([H])C([H])(C([H])([H])[H])N([H])C1([H])[H]
18,17,0,
18,18,1,[H]OC([H])([H])C1(C([H])([H])[H])N([H])C1([H])C([H])([H])[H]
16,16,1,[H]C1=C(N([H])C([H])([H])[H])OC([H])([H])C(=O)O1
17,17,1,[H]N=C1OC2([H])OC(C([H])([H])[H])(N1[H])C2([H])[H]
14,11,0,[H]C1=NC(=O)C([H])NNN1C([H])([H])[H]
18,14,0,[H]OC1C([H])C(C([H])([H])[H])=C([H])C(N([H])[H])C1[H]
15,15,1,[H]N1C(=O)C([H])(C(=O)C([H])([H])[H])C1([H])[H]
20,20,1,[H]OC1([H])N(C([H])([H])[H])C1([H])C(=O)C([H])([H])C([H])([H])[H]
19,19,1,[H]N(C(=O)C([H])([H])[H])C([H])([H])OC([H])([H])C([H])([H])[H]
18,18,1,[H]N([H])C(=O)C12C([H])([H])C3([H])C1([H])C([H])([H])C32[H]
24,24,1,[H]N(C([H])([H])[H])C([H])(C(=O)C([H])([H])C([H])([H])[H])C([H])([H])C([H])([H])[H]
23,23,1,[H]N1C2([H])C([H])([H])N(C([H])([H])[H])C12C([H])([H])C([H])([H])C([H])([H])[H]
18,18,1,[H]C([H])([H])C1([H])N=C2C3([H])OC1([H])C([H])([H])C23[H]
16,16,1,[H]C(=O)N=C(C([H])([H])[H])C1([H])N([H])C1([H])[H]
14,14,1,[H]N=C1OC(C#N)(C([H])([H])[H])C1([H])[H]
17,16,0,[H]OC1([H])C2(O[H])C([H])N3C([H])(C2([H])[H])C31[H]
19,18,0,[H]C(=O)C1N([H])C([H])([H])C12C([H])([H])C2([H])C([H])([H])[H]
16,16,1,[H]Oc1nc2c(o1)C([H])([H])C([H])([H])C2([H])[H]
22,22,1,[H]C([H])([H])OC1([H])C([H])([H])C([H])([H])C([H])([H])N2C([H])([H])C21[H]
22,22,1,[H]C([H])([H])C1(N2C([H])([H])C2([H])[H])C([H])([H])C12C([H])([H])C2([H])[H]
16,16,1,[H]Oc1c(C([H])([H])[H])c([H])n(C([H])=O)c1[H]
18,18,1,[H]OC12C([H])([H])N=C(C([H])([H])[H])OC1([H])C2([H])[H]
19,19,1,[H]C(=O)C1=C(C([H])([H])[H])C2([H])C([H])([H])C2([H])C1([H])[H]
20,20,1,[H]C#CC([H])([H])C1([H])C([H])([H])C([H])([H])C1([H])C([H])([H])[H]
14,14,1,[H]C1=C([H])C2([H])C([H])([H])C1([H])C2([H])[H]
15,15,1,[H]OC1([H])N(C([H])=O)C([H])(C#N)C1([H])[H]
15,15,1,[H]N=C(C#CC([H])=O)N1C([H])([H])C1([H])[H]
19,19,1,[H]C([H])([H])C([H])([H])C(=O)OC1(C([H])([H])[H])OC1([H])[H]
17,17,1,[H]C1=NC2([H])C([H])(C(=O)C([H])([H])[H])C2([H])N1[H]
12,12,1,[H]C#CC12C(=O)OC1([H])C2([H])[H]
18,18,1,[H]N=C([H])C(=N[H])C1([H])C([H])([H])C2([H])N([H])C12[H]
20,20,1,[H]N1C([H])([H])C1([H])C([H])([H])C1([H])C(=O)C([H])([H])C1([H])[H]
17,17,1,[H]N=C1C([H])(O[H])C([H])([H])C1([H])OC([H])([H])[H]
18,18,1,[H]OC([H])([H])C12N([H])C([H])([H])C1([H])C2([H])C([H])=O
16,14,0,
21,21,1,[H]OC1([H])C2([H])C([H])(C([H])([H])[H])C([H])([H])C12OC([H])([H])[H]
19,19,1,[H]OC([H])([H])C(=O)C1(C([H])([H])C([H])([H])[H])OC1([H])[H]
20,20,1,[H]OC1([H])C([H])([H])C([H])([H])C2([H])C([H])([H])C12C([H])([H])[H]
17,17,1,[H]OC1([H])C(=O)C(O[H])(C([H])([H])[H])C([H])=C1[H]
13,11,0,
19,19,1,[H]C1([H])OC2([H])C3([H])N1C2([H])C31C([H])([H])OC1([H])[H]
16,16,1,[H]OC([H])([H])c1c(OC([H])([H])[H])nnn1[H]
15,14,0,[H]C1=NC([H])C2(O1)C(=O)C([H])([H])C2([H])[H]
17,17,1,[H]N=C(C(=O)N([H])C([H])([H])[H])N([H])C([H])([H])[H]
21,21,1,[H]OC1([H])C([H])([H])OC([H])=C([H])C([H])(C([H])([H])[H])C1([H])[H]
15,15,1,[H]N([H])C(=O)C12N3C(=O)C1([H])C([H])([H])N32
16,16,1,[H]N=C1N([H])C2(O[H])C3([H])N([H])C2([H])C13[H]
13,11,0,
18,14,0,
20,20,1,[H]C([H])([H])C([H])([H])C12C([H])([H])N3C([H])([H])C1([H])OC32[H]
23,23,1,[H]OC1([H])C([H])([H])C1(C([H])([H])OC([H])([H])[H])C([H])([H])C([H])([H])[H]
15,15,1,[H]N=C(C#N)C1([H])OC([H])(O[H])C1([H])[H]
18,18,1,[H]C#CC1(C([H])([H])O[H])C([H])([H])C([H])([H])C1([H])[H]
17,17,1,[H]C#CC1([H])C([H])([H])N(C([H])([H])C#N)C1([H])[H]
13,9,0,[H]C1=NC2C(=C([H])C([H])NC2[H])O1
22,22,1,[H]C(=O)N(C([H])([H])C([H])([H])[H])C1(C([H])([H])[H])C([H])([H])C1([H])[H]
15,15,1,[H]Oc1c(C([H])([H])[H])nc(=O)n([H])c1[H]
20,20,1,[H]OC1([H])N(C([H])([H])[H])C2([H])C([H])([H])C([H])=C([H])C12[H]
15,15,1,[H]C([H])([H])C1=NC2([H])C3([H])OC3([H])C12[H]
17,17,1,[H]C#CC1(C([H])([H])C([H])=O)C(=N[H])OC1([H])[H]
21,20,0,[H]C1=C([H])C([H])([H])C([H])([H])N2C1C([H])([H])C([H])([H])C2([H])[H]
21,21,1,[H]OC12C([H])([H])C1([H])N1C([H])(C([H])([H])OC([H])([H])[H])C12[H]
18,18,1,[H]N=C1OC([H])([H])C([H])(C([H])([H])[H])N1C([H])([H])[H]
21,21,1,[H]ON=C(C1([H])N([H])C1([H])[H])C([H])(C([H])([H])[H])C([H])([H])[H]
18,18,1,[H]C#CC1([H])N([H])C([H])(O[H])C1([H])OC([H])([H])[H]
15,14,0,[H]N(c1n[nH]n([H])c1=O)C1([H])OC1([H])[H]
14,14,1,[H]C#Cc1c([H])c([H])nc(=N[H])n1[H]
18,18,1,[H]ON=C1C(=O)C([H])([H])C([H])([H])C([H])([H])C1([H])[H]
19,19,1,[H]C([H])([H])C1([H])C([H])([H])C12OC(=O)C([H])([H])C2([H])[H]
13,13,1,[H]OC1([H])C(=O)N([H])C([H])=C1C#N
15,15,1,[H]C1=C([H])C([H])([H])C2(OC2([H])[H])C1([H])[H]
19,19,1,[H]N1C(=O)N([H])C2(C([H])([H])C1([H])[H])C([H])([H])C2([H])[H]
13,12,0,
16,16,1,[H]N=C1N([H])C(=O)C(O[H])(C([H])([H])[H])N1[H]
21,21,1,[H]OC([H])([H])C12N3C4([H])C3([H])C1([H])C2([H])C4([H])C([H])([H])[H]
17,17,1,[H]N1C(=O)C(N([H])[H])(C([H])([H])[H])C2([H])OC12[H]
14,14,1,[H]N1C2([H])OC13C([H])([H])C(=O)OC23[H]
14,12,0,
17,17,1,[H]N=C1N([H])C(=N[H])C([H])(C([H])([H])[H])C1([H])[H]
21,21,1,[H]OC1([H])C([H])([H])C2([H])C([H])([H])C([H])([H])OC([H])([H])C12[H]
21,21,1,[H]C(=O)OC([H])([H])C([H])(C([H])=C([H])[H])C([H])([H])C([H])([H])[H]
20,20,1,[H]N1C(=NC([H])([H])[H])C([H])([H])C1(C([H])([H])[H])C([H])([H])[H]
18,18,1,[H]c1nc(C([H])([H])C([H])([H])C([H])([H])[H])c([H])n1[H]
17,17,1,[H]C#CC([H])([H])C1(O[H])C([H])([H])C1([H])C([H])=O
27,27,1,[H]C([H])([H])C([H])([H])C1([H])C([H])([H])C([H])(C([H])([H])[H])C([H])([H])C1([H])C([H])([H])[H]
19,19,1,[H]C1([H])OC2([H])C([H])(OC1([H])[H])C21C([H])([H])C1([H])[H]
16,16,1,[H]OC1([H])C([H])([H])C2(O[H])C([H])(C#N)C12[H]
20,20,1,[H]C1=C(C([H])([H])[H])C([H])([H])C([H])(C#N)C1([H])C([H])([H])[H]
15,13,0,[H]OC1N=NN([H])C([H])C1=NC([H])([H])[H]
18,18,1,[H]C(=O)C1([H])OC([H])([H])C2([H])N1C2([H])C([H])([H])[H]
18,18,1,[H]C1=NC([H])(C2([H])N([H])C2([H])[H])C([H])=C([H])N1[H]
17,16,0,[H]OC1([H])C([H])([H])C1([H])N=C1C([H])OC1([H])[H]
15,14,0,[H]C1=NC(N=C([H])N([H])[H])C([H])([H])C1=O
19,19,1,[H]C#CC1([H])OC12C([H])([H])N1C([H])([H])C1([H])C2([H])[H]
19,19,1,[H]N([H])C(=O)N1C2([H])C([H])([H])C2([H])C12N([H])C2([H])[H]
17,15,0,
22,22,1,[H]C1=C([H])C([H])([H])C([H])([H])C2(N([H])C2([H])[H])C([H])([H])C1([H])[H]
20,19,0,
17,16,0,
13,13,1,[H]C1([H])C2([H])OC3(C#N)C1([H])C23[H]
23,23,1,[H]C1([H])C(=O)C2([H])C([H])([H])C2([H])N1C([H])([H])C([H])([H])C([H])([H])[H]
19,18,0,[H]OC([H])([H])C(=O)C1N=C([H])N([H])C([H])([H])C1([H])[H]
22,22,1,[H]N([H])C([H])([H])C1(C([H])([H])[H])OC12C([H])([H])C2([H])C([H])([H])[H]
21,21,1,[H]N([H])C([H])([H])C1=NC([H])([H])C([H])(C([H])([H])C([H])([H])[H])O1
20,20,1,[H]N1C2([H])C([H])([H])OC([H])([H])OC1(C([H])([H])[H])C2([H])[H]
19,19,1,[H]OC1([H])C2([H])C3([H])OC1(C([H])([H])[H])C32C([H])([H])[H]
19,19,1,[H]C#CC(=O)C1([H])C([H])([H])C1([H])C([H])([H])C([H])([H])[H]
17,17,1,[H]C1([H])OC1([H])C(=O)C1([H])C([H])([H])OC1([H])[H]
19,19,1,[H]OC1([H])OC2([H])C([H])([H])C2([H])C1(O[H])C([H])([H])[H]
23,23,1,[H]OC([H])(C([H])([H])[H])C1(O[H])C([H])([H])C([H])([H])C([H])([H])C1([H])[H]
23,23,1,[H]C([H])([H])C1([H])OC([H])([H])C2([H])C([H])([H])C([H])([H])C2([H])C1([H])[H]
20,20,1,[H]OC1(C([H])([H])[H])C([H])([H])N=C(C([H])([H])[H])OC1([H])[H]
18,18,1,[H]C([H])([H])N=c1oc(C([H])([H])[H])c(C([H])([H])[H])o1
17,16,0,
23,23,1,[H]C([H])([H])N1C([H])(C([H])([H])[H])C1([H])C([H])([H])C([H])([H])C([H])([H])[H]
23,23,1,[H]OC1(C([H])([H])C([H])([H])[H])OC1(C([H])([H])[H])C([H])([H])C([H])([H])[H]
20,20,1,[H]C1([H])C2([H])C([H])([H])C3([H])C([H])([H])C1([H])C3([H])C2([H])[H]
19,19,1,[H]C(=O)C([H])([H])N(C([H])([H])[H])C([H])(C#N)C([H])([H])[H]
14,14,1,[H]OC1([H])C(=O)C([H])=C([H])OC1([H])[H]
18,15,0,[H]C1=NC([H])C(C([H])([H])[H])C([H])=C([H])C1N([H])[H]
23,23,1,[H]C#CC([H])(C([H])([H])N([H])[H])C([H])([H])C([H])([H])N([H])C([H])([H])[H]
17,17,1,[H]C#CC12C([H])([H])N(C([H])([H])[H])C1([H])C2([H])[H]
21,21,1,[H]C(=O)C1(N([H])C([H])([H])[H])N([H])C([H])(C([H])([H])[H])C1([H])[H]
16,14,0,
18,17,0,[H]C(=O)N([H])C(=NC([H])([H])C([H])([H])[H])C([H])([H])O
13,13,1,[H]N=C1OC([H])(O[H])N([H])C1([H])[H]
20,20,1,[H]C1=NC2([H])C([H])([H])C([H])=C([H])C1([H])C([H])([H])C2([H])[H]
19,19,1,[H]OC([H])([H])C1([H])OC2([H])N3C([H])([H])C3([H])OC21[H]
16,16,1,[H]C1=C([H])C([H])(N([H])[H])C([H])([H])N([H])C1=O
17,17,1,[H]OC([H])([H])C1([H])C(=O)C(=O)C([H])([H])C1([H])[H]
14,14,1,[H]N=C1OC(=O)C([H])([H])C(=N[H])N1[H]
21,21,1,[H]N1C([H])([H])C([H])([H])C1(C([H])([H])[H])C([H])(C#N)C([H])([H])[H]
17,17,1,[H]C([H])=C([H])C1([H])OC1([H])N([H])C(=O)N([H])[H]
19,19,1,[H]C#CC([H])([H])C(=O)C1(C([H])([H])[H])C([H])([H])C1([H])[H]
20,20,1,[H]OC1(C([H])([H])[H])C([H])([H])C2([H])C3([H])N([H])C1([H])C32[H]
16,16,1,[H]OC([H])([H])C1([H])N([H])C2([H])N([H])C21C#N
18,18,1,[H]C1=NC([H])([H])C2=C1C([H])([H])C(C([H])([H])[H])=C2[H]
20,20,1,[H]OC12C([H])([H])C3([H])N(C([H])([H])[H])C1([H])C3([H])C2([H])[H]
20,20,1,[H]C1=C([H])C([H])([H])C([H])([H])OC([H])([H])C2([H])N1C2([H])[H]
19,19,1,[H]C(=O)C(=NC([H])([H])[H])C(=NC([H])([H])[H])C([H])([H])[H]
18,18,1,[H]OC1([H])C([H])([H])C1([H])C1(O[H])C([H])([H])C1([H])[H]
19,18,0,[H]C(OC([H])([H])[H])C([H])([H])C1(C([H])([H])[H])OC1([H])[H]
16,16,1,[H]C(=O)C12N([H])C3([H])C1([H])C1([H])C3([H])C21[H]
21,21,1,[H]C(=O)C12C([H])([H])C([H])([H])C([H])(C([H])([H])[H])C1([H])C2([H])[H]
15,15,1,[H]c1onc(C([H])([H])[H])c1C([H])([H])C#N
20,19,0,[H]C([H])([H])N1C([H])([H])C2N3C([H])(C2([H])[H])C3([H])C1([H])[H]
19,19,1,[H]C#CC(O[H])(N([H])[H])C1(C([H])([H])[H])N([H])C1([H])[H]
20,20,1,[H]C#CC1([H])N(C([H])([H])[H])C1([H])C([H])(O[H])C([H])([H])[H]
21,21,1,[H]C(=O)C([H])(C([H])([H])[H])C([H])(C#CC([H])([H])[H])C([H])([H])[H]
12,12,1,[H]C([H])([H])c1noc(=O)c(=O)o1
17,17,1,[H]c1nc(C([H])([H])[H])n([H])c1C1([H])OC1([H])[H]
16,16,1,[H]C1=NC([H])([H])C2([H])C(=O)C([H])([H])C2=C1[H]
17,17,1,[H]C(=O)c1c(C([H])([H])N([H])[H])c([H])n([H])c1[H]
18,18,1,[H]N([H])C1([H])C([H])([H])C([H])([H])C([H])([H])C1([H])C#N
23,23,1,[H]C([H])([H])C([H])([H])C(=O)N1C([H])([H])C12C([H])([H])C2([H])C([H])([H])[H]
22,22,1,[H]OC1([H])C([H])(OC([H])([H])[H])C12C([H])([H])OC([H])([H])C2([H])[H]
18,18,1,[H]C([H])([H])C1([H])C2([H])C3([H])C([H])([H])C1(C#N)C32[H]
12,12,1,[H]OC1([H])C2([H])C(=O)N([H])C12[H]
19,19,1,[H]OC1([H])C2([H])C([H])([H])C([H])([H])C3([H])C1([H])C23O[H]
21,21,1,[H]OC([H])([H])C([H])([H])C([H])([H])C#CC([H])(O[H])C([H])([H])[H]
16,16,1,[H]C#CC([H])=C1C([H])=C([H])N2C([H])([H])C12[H]
17,17,1,[H]c1nc(C2([H])C([H])([H])C2([H])C([H])([H])[H])no1
19,19,1,[H]OC1([H])C([H])([H])C2([H])C(=O)C1([H])C2([H])C([H])([H])[H]
15,15,1,[H]C([H])(C#N)C12C([H])([H])OC1([H])C2([H])[H]
20,20,1,[H]C([H])([H])N1C(=O)C([H])([H])C([H])([H])OC([H])([H])C1([H])[H]
15,15,1,[H]C#CC1(N([H])[H])N2C(=O)C([H])([H])C21[H]
18,18,1,[H]c1nc(OC([H])([H])C([H])([H])[H])oc1C([H])([H])[H]
17,17,1,[H]N1N=C2C([H])([H])C(=O)C([H])([H])C2([H])C1([H])[H]
14,14,1,[H]OC1=C([H])OC([H])([H])N=C([H])C1=O
18,18,1,[H]OC([H])([H])C12C([H])([H])C1([H])OC1([H])N([H])C12[H]
20,20,1,[H]C(C#COC([H])(C([H])([H])[H])C([H])([H])[H])=NC([H])([H])[H]
17,17,1,[H]C([H])([H])OC([H])([H])C([H])([H])C([H])(C#N)C#N
13,9,0,
17,17,1,[H]C#CC1(C([H])=O)C2([H])C([H])([H])C1([H])C2([H])[H]
17,17,1,[H]Oc1nn([H])c(=NC([H])([H])[H])n1C([H])([H])[H]
19,19,1,[H]C#CC1([H])C([H])([H])C1(C([H])=O)C([H])([H])C([H])([H])[H]
16,16,1,[H]C(=O)N([H])c1nn([H])c([H])c1C([H])([H])[H]
17,17,1,[H]OC12C(=NC([H])([H])[H])OC1(N([H])[H])C2([H])[H]
18,18,1,[H]C1([H])C([H])([H])C12C([H])([H])C1([H])C([H])(C#N)C12[H]
15,15,1,[H]ON=C1C([H])([H])C([H])([H])C1(O[H])O[H]
17,17,1,[H]N=C1N([H])C2([H])OC([H])([H])C3([H])C1([H])C23[H]
21,21,1,[H]C([H])([H])C(=O)C(=NC1([H])OC([H])([H])C1([H])[H])C([H])([H])[H]
21,21,1,[H]OC([H])([H])C1=C([H])C([H])([H])C2([H])C([H])([H])C12C([H])([H])[H]
21,20,0,[H]N1C(=O)C2([H])C([H])([H])C([H])(C1([H])[H])C2([H])[H]
20,20,1,[H]C1=C(C([H])([H])[H])C2([H])N([H])C2([H])C1=C([H])C([H])([H])[H]
17,16,0,[H]OC12C(N([H])[H])C([H])(C1([H])[H])C1([H])OC12[H]
19,19,1,[H]N1C([H])([H])C([H])(C([H])([H])[H])OC2([H])C([H])([H])C12[H]
21,21,1,[H]C(=O)C1=C(C([H])([H])[H])C([H])([H])C([H])([H])C([H])([H])C1([H])[H]
22,21,0,[H]C1C2([H])OC([H])([H])C1([H])C([H])([H])C2([H])C([H])([H])C([H])([H])[H]
19,19,1,[H]C([H])([H])C#CC12C([H])([H])C([H])([H])OC1([H])C2([H])[H]
15,15,1,[H]N=C([H])OC(=O)OC([H])([H])C([H])([H])[H]
14,13,0,[H]C([H])([H])OC12C(=O)C3([H])NN1C32[H]
15,11,0,[H]C([H])([H])C1=NONC1O
19,19,1,[H]OC1(C([H])=O)C([H])([H])OC([H])(C([H])([H])[H])C1([H])[H]
17,17,1,[H]c1oc(C([H])([H])[H])c(C#CC([H])([H])[H])c1[H]
17,16,0,
16,16,1,[H]OC1([H])C([H])([H])C([H])([H])C1([H])C([H])([H])[H]
16,16,1,[H]C(=O)N1C(=O)C([H])=C(C([H])([H])[H])C1([H])[H]
18,18,1,[H]N=C(N(C([H])=O)C1([H])N([H])C1([H])[H])C([H])([H])[H]
19,19,1,[H]N=C([H])C1([H])C([H])([H])C2([H])C([H])([H])C12C([H])([H])[H]
17,17,1,[H]C1([H])OC([H])(C#N)C([H])([H])C([H])([H])C1([H])[H]
16,16,1,[H]C1([H])OC2([H])C1([H])OC21C([H])([H])C1([H])[H]
17,17,1,[H]C(=O)C1(C([H])([H])[H])C([H])=C([H])C(=O)C1([H])[H]
15,15,1,[H]C([H])([H])C1=NC([H])([H])C(C([H])([H])[H])=N1
16,16,1,[H]N=C1OC([H])([H])C([H])([H])C2([H])N([H])C12[H]
17,15,0,
16,16,1,[H]C1=C([H])C2(C#N)OC1([H])C2([H])C([H])([H])[H]
24,24,1,[H]N1C([H])(C([H])([H])C([H])([H])[H])C2([H])C1([H])C2([H])C([H])([H])C([H])([H])[H]
16,16,1,[H]OC1([H])N=C(C([H])=O)C([H])=C1C([H])([H])[H]
23,23,1,[H]C1([H])C([H])([H])C2([H])C([H])([H])C3([H])C([H])([H])C([H])([H])C23C1([H])[H]
19,15,0,
21,21,1,[H]C([H])([H])C1([H])C2([H])C([H])([H])C3([H])OC3([H])C12C([H])([H])[H]
18,15,0,
19,19,1,[H]C(=O)C1(C(=O)N([H])[H])N([H])C1([H])N([H])C([H])([H])[H]
18,18,1,[H]OC1(C([H])([H])[H])C2([H])N3C([H])([H])C1(C#N)C32[H]
18,17,0,[H]C1=NC([H])(C#CC([H])([H])[H])N(C([H])([H])[H])C1[H]
17,17,1,[H]C(=O)C12N=C(C([H])([H])[H])N([H])C1([H])C2([H])[H]
16,16,1,[H]N([H])c1onc2c1C([H])([H])C([H])([H])N2[H]
16,16,1,[H]C([H])([H])N=C1C([H])([H])C(=O)C(=O)C1([H])[H]
14,14,1,[H]N=C(C([H])=O)C(=O)C(=O)C([H])([H])[H]
22,21,0,[H]OC1([H])C([H])=C([H])C2([H])C([H])C1(C([H])([H])[H])N([H])C2([H])[H]
13,13,1,[H]C1=NC([H])([H])OC2([H])N([H])C12[H]
19,19,1,[H]C([H])([H])C12C(=O)C3(C([H])([H])C3([H])[H])C1([H])C2([H])[H]
17,17,1,[H]c1c(N([H])[H])c(N2C([H])([H])C2([H])[H])nn1[H]
19,19,1,[H]C([H])([H])C(=O)C12OC(C([H])([H])[H])(C1([H])[H])C2([H])[H]
21,21,1,[H]OC12C([H])([H])C([H])([H])C13C([H])([H])C2(C([H])([H])[H])C3([H])[H]
17,16,0,[H]C([H])([H])C1([H])C(O)(F)OC12C([H])([H])C2([H])[H]
18,18,1,[H]OC(C#N)(C#N)C([H])(OC([H])([H])[H])C([H])([H])[H]
18,18,1,[H]N=C1C([H])([H])N2C([H])([H])C([H])([H])C12C([H])([H])[H]
18,18,1,[H]N=C1C([H])([H])C2([H])C1([H])C2([H])C1([H])OC1([H])[H]
17,17,1,[H]N(C(=O)C([H])([H])[H])C1(C#N)C([H])([H])C1([H])[H]
19,19,1,[H]OC1(C([H])([H])[H])C([H])([H])C2([H])C(=O)C2([H])C1([H])[H]
23,23,1,[H]C([H])([H])OC([H])([H])C([H])([H])OC1(C([H])([H])[H])C([H])([H])C1([H])[H]
12,12,1,[H]C#CC1([H])C(=N[H])OC1([H])[H]
18,18,1,[H]OC1([H])C2([H])C3([H])C([H])([H])C1(C([H])([H])[H])C32[H]
21,21,1,[H]OC([H])([H])OC1([H])C([H])=C([H])C([H])([H])C1([H])C([H])([H])[H]
20,20,1,[H]C#CC([H])(C([H])([H])[H])C([H])(C#N)C([H])([H])C([H])([H])[H]
19,19,1,[H]N1C2([H])C([H])([H])C([H])(C3([H])C([H])([H])C3([H])[H])C12[H]
16,16,1,[H]c1c(N([H])[H])oc(C([H])([H])[H])c([H])c1=O
20,20,1,[H]N1C(C([H])([H])[H])=NC([H])(C([H])([H])[H])C([H])([H])C1([H])[H]
16,14,0,
21,20,0,
11,11,1,[H]c1oc(=O)c([H])c(F)c1[H]
17,14,0,
20,20,1,[H]OC([H])([H])C(O[H])(N([H])[H])C([H])(C([H])=O)C([H])([H])[H]
20,20,1,[H]N1C2([H])C3([H])C4([H])C2([H])C1(C([H])([H])C([H])([H])[H])C34[H]
19,19,1,[H]C(=O)C([H])(C([H])([H])[H])C1([H])N([H])C([H])([H])C1([H])[H]
14,14,1,[H]N=C1OC2([H])C([H])([H])C([H])([H])C12[H]
14,14,1,[H]C(=O)C1([H])C([H])([H])C([H])([H])C1([H])[H]
18,18,1,[H]OC([H])([H])C1=C([H])C2([H])C([H])([H])C2([H])C1([H])[H]
20,20,1,[H]C1=C([H])C(C#CC([H])([H])[H])(C([H])([H])[H])C([H])([H])N1[H]
21,21,1,[H]N1C2([H])C([H])([H])OC([H])(C3([H])OC3([H])[H])C([H])([H])C12[H]
20,20,1,[H]OC1([H])OC([H])(C([H])([H])N([H])[H])C([H])([H])C1([H])O[H]
18,18,1,[H]C(=O)C1=NC([H])([H])C2(C([H])([H])[H])C([H])([H])C12[H]
16,16,1,[H]N([H])C12OC3([H])OC1([H])C2([H])OC3([H])[H]
20,20,1,[H]C([H])([H])C1(C([H])([H])[H])N2C3([H])OC([H])([H])C1([H])C23[H]
16,15,0,[H]C1OC([H])(C(=O)C2([H])OC2([H])[H])C1([H])[H]
16,15,0,[H]OC12C3OC1([H])C1([H])C([H])(C3([H])[H])C21[H]
17,17,1,[H]C(=O)N([H])C([H])([H])C([H])([H])C([H])([H])C([H])=O
25,25,1,[H]C([H])([H])C1([H])C([H])([H])C([H])([H])C2(C1([H])[H])C([H])([H])C2([H])C([H])([H])[H]
16,16,1,[H]c1c(F)c([H])c(=NC([H])([H])[H])n([H])c1[H]
22,22,1,[H]OC1([H])C([H])([H])C([H])([H])C([H])([H])C([H])([H])C1([H])C([H])([H])[H]
16,15,0,[H]C([H])OC1(C#N)C([H])([H])C1([H])C([H])([H])[H]
18,18,1,[H]C1=C(C([H])([H])[H])C([H])([H])OC([H])([H])C1([H])C#N
23,23,1,[H]C([H])([H])OC1(C([H])([H])[H])OC(C([H])([H])[H])(C([H])([H])[H])C1([H])[H]
19,19,1,[H]OC1([H])C(N([H])[H])=NC2([H])C([H])([H])C12C([H])([H])[H]
17,17,1,[H]C#CC1=NC([H])(C#C[H])C(C([H])([H])[H])=C1[H]
21,21,1,[H]C([H])([H])C1([H])OC([H])([H])C([H])(C([H])([H])[H])C12OC2([H])[H]
19,19,1,[H]OC1(C2([H])C3([H])OC4([H])C3([H])C42[H])N([H])C1([H])[H]
18,18,1,[H]N1C([H])([H])C1(C([H])([H])[H])C1([H])C([H])([H])C1([H])[H]
15,15,1,[H]C#CC([H])(C#CC([H])([H])[H])C([H])([H])[H]
18,18,1,[H]N=C1OC([H])([H])C(=O)C([H])([H])C([H])([H])C1([H])[H]
13,13,1,[H]C1=C([H])C([H])([H])C(=O)OC1([H])[H]
16,16,1,[H]N=C(C([H])=O)C(=O)C([H])(O[H])C([H])([H])[H]
21,21,1,[H]OC1([H])C([H])([H])C([H])([H])C([H])([H])C1([H])C1([H])OC1([H])[H]
17,16,0,[H]C1=C([H])C2([H])C3([H])C1C1(C([H])([H])[H])N3C21[H]
19,19,1,[H]OC([H])(C([H])=O)C12C([H])([H])C([H])([H])C1([H])C2([H])[H]
21,21,1,[H]C([H])([H])C1([H])C([H])([H])C12C([H])([H])OC1([H])C([H])([H])C12[H]
20,20,1,[H]C#CC([H])([H])C1([H])C([H])([H])C1([H])C([H])([H])C([H])([H])[H]
14,14,1,[H]C(=O)n1c(C([H])([H])[H])nc([H])c1[H]
11,9,0,[H]C1=C([H])C([H])C(F)C(F)=N1
18,18,1,[H]C(=O)N([H])C([H])(C(=O)OC([H])([H])[H])C([H])([H])[H]
21,21,1,[H]C1=C([H])C2(C([H])([H])[H])OC([H])([H])C2([H])C([H])([H])C1([H])[H]
23,23,1,[H]N1C([H])([H])C([H])([H])OC([H])([H])C([H])(N([H])[H])C1([H])C([H])([H])[H]
12,9,0,[H]OC1C(=O)N([H])C([H])C1O[H]
14,12,0,[H]N=C([H])C(=O)C1C([H])C([H])=NN1[H]
13,13,1,[H]Oc1noc2c([H])c([H])n([H])c12
19,19,1,[H]OC([H])([H])C12C3([H])N=C([H])OC1([H])C2([H])C3([H])[H]
19,19,1,[H]OC1([H])N(C([H])(C#N)C([H])([H])[H])C([H])([H])C1([H])[H]
20,20,1,[H]C(=O)C12N([H])C1(C([H])([H])[H])C([H])(C([H])([H])[H])C2([H])[H]
17,17,1,[H]C#CC1(C([H])([H])[H])C(=O)C([H])([H])C1([H])O[H]
11,8,0,[H]N([H])C(C(=O)O)C(=O)N=N
19,19,1,[H]N=C1ON([H])C([H])(C([H])([H])[H])C1(O[H])C([H])([H])[H]
18,17,0,[H]OC1C([H])([H])OC1([H])C1([H])N([H])C1([H])N([H])[H]
18,18,1,[H]C(=O)OC([H])([H])C([H])(C(=O)N([H])[H])C([H])([H])[H]
17,17,1,[H]C(=O)OC1([H])N=C([H])N([H])C1([H])C([H])([H])[H]
15,15,1,[H]N=C([H])Oc1c(O[H])c([H])c([H])n1[H]
19,19,1,[H]C([H])([H])C12C3([H])OC1([H])C2([H])C([H])([H])OC3([H])[H]
19,19,1,[H]N=C1N([H])C([H])([H])C([H])(C([H])([H])[H])C12OC2([H])[H]
17,16,0,[H]NC([H])([H])N1C2([H])N=C([H])C([H])([H])OC12[H]
19,19,1,[H]C1=C([H])C2([H])C3([H])OC2([H])C3(C([H])([H])[H])C1([H])[H]
21,21,1,[H]C#CC([H])([H])C1([H])C([H])([H])C([H])=C([H])C1([H])C([H])([H])[H]
17,17,1,[H]N([H])C(N([H])[H])(C([H])([H])[H])C([H])(C#N)C#N
19,19,1,[H]N1C(=O)C([H])([H])C([H])([H])C1([H])C([H])([H])C([H])([H])[H]
19,19,1,[H]C#CC([H])([H])N1C(=O)C([H])(N([H])[H])N([H])C1([H])[H]
17,17,1,[H]C(=O)N([H])c1c([H])c(C([H])([H])[H])c([H])n1[H]
16,12,0,
17,16,0,
19,19,1,[H]OC1([H])C(=NC([H])([H])[H])OC([H])([H])C1([H])N([H])[H]
17,17,1,[H]N1C(=NC([H])([H])[H])OC(=O)C([H])([H])C1([H])[H]
16,15,0,[H]C1([H])OC2([H])C(C1=O)C([H])([H])OC2([H])[H]
21,21,1,[H]OC([H])([H])C([H])(OC([H])=O)C([H])([H])C([H])([H])C([H])([H])[H]
12,11,0,
19,18,0,[H]N1C(C(=O)C([H])([H])[H])C2(C1([H])[H])C([H])([H])C2([H])[H]
19,18,0,
18,18,1,[H]OC([H])([H])C([H])(C#CC([H])=O)N([H])C([H])([H])[H]
17,16,0,
18,18,1,[H]C(=O)C([H])(C([H])([H])[H])C([H])([H])C1([H])OC1([H])[H]
23,20,0,[H]OC([H])N(C([H])([H])[H])C([H])([H])C([H])(O[H])C([H])([H])O[H]
14,14,1,[H]C1([H])C2([H])OC(=O)C3([H])C1([H])C23[H]
21,21,1,[H]C1=C2C([H])([H])C([H])([H])C3(C([H])([H])[H])C1([H])C3([H])C2([H])[H]
22,22,1,[H]N1C([H])([H])C2(C3([H])OC([H])([H])C3([H])[H])N([H])C1([H])C2([H])[H]
21,21,1,[H]N1C([H])([H])C2(C([H])([H])[H])N(C2([H])[H])C12C([H])([H])C2([H])[H]
16,16,1,[H]ON=C(C([H])=O)C([H])([H])N([H])C([H])([H])[H]
19,19,1,[H]OC([H])([H])C1(C(=O)C([H])([H])C([H])([H])[H])OC1([H])[H]
19,19,1,[H]C#CC(=O)OC([H])([H])C([H])([H])C([H])([H])C([H])([H])[H]
17,17,1,[H]C(=O)N([H])C(=O)C([H])([H])C1([H])N([H])C1([H])[H]
16,16,1,[H]C1=C([H])C2([H])OC2(OC([H])([H])[H])C1([H])[H]
20,20,1,[H]N=C([H])C1([H])C2([H])C([H])([H])C2([H])C1(O[H])C([H])([H])[H]
21,21,1,[H]N=C([H])N1C([H])([H])C1([H])C([H])([H])C([H])([H])OC([H])([H])[H]
16,15,0,[H]C1=NC2C([H])([H])C([H])=NC2(C([H])([H])[H])O1
17,17,1,[H]C(=O)C(OC([H])([H])[H])(C([H])([H])[H])C([H])([H])[H]
13,8,0,[H]OC1NC([H])C2C([H])=NN([H])C12
16,16,1,[H]OC12C([H])([H])OC(=O)N([H])C1([H])C2([H])[H]
17,17,1,[H]C#CC1([H])N([H])C2([H])N3C([H])([H])C2([H])C31[H]
11,11,1,[H]C#CC([H])(C#N)C(=O)O[H]
16,16,1,[H]N1C([H])([H])C1([H])C1([H])C([H])([H])C1([H])C#N
19,19,1,[H]C1([H])OC([H])(C([H])([H])[H])C([H])([H])C2([H])N1C2([H])[H]
18,17,0,
16,16,1,[H]C#CC1=C([H])N(C([H])([H])[H])C([H])([H])C1=O
17,17,1,[H]c1nonc1OC([H])([H])C([H])([H])C([H])([H])[H]
20,20,1,[H]OC1([H])C([H])=C([H])C2([H])N1C([H])([H])C([H])([H])C2([H])[H]
17,17,1,[H]C(=O)c1nn(C([H])([H])[H])c([H])c1C([H])([H])[H]
19,19,1,[H]OC([H])([H])C([H])([H])OC([H])([H])C1([H])N([H])C1([H])[H]
22,22,1,[H]C([H])([H])C1(C([H])([H])[H])N2C([H])([H])C3(C([H])([H])[H])C2([H])C13[H]
19,19,1,[H]C(=O)C1([H])C([H])([H])C([H])([H])C12C([H])([H])OC2([H])[H]
17,17,1,[H]N=C1C(=O)C([H])([H])C(C([H])([H])[H])=C1N([H])[H]
22,22,1,[H]N1C2([H])C([H])([H])C1(C([H])([H])[H])C2([H])OC([H])([H])C([H])([H])[H]
21,19,0,
9,9,1,[H]C1([H])C([H])([H])C1([H])[H]
21,17,0,
19,19,1,[H]OC1([H])C([H])([H])C([H])(C([H])=O)C1([H])OC([H])([H])[H]
19,19,1,[H]C1=C(C([H])([H])OC([H])([H])[H])C(=O)C([H])([H])C1([H])[H]
16,16,1,[H]c1nc([H])c([H])c(=O)c([H])c1C([H])([H])[H]
14,14,1,[H]C#CC1([H])OC12OC2([H])C([H])([H])[H]
20,20,1,[H]N=C1C2([H])C3([H])C([H])(C([H])([H])[H])C1(C([H])([H])[H])C23[H]
13,13,1,[H]N=C1OC([H])(O[H])C1(C#N)O[H]
21,21,1,[H]OC1([H])C([H])([H])C(C([H])([H])[H])=C2C([H])([H])C([H])([H])C21[H]
17,17,1,[H]C([H])([H])N1N2C3([H])C(=O)C1([H])C([H])([H])C23[H]
15,12,0,[H]C#CC1C([H])C([H])=C([H])OC1N([H])[H]
21,21,1,[H]C([H])([H])C([H])([H])C1([H])C([H])([H])C2([H])C(=O)C([H])([H])C21[H]
20,20,1,[H]N1C2([H])OC3([H])C1([H])C([H])([H])C3(C([H])([H])[H])C2([H])[H]
17,17,1,[H]N=C1C([H])=C([H])C([H])([H])C12N(O[H])C2([H])[H]
21,21,1,[H]OC1([H])C([H])([H])OC([H])([H])C12C([H])([H])C([H])([H])C2([H])[H]
20,20,1,[H]C(=O)C1([H])C([H])([H])C2([H])N([H])C2([H])C1([H])C([H])([H])[H]
20,20,1,[H]C(=O)C1([H])C2([H])C([H])([H])N(C([H])([H])[H])C12C([H])([H])[H]
17,17,1,[H]N=C([H])N(C(=O)N([H])[H])C([H])=NC([H])([H])[H]
17,17,1,[H]OC1([H])C2(C([H])=O)OC1(C([H])([H])[H])C2([H])[H]
15,11,0,
27,27,1,[H]N([H])C([H])([H])C(C([H])([H])[H])(C([H])([H])[H])C([H])([H])C([H])(N([H])[H])C([H])([H])[H]
19,19,1,[H]C#CC1(C([H])([H])O[H])C([H])([H])C12C([H])([H])C2([H])[H]
19,19,1,[H]OC1([H])C([H])([H])C([H])([H])C2(C([H])=O)C([H])([H])C12[H]
17,17,1,[H]N=C([H])C12N3C([H])([H])C3([H])C1([H])C2([H])O[H]
17,17,1,[H]N1C([H])([H])C12C(=O)N1C([H])([H])C1([H])C2([H])[H]
15,15,1,[H]C1=C([H])C2(C#N)N3C([H])(C1([H])[H])C32[H]
17,17,1,[H]N1C2([H])C3([H])C1([H])C(C#N)(C([H])([H])[H])C23[H]
15,14,0,[H]C1=NC([H])([H])N(C(=O)OC([H])([H])[H])N1
17,17,1,[H]c1nc(C([H])(C([H])([H])[H])C([H])([H])[H])oc1[H]
12,12,1,[H]Oc1oc([H])c2oc([H])nc12
19,18,0,[H]C([H])([H])C#CC([H])([H])OC([H])([H])[H]
20,17,0,[H]C(OC([H])([H])C(=O)C([H])([H])[H])C([H])([H])[H]
19,19,1,[H]C(=O)C([H])([H])C1([H])C2([H])C([H])=C([H])C([H])([H])C21[H]
16,16,1,[H]N(C(=O)C([H])([H])[H])C1([H])OC(=O)C1([H])[H]
19,19,1,[H]ON=C(C([H])([H])[H])C1([H])C([H])([H])OC(=O)C1([H])[H]
22,22,1,[H]OC1([H])C([H])([H])C2([H])N([H])C([H])([H])C([H])([H])C2([H])C1([H])[H]
14,13,0,[H]N=C1ON=C(C([H])([H])[H])C1N([H])[H]
22,22,1,[H]C1=C(C([H])([H])[H])C2([H])N([H])C([H])(C([H])([H])[H])C12C([H])([H])[H]
21,21,1,[H]C([H])([H])OC12C([H])([H])C3([H])C([H])([H])C3(C1([H])[H])C2([H])[H]
19,19,1,[H]N([H])C1([H])C(=O)C([H])([H])C([H])([H])C1([H])C([H])([H])[H]
21,20,0,
16,16,1,[H]C1([H])OC2(C([H])([H])C([H])([H])[H])N1C2([H])[H]
14,14,1,[H]C(=O)C1(C#N)N(C([H])([H])[H])C1([H])[H]
16,16,1,[H]OC1([H])C([H])([H])C2([H])C(=O)C([H])([H])C12[H]
19,19,1,[H]C([H])([H])C1([H])C([H])([H])C2([H])OC1([H])C21OC1([H])[H]
22,22,1,[H]OC([H])(OC([H])([H])N([H])[H])C([H])(C#N)C([H])([H])C([H])([H])[H]
16,14,0,
17,17,1,[H]OC([H])([H])N([H])C(=O)C([H])([H])C([H])([H])C#N
20,20,1,[H]C(=O)C1([H])C([H])([H])C([H])([H])OC([H])([H])C2([H])OC21[H]
19,18,0,[H]C1C([H])([H])C([H])([H])C12OC([H])(C([H])([H])[H])C2([H])[H]
20,20,1,[H]C#CC1(C([H])([H])[H])C([H])([H])C1(C([H])=N[H])C([H])([H])[H]
17,17,1,[H]N([H])C1([H])C(=O)OC([H])([H])C2([H])N([H])C12[H]
16,14,0,[H]C(=NC([H])([H])[H])N1C([H])C(=O)N([H])C1[H]
17,17,1,[H]C#CC1(C(=O)C([H])([H])C([H])([H])[H])OC1([H])[H]
19,18,0,
14,14,1,[H]N=C([H])N1C(=O)C(=O)N([H])C1([H])[H]
14,14,1,[H]Oc1oc(N([H])C([H])([H])[H])nc1[H]
14,14,1,[H]C(=O)c1nc([H])c([H])n1C([H])([H])[H]
16,16,1,[H]C1=Nc2c(c([H])c([H])n2[H])N([H])C1([H])[H]
21,21,1,[H]N([H])C1(N([H])C([H])([H])[H])C([H])([H])C2([H])OC2([H])C1([H])[H]
18,18,1,[H]C#CC1(C([H])([H])[H])C2([H])N=C([H])C([H])([H])C21[H]
22,22,1,[H]OC1([H])N(C([H])([H])[H])C2([H])C([H])([H])C([H])([H])C2([H])C1([H])[H]
18,18,1,[H]C#CC([H])([H])C1([H])C2([H])N3C([H])([H])C1([H])C32[H]
19,19,1,[H]OC([H])(C#N)C1([H])C([H])([H])N([H])C([H])([H])C1([H])[H]
22,19,0,[H]C(=O)C1([H])C([H])(OC([H])[H])C1([H])C([H])([H])C([H])([H])[H]
20,20,1,[H]OC12C([H])([H])C1([H])C1(C([H])([H])C1([H])[H])C2([H])N([H])[H]
20,20,1,[H]C([H])([H])N1C([H])(C2([H])OC2([H])[H])C12C([H])([H])C2([H])[H]
17,17,1,[H]N=C1OC([H])([H])C12C([H])=NC([H])([H])C2([H])[H]
17,14,0,
18,18,1,[H]C1=C(C([H])([H])[H])C([H])([H])C([H])([H])C([H])([H])C1=O
21,21,1,[H]C#CC(OC1([H])C([H])([H])C1([H])[H])(C([H])([H])[H])C([H])([H])[H]
20,20,1,[H]C1=NC2([H])C3([H])C([H])([H])C2([H])C1(C([H])([H])[H])C3([H])[H]
15,14,0,[H]C(=O)N1C([H])=C([H])C2([H])C([H])(O)C12[H]
15,13,0,[H]C1=C2N(NN1)C([H])([H])C1([H])N([H])C21[H]
12,12,1,[H]c1nc(N([H])[H])oc(=O)c1[H]
16,16,1,[H]OC1([H])C(=O)C2([H])C([H])([H])C([H])([H])C12[H]
23,23,1,[H]C([H])([H])OC([H])([H])C1(C([H])([H])[H])OC1(C([H])([H])[H])C([H])([H])[H]
19,19,1,[H]N(C([H])([H])OC(=O)C([H])([H])[H])C([H])([H])C([H])([H])[H]
19,19,1,[H]N([H])C1=NC2(OC2([H])[H])C([H])(C([H])([H])[H])C1([H])[H]
19,19,1,[H]OC1(C([H])([H])[H])C([H])([H])C([H])([H])C1([H])C([H])([H])[H]
19,19,1,[H]OC([H])(C(=O)C([H])([H])OC([H])([H])[H])N([H])C([H])=O
15,13,0,[H]C1=C2C(=C([H])C([H])C1[H])C([H])([H])N2[H]
19,19,1,[H]Oc1nn(C([H])([H])[H])c(C([H])([H])[H])c1C([H])([H])[H]
17,17,1,[H]N1C([H])([H])C2([H])C([H])([H])C1([H])C21OC1([H])[H]
20,20,1,[H]OC([H])([H])C1([H])C([H])([H])C1(C([H])([H])[H])C([H])([H])O[H]
17,17,1,[H]OC12C3([H])OC(=O)C1([H])C2([H])C3([H])N([H])[H]
18,18,1,[H]C#CC([H])(C([H])=O)N([H])C([H])([H])C([H])([H])O[H]
16,15,0,[H]C1=C([H])C([H])([H])C(N([H])[H])=C([H])C1C#N
14,14,1,[H]c1nnc(C([H])([H])[H])c(=O)c([H])n1
23,22,0,[H]N1C(C([H])([H])[H])C2(C([H])([H])C([H])([H])[H])C([H])([H])C([H])([H])C12[H]
18,18,1,[H]N=C1N([H])C([H])([H])C2(C([H])([H])[H])OC12N([H])[H]
19,19,1,[H]OC1([H])C2([H])OC([H])([H])C3(C([H])([H])C3([H])[H])C12[H]
23,22,0,[H]C1=C([H])C([H])([H])C2(C([H])([H])[H])N(C1([H])[H])C2([H])C([H])([H])[H]
23,23,1,[H]OC([H])(N([H])C(=O)C([H])([H])[H])C([H])([H])C([H])([H])OC([H])([H])[H]
19,19,1,[H]N1C([H])([H])C1(C(=O)C([H])([H])[H])C([H])([H])C([H])([H])[H]
20,20,1,[H]N1C([H])([H])C1([H])C1([H])C([H])(N([H])[H])C12N([H])C2([H])[H]
20,20,1,[H]C([H])([H])C12C([H])([H])C3([H])C4([H])N(C1([H])C4([H])[H])C32[H]
15,15,1,[H]C(=O)C([H])([H])OC([H])(C#N)C([H])([H])[H]
23,23,1,[H]C([H])([H])N(C([H])([H])C#N)C([H])(C([H])([H])[H])C([H])([H])C([H])([H])[H]
17,15,0,[H]C1=NN([H])C(N([H])C([H])([H])[H])C1C([H])([H])[H]
21,21,1,[H]C([H])([H])N1C([H])([H])C2(C([H])([H])C([H])([H])[H])C([H])([H])C12[H]
23,23,1,[H]N([H])C1(C([H])([H])[H])C2([H])N(C([H])([H])[H])C1(C([H])([H])[H])C2([H])[H]
21,21,1,[H]N1C([H])([H])C1([H])N1C([H])([H])C2(C([H])([H])[H])C([H])([H])C12[H]
15,15,1,[H]OC([H])(C#N)C([H])(N([H])[H])C([H])([H])[H]
20,20,1,[H]C(=O)C([H])([H])N([H])C([H])([H])C([H])([H])C#CC([H])([H])[H]
15,15,1,[H]C(=O)C([H])([H])C1([H])C([H])([H])OC1([H])[H]
20,20,1,[H]N=C1N([H])C([H])([H])C([H])([H])C2([H])N([H])C12C([H])([H])[H]
12,12,1,[H]Oc1c([H])c([H])n([H])c1C#N
16,16,1,[H]C#CC1([H])C([H])(O[H])C1([H])C([H])([H])C#N
18,18,1,[H]OC1(C([H])([H])[H])C([H])([H])C(=O)C([H])([H])C1([H])[H]
16,13,0,
13,8,0,[H]OC1C([H])=C([H])N2NC([H])NC12
17,17,1,[H]C#CC1(C([H])([H])C([H])=O)C([H])([H])OC1([H])[H]
18,18,1,[H]C#CC1([H])C([H])([H])C([H])(N([H])[H])C1([H])C([H])=O
15,13,0,[H]C1=C2NC([H])(C2([H])C#N)C([H])([H])C1[H]
20,20,1,[H]N=C1OC([H])(N([H])[H])C([H])([H])OC1([H])C([H])([H])O[H]
12,12,1,[H]N=C([H])C([H])(C#N)C([H])=N[H]
19,19,1,[H]N=C1C([H])([H])C1(O[H])C([H])([H])C([H])([H])C([H])([H])[H]
13,11,0,[H]C1OC(=O)C([H])([H])C([H])OC1=O
17,17,1,[H]C1=C(N([H])[H])C2([H])N(C1=O)C([H])([H])C2([H])[H]
19,19,1,[H]C#CC1([H])C([H])=C([H])C([H])(C([H])([H])N([H])[H])N1[H]
17,17,1,[H]C([H])([H])C#CC1([H])C([H])([H])C1([H])C([H])([H])[H]
14,14,1,[H]c1nnc([H])n1C(=O)OC([H])([H])[H]
18,18,1,[H]N1C2([H])C3([H])N(C([H])([H])[H])C2([H])C13C([H])([H])[H]
11,11,1,[H]C#Cc1nnn(C([H])=O)n1
13,13,1,[H]c1nc([H])c([H])c(=O)c([H])c1[H]
14,14,1,[H]N=c1oc(C([H])=O)c([H])c([H])c1[H]
15,15,1,[H]Oc1nn(C([H])([H])[H])c(O[H])c1O[H]
18,18,1,[H]N=C1C([H])([H])C12C([H])([H])OC([H])([H])C2([H])O[H]
17,17,1,[H]C([H])([H])N=C1N(C([H])([H])[H])C(=O)OC1([H])[H]
18,17,0,
18,17,0,[H]OC1([H])C([H])([H])C(=O)OC([H])C1([H])C([H])([H])[H]
17,17,1,[H]N1C2([H])C3([H])C(=O)C([H])(N3C([H])([H])[H])C12[H]
15,12,0,
25,24,0,
19,19,1,[H]OC([H])([H])C1([H])C([H])([H])C12C([H])(O[H])C2([H])O[H]
15,15,1,[H]c1oc(N([H])C([H])([H])C#N)c([H])c1[H]
13,13,1,[H]N=C(C#N)N(C([H])=O)C([H])([H])[H]
16,14,0,[H]C([H])([H])N1C(C#N)C([H])([H])C2([H])NC12[H]
17,17,1,[H]C([H])([H])C([H])(C#N)C1([H])C([H])([H])OC1([H])[H]
17,17,1,[H]C([H])(C#N)C([H])([H])C1=NOC([H])([H])C1([H])[H]
17,17,1,[H]C(=O)C1([H])OC([H])([H])C2([H])N([H])C2([H])N1[H]
16,16,1,[H]N(C([H])([H])[H])C1([H])C([H])([H])OC1([H])C#N
15,15,1,[H]OC([H])(Oc1nc([H])no1)C([H])([H])[H]
11,11,1,[H]Oc1nc([H])n([H])c1C#N
27,26,0,[H]C(C([H])([H])[H])C(N(C([H])([H])[H])C([H])([H])[H])(C([H])([H])[H])C([H])([H])C([H])([H])[H]
20,20,1,[H]C1=NC2([H])C([H])([H])C([H])([H])C2([H])C1([H])OC([H])([H])[H]
15,14,0,[H]C1(O)C2([H])N3C1([H])C3([H])C1([H])OC12[H]
15,15,1,[H]C1([H])OC12C1([H])C3([H])C(=O)C1([H])C32[H]
17,17,1,[H]C#CC(=O)N([H])C([H])(C([H])([H])[H])C([H])([H])[H]
17,17,1,[H]C(=O)C1=NC2([H])N(C([H])([H])C1([H])[H])C2([H])[H]
22,22,1,[H]C([H])([H])N1C2([H])C([H])(C([H])([H])[H])C3(C([H])([H])[H])C1([H])C23[H]
17,16,0,[H]OC1(C([H])([H])C#N)OC([H])([H])C([H])([H])C1[H]
15,15,1,[H]C1=C([H])C([H])([H])N([H])C([H])(C#N)C1=O
19,19,1,[H]C([H])([H])N1C([H])([H])C(=O)C([H])(C([H])([H])[H])C1([H])[H]
18,18,1,[H]C#CC1(O[H])C([H])([H])C2([H])N(C([H])([H])[H])C12[H]
17,17,1,[H]C1=C([H])C([H])(C([H])([H])[H])OC(C([H])([H])[H])=N1
16,16,1,[H]N=C1N([H])C([H])(C#N)OC([H])([H])C1([H])[H]
23,23,1,[H]C([H])([H])C(=O)C1(C([H])([H])[H])C([H])([H])C([H])([H])C1([H])C([H])([H])[H]
21,21,1,[H]C([H])([H])C1([H])C2([H])OC3([H])C([H])(C([H])([H])[H])C1([H])C23[H]
15,14,0,
17,17,1,[H]N1C2([H])C(=O)C3([H])N([H])C2([H])C([H])([H])C13[H]
19,19,1,[H]C1([H])OC([H])([H])C([H])(C2(C([H])([H])[H])OC2([H])[H])O1
18,18,1,[H]N=C([H])OC1([H])C(=O)C1([H])C([H])([H])C([H])([H])[H]
17,15,0,
19,19,1,[H]C([H])([H])C12N3C1([H])N1C([H])([H])C([H])([H])C3([H])C12[H]
21,21,1,[H]OC1([H])C([H])([H])C([H])([H])C([H])([H])C12OC([H])([H])C2([H])[H]
17,17,1,[H]C(=O)C([H])(C(=O)N([H])C([H])([H])[H])C([H])([H])[H]
17,17,1,[H]OC1([H])OC(=O)C2([H])C([H])([H])C2([H])C1([H])[H]
20,20,1,[H]C([H])([H])C1([H])N2C([H])([H])C3(C([H])([H])[H])OC3([H])C21[H]
20,20,1,[H]N=C([H])C([H])([H])OC([H])(O[H])C([H])([H])OC([H])([H])[H]
16,16,1,[H]C#CC12C(=C([H])[H])C3([H])C([H])([H])N1C23[H]
15,15,1,[H]C#CC1([H])N([H])C([H])([H])C2([H])OC12[H]
15,15,1,[H]N([H])C([H])(C#N)C([H])([H])OC([H])([H])[H]
21,20,0,
19,19,1,[H]C1=C(C2([H])C([H])([H])C2([H])[H])C(=O)C([H])([H])C1([H])[H]
18,18,1,[H]C(=O)C([H])(C([H])=O)N([H])C1([H])C([H])([H])C1([H])[H]
14,14,1,[H]Oc1nnoc(=NC([H])([H])[H])c1[H]
12,12,1,[H]N=C(O[H])N([H])C(=O)N([H])[H]
21,21,1,[H]OC([H])([H])C([H])([H])C([H])([H])C([H])([H])OC([H])([H])C([H])=O
16,15,0,[H]C1=NC([H])C(C2([H])OC2([H])[H])=C([H])N1[H]
17,17,1,[H]C1=NC2([H])OC3([H])N([H])C23C([H])([H])C1([H])[H]
19,19,1,[H]C(=O)C1([H])C([H])([H])C([H])(C([H])([H])[H])C2([H])OC21[H]
13,13,1,[H]c1c(C([H])([H])[H])oc2nonc12
16,16,1,[H]OC1=C([H])C([H])=C([H])C([H])([H])C([H])=NO1
15,14,0,[H]N([H])C1C(=O)N([H])C([H])([H])C1([H])C#N
14,14,1,[H]C(=O)C([H])(C([H])=O)C1([H])OC1([H])[H]
15,15,1,[H]N1C(=O)N2C([H])(C1=O)C2([H])C([H])([H])[H]
18,18,1,[H]C1=C(C([H])([H])[H])C2([H])C([H])([H])OC1([H])C2([H])[H]
17,17,1,[H]OC([H])([H])C1([H])OC([H])(C#N)N1C([H])([H])[H]
21,21,1,[H]OC12C3([H])C([H])([H])C1([H])C([H])(C([H])([H])[H])C2([H])C3([H])[H]
17,17,1,[H]C#CC(=O)C([H])([H])N([H])C([H])([H])C([H])([H])[H]
18,17,0,[H]OC1(C([H])([H])[H])C([H])=C([H])C([H])(N([H])[H])C1[H]
19,16,0,[H]C1C([H])([H])C2(OC([H])([H])[H])C([H])NC12C([H])([H])[H]
18,18,1,[H]C#CC1([H])N(C([H])([H])C([H])([H])[H])C1([H])C([H])=O
17,15,0,
16,14,0,
17,17,1,[H]OC1([H])C2(C#N)N([H])C2([H])C1([H])C([H])([H])[H]
18,17,0,[H]C1=C2C([H])([H])N([H])C3([H])C([H])([H])C23C([H])N1[H]
19,19,1,[H]C([H])([H])C12C3([H])C([H])(C4([H])OC4([H])[H])C1([H])C32[H]
18,18,1,[H]C(=O)N(C([H])([H])[H])C1([H])C([H])([H])N([H])C1([H])[H]
16,16,1,[H]N1C2([H])C3([H])C([H])([H])C2(C([H])([H])[H])C13[H]
21,21,1,[H]C([H])([H])N1C([H])([H])C(C#N)(C([H])([H])[H])C1([H])C([H])([H])[H]
18,18,1,[H]OC([H])([H])C1([H])C([H])=C([H])C1([H])C([H])([H])C#N
18,18,1,[H]C1=C([H])C([H])([H])C([H])(C(=O)C([H])([H])[H])C1([H])[H]
19,19,1,[H]OC12C3([H])N([H])C1([H])C([H])([H])C([H])([H])C2([H])N3[H]
21,21,1,[H]C([H])([H])C12C(=O)C([H])([H])C(C([H])([H])[H])(C1([H])[H])C2([H])[H]
17,17,1,[H]N=C1OC2([H])N3C([H])([H])C2([H])C([H])([H])C13[H]
18,17,0,[H]N=C(OC(=NN[H])C([H])([H])[H])N([H])C([H])([H])[H]
20,20,1,[H]C#CC([H])([H])C([H])([H])C([H])([H])C([H])([H])C([H])([H])O[H]
15,15,1,[H]N1C([H])([H])C1([H])c1nn([H])c(=O)n1[H]
17,17,1,[H]OC1([H])C([H])=C([H])C(=O)C(C([H])([H])[H])=C1[H]
18,18,1,[H]C(=O)C(=O)C1=C([H])OC([H])([H])C1([H])C([H])([H])[H]
23,23,1,[H]N1C([H])([H])C1(C([H])([H])[H])C1(C([H])([H])[H])N([H])C([H])([H])C1([H])[H]
20,20,1,[H]OC([H])([H])C1(C([H])([H])[H])C([H])([H])C12C([H])([H])C2([H])[H]
10,10,1,[H]C1([H])C([H])([H])C1([H])C#N
13,13,1,[H]Oc1c(N([H])[H])oc([H])c1C#N
17,17,1,[H]OC(=O)C1(O[H])C([H])([H])C([H])([H])C1([H])O[H]
15,14,0,[H]C#CC1([H])N=C(C([H])([H])[H])N([H])C1[H]
20,20,1,[H]C([H])([H])C1([H])C([H])([H])C2(C([H])([H])[H])OC12C([H])([H])[H]
16,16,1,[H]C(=O)C#CC1([H])OC2([H])C([H])([H])OC12[H]
25,25,1,[H]C([H])([H])OC([H])(C([H])([H])[H])C([H])([H])C1([H])C([H])([H])C([H])([H])C1([H])[H]
19,19,1,[H]N1C2([H])C1(C([H])([H])[H])C1([H])C([H])([H])C21C([H])([H])[H]
15,15,1,[H]C(=O)C([H])([H])C1([H])C([H])([H])C1([H])C#N
17,17,1,[H]OC1(C([H])=O)C([H])([H])C([H])([H])C12OC2([H])[H]
15,15,1,[H]C#CC([H])([H])C1([H])OC(=O)C1([H])O[H]
22,22,1,[H]N([H])C([H])([H])C1([H])C([H])([H])C(=O)C([H])([H])C([H])([H])C1([H])[H]
16,12,0,
17,17,1,[H]N=C1N([H])C([H])([H])C2(C([H])([H])O[H])OC12[H]
18,18,1,[H]OC1(C([H])([H])C([H])([H])[H])C(=O)C2([H])N([H])C21[H]
20,20,1,[H]N1C([H])([H])C23OC([H])([H])C([H])([H])C2([H])C1([H])C3([H])[H]
19,19,1,[H]C(=O)C1([H])OC([H])([H])C([H])([H])C1=C([H])C([H])([H])[H]
19,19,1,[H]OC1([H])C2([H])OC2(C#N)C([H])([H])C1([H])C([H])([H])[H]
20,19,0,
18,17,0,
23,23,1,[H]N(C1([H])N(C([H])([H])[H])C1([H])[H])C1([H])C([H])([H])C([H])([H])C1([H])[H]
16,16,1,[H]OC1([H])C2([H])C([H])=C([H])C1(C#N)C2([H])[H]
16,16,1,[H]C1([H])OC1([H])C12OC(=O)C1([H])OC2([H])[H]
15,14,0,
16,13,0,
14,13,0,[H]C(=O)C(=O)OC(C([H])=O)C([H])([H])[H]
20,20,1,[H]N([H])C([H])([H])C#CC1([H])C([H])([H])OC1([H])C([H])([H])[H]
18,18,1,[H]C1=C([H])C([H])(C([H])([H])C([H])([H])[H])C2([H])OC12[H]
12,12,1,[H]C(=O)c1c([H])noc(=O)c1[H]
18,18,1,[H]C(=O)C(OC([H])([H])C#N)(C([H])([H])[H])C([H])([H])[H]
16,16,1,[H]N1C2([H])C(C([H])([H])[H])=NC3([H])C1([H])C23[H]
18,18,1,[H]N=c1c([H])c([H])c(C([H])([H])C([H])([H])[H])nn1[H]
23,23,1,[H]C1=C2C3([H])N(C([H])([H])[H])C3([H])C([H])([H])C2([H])C([H])([H])C1([H])[H]
16,15,0,[H]C1OC23C14OC2(C([H])([H])[H])C([H])([H])C43[H]
25,25,1,[H]C([H])([H])C([H])([H])OC1(C([H])([H])C([H])([H])[H])C([H])([H])C([H])([H])C1([H])[H]
19,19,1,[H]N=C1N2C([H])([H])C2([H])C([H])([H])C1(O[H])C([H])([H])[H]
21,21,1,[H]OC1([H])C([H])([H])C2([H])C([H])([H])C([H])([H])OC1([H])C2([H])[H]
23,22,0,[H]C([H])C1(C2([H])C([H])([H])C2([H])[H])N(C([H])([H])C([H])([H])[H])C1([H])[H]
19,18,0,[H]N([H])C(=O)C(N([H])[H])C([H])([H])C([H])([H])C([H])([H])[H]
19,19,1,[H]OC([H])([H])C12C([H])([H])C([H])([H])C(=O)C1([H])C2([H])[H]
20,19,0,[H]OC([H])([H])C1C([H])([H])OC2(C([H])([H])[H])C([H])([H])C12[H]
14,14,1,[H]C#CC1([H])C([H])([H])C(=O)C1([H])C#N
20,20,1,[H]OC([H])([H])C(C([H])=O)(C([H])([H])[H])C([H])([H])C([H])([H])[H]
21,21,1,[H]C([H])([H])OC([H])([H])C([H])(OC([H])([H])[H])C(=O)C([H])([H])[H]
18,18,1,[H]c1c(C([H])([H])C2([H])OC2([H])[H])c([H])n([H])c1[H]
18,18,1,[H]C(=O)C1(C([H])([H])[H])OC1([H])C([H])([H])C([H])([H])[H]
15,15,1,[H]N=C([H])c1c([H])c([H])nn1C([H])([H])[H]
19,18,0,[H]OC([H])C1([H])N2C3([H])C([H])([H])C2([H])C13C([H])([H])[H]
16,15,0,[H]OC12C(N([H])[H])C3([H])N4C3([H])C1([H])C42[H]
14,14,1,[H]C#CC12C(=O)C([H])(N=C1[H])C2([H])[H]
21,18,0,[H]OC([H])([H])OC([H])C([H])C1([H])N([H])C1([H])C([H])([H])[H]
20,20,1,[H]OC1([H])N(C([H])([H])[H])C([H])([H])C2=C([H])C1([H])C2([H])[H]
15,15,1,[H]C(=O)C1([H])N=C(C([H])([H])[H])C([H])([H])O1
16,16,1,[H]C#CC1(O[H])C([H])(N([H])[H])C12OC2([H])[H]
4,4,1,[H]N([H])[H]
15,15,1,[H]C1([H])C2([H])C3([H])C([H])(C#N)C2([H])C13[H]
17,17,1,[H]C1([H])OC1([H])C1([H])C([H])([H])OC(=O)C1([H])[H]
14,14,1,[H]N=c1onc([H])c(C([H])([H])[H])c1[H]
16,15,0,
25,25,1,[H]OC([H])([H])C([H])([H])N1C([H])(C([H])([H])[H])C([H])(O[H])C1([H])C([H])([H])[H]
14,13,0,[H]C([H])(O)C1([H])OC2([H])C([H])([H])C12[H]
15,15,1,[H]C1=C([H])C([H])([H])N(C([H])([H])C#N)C1=O
18,18,1,[H]C#CC([H])([H])N=C1C([H])([H])OC1([H])C([H])([H])[H]
18,18,1,[H]C1([H])N2C3([H])C([H])(OC4([H])C2([H])C43[H])C1([H])[H]
11,11,1,[H]Oc1nnc([H])c(=O)n1[H]
17,17,1,[H]N=C1C([H])=NC([H])([H])C1([H])C1([H])OC1([H])[H]
23,23,1,[H]C([H])([H])C([H])([H])N1C([H])([H])C([H])(C([H])([H])[H])C1([H])C([H])([H])[H]
22,22,1,[H]C(=O)OC([H])([H])C([H])(C([H])([H])[H])C([H])(N([H])[H])C([H])([H])[H]
13,11,0,
13,13,1,[H]N=C(c1nnoc1[H])C([H])([H])[H]
19,19,1,[H]OC([H])(C1([H])N([H])C1([H])[H])C1([H])C([H])([H])C1([H])[H]
20,20,1,[H]N1C([H])([H])C2([H])C([H])([H])C([H])(C3([H])OC3([H])[H])C12[H]
16,16,1,[H]OC1([H])C2([H])N3C2([H])C1([H])C31OC1([H])[H]
23,23,1,[H]C(=C([H])N(C([H])([H])[H])C1([H])C([H])([H])C1([H])[H])N([H])C([H])([H])[H]
12,12,1,[H]c1noc2c1c([H])c([H])n2[H]
12,10,0,
18,17,0,
18,18,1,[H]OC1([H])N([H])C(=O)C([H])(C([H])([H])[H])C1([H])O[H]
18,17,0,[H]C#CC1([H])N([H])C12C([H])([H])N(C([H])[H])C2([H])[H]
16,16,1,[H]N=C1OC1([H])C(=N[H])C1([H])N([H])C1([H])[H]
21,21,1,[H]OC([H])([H])C([H])(C([H])([H])O[H])C1([H])C([H])([H])C1([H])C#N
15,15,1,[H]C1([H])OC2([H])C([H])([H])C([H])([H])C12C#N
18,18,1,[H]C(=O)C1([H])C(=O)C([H])([H])C([H])([H])C([H])([H])N1[H]
18,18,1,[H]C#CC([H])([H])N([H])C(=O)C(=O)N([H])C([H])([H])[H]
15,15,1,[H]C#CC([H])([H])C1([H])OC2([H])C(=O)C21[H]
21,19,0,
19,19,1,[H]OC1(C([H])([H])[H])C([H])([H])C1(OC([H])=O)C([H])([H])[H]
17,15,0,[H]C1=C2C(=NC([H])C1N([H])[H])C([H])([H])C2([H])[H]
13,13,1,[H]C1=NC([H])(C#N)C([H])=NC1([H])[H]
23,23,1,[H]C([H])([H])C([H])([H])C(C([H])([H])[H])(C([H])([H])[H])C1([H])C(=O)C1([H])[H]
20,20,1,[H]C1=C(C([H])([H])[H])C([H])([H])C2([H])C([H])([H])C2([H])C1([H])[H]
16,14,0,[H]C#CC1C([H])([H])C2([H])NC3([H])C1([H])C23[H]
21,21,1,[H]C#CC1([H])C([H])([H])C([H])(O[H])C([H])([H])C1([H])C([H])([H])[H]
21,21,1,[H]OC([H])([H])C([H])(C([H])=O)C(O[H])(C([H])([H])[H])C([H])([H])[H]
17,17,1,[H]C1([H])C(=O)C2(C1([H])[H])C([H])([H])C1([H])OC12[H]
17,17,1,[H]C#CC([H])([H])OC1(C([H])([H])[H])N([H])C1([H])[H]
14,14,1,[H]OC12C([H])([H])C3([H])C1([H])C(=O)C32[H]
18,18,1,[H]C(=O)C([H])([H])C([H])([H])C1([H])OC(=O)OC1([H])[H]
24,24,1,[H]C1=C([H])C([H])([H])C([H])(C([H])([H])C([H])([H])[H])N1C([H])([H])C([H])([H])[H]
20,20,1,[H]C1=C([H])C2([H])C3([H])N([H])C([H])(C([H])([H])[H])C1([H])C23[H]
15,15,1,[H]N=C(c1nnn([H])c(=O)n1)C([H])([H])[H]
15,15,1,[H]N([H])C1([H])C(C#N)=NC([H])([H])C1([H])[H]
22,21,0,
16,16,1,[H]OC1([H])C2([H])C(=O)N([H])C([H])([H])C12O[H]
21,21,1,[H]C1=C(C([H])([H])C([H])([H])[H])C([H])([H])C([H])(C([H])([H])[H])N1[H]
21,21,1,[H]OC1([H])C([H])(C([H])([H])[H])C([H])(O[H])C2([H])C([H])([H])C12[H]
13,13,1,[H]N=C([H])C(=O)C#CC(=O)N([H])[H]
15,14,0,[H]N=C1OC(=O)N([H])C([H])([H])C1N([H])[H]
21,21,1,[H]OC([H])([H])C1([H])OC([H])([H])C([H])=C1C([H])([H])C([H])([H])[H]
18,18,1,[H]OC12N([H])C3([H])C([H])([H])C([H])(OC1([H])[H])C32[H]
15,13,0,[H]C1=C2C(=NNN1)C([H])([H])N([H])C2([H])[H]
16,16,1,[H]C(=O)N([H])C1=C([H])N([H])C([H])=NC1([H])[H]
11,11,1,[H]OC([H])([H])C([H])(O[H])O[H]
15,14,0,[H]C=C1C2([H])OC(=N[H])C([H])([H])C12O[H]
14,14,1,[H]N=C1OC([H])([H])C(=O)C1([H])C([H])=O
16,16,1,[H]C#CC12C([H])([H])C([H])(C1([H])[H])C2([H])O[H]
18,18,1,[H]C([H])([H])C1([H])OC([H])([H])C([H])([H])C2([H])OC12[H]
12,12,1,[H]C([H])([H])C([H])(C#N)C([H])([H])[H]
21,20,0,[H]C1=C([H])C([H])([H])C2([H])C([H])([H])C1C([H])([H])N([H])C2([H])[H]
17,17,1,[H]C#CC1([H])N(C([H])=NO[H])C1([H])C([H])([H])[H]
15,15,1,[H]N=C1OC2([H])C([H])([H])C3([H])C1([H])C23[H]
21,21,1,[H]OC1([H])OC1([H])C([H])(C#N)C([H])(C([H])([H])[H])C([H])([H])[H]
21,21,1,[H]OC([H])([H])C1(C([H])([H])[H])C([H])([H])C1(O[H])OC([H])([H])[H]
17,17,1,[H]C1([H])C2([H])OC2([H])C2([H])C(=O)C1([H])C2([H])[H]
18,18,1,[H]C1([H])N2C3([H])OC4(C([H])([H])C4([H])[H])C3([H])C21[H]
18,18,1,[H]N1C([H])([H])C(=O)C2([H])OC([H])([H])C1([H])C2([H])[H]
16,16,1,[H]C#CC([H])(C([H])=O)C([H])(C([H])=O)N([H])[H]
12,12,1,[H]OC([H])([H])c1nnoc(=O)n1
20,20,1,[H]N1C2([H])OC([H])(C3([H])C([H])([H])C3([H])C([H])([H])[H])C12[H]
25,25,1,[H]C(=NC1([H])OC([H])([H])C1([H])[H])C([H])(C([H])([H])[H])C([H])([H])C([H])([H])[H]
21,21,1,[H]N1C([H])(C([H])([H])C([H])([H])C([H])([H])[H])C1(C#N)C([H])([H])[H]
16,16,1,[H]OC12C3([H])OC1([H])C2([H])C3([H])C([H])([H])[H]
18,18,1,[H]C([H])([H])C#CC([H])([H])C1([H])OC1([H])C([H])([H])[H]
15,15,1,[H]C#CC([H])(C#N)C([H])([H])C([H])([H])C#N
20,20,1,[H]N=C([H])C([H])([H])C1([H])N=C([H])N([H])C1([H])C([H])([H])[H]
14,14,1,[H]N1C([H])([H])C1([H])C1(C#N)OC1([H])[H]
19,19,1,[H]OC1([H])C([H])(O[H])C2(O[H])C([H])([H])C([H])([H])C12[H]
13,7,0,
19,17,0,[H]C1C([H])([H])C2(C3([H])N([H])C3([H])[H])NC([H])([H])C12[H]
20,20,1,[H]c1c(N([H])C([H])([H])C([H])([H])[H])nc(C([H])([H])[H])n1[H]
14,14,1,[H]N1N([H])C1([H])C(=O)OC([H])([H])C#N
25,25,1,[H]OC1([H])C([H])(N([H])[H])C2([H])C([H])([H])C2([H])C1(C([H])([H])[H])C([H])([H])[H]
15,14,0,[H]C1OC([H])(C([H])(C#N)C([H])([H])[H])C1=O
13,13,1,[H]OC([H])([H])c1nnoc1C([H])=O
23,23,1,[H]C([H])([H])C1([H])C2([H])OC2([H])C([H])([H])C1(C([H])([H])[H])C([H])([H])[H]
27,27,1,[H]OC1(C([H])([H])C([H])([H])[H])C([H])([H])N(C([H])([H])C([H])([H])[H])C1([H])C([H])([H])[H]
14,14,1,[H]C(=O)C12C3([H])C4([H])C3([H])C1([H])C42[H]
19,19,1,[H]N1C([H])([H])C2=C(C([H])([H])[H])C1([H])C([H])([H])C2([H])[H]
19,19,1,[H]C(=O)N(C(=O)N([H])[H])C([H])([H])C([H])([H])C([H])([H])[H]
21,21,1,[H]C#CC([H])([H])C12C([H])([H])C([H])([H])C([H])(C1([H])[H])C2([H])[H]
23,23,1,[H]C([H])([H])C([H])([H])C(=O)C([H])([H])C([H])([H])C1([H])C([H])([H])C1([H])[H]
16,16,1,[H]N=C1N([H])C([H])=NC([H])([H])C(=O)C1([H])[H]
14,14,1,[H]c1nn([H])nc1C1([H])N([H])C1([H])[H]
17,17,1,[H]C(=O)OC1([H])C(=O)C([H])(C([H])([H])[H])C1([H])[H]
25,25,1,[H]OC([H])([H])OC([H])(C([H])([H])[H])C([H])(C([H])([H])[H])C([H])([H])C([H])([H])[H]
22,22,1,[H]C1([H])C([H])([H])C([H])([H])C2(C1([H])[H])C([H])([H])C([H])([H])C2([H])[H]
21,21,1,[H]N=C([H])N1C([H])([H])C([H])([H])C([H])([H])C1([H])C([H])([H])O[H]
21,21,1,[H]N1C([H])([H])C2(C([H])([H])C([H])([H])[H])C1([H])N1C([H])([H])C12[H]
19,19,1,[H]C(=O)N([H])C1([H])N([H])C([H])([H])OC([H])([H])C1([H])[H]
19,19,1,[H]C#CC1(C([H])([H])[H])OC([H])(C([H])([H])[H])OC1([H])[H]
15,15,1,[H]C(=O)OC([H])([H])C([H])([H])C(=O)C([H])=O
25,25,1,[H]N([H])C([H])(C([H])([H])[H])C1([H])C([H])([H])C1([H])N([H])C([H])([H])C([H])([H])[H]
21,21,1,[H]OC12C([H])([H])C([H])([H])C1(C([H])([H])[H])OC2([H])C([H])([H])[H]
20,20,1,[H]N1C([H])([H])C([H])([H])C([H])([H])C2([H])C3([H])OC([H])([H])C132
17,17,1,[H]OC1(C([H])([H])[H])C2([H])OC1(C([H])=O)C2([H])[H]
15,15,1,[H]C(=O)OC1([H])OC2([H])OC2([H])C1([H])[H]
19,19,1,[H]C#CC1([H])C2([H])N([H])C([H])([H])C12N([H])C([H])([H])[H]
17,17,1,[H]C(=O)C1=C([H])C2([H])C([H])([H])OC12C([H])([H])[H]
17,17,1,[H]C([H])([H])N=C1C2([H])C([H])([H])C3([H])C1([H])C23[H]
17,12,0,
19,18,0,[H]C([H])([H])C1N2C([H])([H])C23C1([H])OC([H])([H])C3([H])[H]
18,18,1,[H]OC([H])(N=C([H])C([H])([H])C([H])([H])[H])C([H])([H])[H]
17,17,1,[H]OC([H])([H])C1([H])N2C([H])([H])C1([H])C2([H])C#N
16,16,1,[H]OC1([H])C2([H])C3([H])C2([H])C2([H])C1([H])C32[H]
11,11,1,[H]C#CC1(C#N)N([H])C1([H])[H]
19,19,1,[H]N([H])C(=O)C([H])([H])C1([H])C([H])([H])C1([H])C([H])([H])[H]
16,16,1,[H]OC12N([H])C([H])(C1([H])[H])C2(C#N)N([H])[H]
15,15,1,[H]C#CC([H])([H])c1nc(N([H])[H])n([H])n1
16,16,1,[H]C#CC1(O[H])C([H])([H])N([H])C12OC2([H])[H]
13,13,1,[H]c1nc(=O)c([H])c(C([H])([H])[H])o1
22,22,1,[H]OC(C([H])([H])[H])(C([H])([H])[H])C1([H])C([H])([H])C([H])([H])C1([H])[H]
16,15,0,[H]N1C(OC(=O)C([H])([H])[H])C([H])([H])C1([H])[H]
23,23,1,[H]OC([H])(C(=O)C([H])([H])C([H])([H])[H])C([H])([H])C([H])([H])C([H])([H])[H]
15,15,1,[H]C#CC12OC(=O)C([H])([H])C1([H])C2([H])[H]
20,20,1,[H]C([H])([H])C1([H])OC2([H])C3([H])OC2([H])C3(C([H])([H])[H])O1
17,17,1,[H]C#CC([H])([H])C1([H])C([H])([H])C([H])([H])C1([H])[H]
19,19,1,[H]C#CC12C([H])([H])C([H])([H])OC1([H])C2([H])C([H])([H])[H]
11,11,1,[H]C(=O)Oc1noc([H])c1[H]
18,16,0,
17,17,1,[H]N=c1c([H])c([H])c([H])c2n1C([H])([H])C2([H])[H]
15,15,1,[H]C#CC1([H])C(=O)C2([H])C([H])([H])C12O[H]
13,13,1,[H]N=C(OC(=O)C([H])([H])[H])N([H])[H]
21,21,1,[H]c1c([H])c(N([H])C([H])([H])C([H])([H])C([H])([H])[H])n([H])c1[H]
23,23,1,[H]OC([H])([H])C([H])([H])C([H])([H])C([H])([H])C1(C([H])([H])[H])OC1([H])[H]
13,12,0,
25,25,1,[H]C([H])([H])C([H])([H])OC([H])([H])C([H])(C([H])([H])[H])C1([H])C([H])([H])C1([H])[H]
22,22,1,[H]C(=O)C([H])([H])C([H])([H])C([H])([H])C1([H])N(C([H])([H])[H])C1([H])[H]
14,14,1,[H]OC1(C#N)OC2([H])C([H])([H])C12O[H]
15,15,1,[H]C(=O)C#CC1([H])N([H])C([H])([H])C1([H])[H]
18,18,1,[H]N([H])C(C#N)(C([H])([H])[H])C([H])([H])C([H])([H])C#N
19,19,1,[H]OC([H])([H])C1([H])C(=O)OC([H])(C([H])([H])[H])C1([H])[H]
21,21,1,[H]OC1(C([H])([H])[H])C([H])([H])C([H])(C([H])=O)C1([H])C([H])([H])[H]
17,17,1,[H]N=C([H])C1([H])C([H])([H])N2C([H])([H])C21C([H])=O
18,18,1,[H]N([H])C([H])([H])C(=O)C([H])(C([H])([H])[H])C([H])([H])[H]
14,14,1,[H]Oc1c(N([H])[H])oc([H])c1C([H])=O
19,19,1,[H]OC1(C([H])([H])[H])C([H])=NC([H])([H])C12N([H])C2([H])[H]
18,18,1,[H]N1C2([H])C1([H])C1([H])C2([H])C([H])([H])C12OC2([H])[H]
19,19,1,[H]C([H])([H])N1C([H])([H])C(=O)C([H])(C([H])([H])[H])C1([H])[H]
13,13,1,[H]c1nn([H])c2c1c([H])c([H])n2[H]
19,19,1,[H]C#CC([H])([H])C1([H])OC1([H])C([H])(O[H])C([H])([H])[H]
23,23,1,[H]C1=C([H])C2(C([H])([H])C2([H])C([H])([H])[H])C([H])(C([H])([H])[H])C1([H])[H]
14,14,1,[H]OC1([H])C([H])=C([H])C(=O)OC1([H])[H]
17,17,1,[H]OC([H])([H])C1([H])N([H])C([H])=NC(=O)C1([H])[H]
17,17,1,[H]C([H])([H])C1(C#CC2([H])OC2([H])[H])OC1([H])[H]
19,19,1,[H]C#CC12C([H])([H])C3([H])N([H])C1([H])C3(O[H])C2([H])[H]
18,18,1,[H]N=C([H])OC1([H])C2([H])C([H])([H])C1(O[H])C2([H])[H]
22,22,1,[H]C([H])([H])C1([H])C([H])([H])C([H])([H])C2([H])C([H])([H])C2([H])C1([H])[H]
20,20,1,[H]C(=O)OC1([H])C2([H])OC2(C([H])([H])[H])C1([H])C([H])([H])[H]
23,23,1,[H]C1=C(N([H])[H])C([H])(C([H])([H])[H])C([H])(N([H])[H])C([H])([H])C1([H])[H]
14,14,1,[H]N=C1OC([H])([H])OC(=N[H])C1=N[H]
19,19,1,[H]OC1([H])N2C([H])([H])C3([H])N1C3(C([H])([H])[H])C2([H])[H]
19,19,1,[H]c1c(N([H])[H])oc(N([H])C([H])([H])C([H])([H])[H])c1[H]
18,18,1,[H]C([H])([H])N1C([H])([H])C1([H])C([H])([H])C([H])([H])C#N
21,20,0,[H]C1=C2NC([H])([H])C1([H])C([H])([H])C2([H])C([H])([H])C([H])([H])[H]
18,18,1,[H]C#CC1(C([H])([H])[H])C([H])(O[H])C1([H])C([H])([H])[H]
19,19,1,[H]OC([H])([H])C(O[H])(C(=O)C([H])([H])[H])C([H])([H])O[H]
17,17,1,[H]C#CC([H])([H])C1([H])OC([H])([H])C1([H])OC#N
21,21,1,[H]C([H])([H])C12OC3([H])C([H])(C([H])([H])C3([H])C1([H])[H])C2([H])[H]
16,16,1,[H]OC1([H])N2C([H])([H])C3(O[H])C2([H])C13O[H]
13,11,0,
16,16,1,[H]C([H])([H])C1=NC(C#N)=NC([H])([H])C1([H])[H]
16,16,1,[H]C(=O)C1([H])C2([H])C([H])([H])C3([H])C1([H])C23[H]
15,14,0,[H]OC1=NC(O[H])N=C([H])N1C([H])([H])[H]
13,13,1,[H]C([H])([H])C12OC1([H])C(=O)C2([H])[H]
15,11,0,[H]OC1C(N([H])[H])C([H])N([H])C1C([H])=O
15,15,1,[H]C1([H])OC(=O)N2C([H])([H])C([H])([H])C21[H]
17,16,0,
16,16,1,[H]N(C([H])([H])[H])C([H])([H])C(=O)C([H])([H])C#N
22,22,1,[H]N([H])C1([H])C2([H])C([H])([H])C1(C([H])([H])[H])C2([H])OC([H])([H])[H]
19,19,1,[H]OC1(C2([H])C3([H])C([H])([H])C([H])([H])C32[H])OC1([H])[H]
22,22,1,[H]C([H])([H])C([H])([H])C12N3C([H])([H])C1([H])C([H])([H])C([H])([H])C32[H]
13,10,0,
20,20,1,[H]C1([H])OC2([H])C3([H])N1C3([H])C([H])([H])C2([H])C([H])([H])[H]
19,19,1,[H]N([H])C(=O)N([H])C([H])(C([H])([H])[H])C1([H])OC1([H])[H]
21,21,1,[H]C([H])([H])C([H])([H])C([H])([H])C([H])(C#N)C([H])([H])C([H])([H])[H]
19,19,1,[H]ON=C(N1C([H])([H])C1([H])O[H])C([H])([H])C([H])([H])[H]
19,17,0,
19,19,1,[H]OC1([H])N2C3([H])N(C([H])([H])[H])C1([H])C([H])([H])C23[H]
21,21,1,[H]C1([H])OC([H])([H])C2(C3([H])OC([H])([H])C3([H])[H])N1C2([H])[H]
20,20,1,[H]OC1(N([H])C([H])([H])[H])C([H])([H])C1(C([H])=O)C([H])([H])[H]
16,15,0,[H]OC1C(=O)N([H])C(C([H])([H])[H])=C1N([H])[H]
16,16,1,[H]OC1([H])C([H])([H])C([H])([H])C1(C#N)N([H])[H]
18,18,1,[H]C#CC([H])([H])C([H])([H])C1(C([H])=O)N([H])C1([H])[H]
22,22,1,[H]N1C2([H])C([H])(C([H])([H])C([H])([H])[H])C3([H])C1([H])C23C([H])([H])[H]
25,25,1,[H]C1=C(C([H])([H])C([H])([H])C([H])([H])[H])C([H])([H])C([H])([H])C1([H])C([H])([H])[H]
17,17,1,[H]C([H])(C#N)OC([H])([H])C1([H])C([H])([H])C1([H])[H]
20,20,1,[H]N1C(=O)C(C([H])([H])[H])(C([H])([H])C([H])([H])[H])OC1([H])[H]
12,10,0,[H]N1NC(=O)OC(N([H])[H])C1=O
16,15,0,[H]C1N([H])C([H])(C#N)C1([H])C1([H])OC1([H])[H]
18,18,1,[H]N=C([H])OC1([H])C2([H])C3([H])C([H])([H])C3([H])C12[H]
16,15,0,[H]N1C([H])([H])C2([H])C([H])([H])C12[H]
20,20,1,[H]OC12C([H])([H])N([H])C3([H])C([H])([H])C1([H])C32C([H])([H])[H]
16,16,1,[H]N1C([H])([H])C2([H])C([H])([H])C23OC(=O)C13[H]
16,16,1,[H]C([H])(C#N)C1([H])OC1([H])C1([H])OC1([H])[H]
19,19,1,[H]C1([H])N2C([H])([H])C3([H])C4([H])N(C4([H])[H])C1([H])C23[H]
18,18,1,[H]N1C([H])([H])C12C([H])([H])N1C([H])([H])C1([H])C2([H])[H]
15,15,1,[H]OC([H])(C([H])([H])[H])C1(C#N)OC1([H])[H]
21,21,1,[H]C([H])([H])OC(=O)C1([H])C([H])([H])C1([H])C([H])([H])C([H])([H])[H]
17,17,1,[H]C1([H])OC2(C#N)N(C1([H])[H])C([H])([H])C2([H])[H]
15,15,1,[H]C#CC(=O)OC([H])([H])C1([H])OC1([H])[H]
20,20,1,[H]C([H])([H])C12N3C1([H])C1(C([H])([H])[H])C3([H])C21C([H])([H])[H]
17,17,1,[H]C1([H])OC2([H])OC([H])([H])C2([H])C2([H])OC12[H]
21,19,0,
20,20,1,[H]N([H])C([H])([H])C([H])([H])C#CN1C([H])([H])C1([H])N([H])[H]
19,18,0,
20,18,0,
25,25,1,[H]N1C([H])([H])C([H])([H])C([H])(OC([H])([H])C2([H])C([H])([H])C2([H])[H])C1([H])[H]
16,16,1,[H]Oc1nc([H])c2n([H])c(N([H])[H])c([H])n12
17,17,1,[H]C1=NC([H])([H])C2([H])C1(C#N)C2([H])C([H])([H])[H]
19,16,0,[H]Oc1c([H])c(C([H])([H])C([H])O[H])n([H])c1[H]
21,21,1,[H]OC1([H])C([H])([H])C([H])([H])OC(O[H])(C([H])([H])[H])C1([H])[H]
21,21,1,[H]c1nn(C([H])([H])C([H])([H])[H])c(C([H])([H])[H])c1C([H])([H])[H]
19,19,1,[H]N=C1C(=O)N(C([H])([H])[H])C([H])(C([H])([H])[H])C1([H])[H]
18,18,1,[H]OC([H])([H])C1([H])C2([H])OC([H])([H])N3C2([H])C31[H]
15,13,0,
19,19,1,[H]OC1([H])C2([H])C([H])([H])C3([H])C([H])([H])C2(O[H])C13[H]
15,14,0,[H]C#CC(=N[H])OC([H])C([H])([H])C#C[H]
15,15,1,[H]C#CC([H])(N([H])[H])N(C([H])=O)C([H])=O
19,19,1,[H]C(=O)C1([H])C([H])([H])C12C([H])([H])OC([H])([H])C2([H])[H]
13,12,0,[H]C1OC2([H])OC([H])([H])C(=O)C12[H]
15,15,1,[H]C1=C([H])C2([H])C(=O)C1([H])N=C2N([H])[H]
18,18,1,[H]C1([H])OC2(C([H])([H])C([H])([H])C2([H])[H])C1([H])C#N
18,18,1,[H]OC1([H])C2(C([H])([H])N([H])[H])OC3([H])C([H])([H])C312
17,17,1,[H]C(=O)N1C(N([H])[H])=C([H])C2([H])C([H])([H])C12[H]
21,21,1,[H]C(=C1C([H])([H])C1([H])[H])C1([H])C([H])([H])OC([H])([H])C1([H])[H]
18,18,1,[H]OC([H])([H])C1([H])C([H])([H])C(=O)C([H])([H])C1([H])[H]
15,15,1,[H]C([H])([H])C1(C#N)C(=O)C([H])([H])C1([H])[H]
22,22,1,[H]N([H])C(=O)C([H])(C([H])([H])[H])C1([H])C([H])([H])C([H])([H])C1([H])[H]
17,17,1,[H]N=C1N=C([H])OC1(O[H])C([H])([H])C([H])([H])[H]
17,15,0,
18,18,1,[H]C(=O)C1([H])C2([H])OC2([H])C1([H])C([H])([H])N([H])[H]
22,22,1,[H]OC([H])([H])C1([H])C([H])(C([H])([H])[H])C2(N([H])[H])C([H])([H])C12[H]
18,17,0,
18,18,1,[H]C12OC3([H])N(C3([H])[H])C([H])([H])C([H])(O1)C2([H])[H]
21,21,1,[H]OC(C#CC([H])([H])[H])(C(=O)N([H])[H])C([H])([H])C([H])([H])[H]
16,16,1,[H]OC([H])([H])C1([H])OC([H])([H])OC([H])=C1[H]
15,15,1,[H]C#CC1(N([H])[H])C(=O)C2([H])N([H])C21[H]
16,16,1,[H]N([H])C(=O)OC([H])([H])C([H])([H])C([H])([H])[H]
21,21,1,[H]OC([H])([H])C([H])(O[H])C([H])(C([H])([H])[H])C1([H])OC1([H])[H]
15,15,1,[H]C1=C2C3([H])OC4([H])C1([H])OC4([H])C23[H]
21,21,1,[H]C#CC1=C([H])C([H])([H])C(C([H])([H])[H])(C([H])([H])[H])C1([H])[H]
21,21,1,[H]N1C([H])([H])C2([H])C([H])([H])C2([H])C1(C([H])([H])[H])C([H])([H])[H]
17,17,1,[H]C([H])([H])C1([H])C2([H])C([H])([H])C1(C#N)C2([H])[H]
18,18,1,[H]OC([H])(O[H])C(=O)C([H])(N([H])[H])C([H])([H])C#N
19,18,0,[H]N=C1C([H])N(C([H])([H])[H])C(=N[H])C([H])([H])C1([H])[H]
14,9,0,[H]C1=C([H])C2NC([H])NC2C([H])=C1[H]
19,19,1,[H]C1=C([H])C([H])=C(C([H])([H])C([H])([H])[H])C([H])([H])C1=O
23,23,1,[H]OC([H])([H])C([H])([H])OC([H])(C([H])([H])[H])C1([H])C([H])([H])C1([H])[H]
23,23,1,[H]C(=O)C([H])([H])C(=C([H])C([H])(C([H])([H])[H])C([H])([H])[H])C([H])([H])[H]
14,11,0,
15,15,1,[H]C#CC1([H])OC([H])=C2C([H])([H])OC21[H]
15,11,0,
20,18,0,
19,19,1,[H]OC([H])([H])C12N([H])C([H])(N([H])[H])C1([H])OC2([H])[H]
23,23,1,[H]OC([H])(C([H])([H])C([H])([H])[H])C([H])(C([H])=O)C([H])([H])C([H])([H])[H]
21,21,1,[H]OC([H])(N([H])C([H])([H])[H])C([H])(N([H])C([H])=O)C([H])([H])[H]
19,19,1,[H]OC1(C([H])([H])[H])C([H])=C([H])C([H])([H])C1([H])N([H])[H]
16,16,1,[H]C(=O)C12C3([H])N4C3([H])C1(C([H])([H])[H])C42[H]
16,16,1,[H]C1([H])C([H])([H])C2([H])C3([H])C(=O)C1([H])C32[H]
19,19,1,[H]N1C([H])([H])C2(OC([H])([H])[H])C1([H])C21N([H])C1([H])[H]
14,14,1,[H]C#CC([H])([H])C(=O)OC([H])([H])C#N
20,20,1,[H]OC1([H])C([H])([H])C([H])([H])OC([H])=NC1([H])C([H])([H])[H]
15,13,0,[H]C#CC([H])([H])C([H])([H])N1N=C([H])NN1
17,15,0,
21,21,1,[H]OC1(C([H])([H])[H])C([H])=C([H])C([H])=C(C([H])([H])[H])C1([H])[H]
18,18,1,[H]OC1([H])N([H])C([H])([H])C1([H])C([H])([H])C([H])([H])[H]
17,16,0,
14,14,1,[H]C#CC([H])(C([H])=O)C([H])([H])C([H])=O
17,17,1,[H]C(=O)C1([H])C2([H])C(=O)C([H])([H])C12C([H])([H])[H]
19,19,1,[H]C1([H])OC([H])([H])C2([H])C([H])([H])C3([H])C1([H])OC23[H]
19,19,1,[H]C1([H])OC2([H])C([H])([H])C(=O)C1([H])C([H])([H])C2([H])[H]
17,17,1,[H]OC1([H])C([H])([H])C(=O)C([H])([H])C12OC2([H])[H]
17,17,1,[H]N1C2([H])C([H])([H])C3([H])C([H])(C#N)C3([H])C12[H]
23,23,1,[H]OC1([H])C([H])([H])C([H])([H])C([H])([H])C1(N([H])[H])C([H])([H])N([H])[H]
18,18,1,[H]C1=NC([H])([H])C2([H])C([H])([H])OC2([H])C([H])([H])O1
19,19,1,[H]N1C([H])([H])C([H])([H])N2C(=O)C([H])([H])C12C([H])([H])[H]
17,17,1,[H]C1=C([H])C([H])([H])C2([H])OC2([H])C(=O)C1([H])[H]
21,21,1,[H]C1([H])C([H])([H])C2([H])C3([H])OC2(C1([H])[H])C([H])([H])C3([H])[H]
24,24,1,[H]C1=C(C([H])([H])[H])C([H])([H])C([H])([H])C1([H])C([H])([H])N([H])C([H])([H])[H]
17,17,1,[H]C([H])([H])C1([H])C2([H])C([H])([H])OC12C([H])([H])[H]
18,18,1,[H]N=C(C([H])=O)C1(N([H])[H])C([H])([H])C1([H])N([H])[H]
17,17,1,[H]N=c1onc(C([H])([H])[H])c([H])c1C([H])([H])[H]
17,17,1,[H]C(=O)OC1([H])C([H])([H])C2([H])OC1([H])C2([H])[H]
21,21,1,[H]C([H])([H])C([H])([H])C1([H])OC([H])(C([H])([H])C([H])([H])[H])C1=O
15,15,1,[H]C1=C(N([H])[H])C([H])(C([H])([H])[H])OC1=O
18,18,1,[H]OC([H])(O[H])C1=C([H])OC([H])([H])C1([H])N([H])[H]
18,18,1,[H]C([H])([H])C([H])([H])C(=O)C1([H])OC1([H])C([H])([H])[H]
14,14,1,[H]OC1([H])C([H])([H])C2(O[H])C(=O)C12[H]
25,25,1,[H]OC1([H])C([H])([H])C([H])(C([H])([H])[H])C([H])(C([H])([H])[H])C1([H])C([H])([H])[H]
24,24,1,[H]N([H])C([H])(C([H])([H])C([H])([H])[H])C1([H])OC([H])([H])C([H])([H])C1([H])[H]
20,20,1,[H]C1=C([H])C([H])([H])C(C([H])([H])C([H])([H])OC([H])([H])[H])=N1
19,19,1,[H]N1C2([H])C([H])([H])C3(C([H])([H])C3([H])[H])C([H])([H])C12[H]
21,21,1,[H]N1C([H])(C([H])([H])[H])C2([H])C([H])([H])C([H])(C([H])([H])[H])C12[H]
19,19,1,[H]N1C2([H])C3([H])N4C2([H])C([H])(C1([H])C([H])([H])[H])C43[H]
17,17,1,[H]C([H])([H])N1C2([H])OC3([H])C([H])([H])C3([H])C12[H]
20,19,0,
20,20,1,[H]OC([H])([H])C1([H])C([H])([H])C2([H])C([H])(C([H])([H])[H])C12[H]
14,14,1,[H]c1nc(C([H])([H])[H])nn1C([H])([H])[H]
16,16,1,[H]C([H])([H])C1([H])C2([H])OC([H])(C2=O)C1([H])[H]
23,23,1,[H]N1C([H])([H])C1([H])C([H])([H])C([H])([H])C1([H])N([H])C([H])([H])C1([H])[H]
19,19,1,[H]C#CC([H])([H])C([H])([H])C([H])([H])C(=O)OC([H])([H])[H]
16,16,1,[H]OC1([H])C2([H])C(=O)C([H])(OC([H])=O)C12[H]
17,17,1,[H]C#CC([H])(O[H])C1(C([H])([H])O[H])N([H])N1[H]
16,16,1,[H]C1([H])OC(=O)C([H])([H])C2([H])C([H])([H])C12[H]
23,23,1,[H]C([H])([H])C([H])([H])C1([H])OC2(C([H])([H])[H])C([H])([H])C([H])([H])C12[H]
18,17,0,[H]OC([H])([H])C(O)(C([H])([H])[H])C([H])(O[H])C([H])=O
21,21,1,[H]C([H])([H])C1([H])OC([H])([H])C([H])([H])OC12C([H])([H])C2([H])[H]
15,15,1,[H]N1C(=O)C2(OC([H])([H])C2([H])[H])C1([H])[H]
15,15,1,[H]N=C([H])C1([H])C([H])([H])C2(C#N)OC21[H]
19,19,1,[H]C1=NC2([H])N(C2([H])[H])C1([H])C([H])([H])OC([H])([H])[H]
22,22,1,[H]C([H])([H])C([H])([H])C1([H])OC([H])([H])C1(C([H])([H])[H])C([H])([H])[H]
16,16,1,[H]OC12C([H])([H])C1([H])OC1([H])C([H])([H])C12[H]
21,21,1,[H]C1([H])OC([H])([H])C2([H])C([H])(C1([H])[H])C1([H])C([H])([H])C21[H]
16,14,0,
19,19,1,[H]C(=NC(=O)N([H])[H])C1([H])C([H])([H])C1([H])C([H])([H])[H]
19,19,1,[H]C#CC1(N([H])C([H])([H])N([H])[H])C([H])([H])OC1([H])[H]
18,17,0,
17,17,1,[H]C([H])([H])C([H])([H])OC([H])([H])C1([H])OC1([H])[H]
18,18,1,[H]C([H])([H])C12C([H])([H])C3([H])C([H])(C1([H])[H])C32C#N
17,17,1,[H]OC1(C([H])=O)C([H])([H])C([H])(C([H])=O)C1([H])[H]
16,16,1,[H]OC([H])(C1=NOC(=O)C1([H])[H])C([H])([H])[H]
16,16,1,[H]C#CC12C([H])=C(N([H])[H])C1([H])OC2([H])[H]
15,15,1,[H]C1([H])C2([H])OC(=O)OC3([H])C1([H])C23[H]
19,19,1,[H]C(=O)N(C([H])([H])[H])C([H])([H])N(C([H])=O)C([H])([H])[H]
23,23,1,[H]C(=O)C([H])([H])C([H])(OC([H])([H])[H])C([H])(C([H])([H])[H])C([H])([H])[H]
23,23,1,[H]N(C([H])([H])[H])C([H])(C([H])([H])C#N)C([H])([H])C([H])([H])C([H])([H])[H]
16,15,0,[H]N=C(C1N=NN([H])C([H])=C1[H])C([H])([H])[H]
18,18,1,[H]OC1([H])N([H])C2(C([H])=O)C([H])([H])C2([H])C1([H])[H]
21,21,1,[H]OC1([H])C([H])=NC([H])(C([H])([H])C([H])=O)C1([H])C([H])([H])[H]
15,13,0,
15,13,0,[H]C1=C2OC([H])([H])OC2=C([H])C([H])C1[H]
21,20,0,
17,17,1,[H]C([H])([H])C12C(=O)C3([H])OC1([H])C3([H])C2([H])[H]
15,15,1,[H]OC1([H])C([H])=NC2([H])OC([H])([H])C21[H]
15,12,0,[H]C1=C(C2([H])OC([H])C2([H])[H])N([H])NN1
19,19,1,[H]N1C(=O)C(C([H])([H])C([H])([H])[H])=NC([H])([H])C1([H])[H]
14,14,1,[H]C1=C([H])c2c([H])c([H])c([H])n2C1=O
19,19,1,[H]C1=C(C([H])([H])[H])C2(C([H])([H])C1=O)C([H])([H])C2([H])[H]
20,20,1,[H]C#CC([H])(OC([H])([H])[H])C(=N[H])C([H])([H])C([H])([H])[H]
17,17,1,[H]C([H])([H])C(=O)C#CC([H])([H])C(=O)C([H])([H])[H]
19,19,1,[H]N=C([H])C([H])(N1C([H])([H])C1([H])C([H])=O)C([H])([H])[H]
13,12,0,[H]C#CC1N=C([H])C2([H])N1C2([H])[H]
16,16,1,[H]C(=O)C1(C([H])([H])C([H])([H])[H])N([H])C1([H])[H]
16,13,0,[H]OC([H])([H])C1C([H])=NC([H])=NC([H])C1[H]
15,15,1,[H]N=C1N([H])C23C([H])([H])N([H])C2([H])C13[H]
18,18,1,[H]C(=O)C([H])(N1C(=O)C([H])([H])C1([H])[H])C([H])([H])[H]
20,20,1,[H]C([H])([H])C(C#N)(C([H])([H])[H])C1(C([H])([H])[H])OC1([H])[H]
19,19,1,[H]N([H])C(=O)C([H])([H])C1([H])C([H])([H])C2([H])N([H])C21[H]
18,17,0,[H]N=C(C(C(=O)C([H])([H])[H])N([H])[H])C([H])([H])O[H]
15,15,1,[H]OC1(C#N)C([H])([H])C2([H])C([H])([H])C12[H]
18,18,1,[H]ON=C(C#CC([H])([H])[H])C([H])(O[H])C([H])([H])[H]
18,18,1,[H]C1=NC([H])([H])C2([H])C([H])([H])OC3([H])C1([H])C32[H]
16,16,1,[H]C([H])([H])C12OC(=O)C3([H])N(C1([H])[H])C32[H]
23,23,1,[H]OC1([H])C([H])(N([H])[H])N(C([H])([H])[H])C([H])(C([H])([H])[H])C1([H])[H]
13,13,1,[H]N=C1OC([H])([H])C([H])=C([H])N1[H]
17,17,1,[H]c1noc(N([H])C([H])([H])C2([H])OC2([H])[H])n1
19,19,1,[H]OC1([H])C([H])([H])OC1([H])C1([H])C([H])([H])C1([H])O[H]
16,16,1,[H]OC12C([H])=C([H])C([H])([H])C1(C#N)C2([H])[H]
21,21,1,[H]C#CC1([H])C([H])([H])C([H])=C(C([H])([H])[H])C1([H])C([H])([H])[H]
24,23,0,[H]OC([H])([H])C([H])=C(C([H])([H])[H])C([H])(C([H])[H])C([H])([H])C([H])([H])[H]
21,21,1,[H]C1=C([H])C2([H])C([H])([H])C([H])=C([H])C2([H])C([H])([H])C1([H])[H]
13,13,1,[H]OC([H])([H])C(=O)c1noc(=O)o1
13,12,0,[H]C(=O)C1ON=C([H])N=C1N([H])[H]
19,19,1,[H]N1C([H])([H])C2(OC2([H])[H])C1([H])C([H])([H])C([H])([H])[H]
21,21,1,[H]N1C([H])([H])C23N(C2([H])[H])C3([H])C1([H])C([H])([H])C([H])([H])[H]
21,21,1,[H]C1=C([H])C2(OC2([H])[H])C([H])([H])C1([H])C([H])([H])C([H])([H])[H]
22,22,1,[H]OC1([H])C2([H])N([H])C([H])(C2([H])[H])C1(C([H])([H])[H])C([H])([H])[H]
17,17,1,[H]N([H])C1(C#N)N([H])C([H])([H])C2([H])N([H])C12[H]
17,17,1,[H]C([H])([H])C12C(=O)C3([H])OC3([H])C1([H])C2([H])[H]
19,19,1,[H]OC1([H])C(=O)C(O[H])(C([H])([H])C([H])([H])[H])C1([H])[H]
12,12,1,[H]C#CC([H])([H])C#CC([H])=N[H]
16,16,1,[H]OC12C([H])=NC3([H])N([H])C1([H])N([H])C32[H]
19,19,1,[H]C([H])([H])C12OC([H])([H])C3([H])C4([H])C([H])(C31[H])C42[H]
20,20,1,[H]N=C(O[H])C([H])(O[H])C([H])(C([H])([H])[H])C([H])([H])O[H]
19,19,1,[H]OC12C([H])([H])C3=C([H])C([H])([H])C1([H])C3([H])C2([H])[H]
20,20,1,[H]OC1=C(C([H])([H])C([H])([H])[H])C([H])([H])C([H])([H])C1([H])[H]
18,18,1,[H]OC1([H])C2([H])C(=O)C([H])([H])C1(C([H])=O)C2([H])[H]
19,19,1,[H]C#CC1([H])C2([H])C([H])([H])C3([H])C1([H])C23C([H])([H])[H]
16,16,1,[H]C(=O)C1=C([H])N([H])C([H])([H])C([H])([H])C1=O
18,18,1,[H]OC([H])([H])C(=O)c1oc(C([H])([H])[H])c([H])c1[H]
19,19,1,[H]C#CC1(C([H])([H])C([H])([H])C([H])([H])[H])N([H])C1([H])[H]
17,15,0,[H]C([H])([H])N1N=C(C([H])([H])C([H])([H])C#N)NN1
20,20,1,[H]C1([H])OC2(C([H])([H])N3C([H])([H])C31[H])C([H])([H])C2([H])[H]
17,17,1,[H]c1nc(C([H])([H])OC([H])([H])[H])oc1N([H])[H]
20,20,1,[H]C(=O)C([H])(C#CC([H])([H])C([H])([H])[H])N([H])C([H])([H])[H]
21,21,1,[H]C(=O)OC([H])(C([H])=C([H])C([H])([H])C([H])([H])[H])C([H])([H])[H]
21,21,1,[H]OC([H])([H])C([H])([H])C1([H])OC12C([H])([H])C([H])([H])C2([H])[H]
16,16,1,[H]N=C1OC2([H])C([H])([H])OC2([H])C([H])=C1[H]
16,16,1,[H]OC([H])(N([H])[H])C1([H])C([H])([H])C1([H])C#N
18,17,0,[H]C1=C([H])C2(N([H])C1[H])C([H])([H])C21N([H])C1([H])[H]
17,17,1,[H]N([H])C(C(=O)C([H])([H])[H])=C(N([H])[H])N([H])[H]
17,17,1,[H]C(=O)OC([H])([H])N([H])C(=O)N([H])C([H])([H])[H]
23,23,1,[H]OC1([H])C([H])([H])C([H])(C(=C([H])[H])C([H])([H])C([H])([H])[H])C1([H])[H]
17,17,1,[H]C1=NC2([H])OC3([H])C([H])([H])C([H])(N1[H])C23[H]
16,15,0,
17,17,1,[H]N1C([H])([H])C2(C([H])([H])C#N)OC([H])([H])C12[H]
17,16,0,[H]OC1C2=NC3([H])C([H])([H])C2(C1([H])[H])C3([H])[H]
21,21,1,[H]C1=C([H])C([H])([H])C([H])(C2([H])OC([H])([H])C2([H])[H])C1([H])[H]
19,19,1,[H]C1=NC2(C([H])([H])[H])C(=NC([H])([H])[H])C1([H])C2([H])[H]
16,16,1,[H]C(=O)C1(C([H])=O)C([H])([H])C1([H])C([H])([H])[H]
17,17,1,[H]C(=O)C1=C([H])C([H])([H])C([H])([H])C([H])([H])N1[H]
19,19,1,[H]C(=O)C1([H])N([H])C2([H])C([H])([H])C2(C([H])([H])[H])N1[H]
19,19,1,[H]C1=C(C([H])([H])[H])C([H])([H])C([H])([H])OC12OC2([H])[H]
20,20,1,[H]C#CC1([H])C([H])([H])C2(N(C([H])([H])[H])C2([H])[H])C1([H])[H]
12,12,1,[H]N=c1oc([H])c(F)c([H])c1[H]
15,15,1,[H]C#CC1([H])OC2([H])OC3([H])C1([H])C23[H]
16,16,1,[H]C#CC1=C([H])N=NN([H])C1([H])C([H])([H])[H]
16,16,1,[H]C(=O)C([H])(C#CC([H])([H])C#N)C([H])([H])[H]
18,16,0,[H]C(=O)C12NC1([H])C([H])([H])C([H])C2([H])C([H])([H])[H]
18,18,1,[H]C#CC1([H])C([H])([H])N=C([H])C([H])(O[H])C1([H])[H]
17,17,1,[H]N([H])C([H])([H])C(=O)C([H])([H])C#CC([H])([H])[H]
11,9,0,[H]OC1N=C([H])C([N+](=O)[O-])=N1
19,19,1,[H]OC1([H])C([H])([H])C([H])(OC([H])([H])C([H])=O)C1([H])[H]
16,16,1,[H]N=c1oc(N([H])[H])c([H])c(N([H])[H])c1[H]
13,12,0,[H]C1OC(C([H])([H])[H])=NC1([H])C#N
20,20,1,[H]N([H])C(=O)C1(N([H])C([H])([H])[H])N(C([H])([H])[H])C1([H])[H]
22,22,1,[H]N([H])C1(C([H])([H])[H])C2([H])OC([H])([H])C([H])([H])C([H])([H])C21[H]
13,11,0,[H]OC([H])([H])C1=NC([N+](=O)[O-])N1[H]
21,21,1,[H]OC([H])([H])C([H])(C#N)C([H])(N([H])[H])C([H])([H])C([H])([H])[H]
17,17,1,[H]C(=O)C([H])([H])C([H])([H])C(=O)N([H])C([H])([H])[H]
19,18,0,
15,15,1,[H]C1([H])N2C(=O)C3([H])C([H])([H])C3([H])C21[H]
13,10,0,[H]C1=C2OC([H])=C([H])OC2C([H])N1
17,17,1,[H]OC1([H])C([H])([H])C1(C(=O)N([H])[H])C([H])([H])[H]
13,12,0,
15,15,1,[H]N1C(=O)N([H])C2([H])C([H])([H])N([H])C12[H]
21,21,1,[H]OC([H])([H])C1([H])N([H])C([H])([H])C([H])(C([H])([H])[H])C1([H])[H]
19,18,0,[H]OC1C2([H])C([H])(N([H])[H])C3([H])C2([H])C13C([H])([H])[H]
21,21,1,[H]N1C([H])([H])C2(C1([H])[H])C([H])([H])C2([H])C([H])([H])C([H])([H])[H]
16,16,1,[H]N=C1N([H])C2([H])C([H])([H])C2([H])C1([H])O[H]
18,18,1,[H]N1C(=O)C([H])([H])C([H])([H])OC1([H])OC([H])([H])[H]
23,23,1,[H]OC1(C(=O)C([H])([H])C([H])([H])C([H])([H])[H])N([H])C([H])([H])C1([H])[H]
17,17,1,[H]C#CC12C([H])=C([H])C([H])=C1C([H])([H])C2([H])[H]
20,20,1,[H]C#CC([H])(C([H])([H])C(=O)N([H])[H])C([H])([H])C([H])([H])[H]
16,16,1,[H]c1nc(OC([H])([H])C([H])([H])[H])c([H])n1[H]
16,16,1,[H]N=C1n2nc([H])c([H])c2C([H])([H])C1([H])[H]
16,16,1,[H]C(=NOC([H])([H])[H])c1c([H])nc([H])n1[H]
13,13,1,[H]C([H])([H])N1C(=O)C(=O)OC1([H])[H]
24,24,1,[H]N=C(C([H])([H])C([H])([H])[H])C([H])(C([H])([H])[H])C([H])(O[H])C([H])([H])[H]
16,15,0,
19,19,1,[H]C(=O)C1([H])C2([H])C([H])([H])C1(OC([H])([H])[H])C2([H])[H]
17,17,1,[H]OC([H])([H])C([H])=C([H])C1([H])C([H])([H])C1([H])[H]
19,19,1,[H]OC([H])([H])C1(C([H])([H])[H])N([H])C1(C#N)C([H])([H])[H]
15,15,1,[H]N=C([H])N1C(=O)C2(OC2([H])[H])C1([H])[H]
17,17,1,[H]N([H])C(=O)N=C1OC([H])(C([H])([H])[H])C1([H])[H]
18,18,1,[H]C(=O)C#CC([H])([H])C1([H])N([H])C([H])([H])C1([H])[H]
22,22,1,[H]OC([H])([H])C([H])([H])C1=C([H])C([H])([H])C([H])(C([H])([H])[H])N1[H]
15,15,1,[H]OC12C(=O)C([H])(C(N([H])[H])=C1[H])N2[H]
16,16,1,[H]N(C(=O)N([H])C([H])([H])[H])C(=O)C([H])([H])[H]
19,19,1,[H]N=C1C2([H])N(C([H])([H])[H])C2([H])C2([H])C([H])([H])C12[H]
18,18,1,[H]OC1(N([H])[H])C2([H])N([H])C3([H])N2C([H])([H])C31[H]
20,20,1,[H]C([H])([H])C1([H])C([H])([H])C1([H])C1([H])OC([H])([H])C1([H])[H]
16,16,1,[H]C1([H])C([H])([H])C2([H])C3([H])C(=O)C1([H])C32[H]
17,16,0,[H]C1C(=O)N([H])C12C([H])([H])OC([H])([H])C2([H])[H]
15,12,0,[H]C1NC2([H])C(=O)C([H])C3([H])C1([H])C23[H]
17,16,0,
13,12,0,
18,18,1,[H]OC1([H])N2C3([H])C1(O[H])C([H])([H])C23C([H])([H])[H]
19,19,1,[H]OC([H])([H])C1([H])OC([H])([H])C1(C([H])=O)C([H])([H])[H]
21,21,1,[H]OC([H])([H])C#CC([H])([H])C([H])([H])C1([H])C([H])([H])C1([H])[H]
19,19,1,[H]OC1([H])C2([H])C([H])=C3C([H])([H])C1([H])C([H])([H])C32[H]
19,18,0,[H]OC1C2([H])C([H])([H])C([H])([H])C1(C([H])([H])[H])C2([H])[H]
18,18,1,[H]OC12C([H])=C([H])C([H])(OC1([H])[H])C21OC1([H])[H]
19,19,1,[H]C1=C([H])C2(C([H])([H])[H])C([H])([H])C3([H])C1([H])OC32[H]
15,15,1,[H]N=c1onnc(C([H])([H])[H])c1N([H])[H]
19,19,1,[H]OC([H])([H])C([H])(O[H])C([H])(O[H])C([H])(C#N)O[H]
22,19,0,[H]OC([H])C1(C(=O)C([H])([H])C([H])([H])[H])C([H])([H])C1([H])[H]
16,16,1,[H]N1C([H])([H])C1([H])C1([H])OC([H])([H])C1([H])[H]
18,15,0,[H]C1C([H])C([H])([H])C23C1C([H])(OC2([H])[H])C3([H])[H]
12,12,1,[H]C([H])(C#N)C([H])([H])C(=O)C#N
14,13,0,
17,17,1,[H]N1C([H])(OC([H])([H])[H])C1([H])C(=O)C([H])([H])[H]
21,21,1,[H]OC12C([H])([H])C3(C([H])([H])[H])C([H])([H])C1(C([H])([H])[H])C23[H]
16,12,0,
18,18,1,[H]OC12C([H])([H])C1(N([H])[H])C([H])([H])C2([H])C([H])=O
21,21,1,[H]OC([H])(C([H])([H])[H])C([H])([H])N([H])C([H])([H])C(=O)N([H])[H]
12,12,1,[H]OC1([H])C([H])([H])OC1([H])C#N
15,15,1,[H]N=C(N(C([H])=O)C([H])([H])[H])C([H])([H])[H]
23,23,1,[H]C1=NN(C([H])([H])[H])C([H])([H])C1([H])C([H])([H])C([H])([H])C([H])([H])[H]
21,21,1,[H]N1C([H])(C([H])([H])[H])C1([H])C1([H])C([H])([H])C1([H])C([H])([H])[H]
21,21,1,[H]OC([H])([H])C([H])([H])C12C(=C([H])C([H])([H])C1([H])[H])C2([H])[H]
18,18,1,[H]C([H])([H])N1C([H])([H])C(=O)C2([H])OC12C([H])([H])[H]
16,13,0,
17,17,1,[H]C1=C(C([H])([H])[H])C([H])(C([H])([H])[H])C(=O)N1[H]
15,15,1,[H]C1([H])OC2([H])C(=O)OC3([H])C1([H])C23[H]
18,18,1,[H]C#CC([H])([H])C1(O[H])N([H])C1([H])C([H])([H])O[H]
17,17,1,[H]C(=O)N([H])C1([H])C([H])([H])OC([H])([H])C1([H])[H]
19,19,1,[H]OC1(OC([H])([H])[H])C([H])([H])C2([H])OC1([H])C2([H])[H]
15,12,0,[H]C#CC1([H])C([H])(O)N2C([H])(O)C21[H]
21,21,1,[H]C1=C([H])C2([H])N3C1([H])OC([H])(C([H])([H])[H])C([H])([H])C32[H]
22,22,1,[H]N=C(C([H])(OC([H])([H])[H])C([H])([H])[H])C1([H])C([H])([H])C1([H])[H]
20,20,1,[H]N1C2([H])C([H])([H])C3([H])C([H])([H])C1([H])C1([H])C2([H])C31[H]
13,13,1,[H]C#CC1=NC([H])=NC([H])([H])C1=O
15,14,0,[H]ON=C1NC([H])=C([H])C([H])([H])C1([H])[H]
15,15,1,[H]ON=C1C([H])([H])C([H])([H])C1([H])C([H])=O
18,18,1,[H]N1C(=O)C([H])(C([H])([H])[H])C(=O)C1([H])C([H])([H])[H]
14,14,1,[H]OC([H])(C([H])=O)c1nc([H])nn1[H]
14,14,1,[H]C#CC12OC([H])([H])OC1([H])C2([H])[H]
16,16,1,[H]C#CC([H])([H])C([H])([H])c1oc([H])nc1[H]
14,14,1,[H]C(=O)n1c([H])c(N([H])[H])n([H])c1=O
19,19,1,[H]OC12C([H])=C([H])C([H])(OC1([H])[H])C2([H])C([H])([H])[H]
20,20,1,[H]C([H])(C#N)C([H])([H])C1([H])OC([H])([H])C([H])([H])C1([H])[H]
20,20,1,[H]OC([H])([H])C1([H])C([H])=C([H])C([H])([H])N([H])C1([H])O[H]
23,22,0,[H]C(=C=CC([H])([H])[H])C([H])(C([H])([H])[H])C([H])([H])N([H])C([H])([H])[H]
19,19,1,[H]C1([H])N(C([H])([H])C2(C#N)C([H])([H])C2([H])[H])C1([H])[H]
21,21,1,[H]N1C2([H])N3C([H])([H])C1([H])C([H])(C([H])([H])[H])C32C([H])([H])[H]
21,21,1,[H]C([H])([H])OC([H])([H])C1([H])C([H])([H])C([H])([H])C12OC2([H])[H]
16,16,1,[H]C(=O)C([H])([H])N1C2([H])OC3([H])C1([H])C23[H]
17,15,0,
16,16,1,[H]OC([H])([H])C#CC1([H])C(=O)N([H])C1([H])[H]
19,19,1,[H]C1=NC([H])([H])C([H])(C([H])([H])C(=O)C([H])([H])[H])N1[H]
16,16,1,[H]OC1([H])C([H])([H])C12C([H])(C#N)C2([H])O[H]
19,19,1,[H]N(C(=O)C([H])([H])[H])C([H])(C([H])([H])[H])C([H])([H])C#N
18,18,1,[H]OC([H])(C#N)C([H])([H])C1([H])C([H])([H])OC1([H])[H]
15,13,0,
15,15,1,[H]ON=C1C([H])([H])C(=O)C([H])([H])C1([H])[H]
19,19,1,[H]OC([H])([H])C(=O)OC(O[H])(C([H])([H])[H])C([H])([H])[H]
18,18,1,[H]C#CC1(C2([H])N([H])C2([H])[H])C([H])([H])C1([H])O[H]
23,23,1,[H]C([H])([H])C1([H])OC([H])(C([H])([H])[H])C([H])(C([H])([H])[H])OC1([H])[H]
21,21,1,[H]OC1([H])C([H])([H])C([H])(C([H])=O)C1(C([H])([H])[H])C([H])([H])[H]
21,21,1,[H]C#CC([H])(O[H])C([H])([H])C([H])([H])C([H])([H])C([H])([H])O[H]
20,19,0,
20,20,1,[H]OC([H])(N([H])[H])C1(C2([H])N([H])C2([H])[H])N([H])C1([H])[H]
21,21,1,[H]OC1([H])C([H])([H])C2([H])C([H])([H])C([H])(O[H])C2([H])C1([H])[H]
21,21,1,[H]OC1([H])C2([H])C([H])([H])C1(C([H])([H])[H])OC2([H])C([H])([H])[H]
19,19,1,[H]C([H])([H])OC1([H])C([H])([H])C12C([H])([H])C(=O)C2([H])[H]
23,23,1,[H]OC([H])([H])C([H])([H])C([H])([H])C1(O[H])C([H])([H])C([H])([H])C1([H])[H]
19,18,0,[H]C([H])OC([H])([H])C([H])(OC([H])([H])[H])C([H])([H])C#N
13,12,0,[H]ON=C1C(O[H])N=C(O[H])N1[H]
20,20,1,[H]N=C([H])C1(C([H])(O[H])C([H])([H])C([H])([H])[H])OC1([H])[H]
21,21,1,[H]OC1([H])C([H])([H])N([H])C2([H])C([H])([H])C2([H])N([H])C1([H])[H]
14,13,0,
23,23,1,[H]OC([H])([H])C([H])(N([H])C([H])([H])[H])C([H])(C([H])([H])[H])C([H])([H])[H]
21,21,1,[H]C#CC([H])([H])C1([H])C([H])([H])C2([H])C([H])(C([H])([H])[H])C12[H]
21,21,1,[H]C([H])([H])C1([H])C([H])([H])C2([H])OC([H])([H])C([H])([H])OC21[H]
15,15,1,[H]N1C2([H])OC([H])([H])C1([H])C([H])([H])C2=O
18,18,1,[H]C([H])([H])OC([H])([H])C1(C([H])([H])[H])OC([H])([H])O1
21,21,1,[H]OC1([H])C([H])([H])C([H])([H])C2([H])OC1([H])C([H])([H])C2([H])[H]
18,18,1,[H]N([H])C1([H])OC(=NC([H])([H])[H])C1=NC([H])([H])[H]
12,11,0,[H]C1=C([H])C2([H])N=CN3N1C32[H]
23,21,0,[H]C1C([H])([H])OC([H])C([H])(C([H])([H])C([H])([H])C([H])([H])[H])C1([H])[H]
17,17,1,[H]C#CC1([H])N([H])C(C#N)(C([H])([H])[H])C1([H])[H]
19,19,1,[H]C(=O)OC([H])([H])C(C([H])=O)(C([H])([H])[H])C([H])([H])[H]
14,10,0,[H]C1=C([H])C(N([H])[H])C([H])C([H])C1[H]
18,18,1,[H]C([H])([H])C([H])([H])C12C([H])([H])C3([H])OC1([H])C32[H]
11,11,1,[H]Oc1oc([H])c([H])c1O[H]
21,21,1,[H]C1([H])OC([H])([H])C([H])([H])C2([H])C([H])([H])OC2([H])C1([H])[H]
19,19,1,[H]C#CC1([H])OC([H])([H])C([H])([H])C([H])(C([H])([H])[H])O1
22,21,0,[H]C1=C([H])C([H])(C([H])([H])[H])C([H])([H])N([H])C1N([H])C([H])([H])[H]
18,18,1,[H]OC([H])([H])C([H])([H])C1([H])C2([H])OC([H])([H])C21[H]
19,19,1,[H]OC([H])([H])C([H])(N([H])[H])C1(C([H])([H])[H])OC1([H])[H]
21,21,1,[H]OC([H])([H])C([H])([H])C([H])([H])N=C(C([H])([H])[H])C([H])([H])[H]
22,22,1,[H]C([H])([H])N1C([H])([H])C2([H])C([H])([H])C3(C([H])([H])[H])C1([H])C23[H]
15,13,0,
20,20,1,[H]OC1(C([H])=O)C([H])([H])C([H])(C([H])=O)C1([H])C([H])([H])[H]
12,10,0,[H]c1oc(O)c(N=N)c1N([H])[H]
18,18,1,[H]N=C1OC2([H])C([H])(O[H])C([H])([H])C2([H])C1([H])[H]
15,15,1,[H]c1nc(C2([H])C([H])([H])C2([H])[H])c([H])o1
17,14,0,
21,21,1,[H]C(=O)C([H])([H])C([H])([H])C1([H])C([H])([H])C12C([H])([H])C2([H])[H]
20,20,1,[H]OC([H])([H])C1(N2C([H])([H])C2([H])[H])C([H])([H])C1([H])O[H]
18,18,1,[H]C([H])([H])N1C(=O)OC([H])([H])C2([H])C([H])([H])C12[H]
18,18,1,[H]C#CC1([H])C2([H])C3([H])C([H])([H])C3(N([H])[H])C12[H]
15,15,1,[H]C([H])([H])C([H])([H])C([H])(C#N)C([H])([H])[H]
17,17,1,[H]C([H])([H])C12C3([H])OC([H])(C3=O)C1([H])C2([H])[H]
19,18,0,[H]OC1(C([H])([H])[H])C2([H])C([H])C([H])([H])N3C2([H])C31[H]
16,16,1,[H]C#CC1([H])ON=C(C([H])([H])[H])C1([H])O[H]
16,16,1,[H]N=C(c1nc([H])oc1N([H])[H])C([H])([H])[H]
19,19,1,[H]ON=C1N2C([H])([H])C([H])(C([H])([H])[H])C2([H])C1([H])[H]
13,13,1,[H]N=C([H])OC([H])(C#N)C([H])([H])[H]
20,20,1,[H]OC([H])(c1c(OC([H])([H])[H])nc([H])n1[H])C([H])([H])[H]
14,14,1,[H]N=c1c(C([H])([H])[H])noc([H])c1[H]
14,14,1,[H]OC1=C([H])C([H])(O[H])N=C([H])C1=O
16,15,0,[H]N1C(C([H])([H])[H])=NC(F)N=C1C([H])([H])[H]
17,14,0,[H]C1=C([H])C([H])C(OC([H])([H])[H])C(N([H])[H])O1
20,20,1,[H]OC([H])([H])C12C([H])([H])C1([H])C1([H])N([H])C([H])([H])C12[H]
17,17,1,[H]C([H])([H])C12C([H])([H])N3C([H])([H])C1(C#N)C32[H]
15,14,0,[H]C#CC1([H])N([H])C(OC([H])=O)C1([H])[H]
21,21,1,[H]N1C(C#N)(C([H])([H])[H])C([H])([H])C1(C([H])([H])[H])C([H])([H])[H]
14,13,0,[H]C1=C([H])N(C([H])([H])[H])C(=O)C1C#N
18,18,1,[H]OC1([H])C2([H])N([H])C([H])([H])C1([H])C2([H])C([H])=O
16,16,1,[H]C([H])([H])N=C1C([H])(C#N)N2C([H])([H])C12[H]
18,17,0,[H]OC1C([H])(C([H])=O)C([H])=C([H])C1([H])C([H])([H])[H]
19,19,1,[H]C([H])([H])OC1([H])C([H])([H])C1([H])OC(=O)C([H])([H])[H]
23,23,1,[H]C([H])([H])C([H])([H])C1([H])C2([H])C([H])(C([H])([H])[H])OC12C([H])([H])[H]
19,19,1,[H]N1C([H])([H])C([H])([H])C2([H])C1(C#N)C2([H])C([H])([H])[H]
20,20,1,[H]C(=O)C([H])([H])C12N(C([H])([H])C1([H])[H])C2([H])C([H])([H])[H]
14,14,1,[H]Oc1c([H])c2oc([H])c([H])c2n1[H]
21,21,1,[H]C(=O)OC([H])(C([H])([H])[H])C1([H])C([H])([H])C([H])([H])C1([H])[H]
16,16,1,[H]N=C([H])C([H])(C([H])([H])[H])C([H])(C#N)O[H]
19,19,1,[H]OC1(C([H])([H])[H])C2([H])C(=O)C([H])([H])C1([H])C2([H])[H]
21,21,1,[H]N(C([H])([H])C([H])([H])[H])C12N3C([H])([H])C1([H])C([H])([H])C32[H]
15,15,1,[H]N1C(=O)C2([H])OC([H])(C1([H])[H])C2([H])[H]
18,18,1,[H]C1=C([H])C2([H])OC([H])([H])N([H])C2([H])C([H])([H])O1
16,16,1,[H]OC12C(=O)C1([H])C1([H])N(C([H])([H])[H])C21[H]
19,19,1,[H]C#CC([H])([H])C([H])([H])OC([H])([H])C([H])([H])C#C[H]
17,17,1,[H]OC([H])([H])C1=NC([H])([H])C([H])(C([H])([H])[H])O1
18,18,1,[H]C#CC1(N2C([H])([H])C2([H])[H])C([H])([H])C1([H])O[H]
13,13,1,[H]N=c1nnc(N([H])[H])nc([H])n1
21,20,0,
22,22,1,[H]N(C([H])([H])[H])C1([H])C([H])([H])OC2([H])C([H])([H])C21C([H])([H])[H]
21,21,1,[H]OC([H])([H])C([H])([H])C1([H])C([H])([H])C1(O[H])OC([H])([H])[H]
22,22,1,[H]C([H])([H])C([H])([H])C12C([H])([H])C1(C([H])([H])C([H])([H])[H])C2([H])[H]
16,15,0,[H]OC1([H])C([H])([H])OC2([H])C([H])(O)C12O[H]
18,16,0,
17,17,1,[H]OC([H])(C([H])([H])[H])C1([H])C(=O)C12OC2([H])[H]
16,15,0,[H]C1N2C3([H])C1([H])C(=O)N([H])C([H])([H])C23[H]
18,18,1,[H]C1([H])OC2([H])C3([H])C([H])([H])C([H])([H])C12C3([H])[H]
18,17,0,[H]C1=C([H])C2C([H])([H])C3([H])C([H])([H])C2(O1)C3([H])[H]
23,23,1,[H]OC([H])([H])C([H])(C1([H])OC([H])([H])C1([H])[H])C1([H])N([H])C1([H])[H]
16,16,1,[H]N=C1OC(O[H])(O[H])C12C([H])([H])C2([H])[H]
18,18,1,[H]C([H])([H])C12C([H])([H])C1([H])C([H])([H])C21OC1([H])[H]
21,19,0,
17,17,1,[H]N1C2=C(C(=O)C1([H])[H])C([H])([H])N([H])C2([H])[H]
20,19,0,[H]C1C(=NC([H])([H])[H])C2(N1C([H])([H])[H])C([H])([H])C2([H])[H]
18,17,0,
23,23,1,[H]OC1(C([H])([H])[H])C([H])([H])C2(C([H])([H])[H])C([H])(C([H])([H])[H])C12[H]
21,21,1,[H]OC1([H])C(=O)C([H])([H])C([H])([H])C([H])([H])C([H])([H])C1([H])[H]
16,16,1,[H]C1([H])OC23C4([H])N5C4([H])C2([H])C53C1([H])[H]
12,11,0,
21,21,1,[H]OC1([H])C2([H])C([H])([H])C([H])([H])C(O[H])(C([H])([H])[H])C12[H]
21,21,1,[H]OC([H])([H])C([H])([H])C([H])([H])C#CC([H])([H])OC([H])([H])[H]
15,15,1,[H]c1nn2c(c1[H])C([H])([H])C(=O)C2([H])[H]
14,14,1,[H]C([H])(C#N)C([H])([H])C([H])(C#N)C#N
16,16,1,[H]ON=C(C(=O)N([H])[H])C([H])=NC([H])([H])[H]
19,19,1,[H]C1([H])OC23C([H])([H])C4([H])C([H])([H])C2(C1([H])[H])C43[H]
15,15,1,[H]N(C(=O)C([H])([H])[H])C(=O)C([H])([H])C#N
15,15,1,[H]OC1=C(N([H])O[H])C([H])([H])N([H])C1=O
19,19,1,[H]N=C1OC([H])([H])C1([H])C([H])([H])C([H])([H])C([H])([H])[H]
19,19,1,[H]N=C([H])C([H])(O[H])C1([H])OC([H])([H])N([H])C1([H])[H]
21,20,0,[H]C1OC2(N([H])C([H])([H])[H])C1([H])C2(C([H])([H])[H])C([H])([H])[H]
16,16,1,[H]OC([H])([H])C([H])([H])C1([H])OC([H])([H])C1=O
19,19,1,[H]OC([H])([H])C([H])([H])N(C([H])=C([H])C#N)C([H])([H])[H]
18,18,1,[H]OC([H])([H])C1([H])C(=O)C2([H])N(C2([H])[H])C1([H])[H]
18,17,0,
19,19,1,[H]C1([H])OC([H])([H])C12N1C(=O)C1([H])C([H])([H])C2([H])[H]
21,21,1,[H]N1C2([H])C([H])([H])C([H])([H])C([H])([H])C1(C([H])([H])[H])C2([H])[H]
18,17,0,[H]C(=O)C(OC([H])([H])[H])C(=NC([H])([H])[H])N([H])[H]
15,15,1,[H]OC1([H])C2([H])C([H])([H])C([H])([H])C12C#N
20,20,1,[H]C([H])([H])C1([H])C([H])([H])C2([H])OC([H])([H])C2([H])C1([H])[H]
19,19,1,[H]OC([H])([H])C1([H])C2([H])C(=NC([H])([H])[H])N([H])C21[H]
14,14,1,[H]C(=O)c1c(N([H])[H])nnc([H])c1[H]
19,19,1,[H]C([H])([H])C12OC([H])(C([H])([H])C([H])([H])C1=O)C2([H])[H]
20,20,1,[H]C([H])([H])C1([H])OC([H])([H])C([H])([H])C([H])(C([H])([H])[H])O1
20,20,1,[H]C([H])([H])C1([H])OC2([H])C([H])([H])C1([H])C2([H])C([H])([H])[H]
25,25,1,[H]C([H])([H])OC1(C([H])([H])[H])C([H])([H])C1(C([H])([H])[H])C([H])([H])C([H])([H])[H]
15,11,0,
18,16,0,[H]C1=NNC(N([H])C([H])([H])C([H])([H])[H])C([H])=C1[H]
18,18,1,[H]N1C([H])([H])C([H])(C([H])([H])C#N)C1([H])C([H])([H])[H]
13,13,1,[H]c1oc(C#N)c([H])c1C([H])([H])[H]
14,14,1,[H]c1nc2c(nc([H])n2C([H])([H])[H])o1
16,14,0,[H]N1N=C(C([H])([H])[H])C(N([H])C([H])([H])[H])N1
13,13,1,[H]C#CC12OC3([H])N1C3([H])C2([H])[H]
19,19,1,[H]C([H])([H])C([H])([H])C([H])([H])C1(C([H])([H])[H])OC1([H])[H]
16,16,1,[H]N=C1OC2(C([H])([H])[H])C([H])([H])N([H])C12[H]
17,17,1,[H]C(=O)C1(C2([H])OC2([H])[H])C([H])([H])OC1([H])[H]
18,18,1,[H]c1c(N([H])[H])c(C([H])([H])C([H])([H])[H])c([H])n1[H]
11,11,1,[H]C(=O)Oc1noc([H])c1[H]
19,19,1,[H]OC1([H])C([H])([H])C([H])([H])C1([H])C(=O)OC([H])([H])[H]
19,19,1,[H]C1=C([H])C2([H])OC1([H])C([H])([H])C2([H])OC([H])([H])[H]
21,21,1,[H]C(=O)C1([H])C([H])([H])C([H])([H])C2([H])C([H])([H])C12C([H])([H])[H]
21,21,1,[H]C([H])([H])C1(C2([H])C([H])([H])OC2([H])[H])OC([H])([H])C1([H])[H]
20,20,1,[H]OC([H])([H])C1([H])C([H])([H])C12N=C(C([H])([H])[H])C2([H])[H]
16,15,0,
17,16,0,[H]N=C1OC([H])(C([H])([H])[H])C2([H])C1OC2([H])[H]
12,12,1,[H]C#CC1(C(=O)C#N)OC1([H])[H]
16,15,0,[H]OC([H])([H])C([H])([H])C1N=C([H])OC1([H])[H]
16,16,1,[H]C1=NC([H])([H])c2c1nc(C([H])([H])[H])n2[H]
16,16,1,[H]OC1(C#N)C2([H])C([H])([H])C3([H])C1([H])C23[H]
15,15,1,[H]N1C2([H])C3([H])OC3([H])C([H])([H])C12C#N
17,17,1,[H]OC1(C([H])([H])C([H])([H])[H])C(=O)N([H])C1([H])[H]
17,17,1,[H]C1([H])OC(=O)OC2([H])C([H])([H])C([H])([H])C12[H]
19,19,1,[H]C1=C([H])C2([H])C3([H])C([H])([H])C2([H])C3([H])C([H])([H])O1
19,18,0,
24,24,1,[H]C1=C([H])C([H])([H])C2([H])C([H])([H])C([H])([H])C([H])([H])OC2([H])C1([H])[H]
21,20,0,[H]C([H])([H])C1([H])C2([H])C([H])([H])C1([H])C2([H])[H]
21,21,1,[H]OC1([H])C2([H])N([H])C2([H])C1([H])C([H])([H])C([H])([H])N([H])[H]
17,17,1,[H]OC1([H])C([H])=C([H])C([H])=NC([H])([H])C1([H])[H]
21,21,1,[H]OC([H])(C(=O)C([H])([H])[H])C([H])([H])C([H])([H])OC([H])([H])[H]
19,19,1,[H]OC1([H])C([H])([H])C2([H])OC2([H])C12C([H])([H])C2([H])[H]
15,14,0,[H]C(=O)C1([H])N=C2C(O1)C([H])=NC2([H])[H]
17,15,0,
12,12,1,[H]Oc1c([H])nnc(C#N)c1[H]
18,18,1,[H]C([H])([H])C12C(=O)N3C([H])([H])C3([H])C1([H])C2([H])[H]
15,15,1,[H]OC([H])(C(=O)C([H])([H])[H])C([H])([H])C#N
19,19,1,[H]C(=O)C12C([H])([H])C3([H])C1([H])C3(C([H])([H])[H])C2([H])[H]
18,18,1,[H]OC1([H])C([H])([H])N(C([H])([H])[H])C1([H])OC([H])=O
19,17,0,
17,17,1,[H]OC12C([H])([H])OC1(C([H])([H])[H])C2([H])C([H])=O
17,17,1,[H]N(C(=O)C([H])([H])[H])C1([H])C([H])([H])OC1([H])[H]
13,12,0,[H]c1c(C2([H])OC2([H])[H])o[nH]c1=O
20,20,1,[H]OC(C([H])([H])[H])(C([H])([H])[H])C12OC1([H])C([H])([H])N2[H]
17,17,1,[H]N=C1N([H])C(=O)C([H])(N([H])C([H])([H])[H])N1[H]
21,21,1,[H]OC([H])([H])C([H])(O[H])C1(O[H])C([H])([H])C([H])([H])C1([H])[H]
16,15,0,[H]ON=C1C([H])=C([H])C([H])C([H])=C1N([H])[H]
18,17,0,[H]C#CC([H])([H])C1C2([H])OC2([H])C2([H])N([H])C12[H]
11,11,1,[H]c1nn([H])c(=O)c([H])c1[H]
17,17,1,[H]OC12C([H])([H])C3([H])C([H])(C31[H])C21OC1([H])[H]
18,18,1,[H]OC([H])([H])C1=C([H])C([H])([H])N=C2C([H])([H])C21[H]
21,21,1,[H]C1=C(N([H])C([H])([H])[H])C([H])([H])C([H])([H])C([H])([H])C1([H])[H]
23,23,1,[H]OC([H])(C([H])([H])[H])C1([H])C([H])([H])OC([H])([H])C([H])([H])C1([H])[H]
14,13,0,
15,15,1,[H]C#CC([H])(C([H])=O)C([H])([H])C([H])([H])[H]
16,15,0,
22,22,1,[H]C([H])([H])C1(C([H])([H])[H])N2C3([H])C([H])([H])C3(C([H])([H])[H])C21[H]
19,19,1,[H]N=C1N([H])C(=O)C1([H])C([H])([H])C([H])([H])C([H])([H])[H]
18,18,1,[H]C([H])([H])C1([H])C([H])([H])C2([H])C3([H])C([H])([H])OC132
20,20,1,[H]OC([H])([H])C(=O)C([H])([H])C([H])(C([H])([H])[H])C([H])([H])[H]
21,21,1,[H]N(C1([H])C([H])([H])C1([H])[H])C1(C([H])([H])[H])C([H])([H])C1([H])[H]
18,18,1,[H]OC([H])(C([H])([H])[H])C1([H])C([H])([H])OC1([H])C#N
20,18,0,[H]C1C([H])([H])OC2(N([H])[H])C1([H])C([H])C([H])([H])C2([H])[H]
15,15,1,[H]N1C2([H])C([H])([H])C3([H])OC3([H])C12C#N
22,22,1,[H]N1C([H])([H])C1([H])C1([H])N([H])C1([H])N(C([H])([H])[H])C([H])([H])[H]
21,21,1,[H]OC1([H])C2([H])C([H])([H])C([H])(C([H])([H])[H])C12OC([H])([H])[H]
21,21,1,[H]OC([H])(C([H])([H])[H])C([H])([H])N=C1OC2([H])C([H])([H])C12[H]
16,16,1,[H]C(=O)C1([H])OC1(C(=O)N([H])[H])C([H])([H])[H]
17,17,1,[H]N1C([H])([H])C2([H])OC12C([H])(C#N)C([H])([H])[H]
20,19,0,[H]C([H])([H])C(=O)OC(C([H])([H])[H])C1([H])C([H])([H])C1([H])[H]
14,13,0,[H]C1=NC(=O)C(C2([H])N([H])C2([H])[H])O1
16,16,1,[H]C#CC([H])(C([H])=O)C(=N[H])OC([H])([H])[H]
12,12,1,[H]C(=O)C12OC3([H])C1([H])OC32[H]
18,18,1,[H]N1C2([H])C(=O)C3([H])C1([H])C3([H])C2([H])C([H])([H])[H]
21,21,1,[H]C1=C([H])C2([H])C([H])([H])C([H])([H])C2([H])OC1([H])C([H])([H])[H]
19,19,1,[H]C(=O)C1(C([H])([H])[H])C2([H])C3([H])C1([H])C32C([H])([H])[H]
22,22,1,[H]N=C1C([H])([H])C2(C([H])([H])[H])C([H])([H])C2([H])C1([H])C([H])([H])[H]
20,20,1,[H]C1=C(C([H])([H])[H])C(=O)C2(OC([H])([H])C2([H])[H])C1([H])[H]
20,20,1,[H]C1([H])OC2(C1([H])[H])C([H])([H])C([H])([H])C([H])([H])C2([H])[H]
22,22,1,[H]N1C([H])([H])C1([H])C1(C2([H])C([H])([H])C2([H])[H])C([H])([H])C1([H])[H]
19,19,1,[H]C(=O)C([H])([H])C(C#N)(N([H])[H])C([H])([H])C([H])([H])[H]
22,22,1,[H]C([H])([H])C([H])([H])C1(C([H])([H])[H])OC([H])([H])C1([H])C([H])([H])[H]
18,18,1,[H]N1C2([H])C3([H])C1([H])C23C1(C([H])([H])[H])OC1([H])[H]
14,14,1,[H]C1([H])C([H])([H])C2(C#N)C([H])([H])C12[H]
16,16,1,[H]C#CC12OC([H])([H])C([H])(C1([H])[H])C2([H])[H]
18,18,1,[H]C#CC1([H])N2C([H])([H])C3([H])C2([H])C13C([H])([H])[H]
18,18,1,[H]C#CC1([H])C([H])([H])C2([H])N3C([H])([H])C3([H])C12[H]
18,18,1,[H]C([H])([H])OC([H])([H])C1([H])OC([H])(C#N)C1([H])[H]
14,14,1,[H]N=C1OC2([H])N=C([H])N([H])C2([H])O1
14,14,1,[H]Oc1c2c(c([H])n1[H])OC([H])([H])O2
16,16,1,[H]OC1(C#N)C([H])([H])OC1(O[H])C([H])([H])[H]
23,23,1,[H]C([H])([H])C1([H])C2([H])N3C1([H])C3(C1([H])C([H])([H])C1([H])[H])C2([H])[H]
16,16,1,[H]C1=C2C(=O)C([H])([H])C3([H])N2C3([H])C1([H])[H]
15,15,1,[H]OC1([H])N=C2C([H])([H])C2([H])C([H])=C1[H]
18,18,1,[H]OC1([H])OC([H])([H])C2([H])OC2([H])C1([H])C([H])=O
23,23,1,[H]OC1(C([H])([H])C([H])([H])OC([H])([H])[H])C([H])([H])C1([H])C([H])([H])[H]
21,21,1,[H]C([H])([H])OC1([H])C([H])([H])C([H])([H])C12OC2([H])C([H])([H])[H]
16,16,1,[H]C#CC(=O)C1=C([H])C([H])([H])N([H])C1([H])[H]
16,15,0,[H]OC12C([H])([H])C([H])([H])C3N([H])C1([H])C32[H]
13,13,1,[H]C(=O)C([H])(c1nnon1)N([H])[H]
20,20,1,[H]OC([H])([H])C(C#CC([H])([H])[H])(C([H])([H])[H])C([H])([H])[H]
17,17,1,[H]C1([H])C2([H])C(=O)C3([H])C1([H])C1([H])C2([H])C31[H]
25,25,1,[H]C([H])([H])C([H])([H])C1([H])C([H])([H])C1([H])C1(C([H])([H])[H])C([H])([H])C1([H])[H]
19,18,0,
23,23,1,[H]C([H])([H])N1C([H])([H])C([H])(C([H])([H])[H])C([H])([H])C1([H])C([H])([H])[H]
18,18,1,[H]ON=C1C([H])(O[H])C1(OC([H])([H])[H])C([H])([H])[H]
23,23,1,[H]C([H])([H])C1([H])OC1([H])C1([H])C([H])(C([H])([H])[H])C1([H])C([H])([H])[H]
20,19,0,[H]OC1([H])C([H])C2(N([H])C2([H])[H])C([H])([H])N([H])C1([H])[H]
20,19,0,
19,19,1,[H]OC12C([H])([H])C([H])([H])C3([H])N([H])C1(N([H])[H])C32[H]
20,20,1,[H]OC1([H])C([H])([H])C2([H])C([H])([H])C([H])([H])C1([H])C2([H])[H]
19,19,1,[H]OC1([H])N2C([H])([H])C2(O[H])C([H])([H])C1([H])N([H])[H]
16,14,0,
15,14,0,[H]C(OC(=O)C([H])([H])[H])C(=O)C([H])([H])[H]
18,18,1,[H]OC12OC3([H])C([H])(C1(O[H])C([H])([H])[H])C32O[H]
19,19,1,[H]C1=C([H])C([H])([H])C([H])([H])C([H])([H])N([H])C(=O)N1[H]
13,13,1,[H]C#CC1([H])C([H])([H])C1([H])C([H])=O
17,17,1,[H]Oc1c(N([H])[H])nc(C([H])([H])[H])c([H])c1[H]
19,19,1,[H]OC([H])([H])N1C([H])([H])C2([H])C13N([H])C([H])([H])C32[H]
16,16,1,[H]c1c(C([H])([H])[H])nn([H])c(=O)c1N([H])[H]
17,17,1,[H]N1C2([H])C1(C#N)C([H])([H])C1([H])C([H])([H])C21[H]
17,17,1,[H]OC1([H])N2C([H])([H])C(=O)C1(N([H])[H])C2([H])[H]
18,18,1,[H]OC([H])(C([H])([H])[H])C1([H])C([H])([H])C2([H])OC21[H]
19,19,1,[H]OC12C3([H])C4([H])C([H])([H])C3([H])C1(C([H])([H])[H])C42[H]
19,19,1,[H]OC(=O)C1([H])C([H])(C([H])([H])[H])C1([H])C([H])([H])O[H]
15,15,1,[H]C([H])([H])N1C(=O)C(=O)C([H])([H])C1([H])[H]
15,15,1,[H]C(=O)C([H])([H])C([H])(C([H])=O)C([H])([H])[H]
18,17,0,
15,15,1,[H]c1nc([H])n(C2([H])C([H])([H])C2([H])[H])n1
14,14,1,[H]C([H])([H])C1=NC([H])([H])C2(C#N)ON12
19,19,1,[H]N=C1N([H])C([H])([H])C([H])(C([H])([H])[H])C12OC2([H])[H]
27,27,1,[H]N(C([H])([H])[H])C([H])([H])N(C([H])([H])[H])C(C([H])([H])[H])(C([H])([H])[H])C([H])([H])[H]
17,17,1,[H]C1([H])OC12C(=O)C([H])([H])C1([H])C([H])([H])C21[H]
23,23,1,[H]C1([H])OC2([H])N1C1([H])C([H])([H])C1([H])C([H])([H])C([H])([H])C2([H])[H]
18,18,1,[H]C([H])([H])N1C2([H])C([H])([H])C([H])([H])C12C([H])([H])[H]
20,20,1,[H]OC12C([H])([H])C([H])(C([H])([H])C([H])=O)OC1([H])C2([H])[H]
19,19,1,[H]C#CC([H])(OC([H])([H])C#CC([H])([H])O[H])N([H])[H]
14,14,1,[H]C(=O)C([H])(C([H])=O)C(=O)C([H])([H])[H]
18,18,1,[H]N1C(=O)C1([H])C1([H])OC([H])(C([H])([H])[H])C1([H])[H]
16,16,1,[H]ON=C1C([H])=C([H])C(=C([H])N([H])[H])N1[H]
17,17,1,[H]N=C1C([H])([H])OC2([H])C1([H])OC2([H])N([H])[H]
16,16,1,[H]C(=O)C12OC3([H])C([H])([H])C([H])(N1[H])C23[H]
19,18,0,[H]ON=C([H])C(OC([H])([H])C([H])([H])O[H])C([H])([H])[H]
16,16,1,[H]C#CC([H])([H])C1=NC([H])([H])C2([H])OC12[H]
16,16,1,[H]N=C([H])C1=C([H])C(=O)C([H])([H])C1([H])O[H]
17,17,1,[H]OC([H])(C([H])=O)C([H])([H])OC(=O)C([H])([H])[H]
17,17,1,[H]C1=C(C(=O)N([H])[H])C([H])([H])C12N([H])C2([H])[H]
17,17,1,[H]N=C1OC2([H])N([H])C3([H])C1([H])C3([H])C2([H])[H]
18,18,1,[H]N([H])C([H])([H])C12OC1([H])OC([H])([H])OC2([H])[H]
19,17,0,[H]ON1NC(C([H])([H])[H])C([H])=C1C([H])([H])C([H])([H])[H]
18,18,1,[H]C#CC1=C([H])C([H])([H])C([H])(C([H])([H])[H])C1([H])[H]
19,19,1,[H]N=C(N([H])C([H])([H])[H])C1(C([H])([H])[H])N([H])C1([H])[H]
16,16,1,[H]Oc1nc(C([H])([H])O[H])n([H])c1N([H])[H]
16,16,1,[H]C#CC(=O)C1([H])C([H])([H])C1([H])C([H])([H])[H]
21,21,1,[H]C(=O)C([H])(OC([H])([H])C1([H])C([H])([H])C1([H])[H])C([H])([H])[H]
17,17,1,[H]C(=O)C1([H])C2([H])N(C([H])([H])[H])N3C1([H])C32[H]
14,14,1,[H]N=c1oc2c(c([H])c([H])n2[H])n1[H]
21,21,1,[H]C([H])([H])N1C([H])([H])C([H])(C([H])([H])[H])C12C([H])([H])C2([H])[H]
17,17,1,[H]C([H])([H])C12OC3([H])C1([H])C3(C([H])([H])[H])C2=O
18,18,1,[H]OC1([H])OC2([H])N3C([H])([H])C([H])(C3([H])[H])C12[H]
21,21,1,[H]C#CC1(C([H])(N([H])C([H])([H])[H])C([H])([H])[H])N([H])C1([H])[H]
15,15,1,[H]Oc1nc(C([H])([H])[H])oc1C([H])([H])[H]
15,14,0,[H]N=C1OC([H])([H])C([H])([H])N([H])C1N=O
15,14,0,[H]C([H])([H])C12NOC(=O)C1([H])OC2([H])[H]
19,19,1,[H]N1C([H])([H])C([H])([H])N2C([H])([H])C(=O)C([H])([H])C12[H]
21,20,0,
15,15,1,[H]C#CC([H])(O[H])C([H])(C#C[H])C([H])=O
20,20,1,[H]C1=C(C([H])([H])[H])C([H])([H])C1([H])C#CC([H])([H])N([H])[H]
21,21,1,[H]N(C([H])([H])[H])C([H])(C([H])([H])[H])C([H])(C#N)OC([H])([H])[H]
12,12,1,[H]Oc1c([H])nc(C([H])=O)n1[H]
20,20,1,[H]OC([H])([H])C1([H])C(=O)C([H])(C([H])([H])N([H])[H])C1([H])[H]
16,16,1,[H]N=C1OC2([H])OC2([H])C1(O[H])C([H])([H])[H]
16,16,1,[H]OC([H])([H])C1=C([H])C2([H])N([H])C2([H])C1=O
16,15,0,[H]C1C2([H])OC3([H])C([H])([H])C3([H])C23OC13[H]
18,17,0,[H]C1=C(C([H])([H])[H])N2C(=NC1[H])C([H])([H])C2([H])[H]
16,12,0,[H]C#CC1C([H])C([H])C([H])=C([H])C1N([H])[H]
18,18,1,[H]OC([H])([H])C1([H])N=C(N([H])[H])C([H])=C([H])C1=O
15,15,1,[H]c1noc(C(=O)C([H])([H])[H])c1N([H])[H]
23,23,1,[H]N1C([H])([H])C([H])(N(C([H])([H])[H])C2([H])C([H])([H])C2([H])[H])C1([H])[H]
16,16,1,[H]C1=C([H])C([H])([H])C(=O)N(C([H])([H])[H])C1=O
19,15,0,[H]C1=NC(C([H])([H])C([H])([H])[H])C(N([H])[H])C([H])C1[H]
18,18,1,[H]C#CC1([H])N([H])C12C([H])([H])C([H])([H])C2([H])O[H]
18,17,0,[H]C1N2C([H])([H])C(=O)C([H])([H])N([H])C2([H])C1([H])[H]
17,17,1,[H]C#CN(C([H])=NC([H])([H])[H])C(=N[H])N([H])[H]
25,25,1,[H]OC([H])([H])C([H])(N([H])C([H])([H])N(C([H])([H])[H])C([H])([H])[H])C([H])([H])[H]
15,15,1,[H]OC12C([H])=C([H])C([H])([H])C1([H])C2([H])[H]
23,23,1,[H]OC1(C([H])([H])[H])C([H])([H])OC1([H])C([H])([H])C([H])([H])C([H])([H])[H]
17,15,0,[H]OC1=NN(C([H])([H])C([H])([H])C([H])([H])[H])NN1
19,19,1,[H]OC([H])([H])C#CC([H])(O[H])C([H])([H])C([H])([H])O[H]
21,21,1,[H]C1=C([H])C([H])(C2([H])OC2([H])[H])C([H])([H])C1([H])C([H])([H])[H]
16,12,0,[H]C(=O)C1C([H])=NC(C([H])([H])[H])C([H])C1[H]
17,17,1,[H]C#CC12N([H])C([H])([H])C1([H])C2([H])C([H])([H])[H]
22,21,0,[H]OC([H])C([H])([H])C([H])([H])OC1([H])C([H])([H])C([H])([H])C1([H])[H]
16,16,1,[H]C#CC([H])(C(=O)O[H])C1([H])OC1([H])O[H]
9,9,1,[H]c1oc([H])c([H])c1[H]
14,11,0,
15,15,1,[H]c1c(C([H])([H])[H])c(F)c([H])n([H])c1=O
19,19,1,[H]C(=O)C(=NC([H])([H])[H])OC(=O)C([H])([H])C([H])([H])[H]
19,19,1,[H]C(=O)C1([H])C2([H])OC([H])(C([H])([H])C([H])([H])[H])C21[H]
14,14,1,[H]N=C1OC2([H])C([H])([H])N([H])C12C#N
17,17,1,[H]C1([H])OC12C(=O)C1([H])C([H])([H])C1([H])C2([H])[H]
14,14,1,[H]N=c1nc([H])oc(C([H])([H])[H])c1[H]
19,19,1,[H]C([H])([H])OC12C(=O)C([H])(C([H])([H])[H])C1([H])C2([H])[H]
18,18,1,[H]C1=NC([H])(C([H])([H])C([H])([H])[H])OC(=O)C1([H])[H]
19,19,1,[H]C([H])([H])C1([H])OC2([H])C3([H])C1([H])OC23C([H])([H])[H]
17,17,1,[H]OC([H])([H])C1(OC([H])([H])[H])C(=O)OC1([H])[H]
19,19,1,[H]C([H])(C#N)C1([H])C([H])([H])N2C([H])([H])C1([H])C2([H])[H]
19,19,1,[H]C#CC12OC([H])([H])C([H])([H])C([H])([H])C1([H])C2([H])[H]
14,13,0,
18,18,1,[H]C([H])([H])C#CC([H])([H])N(C([H])([H])[H])C([H])([H])[H]
21,21,1,[H]OC([H])(C([H])([H])N([H])[H])C([H])(OC([H])([H])[H])C([H])([H])[H]
18,18,1,[H]N([H])C([H])([H])C1([H])C([H])([H])C1([H])OC([H])([H])[H]
25,25,1,[H]OC1(C([H])([H])[H])C([H])([H])C([H])([H])C([H])(C([H])([H])[H])C([H])([H])C1([H])[H]
15,14,0,[H]N=C(c1[nH]n([H])c(=O)c1[H])C([H])([H])[H]
16,15,0,[H]C1C(=O)C([H])([H])OC1([H])C(=O)C([H])([H])[H]
24,24,1,[H]N1C2([H])C([H])([H])C(C([H])([H])[H])(C([H])([H])[H])C1([H])C2([H])C([H])([H])[H]
14,14,1,[H]C(=O)c1nc(C([H])([H])[H])c([H])n1[H]
22,22,1,[H]OC1([H])C2([H])N(C([H])([H])[H])C2([H])C1(C([H])([H])[H])C([H])([H])[H]
13,13,1,[H]N=C1C(=O)OC(=O)C([H])([H])N1[H]
18,18,1,[H]C#CC1([H])C([H])([H])C1(C([H])([H])[H])C([H])([H])O[H]
21,21,1,[H]OC([H])([H])OC([H])([H])C1([H])C([H])(O[H])C1([H])C([H])([H])[H]
16,16,1,[H]C#CC1([H])C(=N[H])C(=N[H])C([H])([H])N1[H]
14,12,0,
16,16,1,[H]OC(OC([H])=O)(C(=O)N([H])[H])C([H])([H])[H]
16,16,1,[H]C(=O)N([H])c1c([H])oc(C([H])([H])[H])c1[H]
16,16,1,[H]c1oc(C([H])([H])[H])nc1C([H])([H])N([H])[H]
18,18,1,[H]C#CC1([H])OC2([H])C3([H])OC([H])([H])C2([H])C13[H]
22,22,1,[H]N1C([H])(C#CC([H])([H])[H])C([H])(C([H])([H])[H])C1([H])C([H])([H])[H]
19,19,1,[H]N1C2([H])C([H])([H])C([H])(C([H])([H])OC([H])([H])[H])C12[H]
15,15,1,[H]C#CC([H])([H])C([H])([H])OC(=O)C([H])=O
21,21,1,[H]C#CC([H])(C([H])([H])OC([H])([H])[H])C1([H])C([H])([H])C1([H])[H]
23,22,0,[H]OC1(C([H])([H])[H])C2([H])C([H])([H])C1([H])C2([H])OC([H])([H])C([H])[H]
18,18,1,[H]OC([H])(C([H])([H])[H])C([H])(C#N)N=C([H])N([H])[H]
12,12,1,[H]C#Cc1nc(O[H])c(C#N)o1
22,22,1,[H]N([H])C([H])([H])N1C(C([H])([H])[H])=NC([H])([H])C([H])([H])C1([H])[H]
21,21,1,[H]OC([H])([H])C1([H])C([H])([H])C([H])(C(=O)C([H])([H])[H])C1([H])[H]
19,19,1,[H]c1c(C2([H])C([H])([H])C([H])([H])C2([H])[H])nn([H])c1[H]
17,17,1,[H]C#CC1(O[H])C([H])([H])C([H])([H])C2([H])OC21[H]
14,14,1,[H]C(=O)C([H])(C#CC([H])([H])[H])C([H])=O
17,17,1,[H]OC1(C([H])([H])C([H])=O)C([H])([H])C1([H])C([H])=O
21,21,1,[H]C([H])([H])C#CC1([H])OC([H])([H])C1(C([H])([H])[H])C([H])([H])[H]
22,22,1,[H]C([H])([H])C1([H])N2C3([H])C([H])([H])C2([H])C([H])(C1([H])[H])C3([H])[H]
17,17,1,[H]C([H])([H])OC([H])([H])C([H])([H])C(=O)C([H])([H])[H]
21,21,1,[H]C([H])([H])C([H])([H])C12C([H])([H])C3([H])OC([H])([H])C1([H])C32[H]
13,13,1,[H]OC([H])([H])c1noc(=O)c([H])n1
12,11,0,
14,14,1,[H]C(=O)C12OC([H])([H])OC1([H])C2([H])[H]
18,18,1,[H]C1=C(C#N)C([H])([H])C2(C([H])([H])[H])C([H])([H])C12[H]
23,23,1,[H]C(=O)N1C([H])([H])C([H])(C([H])([H])[H])C2([H])C1([H])C2([H])C([H])([H])[H]
14,14,1,[H]N=C([H])OC(=N[H])OC([H])([H])O[H]
18,18,1,[H]N=C1N=C([H])N(C2([H])C([H])([H])C2([H])[H])C1([H])[H]
18,18,1,[H]C(=O)C1=C([H])C([H])([H])C([H])([H])C([H])([H])C1([H])[H]
15,15,1,[H]C1=C([H])C(=O)C([H])([H])C2([H])OC2([H])O1
19,19,1,[H]C#CC([H])([H])C1(C([H])([H])[H])C2([H])OC([H])([H])C21[H]
21,20,0,[H]N1C(C([H])([H])C([H])([H])[H])C([H])(C2([H])OC2([H])[H])C1([H])[H]
18,18,1,[H]N=C1C([H])=C(C([H])([H])[H])C([H])([H])N1C([H])([H])[H]
19,19,1,[H]OC1([H])C2([H])OC([H])(C3([H])C([H])([H])C3([H])[H])C12[H]
19,16,0,[H]C1C([H])N([H])C(=O)C1C([H])([H])C([H])([H])C([H])([H])[H]
23,22,0,[H]OC([H])([H])C(C([H])([H])[H])C1(C([H])([H])C([H])([H])[H])N([H])C1([H])[H]
14,14,1,[H]C#CC([H])([H])OC([H])=NC([H])([H])[H]
18,18,1,[H]OC([H])([H])OC12C([H])([H])N=C([H])C1([H])C2([H])[H]
18,18,1,[H]OC1(C([H])([H])[H])OC1([H])C#CC1([H])OC1([H])[H]
20,20,1,[H]C([H])([H])C([H])([H])OC([H])([H])C1([H])C([H])([H])C1([H])C#N
15,15,1,[H]C#CC1([H])C2=C([H])C([H])([H])N1C2([H])[H]
12,7,0,
18,18,1,[H]N1C2([H])C(=O)C3([H])C1([H])C([H])(C([H])([H])[H])C23[H]
20,20,1,[H]OC1([H])C([H])([H])C1([H])C([H])(O[H])C1([H])N([H])C1([H])[H]
18,18,1,[H]C1([H])C([H])([H])C2([H])C([H])([H])C3([H])OC1([H])C32[H]
19,19,1,[H]C(=C([H])C1([H])OC1([H])[H])C([H])([H])C(=O)C([H])([H])[H]
12,12,1,[H]Oc1noc(=O)c(N([H])[H])n1
19,18,0,[H]C1C(=NC([H])([H])C([H])([H])[H])N=C(C([H])([H])[H])N1[H]
19,19,1,[H]N1C([H])([H])C2([H])N3C4([H])C2([H])C1([H])C34C([H])([H])[H]
23,22,0,[H]C([H])([H])C1([H])C([H])([H])C(N2C([H])([H])C2([H])[H])C([H])([H])C1([H])[H]
17,17,1,[H]C([H])([H])C(=O)C1([H])C2([H])OC3([H])C2([H])C31[H]
21,21,1,[H]OC([H])([H])C([H])(O[H])C([H])(OC([H])([H])[H])C([H])([H])O[H]
23,23,1,[H]C([H])([H])C1([H])C2([H])C([H])([H])C3(C([H])([H])[H])C1([H])C23C([H])([H])[H]
12,12,1,[H]N1OC1([H])C#CC([H])([H])C#N
21,19,0,
21,21,1,[H]OC1([H])C([H])([H])C2(O[H])C([H])([H])C([H])([H])C([H])([H])C12[H]
15,15,1,[H]c1noc(N([H])C2([H])N([H])C2([H])[H])n1
18,17,0,[H]ONC12C([H])([H])C3([H])C1([H])N([H])C32C([H])([H])[H]
19,19,1,[H]OC([H])([H])C([H])(O[H])C([H])(O[H])C([H])([H])C([H])=O
18,18,1,[H]N=C1OC([H])(C([H])([H])[H])C2([H])C([H])([H])C2([H])O1
19,19,1,[H]N1C2([H])C([H])([H])C([H])(C([H])([H])[H])C1([H])C2([H])C#N
17,17,1,[H]OC1([H])C([H])([H])OC(=O)C1([H])OC([H])([H])[H]
19,19,1,[H]C(=O)OC(C([H])=O)(C([H])([H])[H])C([H])([H])C([H])([H])[H]
15,15,1,[H]C([H])([H])OC#CC([H])(C#N)C([H])([H])[H]
19,19,1,[H]OC([H])(O[H])C1=NC([H])([H])N([H])C([H])([H])C1([H])[H]
19,19,1,[H]OC([H])([H])C12C([H])([H])OC([H])([H])C1([H])OC2([H])[H]
22,22,1,[H]OC([H])([H])C(O[H])(C([H])([H])N([H])[H])C([H])(O[H])C([H])([H])[H]
16,15,0,[H]C(=NC([H])([H])[H])C1C(=O)N([H])C([H])=C1[H]
17,17,1,[H]C(=O)C([H])([H])C12C([H])([H])C3([H])C1([H])OC32[H]
18,18,1,[H]C1=NC([H])([H])C([H])([H])C([H])(N([H])[H])C([H])([H])O1
16,16,1,[H]N=C([H])C1(C([H])([H])[H])N([H])C1([H])C([H])=O
25,25,1,[H]C([H])([H])C([H])(C([H])([H])[H])C1([H])OC(C([H])([H])[H])(C([H])([H])[H])C1([H])[H]
23,22,0,
16,16,1,[H]OC1(C([H])([H])[H])C2([H])OC3([H])C2([H])C31[H]
16,16,1,[H]N=C([H])OC1=NC([H])(O[H])C([H])([H])N1[H]
15,15,1,[H]OC12C(=O)OC13C([H])([H])C([H])([H])C23[H]
17,17,1,[H]OC1([H])C(=O)C([H])([H])N(C([H])([H])[H])C1([H])[H]
14,12,0,
17,17,1,[H]OC([H])([H])C1(C#N)N2C([H])([H])C([H])([H])C21[H]
16,16,1,[H]OC12C([H])([H])C1([H])N1C(=O)C2([H])C1([H])[H]
14,14,1,[H]OC1(C([H])([H])[H])C([H])([H])C1([H])C#N
17,16,0,
10,9,0,
16,15,0,
18,18,1,[H]c1nn(C([H])([H])[H])c(C2([H])N([H])C2([H])[H])c1[H]
14,14,1,[H]N([H])C12N([H])C1([H])C1([H])OC12C#N
20,20,1,[H]C([H])([H])C([H])([H])C1(C([H])([H])[H])C([H])([H])C2([H])OC21[H]
14,13,0,[H]C(=O)C(C(=O)N([H])C([H])=O)N([H])[H]
18,18,1,[H]C1=C([H])C2([H])N([H])C3([H])C([H])([H])OC23C1([H])[H]
12,10,0,[H]C#CC1N=C([H])N([H])C1C#N
16,15,0,
19,19,1,[H]C(=O)C([H])([H])C12OC1([H])C([H])([H])C([H])([H])C2([H])[H]
14,14,1,[H]c1nnoc1OC([H])([H])C([H])([H])[H]
17,16,0,[H]C#CC12OC([H])(C1([H])[H])C2([H])C([H])N([H])[H]
23,23,1,[H]C1=C(C([H])([H])[H])C([H])([H])C2([H])C([H])([H])C([H])([H])C([H])([H])C12[H]
21,21,1,[H]OC([H])(N1C([H])([H])C1(C([H])([H])[H])C([H])([H])[H])C([H])([H])[H]
21,21,1,[H]OC([H])([H])C([H])([H])C12C([H])(C([H])([H])[H])C3([H])C1([H])C32[H]
23,23,1,[H]OC([H])(C([H])([H])[H])C([H])([H])C1([H])OC1([H])C1([H])N([H])C1([H])[H]
16,16,1,[H]OC12C([H])([H])C(=O)C1([H])C([H])([H])C2([H])[H]
17,17,1,[H]C(=O)c1oc(C([H])([H])C([H])([H])[H])c([H])c1[H]
17,17,1,[H]C1=NC23C([H])([H])N([H])C2([H])C3([H])C([H])([H])O1
19,19,1,[H]OC1([H])N([H])C2([H])C([H])([H])C2([H])C1([H])C([H])([H])[H]
15,15,1,[H]Oc1c(C([H])([H])[H])c([H])nn([H])c1=O
11,11,1,[H]C(=O)Oc1nc([H])oc1[H]
23,23,1,[H]OC([H])([H])C1([H])C(N([H])[H])(C([H])([H])[H])C12C([H])([H])C2([H])O[H]
21,21,1,[H]N([H])C1(C([H])([H])[H])N(C([H])([H])[H])C(=O)C([H])([H])C1([H])[H]
17,17,1,[H]OC([H])([H])C1([H])N(C([H])([H])[H])C(=O)C1([H])[H]
20,20,1,[H]OC([H])([H])C([H])([H])c1c([H])c(C([H])([H])[H])n([H])c1[H]
19,19,1,[H]C12OC3([H])C([H])([H])C([H])(O1)C3([H])C([H])([H])C2([H])[H]
15,15,1,[H]N1C([H])(C#N)C([H])([H])C1([H])C([H])([H])[H]
23,23,1,[H]OC1([H])C([H])=C([H])C([H])([H])C(C([H])([H])[H])(C([H])([H])[H])C1([H])[H]
13,13,1,[H]C1([H])C(C#N)(C#N)C2([H])OC12[H]
16,16,1,[H]OC12C(=O)OC1([H])N(C([H])([H])[H])C2([H])[H]
22,22,1,[H]C([H])([H])C#CC([H])([H])C([H])(C([H])([H])[H])C([H])([H])C([H])([H])[H]
21,21,1,[H]N=C([H])OC(=O)C([H])([H])C([H])([H])C([H])(O[H])C([H])([H])[H]
21,21,1,[H]OC12OC1(C([H])([H])C([H])([H])[H])C([H])([H])C([H])([H])C2([H])[H]
16,16,1,[H]C1=NC([H])([H])C(=O)C(=NC([H])([H])[H])N1[H]
17,17,1,[H]C1=NC2(N=N1)C([H])([H])N(C([H])([H])[H])C2([H])[H]
22,22,1,[H]C(=O)C(=C([H])N(C([H])([H])[H])C([H])([H])[H])C([H])([H])C([H])([H])[H]
17,16,0,
18,18,1,[H]C([H])([H])N=C1OC([H])([H])C2([H])OC12C([H])([H])[H]
17,17,1,[H]OC([H])([H])C1(C#N)C([H])([H])C2([H])N([H])C21[H]
15,15,1,[H]N([H])C(=O)OC([H])(C#N)OC([H])([H])[H]
17,16,0,[H]C1=C([H])C([H])([H])C([H])([H])C(C#N)=C([H])C1[H]
21,21,1,[H]N(C([H])([H])[H])C1([H])C2([H])C([H])([H])C([H])(C([H])([H])[H])C12[H]
14,10,0,[H]C(=O)C1C(C([H])([H])[H])C([H])NN1[H]
19,19,1,[H]OC([H])([H])C#CC1(C([H])([H])[H])OC([H])([H])C1([H])[H]
19,19,1,[H]C([H])([H])C12C([H])([H])C1([H])C(=O)C21C([H])([H])C1([H])[H]
19,19,1,[H]C1([H])OC2([H])C([H])([H])C2(C2([H])C([H])([H])C2([H])[H])O1
20,18,0,[H]C1=CC([H])([H])C([H])([H])N2C([H])C([H])(C1([H])[H])C2([H])[H]
18,18,1,[H]N=C(C(=O)OC([H])([H])[H])C([H])([H])OC([H])([H])[H]
19,17,0,[H]OC1=NN(C([H])([H])[H])C(C([H])([H])C([H])([H])[H])C1[H]
19,19,1,[H]C1=C([H])C2([H])C([H])([H])OC2(OC([H])([H])[H])C1([H])[H]
18,18,1,[H]C#CC([H])([H])C([H])(O[H])C([H])([H])C([H])([H])O[H]
20,20,1,[H]C1=NC([H])([H])C(=O)C([H])([H])C1(C([H])([H])[H])C([H])([H])[H]
23,23,1,[H]C([H])([H])C1([H])OC([H])([H])C1([H])C1([H])C([H])([H])C1([H])C([H])([H])[H]
14,14,1,[H]C#CC(C#N)(C(=O)O[H])C([H])([H])[H]
19,19,1,[H]C([H])([H])C([H])([H])C1([H])OC1([H])C([H])([H])C([H])([H])[H]
19,19,1,[H]C1([H])OC2([H])C3([H])C([H])([H])C3([H])C3([H])C1([H])C23[H]
19,19,1,[H]C1=NC2([H])C([H])(OC1([H])[H])N([H])C2([H])C([H])([H])[H]
12,10,0,
21,21,1,[H]C([H])([H])C([H])([H])C1(C([H])([H])[H])C([H])([H])OC(=O)C1([H])[H]
23,23,1,[H]N(C([H])([H])C([H])([H])[H])C(C#N)(C([H])([H])[H])C([H])([H])C([H])([H])[H]
15,15,1,[H]C(=O)C(=O)N([H])C([H])([H])N([H])C([H])=O
15,15,1,[H]C#CC([H])(C#N)C([H])([H])C([H])([H])C#N
15,15,1,[H]C1=C([H])C([H])([H])C([H])([H])C([H])([H])C1=O
22,22,1,[H]OC([H])([H])C(O[H])(C([H])([H])[H])C([H])([H])C([H])([H])C([H])([H])[H]
25,25,1,[H]OC1([H])C2(C([H])([H])[H])N(C([H])([H])[H])C([H])([H])C1(C([H])([H])[H])C2([H])[H]
19,19,1,[H]C([H])([H])OC1([H])C2([H])N(C([H])([H])[H])C([H])([H])C12[H]
20,20,1,[H]C(=O)N(C([H])([H])OC([H])([H])[H])C1([H])C([H])([H])C1([H])[H]
18,17,0,
14,12,0,
17,16,0,
18,18,1,[H]OC([H])([H])C12C([H])([H])C3([H])C1([H])N=C([H])C32[H]
14,14,1,[H]C#CC(=C([H])C#N)C([H])([H])C([H])=O
18,18,1,[H]OC12C([H])([H])N(C1([H])C([H])=O)C2([H])C([H])([H])[H]
25,25,1,[H]OC1([H])C([H])([H])C(C([H])([H])[H])(C([H])([H])C([H])([H])[H])C1([H])C([H])([H])[H]
21,21,1,[H]C1=NC([H])([H])C([H])(C([H])([H])[H])C([H])=C1N([H])C([H])([H])[H]
21,21,1,[H]C([H])([H])C([H])([H])C([H])([H])C(C#N)(C([H])([H])[H])C([H])([H])[H]
16,16,1,[H]C1=C(C#N)C2([H])OC2(C([H])([H])[H])C1([H])[H]
19,17,0,[H]C([H])([H])C12C3C4C([H])([H])C1([H])C4([H])C2([H])C3([H])[H]
19,19,1,[H]C(=O)OC1([H])C([H])([H])C([H])=C([H])C1([H])C([H])([H])[H]
18,18,1,[H]C([H])([H])C([H])([H])C1([H])C([H])([H])N2C([H])([H])C21[H]
20,20,1,[H]C1([H])C([H])([H])C1([H])C12C([H])([H])C([H])(C1([H])[H])C2([H])[H]
19,19,1,[H]OC([H])([H])C1([H])N([H])C([H])(C([H])([H])[H])C1([H])C#N
16,16,1,[H]c1c(C([H])([H])OC([H])([H])[H])oc(=O)n1[H]
20,20,1,[H]C([H])([H])C1(C2([H])C(=O)C3([H])C([H])([H])C32[H])OC1([H])[H]
19,19,1,[H]C([H])([H])C12OC([H])(C1([H])[H])C1(OC1([H])[H])C2([H])[H]
18,17,0,[H]C(=O)C([H])([H])C([H])([H])C1N=C([H])C([H])([H])N1[H]
14,14,1,[H]OC([H])([H])C1(OC([H])=O)OC1([H])[H]
22,22,1,[H]C([H])([H])C1([H])C([H])([H])C1([H])C1(C([H])([H])[H])C([H])([H])C1([H])[H]
19,19,1,[H]C([H])([H])C(=O)C1(C#N)OC([H])([H])C1([H])C([H])([H])[H]
11,11,1,[H]C#Cc1c([H])nnoc1=O
20,20,1,[H]N([H])C1(C([H])([H])OC([H])([H])[H])C(=O)C([H])([H])C1([H])[H]
18,18,1,[H]C([H])([H])OC([H])(C#N)C1(C([H])([H])[H])OC1([H])[H]
25,25,1,[H]OC([H])([H])N(C([H])([H])C([H])([H])[H])C1(C([H])([H])O[H])C([H])([H])C1([H])[H]
18,18,1,[H]C([H])([H])C12OC([H])([H])C3([H])C([H])([H])C1([H])C32[H]
19,19,1,[H]OC1(C([H])([H])[H])OC2([H])C3([H])C([H])([H])C1([H])C23[H]
14,14,1,[H]c1nnc(C([H])([H])[H])c([H])c1C#N
14,12,0,
16,16,1,[H]OC([H])([H])C12C3([H])C4([H])C3([H])C1([H])C42[H]
13,12,0,
19,19,1,[H]OC([H])([H])C([H])(O[H])C1([H])N([H])C12N([H])C2([H])[H]
13,13,1,[H]N=c1oc([H])c([H])c([H])nc1=O
21,21,1,[H]N1C2([H])C([H])([H])C(C([H])([H])[H])(C([H])([H])C([H])([H])[H])C12[H]
16,16,1,[H]OC1([H])C2([H])N([H])C(=O)C3([H])C1([H])C32[H]
17,17,1,[H]N1c2nn([H])nc2C([H])(C([H])([H])[H])C1([H])[H]
18,17,0,[H]OC([H])([H])C(C([H])C([H])=O)(N([H])[H])C([H])([H])[H]
13,9,0,[H]N1N=C(O)C(N=N)C1C([H])([H])[H]
21,21,1,[H]C1=C([H])C([H])([H])C2(C([H])([H])[H])C([H])([H])C2([H])OC1([H])[H]
15,15,1,[H]N1C(=O)N([H])C([H])(N([H])[H])N([H])C1=O
20,19,0,[H]OC1([H])C2([H])C([H])([H])C([H])OC([H])([H])C([H])([H])C12[H]
15,15,1,[H]N1C2([H])C(=O)C1(C([H])([H])C#N)C2([H])[H]
18,18,1,[H]C1=NC([H])([H])C2(C([H])([H])O1)C([H])([H])OC2([H])[H]
20,20,1,[H]N1C([H])([H])N2C([H])([H])C2(C([H])([H])[H])C1([H])C([H])([H])[H]
25,25,1,[H]OC(OC([H])([H])[H])(C([H])([H])[H])C(C([H])([H])[H])(C([H])([H])[H])C([H])([H])[H]
23,23,1,[H]OC1(C([H])([H])C([H])([H])[H])OC1([H])C([H])([H])C([H])([H])C([H])([H])[H]
18,18,1,[H]OC([H])([H])C12C([H])(N([H])[H])C(=O)C1([H])C2([H])[H]
17,17,1,[H]C1=NC2(N1[H])N([H])C([H])([H])C1([H])N([H])C21[H]
23,23,1,[H]N=C([H])N([H])C1([H])C([H])([H])C([H])([H])C([H])([H])C1([H])C([H])([H])[H]
17,17,1,[H]C1([H])C(=O)N2C([H])([H])C([H])([H])C([H])([H])C21[H]
19,19,1,[H]OC([H])([H])N([H])C12C([H])([H])N([H])C1([H])C2([H])O[H]
20,19,0,[H]OC([H])([H])C1C([H])=C([H])C([H])(C([H])([H])[H])C([H])=C1[H]
18,16,0,[H]N1N=C(C([H])(N([H])[H])C([H])([H])C([H])([H])[H])NN1
15,15,1,[H]Oc1oc(O[H])c(N([H])[H])c1N([H])[H]
20,20,1,[H]C#CC1([H])N([H])C([H])([H])C([H])([H])C2([H])C([H])([H])C12[H]
18,18,1,[H]N=C1OC([H])(C([H])([H])[H])C([H])([H])C2([H])OC12[H]
15,15,1,[H]OC1([H])OC([H])(C([H])([H])[H])C1([H])C#N
22,22,1,[H]OC([H])([H])C([H])(C#CC([H])([H])C1([H])OC1([H])[H])C([H])([H])[H]
12,10,0,
25,25,1,[H]OC([H])([H])C1([H])C(C([H])([H])[H])(C([H])([H])[H])N2C([H])([H])C21C([H])([H])[H]
17,17,1,[H]N=C(N([H])[H])C12N3C([H])(C4([H])OC41[H])C32[H]
17,17,1,[H]OC1([H])C([H])([H])C([H])(O[H])C1(C#N)N([H])[H]
20,20,1,[H]C1=C([H])C([H])(C([H])([H])[H])C2([H])C([H])([H])C2([H])C1([H])[H]
12,11,0,[H]C#CC1C(=O)N([H])C([H])=C1[H]
17,17,1,[H]N=C1N([H])C(=O)C1(OC([H])([H])[H])C([H])([H])[H]
18,18,1,[H]OC([H])([H])C(=O)N1C2([H])C([H])([H])C([H])([H])C12[H]
19,19,1,[H]C1=C([H])C([H])(C([H])([H])[H])C([H])([H])C1([H])C([H])([H])[H]
21,21,1,[H]N1C([H])([H])C1([H])C([H])(OC([H])([H])[H])C1([H])N([H])C1([H])[H]
16,16,1,[H]C(=O)C1([H])C(=O)C([H])(C([H])([H])[H])C1([H])[H]
12,11,0,[H]C(=O)C(C#N)C([H])([H])C([H])=O
15,13,0,[H]C1=C2N([H])C3([H])C([H])([H])C3([H])N2NN1
15,15,1,[H]OC1([H])C2([H])C(=O)C([H])([H])C1([H])C2=O
20,20,1,[H]OC1([H])C([H])([H])C([H])=C(C([H])([H])[H])C([H])([H])C1([H])[H]
18,18,1,[H]OC1([H])C([H])([H])C([H])(O[H])C1([H])C([H])([H])C#N
20,20,1,[H]OC12C([H])([H])C3([H])N([H])C31C([H])([H])C2([H])C([H])([H])[H]
22,22,1,[H]OC([H])([H])C([H])(C([H])([H])[H])C([H])([H])C1(O[H])N([H])C1([H])[H]
16,16,1,[H]OC1([H])C2([H])C1([H])C1([H])C([H])(O[H])C21[H]
15,15,1,[H]c1nn([H])c(=O)c(N([H])[H])c1N([H])[H]
23,23,1,[H]C([H])([H])C1([H])OC1(C([H])([H])[H])C1([H])C([H])([H])C1([H])C([H])([H])[H]
14,14,1,[H]C#CC([H])([H])c1oc([H])c([H])c1[H]
18,18,1,[H]C([H])([H])N=C1C([H])([H])OC2([H])C([H])([H])OC12[H]
16,16,1,[H]ON=C1C([H])([H])C2([H])C([H])([H])C(=O)C12[H]
20,20,1,[H]N([H])N=C1OC([H])([H])C([H])(C([H])([H])[H])N([H])C1([H])[H]
22,22,1,[H]N=C(C([H])([H])[H])C([H])(C([H])([H])[H])C([H])([H])C(=O)C([H])([H])[H]
19,19,1,[H]c1c(N([H])C([H])([H])[H])nc(N([H])C([H])([H])[H])n1[H]
19,19,1,[H]C([H])([H])N1C([H])(C([H])([H])[H])C2([H])C([H])([H])C12C#N
19,19,1,[H]C#CC12C([H])([H])C1([H])OC2([H])C([H])([H])C([H])([H])[H]
21,21,1,[H]C1([H])OC2([H])C([H])([H])C([H])([H])C2([H])C12C([H])([H])C2([H])[H]
19,19,1,[H]C([H])([H])C12C([H])([H])C([H])([H])C([H])([H])C1([H])C2([H])[H]
15,13,0,
19,19,1,[H]OC1([H])N([H])C1([H])C1(C([H])([H])[H])OC1([H])C([H])=O
18,18,1,[H]C(=O)C1([H])C([H])([H])N([H])C2([H])C([H])([H])OC12[H]
23,23,1,[H]C([H])([H])C([H])([H])C1([H])C2([H])C([H])([H])OC([H])([H])C([H])([H])C21[H]
23,23,1,[H]OC([H])([H])C1(C([H])([H])[H])C([H])(C([H])([H])[H])C1(O[H])C([H])([H])[H]
18,18,1,[H]C#CC([H])([H])C1([H])N([H])C([H])=C([H])C1([H])O[H]
19,19,1,[H]OC1([H])C2([H])C([H])([H])C3(C([H])([H])[H])OC3([H])C12[H]
18,16,0,
19,19,1,[H]N=C1OC2([H])N([H])C([H])(C1([H])[H])C([H])([H])C2([H])[H]
22,22,1,[H]OC([H])([H])C([H])([H])N(C(=O)N([H])[H])C([H])(O[H])C([H])([H])[H]
17,16,0,
15,12,0,[H]OC1=C2C(C([H])NN2[H])N([H])C1([H])[H]
13,13,1,[H]C(=O)n1c(N([H])[H])c([H])oc1=O
17,17,1,[H]C1([H])OC2([H])C(=O)C3([H])C([H])([H])C2([H])C13[H]
19,19,1,[H]N=C1N([H])C([H])([H])N([H])C2([H])C([H])([H])C2([H])N1[H]
12,12,1,[H]C(=O)C(=O)OC(=O)C([H])([H])[H]
17,17,1,[H]c1nc2n(n1)C([H])([H])C([H])([H])C2([H])N([H])[H]
12,12,1,[H]N=C1OC(=O)C([H])([H])C1([H])[H]
17,16,0,[H]C(=O)N1C([H])([H])C2OC([H])([H])C2([H])C1([H])[H]
18,18,1,[H]OC12C([H])(C([H])([H])C([H])([H])[H])C3([H])C1([H])C32[H]
15,13,0,[H]N([H])C1=NN([H])C(C([H])([H])[H])C1C#N
16,16,1,[H]OC([H])([H])C([H])=C([H])c1noc([H])c1[H]
18,18,1,[H]OC1([H])C([H])([H])OC12C([H])([H])C([H])([H])C2([H])[H]
18,18,1,[H]N=C1OC([H])([H])C2([H])OC([H])(C1([H])[H])C2([H])[H]
17,17,1,[H]OC1([H])C([H])(C#N)C([H])([H])C1([H])C([H])([H])[H]
18,18,1,[H]C([H])([H])C1([H])C([H])(C([H])([H])[H])C12C(=O)C2([H])[H]
23,23,1,[H]C1([H])C([H])([H])C1([H])C1(C2([H])C([H])([H])C2([H])[H])C([H])([H])C1([H])[H]
21,21,1,[H]C(=O)C1([H])C([H])([H])C([H])(OC([H])([H])[H])C1([H])C([H])([H])[H]
18,16,0,
15,15,1,[H]C#CC1(C([H])([H])[H])N([H])C(=O)C1([H])[H]
23,23,1,[H]OC([H])([H])C([H])(C([H])=O)C([H])(C([H])([H])[H])C([H])([H])C([H])([H])[H]
18,18,1,[H]OC([H])([H])C([H])(C(=O)N([H])[H])C([H])([H])C([H])=O
10,10,1,[H]C#Cc1oc(=O)oc1[H]
21,21,1,[H]C([H])([H])C12OC1([H])C([H])([H])C1(C([H])([H])[H])C([H])([H])C21[H]
21,19,0,[H]C([H])C([H])(C([H])([H])C1([H])OC1([H])[H])C([H])(O)C([H])([H])[H]
13,10,0,[H]C1=NC(C([H])([H])[H])NNC([H])=N1
16,16,1,[H]C(=O)C1([H])C2([H])OC([H])(C([H])([H])[H])C21[H]
16,16,1,[H]OC([H])([H])C12N3C4([H])C([H])(OC41[H])C32[H]
15,15,1,[H]C#CC1([H])OC2(OC2([H])[H])C1([H])O[H]
25,25,1,[H]OC([H])([H])C1([H])C(=NC([H])([H])[H])C1([H])C([H])(C([H])([H])[H])C([H])([H])[H]
15,14,0,
23,23,1,[H]C([H])([H])N1C([H])([H])C([H])(C([H])([H])[H])C1([H])C([H])([H])C([H])([H])[H]
15,13,0,[H]C1=NNC([H])=C2C1C([H])=C([H])C2([H])[H]
19,19,1,[H]OC1([H])C([H])([H])N2C([H])(C([H])([H])C([H])([H])[H])C21[H]
11,7,0,
21,21,1,[H]OC([H])(C([H])([H])[H])C([H])(C([H])([H])[H])C1([H])N([H])C1([H])[H]
18,18,1,[H]C#CC12C([H])([H])OC1([H])C21OC([H])([H])C1([H])[H]
16,16,1,[H]OC([H])([H])C1=C([H])C(=O)C([H])([H])C1([H])[H]
20,20,1,[H]C1=C([H])C2([H])N(C([H])([H])C([H])([H])O1)C2([H])C([H])([H])[H]
23,23,1,[H]C([H])([H])C(=O)C1(C([H])([H])[H])C([H])([H])C([H])(C([H])([H])[H])C1([H])[H]
21,21,1,[H]OC1([H])C2([H])C([H])([H])C1([H])C1(C([H])([H])C1([H])[H])C2([H])[H]
21,21,1,[H]OC([H])(C([H])([H])[H])C([H])(OC([H])([H])[H])C(=O)C([H])([H])[H]
15,10,0,
12,8,0,
16,16,1,[H]OC([H])([H])c1c(N([H])[H])c([H])n([H])c1[H]
17,17,1,[H]C1=C(C([H])([H])[H])C([H])([H])c2nc([H])n([H])c21
11,11,1,[H]Oc1nc(N([H])[H])oc1[H]
19,19,1,[H]OC([H])([H])C([H])([H])C(C#N)=C(N([H])[H])C([H])([H])[H]
16,16,1,[H]N=C1C2([H])OC2([H])C2(C([H])([H])[H])OC12[H]
22,22,1,[H]C([H])([H])C([H])([H])OC(C([H])([H])[H])(C([H])([H])[H])C([H])([H])C#N
19,19,1,[H]OC1([H])C([H])([H])C([H])([H])C1(C#N)C([H])([H])N([H])[H]
21,21,1,[H]OC([H])([H])C1(C([H])=O)C([H])([H])C1([H])C([H])([H])C([H])([H])[H]
15,12,0,
23,23,1,[H]C([H])([H])C1([H])C([H])([H])C2(C([H])([H])[H])OC([H])([H])C([H])([H])C12[H]
23,23,1,[H]N([H])C(=O)C([H])(N([H])C([H])(C([H])([H])[H])C([H])([H])[H])C([H])([H])[H]
18,18,1,[H]OC([H])([H])C1([H])N=C([H])C(=O)C1([H])C([H])([H])[H]
20,20,1,[H]OC1([H])C2([H])N3C([H])([H])C([H])([H])C2([H])C1([H])C3([H])[H]
13,13,1,[H]C#CC1([H])N=C(N([H])[H])C(=O)O1
18,18,1,[H]N=C1OC2([H])C3([H])C1([H])C([H])(C([H])([H])[H])C23[H]
17,17,1,[H]OC([H])([H])C1(C([H])([H])[H])C([H])([H])C1([H])C#N
14,14,1,[H]Oc1nc(C([H])([H])[H])nn([H])c1=O
19,19,1,[H]OC([H])([H])C12C([H])([H])C([H])([H])C(=O)C1([H])C2([H])[H]
20,20,1,[H]C#CC1(C([H])([H])[H])OC([H])([H])C([H])([H])N([H])C1([H])[H]
22,22,1,[H]OC1([H])C([H])([H])C([H])=C(C([H])([H])[H])C1([H])C1([H])OC1([H])[H]
21,21,1,[H]N(C(=O)C([H])([H])[H])C([H])([H])C1([H])N(C([H])([H])[H])C1([H])[H]
22,22,1,[H]C#CC(O[H])(C([H])([H])[H])C(O[H])(O[H])C([H])([H])C([H])([H])[H]
17,15,0,
22,21,0,
19,19,1,[H]OC([H])([H])N1C([H])([H])C2([H])C([H])(O[H])N([H])C12[H]
16,16,1,[H]OC1([H])C2([H])N=C([H])C3([H])OC1([H])C32[H]
15,13,0,[H]C=C=C=C=CC([H])([H])C1([H])OC1([H])[H]
21,21,1,[H]C#CC1([H])N(C([H])([H])[H])C([H])([H])C1([H])C([H])([H])N([H])[H]
15,15,1,[H]C1=NC(=O)N([H])C([H])([H])C12OC2([H])[H]
14,14,1,[H]C#CC12C(=O)OC([H])([H])C1([H])N2[H]
13,13,1,[H]OC1([H])N([H])C1(C([H])=O)C([H])=O
17,16,0,[H]OC1([H])C([H])([H])C([H])(C#N)C([H])([H])C1([H])O
18,18,1,[H]N=C1C([H])([H])C([H])=C2C1([H])OC2([H])C([H])([H])[H]
10,10,1,[H]c1oc([H])c(C#N)c1[H]
18,18,1,[H]OC1([H])N([H])C1([H])C1(O[H])C([H])([H])C1([H])O[H]
17,17,1,[H]N=C1OC2([H])C([H])([H])C2(O[H])C([H])([H])N1[H]
22,22,1,[H]OC1([H])OC([H])([H])C(N([H])C([H])([H])[H])(C([H])([H])[H])C1([H])[H]
17,16,0,
17,17,1,[H]C([H])([H])N1C([H])([H])C([H])([H])N2C([H])([H])C12[H]
16,16,1,[H]N=C1OC([H])([H])C([H])(O[H])C2([H])OC12[H]
20,20,1,[H]OC1([H])C([H])([H])C([H])(C([H])([H])[H])C1(O[H])C([H])([H])[H]
20,20,1,[H]OC([H])([H])C1([H])OC([H])([H])C([H])([H])C([H])([H])C1([H])[H]
19,19,1,[H]C(=O)C1([H])C([H])([H])C([H])([H])C12OC2([H])C([H])([H])[H]
13,10,0,[H]C1=NOC(OC([H])[H])C1N([H])[H]
16,16,1,[H]OC([H])([H])N=C([H])c1c([H])nn([H])c1[H]
18,18,1,[H]C#CN([H])C(=O)C([H])(O[H])C([H])([H])C([H])([H])[H]
19,19,1,[H]C([H])([H])C12C([H])([H])C1([H])C1([H])C3([H])OC2([H])C31[H]
17,13,0,[H]C1=C(C([H])([H])[H])C2C([H])([H])C(O)C2([H])C1[H]
18,18,1,[H]N([H])C12OC1([H])C1([H])OC2([H])C1([H])C([H])([H])[H]
19,19,1,[H]N1C2([H])C([H])([H])C([H])([H])C3([H])C([H])([H])C3([H])C12[H]
18,18,1,[H]OC1([H])N2C([H])([H])OC3([H])C([H])([H])C1([H])C23[H]
22,21,0,[H]C1=C(C([H])([H])[H])C(C([H])([H])[H])C([H])([H])C2([H])C([H])([H])C12[H]
16,16,1,[H]N([H])C1(C([H])([H])[H])C([H])([H])C(=O)C1([H])[H]
21,21,1,[H]OC1(C([H])([H])[H])C([H])([H])C([H])([H])C1([H])C1([H])OC1([H])[H]
19,19,1,[H]OC([H])([H])C([H])([H])C1([H])OC(=O)C([H])([H])C1([H])[H]
19,19,1,[H]C([H])([H])C1([H])C2([H])C([H])([H])N3C([H])([H])C3([H])C12[H]
19,19,1,[H]C(=O)N([H])C([H])([H])C1(C([H])([H])[H])C([H])([H])C1([H])[H]
16,16,1,[H]C#CC1=C([H])C(=O)N([H])C([H])([H])C1([H])[H]
19,19,1,[H]N(C([H])([H])[H])C([H])(C([H])([H])[H])C1(C#N)OC1([H])[H]
14,14,1,[H]C1([H])OC([H])(C#N)C([H])([H])C1([H])[H]
12,12,1,[H]N=C([H])C([H])([H])C(=O)C([H])=O
15,13,0,[H]C1=C2N(NN1)C([H])([H])C([H])([H])C2([H])[H]
24,24,1,[H]C([H])([H])OC([H])([H])C([H])(N1C([H])([H])C1([H])C([H])([H])[H])C([H])([H])[H]
17,17,1,[H]C(=O)C([H])([H])N([H])C([H])=NC(=O)C([H])([H])[H]
17,17,1,[H]OC1(C([H])([H])[H])C([H])([H])C([H])(C#N)C1([H])[H]
24,24,1,[H]C(=C([H])C1([H])N(C([H])([H])[H])C1([H])C([H])([H])[H])C([H])([H])C([H])([H])[H]
16,16,1,[H]OC([H])([H])C1([H])C(=O)OC2([H])N([H])C21[H]
20,19,0,[H]OC1C([H])([H])C([H])([H])C1([H])C([H])(O[H])C([H])([H])O[H]
13,12,0,[H]OC1=NC([H])C(=O)N1C([H])([H])[H]
17,17,1,[H]c1c(C2([H])N([H])C2([H])[H])noc1C([H])([H])[H]
17,17,1,[H]C1([H])N2C3([H])C1([H])C2([H])C1([H])C([H])([H])C31[H]
17,17,1,[H]OC([H])([H])C([H])([H])N([H])c1nnc([H])n1[H]
18,17,0,[H]C1N([H])C2(N([H])C23C([H])([H])OC3([H])[H])C1([H])[H]
20,20,1,[H]OC([H])([H])C([H])([H])C([H])(C#N)C([H])(O[H])C([H])([H])[H]
16,15,0,
17,16,0,[H]C(=O)C12C([H])C([H])([H])OC([H])([H])C1([H])N2[H]
18,17,0,
17,17,1,[H]C#CC([H])(C([H])([H])C#N)C1([H])N([H])C1([H])[H]
15,13,0,[H]C1=C(C(=O)C([H])([H])N([H])[H])N([H])NN1
17,17,1,[H]C([H])([H])C1(C#N)C([H])([H])OC([H])([H])C1([H])[H]
21,21,1,[H]C([H])([H])OC([H])([H])C1([H])C2([H])OC1([H])C2([H])C([H])([H])[H]
13,13,1,[H]N=c1nc([H])c(=N[H])nc([H])o1
17,16,0,
16,16,1,[H]C1([H])OC(=O)C2(C1([H])[H])C([H])([H])C2([H])[H]
19,19,1,[H]C1=C(C([H])([H])[H])C([H])([H])C([H])([H])C2([H])N([H])C12[H]
18,18,1,[H]OC([H])(C([H])([H])[H])C1([H])C(=O)C([H])=C([H])N1[H]
14,13,0,
18,18,1,[H]OC1([H])C([H])([H])C2(C([H])([H])C([H])([H])[H])OC12[H]
23,23,1,[H]OC([H])([H])C1([H])C([H])([H])C([H])([H])C2(C([H])([H])C2([H])[H])C1([H])[H]
22,22,1,[H]OC([H])(C([H])([H])[H])C([H])(C#CC(=O)C([H])([H])[H])C([H])([H])[H]
19,19,1,[H]N=C([H])C1(C([H])([H])O[H])N([H])C2([H])C([H])([H])C21[H]
23,23,1,[H]OC([H])([H])C12N([H])C([H])(C1([H])[H])C2(C([H])([H])[H])C([H])([H])O[H]
21,19,0,
21,21,1,[H]OC1([H])C2([H])C3([H])C([H])([H])C1(C([H])([H])[H])C([H])([H])C32[H]
19,19,1,[H]C([H])([H])C12C([H])([H])OC(=O)C([H])([H])C1([H])C2([H])[H]
25,25,1,[H]N1C([H])([H])C([H])([H])C(N([H])C([H])([H])[H])(C([H])([H])[H])C1([H])C([H])([H])[H]
20,20,1,[H]C([H])([H])OC([H])(C([H])([H])[H])C1(C([H])([H])[H])OC1([H])[H]
20,20,1,[H]C#CC1([H])C([H])([H])C([H])(C([H])([H])[H])C1([H])C([H])([H])[H]
17,17,1,[H]N=C([H])C1(C([H])=O)C2([H])N([H])C([H])([H])C12[H]
22,22,1,[H]C([H])(C#N)OC([H])([H])C(C([H])([H])[H])(C([H])([H])[H])C([H])([H])[H]
18,16,0,
23,23,1,[H]C([H])([H])C1([H])C([H])([H])C([H])([H])C2([H])C([H])([H])C3([H])C1([H])C23[H]
19,19,1,[H]N=C1OC([H])=C(C([H])(N([H])[H])C([H])([H])[H])C1([H])[H]
16,16,1,[H]C#CC12C([H])([H])N(C1([H])[H])C2([H])C([H])=O
25,25,1,[H]OC([H])([H])C([H])(C([H])([H])C([H])([H])[H])C1(C([H])([H])[H])C([H])([H])C1([H])[H]
23,19,0,
20,20,1,[H]C([H])([H])C(=O)C1([H])C([H])(C([H])([H])[H])C1([H])C([H])([H])[H]
14,14,1,[H]C(=O)N([H])C#CC([H])([H])C([H])([H])[H]
17,17,1,[H]N1C(=O)C2(N([H])[H])C([H])([H])OC2([H])C1([H])[H]
20,20,1,[H]C#CC([H])([H])C([H])(C([H])=O)C([H])(N([H])[H])C([H])([H])[H]
17,17,1,[H]N=C1C2([H])C3([H])C([H])([H])C1(C([H])([H])[H])C23[H]
19,19,1,[H]C1=NC([H])(N([H])C([H])([H])[H])C([H])(C([H])([H])[H])N1[H]
16,16,1,[H]C(=O)C([H])(OC([H])=NN([H])[H])C([H])([H])[H]
21,21,1,[H]C1=C(C([H])([H])[H])C([H])([H])C(C([H])([H])[H])(C([H])([H])[H])C1=O
11,10,0,[H]C(=O)N1C(=O)OC([H])C1=O
23,23,1,[H]N1C([H])([H])C1([H])C([H])([H])C1([H])OC2(C([H])([H])[H])C([H])([H])C12[H]
19,19,1,[H]OC1([H])C([H])([H])OC(=O)C1(C([H])([H])[H])C([H])([H])[H]
17,17,1,[H]N(C([H])([H])[H])C1([H])C(=O)C([H])(C#N)C1([H])[H]
22,22,1,[H]OC1([H])C2([H])C([H])([H])C([H])(C([H])([H])[H])C12C([H])([H])N([H])[H]
23,22,0,[H]C1C([H])([H])C2([H])C([H])([H])C1([H])N([H])C2(C([H])([H])[H])C([H])([H])[H]
23,23,1,[H]OC1([H])C([H])(C([H])([H])[H])C(O[H])(C([H])([H])[H])C1([H])C([H])([H])[H]
16,15,0,[H]OC([H])C(=O)C([H])(O[H])C(=O)C([H])([H])[H]
20,20,1,[H]C([H])([H])C([H])([H])N1C(=O)OC([H])([H])C1([H])C([H])([H])[H]
13,13,1,[H]N=C([H])Oc1nnc(N([H])[H])o1
19,19,1,[H]N1C([H])([H])C(=O)C([H])([H])C2([H])N([H])C2([H])C1([H])[H]
18,18,1,[H]C([H])([H])C12N3C([H])([H])C4([H])C([H])(OC31[H])C42[H]
18,18,1,[H]N1C(=O)C([H])([H])C1(N([H])C([H])([H])[H])C([H])([H])[H]
15,15,1,[H]N=C1N(C([H])([H])[H])C(=O)C([H])([H])N1[H]
23,23,1,[H]N(C([H])([H])[H])C1(C([H])([H])[H])C([H])([H])C([H])([H])C1([H])C([H])([H])[H]
16,16,1,[H]N1C2([H])N3C2([H])C2([H])C1([H])C32C([H])([H])[H]
20,20,1,[H]OC([H])([H])C(C([H])=O)(N1C([H])([H])C1([H])[H])C([H])([H])[H]
21,21,1,[H]OC([H])([H])C1([H])C([H])([H])C2([H])C1([H])C2(O[H])C([H])([H])[H]
17,17,1,[H]C#CC([H])([H])C([H])(O[H])C([H])(C#C[H])O[H]
17,17,1,[H]OC1([H])C([H])([H])C2([H])N([H])C12C([H])([H])C#N
16,16,1,[H]C#CC1(C([H])([H])C(=O)N([H])[H])OC1([H])[H]
20,20,1,[H]C([H])([H])C1([H])C([H])([H])OC1(C([H])([H])[H])C([H])([H])C#N
18,17,0,
21,20,0,
20,19,0,
20,20,1,[H]OC12C([H])([H])N=C([H])C([H])(C([H])([H])[H])C1([H])C2([H])[H]
20,20,1,[H]C([H])([H])C12C([H])(N3C([H])([H])C3([H])[H])OC1([H])C2([H])[H]
23,23,1,[H]N1C([H])([H])C1([H])C1([H])N(C([H])([H])C([H])([H])C([H])([H])[H])C1([H])[H]
20,20,1,[H]N([H])C12OC([H])([H])C([H])([H])C13C([H])([H])C([H])([H])C23[H]
21,21,1,[H]N=C([H])OC([H])([H])C1(O[H])C([H])([H])OC([H])([H])C1([H])[H]
17,17,1,[H]C([H])(C#N)C12C([H])([H])C([H])([H])C1([H])C2([H])[H]
19,18,0,[H]OC([H])C12N([H])C([H])(C1([H])[H])C1([H])C([H])([H])C21[H]
17,17,1,[H]C1=NC([H])(C#N)C([H])=C(C([H])([H])[H])C1([H])[H]
12,12,1,[H]Oc1nn2nc([H])nc2n1[H]
23,23,1,[H]OC([H])([H])C(=NC([H])(C([H])([H])[H])C([H])(O[H])O[H])C([H])([H])[H]
21,21,1,[H]N1C2([H])C([H])([H])C3([H])C([H])([H])N([H])C3(C([H])([H])[H])C12[H]
12,12,1,[H]C([H])([H])C(=O)C(=O)C(F)(F)F
25,25,1,[H]C([H])([H])C1([H])C([H])([H])C([H])([H])C2([H])C1([H])C2(C([H])([H])[H])C([H])([H])[H]
19,19,1,[H]OC1([H])OC([H])([H])C([H])=C1C([H])(O[H])C([H])([H])[H]
16,16,1,[H]Oc1c2c(n([H])c1[H])C([H])([H])C([H])=C2[H]
19,19,1,[H]OC(=O)C1(C([H])([H])[H])C([H])([H])C12C([H])([H])C2([H])[H]
18,18,1,[H]OC1([H])C(=O)C([H])([H])C2([H])N([H])C2([H])C1([H])[H]
19,19,1,[H]C1([H])C2([H])C(=O)C3([H])C([H])([H])C1([H])C3([H])C2([H])[H]
19,19,1,[H]N([H])C(=O)OC([H])(N1C([H])([H])C1([H])[H])C([H])([H])[H]
18,18,1,[H]C#CC(O[H])(C([H])([H])O[H])C([H])([H])C([H])([H])[H]
18,18,1,[H]OC([H])(c1onc(C([H])([H])[H])c1[H])C([H])([H])[H]
19,18,0,[H]OC1([H])OC([H])(C([H])([H])C(=O)O)C([H])([H])C1([H])[H]
20,20,1,[H]OC([H])(C([H])([H])[H])C1([H])C([H])([H])C([H])([H])C1([H])C#N
18,18,1,[H]N=C(C([H])([H])[H])C1([H])N([H])C([H])([H])C1([H])O[H]
20,20,1,[H]N1C2([H])C3([H])C1([H])C1(C([H])([H])[H])C3([H])C21C([H])([H])[H]
21,21,1,[H]OC1([H])C([H])([H])C([H])=C([H])C2(C([H])([H])C2([H])[H])C1([H])[H]
18,18,1,[H]N1C(=O)C2(N([H])C([H])([H])[H])C([H])([H])N([H])C12[H]
19,19,1,[H]OC1([H])OC([H])(C([H])([H])C([H])=O)C1([H])C([H])([H])[H]
18,18,1,[H]c1nc(C([H])([H])C([H])([H])C([H])([H])[H])n([H])c1[H]
19,18,0,[H]OC1C2([H])C([H])([H])C([H])([H])N([H])C23C([H])([H])C13[H]
13,13,1,[H]OC1([H])C2([H])N3C1([H])C32C([H])=O
19,19,1,[H]C1([H])OC2(C1([H])[H])C([H])([H])C1([H])OC1([H])C2([H])[H]
12,10,0,
14,14,1,[H]c1oc([H])c(C([H])([H])[H])c(=O)c1[H]
18,18,1,[H]C(=O)C1([H])N([H])C([H])([H])C1(C([H])=O)C([H])([H])[H]
19,19,1,[H]N([H])C(=O)OC1([H])C([H])([H])N([H])C1([H])C([H])([H])[H]
25,25,1,[H]C([H])([H])OC([H])(C([H])([H])C([H])([H])[H])C1([H])C([H])([H])C1([H])C([H])([H])[H]
20,20,1,[H]C1=C([H])C2([H])OC([H])([H])N([H])C([H])(C1([H])[H])C2([H])[H]
18,18,1,[H]C1=C([H])C([H])=C([H])C2([H])N(C([H])=C1[H])C2([H])[H]
21,21,1,[H]C(=O)N(C([H])=NC([H])([H])C([H])([H])C([H])([H])[H])C([H])([H])[H]
19,19,1,[H]OC12C([H])([H])C3([H])OC([H])([H])C1([H])C32C([H])([H])[H]
19,18,0,[H]C#CC([H])(N([H])[H])C([H])([H])C([H])(O[H])C([H])O[H]
19,19,1,[H]N([H])C1([H])C(=O)C([H])([H])C12N([H])C([H])([H])C2([H])[H]
17,17,1,[H]c1nn([H])c2c1C([H])([H])C([H])([H])C([H])([H])O2
18,18,1,[H]OC([H])([H])C(=NC([H])([H])N([H])C([H])=O)N([H])[H]
14,14,1,[H]N1C(=O)C([H])([H])C2(OC2([H])[H])C1=O
18,16,0,
25,25,1,[H]C([H])([H])C([H])([H])OC1([H])C([H])(C([H])([H])[H])C([H])([H])C1([H])C([H])([H])[H]
14,14,1,[H]C#CC([H])([H])C([H])([H])C([H])([H])C#N
20,20,1,[H]C1=C([H])C2([H])C([H])(OC([H])([H])[H])C2([H])N1C([H])([H])[H]
17,17,1,[H]OC([H])(N([H])c1nc([H])c([H])o1)C([H])([H])[H]
16,16,1,[H]C(=O)C1([H])N([H])C12C([H])([H])C(=O)C2([H])[H]
20,20,1,[H]OC1([H])C([H])([H])C(C([H])([H])[H])=C([H])C12N([H])C2([H])[H]
14,14,1,[H]Oc1nc([H])c(C2([H])N([H])N2[H])o1
21,21,1,[H]OC(C([H])([H])[H])(C([H])([H])C([H])([H])[H])C([H])([H])C([H])([H])[H]
19,19,1,[H]C([H])([H])C12N3N4C1([H])C4([H])C2(C([H])([H])[H])C3([H])[H]
19,18,0,[H]N=C(C([H])([H])OC([H])C([H])=O)C([H])([H])C([H])([H])[H]
15,15,1,[H]C1([H])N=NC2([H])N1C2(C#N)C([H])([H])[H]
18,18,1,[H]N1C([H])([H])C([H])([H])OC2([H])OC([H])([H])OC12[H]
20,20,1,[H]OC1([H])C([H])([H])C([H])([H])C2([H])N3C([H])([H])C1([H])C32[H]
19,19,1,[H]C#CC1([H])C([H])(C([H])([H])[H])N=NC1([H])C([H])([H])[H]
15,15,1,[H]N([H])C([H])(C#N)C([H])(C#N)C([H])([H])[H]
21,21,1,[H]OC([H])([H])C1(C([H])([H])[H])C([H])([H])C2(N([H])[H])N([H])C21[H]
18,18,1,[H]C#CC([H])(C([H])=O)N([H])C1([H])C([H])([H])C1([H])[H]
20,20,1,[H]OC1(C([H])([H])[H])C2([H])C([H])([H])C1(C([H])([H])[H])C2([H])[H]
19,19,1,[H]C1=C([H])C2([H])OC([H])(C([H])([H])[H])C2([H])C([H])=C1[H]
18,18,1,[H]C(=O)C([H])([H])C([H])([H])C([H])([H])C([H])([H])C([H])=O
22,22,1,[H]OC1([H])C2([H])N([H])C(C([H])([H])[H])(C([H])([H])C([H])([H])[H])C12[H]
17,17,1,[H]N=C1C(=O)C2(C([H])([H])N1[H])C([H])([H])C2([H])[H]
19,19,1,[H]C#CC1([H])N(C([H])([H])C([H])([H])[H])C([H])=NC1([H])[H]
15,14,0,[H]C=C=C=C=NC1([H])C([H])([H])C1([H])O[H]
19,19,1,[H]C1=C(C([H])([H])N([H])[H])N([H])C([H])([H])C(=O)C1([H])[H]
17,17,1,[H]N1C([H])([H])C(=O)C2([H])N([H])C3([H])C1([H])C23[H]
21,21,1,[H]OC1([H])C([H])([H])C2([H])OC([H])(C2([H])[H])C1([H])C([H])([H])[H]
14,14,1,[H]C(=O)N([H])C(=O)N([H])C(=O)N([H])[H]
16,16,1,[H]C([H])([H])C(=O)C1([H])C(=O)C([H])([H])C1([H])[H]
18,18,1,[H]OC1(C([H])([H])[H])C([H])([H])C([H])([H])C1([H])C([H])=O
19,19,1,[H]N=C(C([H])([H])[H])C1([H])C([H])([H])C1(O[H])C([H])([H])[H]
25,25,1,[H]OC([H])([H])C([H])(OC([H])([H])[H])C([H])([H])C([H])([H])C([H])([H])C([H])([H])[H]
14,14,1,[H]N1C(=O)N2C3([H])C([H])([H])C1([H])C23[H]
15,15,1,[H]C1=NC2([H])C([H])([H])OC2([H])C([H])([H])O1
19,19,1,[H]C([H])([H])C12C([H])([H])C1([H])C1([H])C(=O)C2([H])C1([H])[H]
20,19,0,
15,15,1,[H]c1onc(C(=O)N([H])C([H])([H])[H])c1[H]
17,17,1,[H]C1=NC([H])(C2([H])OC2([H])[H])C([H])([H])C1([H])[H]
12,11,0,
21,21,1,[H]N(C([H])([H])C([H])([H])[H])C1([H])C([H])([H])OC1([H])C([H])([H])[H]
15,15,1,[H]N1C(=O)C2([H])OC([H])(C1([H])[H])C2([H])[H]
17,17,1,[H]C(=O)C(=O)C1([H])C([H])([H])C2([H])C([H])([H])C12[H]
16,16,1,[H]N=c1oc(C([H])([H])O[H])c([H])c([H])c1[H]
23,22,0,
15,15,1,[H]C(=O)C1([H])N2C([H])([H])C2(C#N)C1([H])[H]
22,22,1,[H]C(=O)C1([H])C([H])([H])C2(OC([H])([H])C([H])([H])C2([H])[H])C1([H])[H]
16,16,1,[H]c1onc(C([H])([H])C(=O)C([H])([H])[H])c1[H]
19,18,0,[H]OC([H])([H])C(C([H])=O)C1([H])N(C([H])([H])[H])C1([H])[H]
19,19,1,[H]N1C([H])([H])N2C3([H])OC([H])([H])C1(C([H])([H])[H])C23[H]
12,12,1,[H]N1C([H])([H])C1([H])C([H])([H])C#N
9,8,0,
15,15,1,[H]C(=O)C12N([H])C1([H])C([H])(C#N)C2([H])[H]
23,19,0,[H]C1C([H])([H])OC(C([H])[H])(C([H])(C([H])[H])C([H])([H])[H])C1([H])[H]
21,21,1,[H]C1=C([H])C2([H])N([H])C2(C([H])(N([H])[H])C([H])([H])[H])C1([H])[H]
18,17,0,
19,18,0,[H]C1([H])OC([H])([H])C23C1C([H])([H])N2C3([H])C([H])([H])[H]
17,16,0,[H]OC1=C([H])N2C(=C([H])C1[H])C([H])([H])C2([H])[H]
14,11,0,
18,18,1,[H]OC12OC1([H])C([H])(C([H])([H])[H])C([H])([H])C2([H])[H]
19,19,1,[H]OC12C([H])=C(C([H])([H])[H])C3([H])C([H])([H])C1([H])C32[H]
21,21,1,[H]C([H])([H])C1([H])OC2([H])C1([H])N1C3([H])C([H])([H])C([H])([H])C123
19,19,1,[H]N=C([H])N(C(=O)C1([H])C([H])([H])C1([H])[H])C([H])([H])[H]
15,13,0,
20,20,1,[H]N1C([H])(C([H])([H])[H])C([H])(C([H])([H])[H])C12C(=O)C2([H])[H]
19,19,1,[H]C([H])([H])N1C([H])([H])C2([H])C1(C#N)C2([H])C([H])([H])[H]
16,16,1,[H]ON=C1OC([H])([H])N([H])C([H])([H])C1([H])[H]
19,19,1,[H]OC1([H])C([H])([H])OC12C1([H])C([H])([H])C([H])([H])C12[H]
16,16,1,[H]OC([H])([H])C([H])([H])C1([H])C(=O)OC1([H])[H]
23,23,1,[H]OC([H])([H])C12C([H])([H])C1(C([H])([H])[H])C2(C([H])([H])[H])C([H])([H])[H]
18,17,0,[H]C([H])C12OC1([H])C([H])([H])C([H])([H])C1([H])OC12[H]
20,19,0,
14,14,1,[H]OC1([H])OC([H])(C(F)(F)F)C1([H])[H]
17,17,1,[H]OC1([H])C(=O)OC([H])([H])OC1([H])C([H])([H])[H]
20,20,1,[H]OC1([H])C([H])([H])C([H])([H])C([H])([H])C1(C#N)C([H])([H])[H]
20,19,0,[H]C1C([H])([H])C2([H])OC1([H])C1([H])C([H])([H])C([H])([H])C21[H]
19,19,1,[H]C([H])([H])C([H])([H])C1([H])N2C3([H])C([H])([H])C3([H])C21[H]
18,18,1,[H]C#CC([H])([H])C([H])(C([H])([H])[H])C1([H])OC1([H])[H]
20,20,1,[H]C([H])([H])C([H])([H])C12C3([H])N4C([H])(C31[H])C42C([H])([H])[H]
18,18,1,[H]C#CC([H])([H])C(O[H])(C([H])([H])[H])C([H])([H])O[H]
16,16,1,[H]OC1([H])OC(=O)C([H])([H])C1([H])C([H])([H])[H]
16,15,0,
21,21,1,[H]OC1([H])C([H])([H])C([H])([H])C2(C([H])([H])C2([H])[H])C1([H])O[H]
15,14,0,
20,20,1,[H]N([H])C(=NC1([H])N([H])C1([H])OC([H])([H])[H])C([H])([H])[H]
17,17,1,[H]C#CC([H])([H])C([H])([H])N=C([H])OC([H])([H])[H]
21,20,0,[H]C1=C(OC([H])([H])[H])C(C([H])([H])[H])N1C([H])([H])C([H])([H])[H]
17,17,1,[H]OC1(C([H])=O)C([H])([H])C1(C([H])=O)C([H])([H])[H]
16,16,1,[H]C#CC([H])([H])C(=O)N([H])C(=O)C([H])([H])[H]
19,19,1,[H]C([H])([H])C([H])([H])C1([H])OC([H])(C([H])([H])[H])C1([H])[H]
20,20,1,[H]N1C(=O)C2([H])C([H])([H])C([H])([H])C2([H])C([H])([H])C1([H])[H]
17,15,0,[H]ON=C1C2C([H])([H])NC1([H])C([H])([H])C2([H])[H]
20,18,0,[H]C([H])C(O)(C([H])([H])C([H])([H])[H])C1([H])C([H])([H])C1([H])[H]
16,16,1,[H]N(C([H])([H])[H])C([H])([H])C([H])([H])C([H])([H])[H]
17,17,1,[H]OC([H])([H])C(=O)C1([H])OC2([H])C([H])([H])C12[H]
15,15,1,[H]OC([H])(C#N)C1([H])C([H])([H])C1([H])C#N
18,17,0,[H]C1C([H])([H])C([H])(C2([H])OC2([H])[H])C2([H])OC12[H]
20,20,1,[H]C(=O)C([H])(N([H])C([H])([H])C([H])([H])[H])C([H])([H])N([H])[H]
18,18,1,[H]C([H])([H])OC1(C([H])([H])[H])C2([H])C([H])([H])C21C#N
16,16,1,[H]C1=NC([H])([H])N(C([H])([H])[H])C([H])([H])C1=O
14,14,1,[H]N=C([H])N1C(=O)C([H])([H])C([H])=C1[H]
16,12,0,[H]OC([H])([H])C(=O)C1C([H])C([H])C([H])N1[H]
14,14,1,[H]Oc1c(C#N)nn(C([H])([H])[H])c1[H]
14,14,1,[H]Oc1nnc([H])n(C([H])([H])[H])c1=O
20,20,1,[H]OC1(C([H])([H])C([H])([H])[H])C2([H])N3C1([H])C32C([H])([H])[H]
19,19,1,[H]Oc1c(N([H])[H])c(C([H])([H])[H])n([H])c1C([H])([H])[H]
18,18,1,[H]C#CC12C([H])([H])C([H])([H])C3([H])C1([H])N([H])C32[H]
20,20,1,[H]C([H])([H])C([H])(C#N)C([H])([H])C1([H])OC([H])([H])C1([H])[H]
20,20,1,[H]N([H])C([H])([H])C1([H])C([H])([H])C2([H])N([H])C2([H])C1([H])[H]
19,18,0,[H]OC1(C2([H])C([H])N2[H])OC([H])([H])C([H])([H])C1([H])[H]
22,22,1,[H]N1C2(C([H])([H])[H])C([H])([H])C1(C([H])([H])OC([H])([H])[H])C2([H])[H]
17,17,1,[H]C(=O)C1=NC([H])([H])N(C([H])([H])[H])C([H])=C1[H]
19,19,1,[H]OC1([H])C(=O)C([H])=C([H])C([H])([H])C([H])([H])C1([H])[H]
22,22,1,[H]N1C([H])([H])C([H])([H])C1(C#N)OC([H])([H])C([H])([H])C([H])([H])[H]
17,17,1,[H]OC([H])([H])C1=C([H])C([H])([H])OC(=O)C1([H])[H]
17,17,1,[H]C#CC([H])([H])C1([H])C([H])([H])C1([H])C([H])([H])[H]
15,14,0,
20,20,1,[H]C#CC([H])([H])C1(C([H])([H])[H])C(=NC([H])([H])[H])C1([H])[H]
18,18,1,[H]OC1([H])C([H])=C(N2C([H])([H])C2([H])[H])OC1([H])[H]
14,14,1,[H]N=C1OC([H])(C#N)C2([H])N([H])C12[H]
11,11,1,[H]C(=O)Oc1oc(=O)oc1[H]
23,23,1,[H]N1C([H])([H])C([H])([H])C([H])(C([H])([H])[H])N2C([H])([H])C2([H])C1([H])[H]
20,20,1,[H]N1C([H])([H])C2([H])C1([H])C1([H])C2([H])C12C([H])([H])C2([H])[H]
15,15,1,[H]N([H])C12OC1(C#N)C1([H])C([H])([H])C21[H]
18,18,1,[H]N([H])C1([H])C([H])(C#N)C12N([H])C([H])([H])C2([H])[H]
18,18,1,[H]OC([H])([H])C([H])(C(=O)OC([H])([H])[H])C([H])([H])[H]
17,16,0,
15,15,1,[H]C1([H])C([H])([H])C2([H])OC2([H])C1([H])C#N
20,20,1,[H]C(=O)C1([H])OC([H])([H])C1(C([H])([H])[H])C([H])([H])N([H])[H]
21,21,1,[H]OC([H])([H])C12C([H])([H])C(C([H])([H])[H])=C([H])C1([H])C2([H])[H]
20,19,0,[H]OC1([H])C2([H])OC([H])(C2C([H])([H])C([H])([H])[H])C1([H])[H]
22,22,1,[H]OC([H])(C([H])([H])[H])C(OC([H])([H])[H])(C([H])([H])[H])C([H])([H])[H]
21,21,1,[H]N1C2([H])OC(C(=O)C([H])([H])[H])(C([H])([H])C([H])([H])[H])C12[H]
23,23,1,[H]OC([H])([H])C([H])([H])C([H])(C#CC([H])([H])C([H])([H])[H])C([H])([H])[H]
23,23,1,[H]OC(C([H])([H])[H])(C([H])([H])[H])C([H])(C([H])([H])[H])C1([H])OC1([H])[H]
19,19,1,[H]OC([H])([H])C1([H])C(=O)C([H])=C(C([H])([H])[H])C1([H])[H]
13,12,0,[H]C1=C(N([H])[H])C([H])([H])OC1C#N
18,18,1,[H]N1N2C1([H])C([H])([H])C1([H])C2([H])C12N([H])C2([H])[H]
18,18,1,[H]OC([H])([H])C([H])([H])OC1([H])C([H])([H])OC1([H])[H]
17,17,1,[H]C#CC1([H])C([H])(OC([H])=N[H])C1([H])N([H])[H]
18,17,0,
21,20,0,[H]C1N([H])C2([H])C([H])([H])C2([H])OC([H])([H])C([H])([H])C1([H])[H]
21,20,0,[H]C1=C([H])C2([H])N([H])C2([H])C([H])([H])C([H])([H])C1C([H])([H])[H]
22,22,1,[H]OC1(C([H])([H])[H])C([H])([H])C([H])=NC1(C([H])([H])[H])C([H])([H])[H]
13,13,1,[H]C([H])([H])c1nnc(C([H])([H])[H])o1
15,15,1,[H]N([H])C(C#N)(C([H])([H])[H])C([H])([H])C#N
17,17,1,[H]N1C(=O)C2(C([H])([H])[H])C1([H])C2([H])C([H])([H])[H]
19,19,1,[H]C#CC([H])([H])C1(N([H])[H])N([H])C([H])([H])OC1([H])[H]
14,14,1,[H]OC1([H])C2([H])OC([H])([H])OC12C#N
15,15,1,[H]C1=C(C([H])([H])[H])N([H])C([H])(C#N)C1=O
18,18,1,[H]OC([H])([H])C1(C#N)C([H])([H])OC([H])([H])C1([H])[H]
23,23,1,[H]OC([H])(C([H])([H])[H])C1([H])C([H])([H])C12C([H])([H])C2([H])C([H])([H])[H]
19,19,1,[H]OC1([H])C([H])([H])C([H])(N2C([H])([H])C2([H])[H])C1([H])[H]
25,25,1,[H]C([H])=C([H])C1(C([H])([H])[H])C([H])([H])C([H])([H])C([H])([H])C1([H])C([H])([H])[H]
14,14,1,[H]C1=NC2([H])OC([H])([H])C2([H])C(=O)O1
21,17,0,[H]OC1([H])CC([H])(C([H])(C([H])[H])C([H])([H])C([H])([H])[H])N1
17,17,1,[H]OC([H])([H])C([H])(C#N)C1([H])C([H])([H])C1([H])[H]
17,17,1,[H]N=c1oc(N([H])[H])c([H])c([H])c1C([H])([H])[H]
21,20,0,
19,17,0,
18,18,1,[H]N1C23C([H])([H])C4([H])C5([H])C2([H])C5(C([H])([H])[H])C143
18,18,1,[H]N1C2([H])N(C([H])([H])[H])C2(C#N)C1([H])C([H])([H])[H]
18,18,1,[H]C1=NC([H])([H])C2([H])N([H])C2([H])C2([H])N([H])C12[H]
21,20,0,[H]C([H])C1([H])C2([H])C(=O)N([H])C([H])([H])C21C([H])([H])[H]
19,19,1,[H]C([H])([H])C12N3C([H])(C1([H])[H])C([H])([H])C32C([H])([H])[H]
15,15,1,[H]C#CC1=NN([H])C(=N[H])N([H])C1([H])[H]
17,16,0,
20,20,1,[H]C1=C([H])C2(C([H])([H])[H])C([H])([H])C2([H])N=C1C([H])([H])[H]
15,15,1,[H]OC([H])([H])C1([H])OC2([H])OC(=O)C21[H]
16,16,1,[H]C1=C([H])C([H])([H])C2([H])C(=O)N([H])C2=C1[H]
14,14,1,[H]C(=O)OC([H])([H])N=C([H])C([H])([H])[H]
16,16,1,[H]OC1=NC([H])(C([H])([H])[H])C(O[H])=NN1[H]
16,16,1,[H]N1C(C2(C([H])([H])[H])OC2([H])[H])=NC1([H])[H]
16,16,1,[H]C#CC1=C(N([H])[H])C([H])([H])N=C([H])N1[H]
19,19,1,[H]C([H])([H])C([H])([H])OC1([H])C([H])([H])N2C([H])([H])C21[H]
20,20,1,[H]OC12C([H])([H])C1([H])C(C([H])([H])[H])=C([H])C21OC1([H])[H]
21,21,1,[H]C1=C(C([H])([H])[H])C([H])=C([H])C([H])(C([H])([H])[H])C([H])=C1[H]
17,16,0,[H]N=C([H])OC([H])([H])C([H])(C#N)N([H])C([H])[H]
21,21,1,[H]OC([H])([H])C1([H])C([H])(C([H])([H])[H])C1(O[H])C([H])([H])O[H]
20,20,1,[H]C([H])([H])C([H])(C([H])([H])[H])C1(C#N)OC([H])([H])C1([H])[H]
19,19,1,[H]OC12C([H])([H])C1([H])C([H])([H])OC21C([H])([H])C1([H])[H]
21,21,1,[H]C#CC1(C([H])([H])[H])C([H])([H])C([H])([H])OC1([H])C([H])([H])[H]
23,23,1,[H]C([H])([H])C1(C([H])([H])[H])C(=O)C([H])([H])C1(C([H])([H])[H])C([H])([H])[H]
17,17,1,[H]N1C([H])([H])C([H])([H])C2([H])OC([H])([H])C12C#N
18,18,1,[H]C#CC([H])([H])C(C#N)(O[H])C([H])([H])C([H])([H])[H]
14,13,0,[H]C#CC1N=C([H])C([H])([H])C(=O)N1[H]
19,19,1,[H]OC12OC1([H])C1([H])C([H])(C([H])([H])[H])C([H])([H])C21[H]
14,14,1,[H]C(=O)N([H])C([H])(C#N)N([H])C([H])=O
15,15,1,[H]N=C(C(=O)C([H])=O)C([H])([H])C([H])([H])[H]
16,16,1,[H]C#CC1([H])C([H])=NC([H])(C([H])=O)C1([H])[H]
19,19,1,[H]C1([H])OC2([H])C3([H])C1([H])C1([H])C([H])([H])C([H])([H])C213
19,19,1,[H]OC1([H])N([H])C([H])([H])C23N(C([H])([H])C2([H])[H])C13[H]
18,18,1,[H]C#CC12C([H])([H])OC([H])([H])N(C1([H])[H])C2([H])[H]
13,13,1,[H]c1nc2c(N([H])[H])nn([H])c2o1
19,19,1,[H]N=C1OC([H])([H])C([H])(C([H])([H])O[H])N1C([H])([H])[H]
20,17,0,
19,19,1,[H]C([H])([H])OC12C3([H])C([H])([H])C4([H])C([H])(C41[H])C32[H]
15,10,0,[H]OC1NC(N([H])[H])C([H])C1C([H])([H])[H]
19,19,1,[H]OC1([H])C2([H])N3C([H])([H])C([H])([H])C1([H])N([H])C32[H]
15,15,1,[H]N=C([H])OC([H])(O[H])C([H])([H])C([H])=O
14,14,1,[H]N=C1OC2(C([H])=O)OC1([H])C2([H])[H]
17,17,1,[H]c1c(N([H])[H])c(N([H])[H])n(C([H])([H])[H])c1[H]
18,18,1,[H]OC12C(=O)C([H])([H])C([H])([H])C1([H])C([H])([H])N2[H]
18,18,1,[H]OC([H])([H])C12C3([H])N4C3([H])C([H])([H])C1([H])C42[H]
19,19,1,[H]C([H])([H])C(=O)C([H])(C([H])([H])[H])C([H])([H])C([H])([H])[H]
25,25,1,[H]OC(C([H])=C(C([H])([H])[H])C([H])([H])C([H])([H])[H])(C([H])([H])[H])C([H])([H])[H]
21,21,1,[H]OC([H])(C([H])([H])[H])C([H])([H])N([H])C([H])(C#N)C([H])([H])[H]
17,17,1,[H]C([H])([H])C(=O)N1C([H])([H])OC([H])([H])C1([H])[H]
23,23,1,[H]OC([H])(C([H])([H])[H])C([H])([H])C1([H])C([H])([H])C1(O[H])C([H])([H])[H]
25,25,1,[H]N(C([H])([H])[H])C([H])(C([H])([H])[H])C(OC([H])([H])[H])(N([H])[H])C([H])([H])[H]
18,18,1,[H]N1N([H])C1([H])C1(C([H])([H])[H])N([H])C(=O)C1([H])[H]
16,16,1,[H]C#CC1=C([H])C([H])([H])C([H])(O[H])C1([H])[H]
20,18,0,[H]C1C([H])([H])C2([H])NC2(OC([H])([H])C([H])([H])[H])C1([H])[H]
19,19,1,[H]OC1([H])N2C([H])([H])C(C([H])([H])[H])(C2([H])[H])C1([H])[H]
15,15,1,[H]C#CC(C#N)(C([H])([H])[H])C([H])([H])O[H]
14,14,1,[H]N1C([H])([H])OC(=O)OC(=O)C1([H])[H]
18,18,1,[H]C#CC1([H])C2([H])N=C(C([H])([H])[H])C([H])([H])C12[H]
17,17,1,[H]C1=C([H])C2([H])OC3([H])C([H])([H])C1([H])OC23[H]
17,15,0,
20,20,1,[H]OC1([H])C([H])([H])C([H])([H])C([H])(C([H])([H])C#N)C1([H])[H]
19,19,1,[H]OC(=O)C([H])(C([H])([H])O[H])C([H])([H])OC([H])([H])[H]
19,19,1,[H]OC1([H])C([H])=C2C([H])(C([H])([H])[H])C([H])=C([H])C21[H]
14,14,1,[H]OC1(C([H])=O)C2([H])OC1([H])C2([H])[H]
20,20,1,[H]C1=C([H])C([H])(C([H])([H])[H])C([H])(OC([H])([H])[H])C1([H])[H]
19,19,1,[H]OC1([H])C([H])([H])C1(C([H])([H])[H])C([H])([H])C([H])([H])[H]
21,21,1,[H]OC1([H])C([H])([H])C2([H])OC([H])([H])C1(C([H])([H])[H])C2([H])[H]
21,21,1,[H]OC([H])([H])C([H])([H])C([H])(C([H])([H])O[H])C1([H])OC1([H])[H]
17,17,1,[H]C(=O)C#CC1(C([H])([H])[H])N([H])N([H])C1([H])[H]
17,17,1,[H]N1C([H])([H])C2([H])C3([H])OC2([H])C13C([H])([H])[H]
16,16,1,[H]c1nc(C2([H])C([H])([H])C2([H])[H])c([H])n1[H]
16,16,1,[H]OC1([H])C2([H])C(=O)C([H])=C([H])N([H])C12[H]
15,15,1,[H]c1oc(C([H])([H])[H])c([H])c1C([H])([H])[H]
19,19,1,[H]N=C1OC([H])([H])C2(O[H])OC1(C([H])([H])[H])C2([H])[H]
16,16,1,[H]OC([H])(C#N)C([H])([H])C1([H])N([H])C1([H])[H]
14,14,1,[H]OC1([H])OC([H])([H])C2(C#N)OC12[H]
22,22,1,[H]OC([H])(C(=O)C([H])([H])[H])C1([H])C([H])([H])OC1([H])C([H])([H])[H]
23,22,0,[H]N([H])C(C([H])([H])[H])C1([H])N([H])C1([H])C(=O)C([H])([H])C([H])([H])[H]
19,19,1,[H]C([H])([H])C1([H])C(=O)C2([H])OC2([H])C([H])([H])C1([H])[H]
20,20,1,[H]C#CC([H])(OC([H])([H])[H])C1([H])N(C([H])([H])[H])C1([H])[H]
18,17,0,[H]C1C([H])([H])C2([H])OC3([H])C4([H])C([H])([H])C14C23[H]
19,19,1,[H]C([H])([H])C([H])([H])OC([H])([H])C([H])([H])C([H])([H])C#N
19,19,1,[H]C([H])([H])C12C([H])([H])C([H])([H])C([H])(C1([H])[H])C2([H])[H]
20,20,1,[H]N1C([H])([H])C1([H])C1(C([H])([H])[H])C([H])([H])C(=O)C1([H])[H]
15,15,1,[H]C#Cc1c([H])c(C([H])([H])[H])n([H])c1[H]
20,20,1,[H]OC1(C([H])([H])[H])C2([H])C([H])([H])C1([H])C2([H])C([H])([H])[H]
21,21,1,[H]C#CC([H])([H])C1([H])C([H])(OC([H])([H])[H])C1([H])C([H])([H])[H]
21,21,1,[H]C([H])([H])C1([H])C(=O)OC([H])([H])C([H])([H])C1([H])C([H])([H])[H]
19,19,1,[H]C1([H])OC2([H])C([H])([H])C3([H])OC3([H])C([H])([H])C12[H]
15,15,1,[H]C([H])([H])C1([H])C([H])([H])C2(C#N)OC21[H]
17,17,1,[H]OC1([H])C([H])([H])C2([H])C(=O)C12OC([H])([H])[H]
13,13,1,[H]N1c2nnoc2C([H])([H])C1([H])[H]
12,12,1,[H]c1nc(=O)oc([H])c1N([H])[H]
15,14,0,[H]C1OC2(C(=O)OC([H])([H])N2[H])C1([H])[H]
20,20,1,[H]OC1([H])C2([H])C3([H])C4([H])OC(C([H])([H])[H])(C12[H])C43[H]
18,18,1,[H]N=C1OC2([H])C([H])([H])OC1([H])C([H])([H])C2([H])[H]
19,18,0,[H]N1C(C#N)C([H])(C([H])([H])[H])C([H])(N([H])[H])C1([H])[H]
11,11,1,[H]N=c1nc([H])onc1C#N
18,18,1,[H]C1=NC([H])([H])C2([H])N([H])C2([H])C1([H])C([H])([H])[H]
16,16,1,[H]N1C([H])([H])C12C([H])([H])OC([H])([H])C2([H])[H]
17,17,1,[H]OC([H])([H])C([H])(C([H])=O)C1([H])N([H])C1([H])[H]
15,15,1,[H]C#CC([H])([H])OC([H])([H])C([H])([H])C#N
18,18,1,[H]N1C(C([H])([H])[H])=NC2([H])C([H])([H])C([H])([H])C12[H]
21,20,0,
15,15,1,[H]C1=C([H])C([H])([H])N([H])c2c([H])noc21
15,15,1,[H]OC([H])(C#N)C1([H])C(=O)N([H])C1([H])[H]
15,15,1,[H]Oc1c(C2([H])N([H])N2[H])c([H])nn1[H]
15,15,1,[H]C(=O)C12C(=O)OC1([H])C([H])([H])C2([H])[H]
24,24,1,[H]OC1([H])N(C([H])(C([H])([H])[H])C([H])([H])C([H])([H])[H])C([H])([H])C1([H])[H]
19,19,1,[H]C1=NC([H])([H])C2([H])N(C([H])=C1[H])C([H])([H])C2([H])[H]
20,20,1,[H]C([H])([H])C1([H])C2([H])C3([H])N4C3([H])C1([H])C42C([H])([H])[H]
15,13,0,
20,20,1,[H]C1=C([H])C2(OC2([H])[H])C([H])([H])N(C([H])([H])[H])C1([H])[H]
17,17,1,[H]C([H])=C(C(=O)N([H])[H])C([H])([H])OC([H])([H])[H]
18,18,1,[H]C1=NC([H])(C([H])([H])[H])C2(O1)OC2([H])C([H])([H])[H]
15,15,1,[H]Oc1nc(C2([H])N([H])C2([H])[H])n([H])n1
18,15,0,[H]C1C([H])([H])OC(=O)C(C([H])([H])[H])C1([H])[H]
14,14,1,[H]C1([H])N2C([H])([H])C3(C#N)C2([H])C13[H]
19,19,1,[H]N(C([H])([H])[H])C1([H])C([H])([H])C(=O)C1([H])C([H])([H])[H]
16,15,0,
20,20,1,[H]C([H])([H])OC([H])([H])C12C([H])([H])C([H])([H])C1([H])C2([H])[H]
21,21,1,[H]C([H])([H])C([H])(C([H])([H])C1([H])OC1([H])[H])C1([H])OC1([H])[H]
21,21,1,[H]N(C([H])([H])[H])C1(C([H])([H])OC([H])([H])[H])C([H])([H])C1([H])[H]
19,19,1,[H]N([H])C1(C([H])([H])[H])C(C(=O)C([H])([H])[H])=NC1([H])[H]
17,17,1,[H]N([H])C12C([H])(C#N)OC([H])([H])C1([H])C2([H])[H]
19,16,0,[H]C(OC1([H])N([H])C(=O)OC1([H])[H])C([H])([H])[H]
18,18,1,[H]OC12C(=O)C([H])(C([H])([H])[H])C1(N([H])[H])C2([H])[H]
20,20,1,[H]C1=C([H])C([H])([H])C2(C([H])([H])[H])C([H])([H])C2([H])C1([H])[H]
15,15,1,[H]N([H])C(=O)c1nnn([H])c1C([H])([H])[H]
23,23,1,[H]OC1(C([H])([H])C([H])([H])N2C([H])([H])C2([H])[H])OC([H])([H])C1([H])[H]
14,11,0,
19,19,1,[H]C1=C([H])C([H])(C([H])([H])N([H])[H])OC([H])([H])C1([H])[H]
12,12,1,[H]C(=O)n1nc([H])c([H])nc1=O
19,18,0,
13,11,0,[H]C1=NC([H])=C2NNC([H])=C2N1[H]
21,21,1,[H]C([H])([H])C1=C(C([H])([H])C([H])([H])[H])C([H])([H])C12OC2([H])[H]
19,19,1,[H]OC([H])([H])C1([H])C2([H])N([H])C1([H])C([H])([H])C2([H])[H]
21,21,1,[H]C#CC1([H])C([H])([H])C([H])(C([H])([H])[H])C1([H])C([H])([H])O[H]
17,16,0,[H]C1=NC([H])C2=C(C1([H])[H])C([H])([H])C([H])([H])O2
15,15,1,[H]C(=O)C12OC1([H])C(=O)C([H])([H])C2([H])[H]
23,23,1,[H]OC1(C([H])([H])C([H])([H])[H])OC([H])([H])C1([H])C1([H])N([H])C1([H])[H]
18,18,1,[H]N(C(=O)C([H])([H])N([H])[H])C([H])([H])OC([H])([H])[H]
20,20,1,[H]C1=NC([H])([H])C([H])([H])C([H])([H])C12C([H])([H])OC2([H])[H]
18,18,1,[H]OC([H])(C([H])([H])[H])C([H])([H])N([H])C(=O)N([H])[H]
16,16,1,[H]C1=C([H])C2([H])N(C([H])([H])C1([H])[H])C2([H])[H]
18,16,0,
15,15,1,[H]C1=C([H])C([H])([H])C([H])=C(N([H])[H])C1=O
20,20,1,[H]OC1([H])C([H])([H])N(C([H])([H])[H])C1([H])C1([H])OC1([H])[H]
17,17,1,[H]OC(c1nnnn1[H])(C([H])([H])[H])C([H])([H])[H]
11,11,1,[H]C(=O)C#Cc1noc(=O)o1
21,20,0,[H]OC([H])([H])C#CC([H])([H])N([H])C([H])C([H])([H])C([H])([H])[H]
18,18,1,[H]N1C(C([H])([H])C#N)=NC([H])([H])C([H])([H])C1([H])[H]
16,14,0,[H]N1N=C(OC([H])([H])C([H])([H])N([H])[H])NN1
15,15,1,[H]N=C(O[H])N(C#N)C1([H])N([H])C1([H])[H]
23,23,1,[H]OC([H])([H])C([H])([H])C1(O[H])C([H])([H])C1(C([H])([H])[H])C([H])([H])[H]
16,16,1,[H]N=C1OC([H])([H])C([H])(OC([H])([H])[H])N1[H]
20,20,1,[H]C#CC1([H])C([H])=C([H])C([H])(N([H])C([H])([H])[H])C1([H])[H]
19,19,1,[H]c1onc(N([H])C([H])([H])C([H])([H])[H])c1C([H])([H])[H]
17,17,1,[H]C#CC1([H])C([H])([H])C([H])([H])C([H])([H])C1([H])[H]
21,21,1,[H]N([H])C([H])([H])N1C([H])([H])C2([H])OC2([H])C1([H])C([H])([H])[H]
20,20,1,[H]OC1([H])C2([H])C([H])(C([H])([H])[H])C1([H])C21N([H])C1([H])[H]
19,16,0,[H]C#CC([H])(OC(=O)N([H])[H])C([H])([H])C([H])[H]
12,12,1,[H]N=c1oc(O[H])nn1C([H])=O
20,20,1,[H]N1C([H])([H])C2(C3([H])C([H])([H])C3([H])[H])C([H])([H])OC12[H]
18,18,1,[H]OC1([H])C([H])([H])C1(C#N)C1([H])C([H])([H])C1([H])[H]
16,16,1,[H]C#CC([H])([H])C([H])([H])C([H])=C([H])C([H])=O
20,20,1,[H]C([H])([H])C1(C2([H])OC([H])([H])C2([H])[H])C([H])([H])C1([H])[H]
21,21,1,[H]C([H])([H])C12C([H])([H])C([H])([H])C3([H])OC([H])(C1([H])[H])C32[H]
18,18,1,[H]OC1([H])C2([H])C([H])=C(N([H])[H])C([H])([H])C12O[H]
21,21,1,[H]C([H])=C([H])C([H])([H])C1(C([H])([H])[H])OC([H])([H])OC1([H])[H]
15,15,1,[H]N1C([H])([H])C2([H])C(=O)C1(C#N)C2([H])[H]
14,14,1,[H]N=C1OC(C([H])=NC([H])([H])[H])=C1[H]
20,20,1,[H]C1=NC([H])([H])C(C([H])([H])C2([H])OC([H])([H])C2([H])[H])=N1
18,18,1,[H]OC([H])([H])C([H])([H])C12N3C4([H])C([H])(C31[H])C42[H]
21,21,1,[H]OC1([H])C(O[H])(C([H])([H])[H])C1(O[H])C([H])([H])C([H])([H])[H]
17,16,0,[H]N([H])C(C#N)N([H])C1([H])C([H])([H])OC1([H])[H]
17,17,1,[H]C([H])(C#N)C#CC([H])([H])C([H])([H])C([H])([H])[H]
18,18,1,[H]N(C(=O)C([H])([H])OC1([H])OC1([H])[H])C([H])([H])[H]
16,16,1,[H]N1C(=O)C([H])([H])C2([H])C3([H])OC3([H])C12[H]
16,16,1,[H]N=C([H])C(C([H])=O)(C([H])([H])[H])C([H])([H])[H]
16,16,1,[H]N1C(=O)C2([H])C([H])([H])C3([H])OC3([H])C12[H]
23,23,1,[H]N1C([H])([H])C1([H])C([H])(C([H])([H])C([H])([H])[H])C([H])([H])C([H])([H])[H]
15,15,1,[H]OC([H])([H])C1([H])N([H])C(=O)C(=O)N1[H]
16,16,1,[H]C1=NC2(C([H])([H])OC2([H])[H])C([H])([H])N1[H]
18,18,1,[H]C([H])([H])C1([H])C2([H])OC1(C#N)C([H])([H])C2([H])[H]
14,14,1,[H]c1nc(C([H])([H])[H])nc([H])c(=O)n1
17,17,1,[H]N1N([H])C1([H])C1=NC([H])([H])C2([H])N([H])C12[H]
23,23,1,[H]N1C([H])([H])C1([H])C([H])([H])C([H])(C([H])([H])[H])C([H])([H])C([H])([H])[H]
23,23,1,[H]OC([H])(C([H])([H])C([H])([H])C([H])([H])[H])C([H])([H])C1([H])OC1([H])[H]
14,12,0,
16,16,1,[H]C#CC1([H])C([H])([H])C2([H])OC2([H])C1([H])[H]
21,21,1,[H]N(C([H])([H])[H])C12N(C([H])([H])[H])C3([H])C([H])(C1([H])[H])C32[H]
11,10,0,[H]C1=C([H])C(N([H])[H])C(=O)O1
21,19,0,
23,21,0,
17,15,0,
21,21,1,[H]C([H])([H])C1([H])OC(C([H])([H])[H])(C([H])([H])[H])C2([H])OC12[H]
19,19,1,[H]N1C([H])([H])C1([H])C#CC1([H])C([H])([H])C(=O)C1([H])[H]
21,20,0,[H]C1C2([H])N3C([H])([H])C1(C([H])([H])C([H])([H])[H])C3([H])C2([H])[H]
20,20,1,[H]C#CC1(C2([H])C([H])([H])C2([H])C([H])([H])[H])N([H])C1([H])[H]
22,22,1,[H]OC([H])([H])C1=C([H])C2([H])C([H])([H])C1(O[H])C2([H])C([H])([H])[H]
20,20,1,[H]C([H])([H])C1([H])C([H])([H])C([H])([H])OC2([H])C([H])([H])C21[H]
15,15,1,[H]C1=C(N([H])C([H])([H])[H])C(=O)C(=O)N1[H]
19,19,1,[H]OC1([H])OC([H])([H])C1([H])C([H])(C([H])=O)C([H])([H])[H]
19,19,1,[H]c1c(C([H])([H])C([H])([H])[H])c([H])n(C([H])([H])[H])c1[H]
18,17,0,[H]C(=O)C12OC([H])([H])C([H])([H])C1([H])C([H])C2([H])[H]
19,19,1,[H]C1=C([H])C([H])(C([H])([H])OC([H])([H])[H])C([H])([H])C1=O
21,21,1,[H]OC1([H])C([H])([H])OC([H])([H])C(O[H])(C([H])([H])[H])C1([H])[H]
19,19,1,[H]N1C2([H])C([H])([H])C([H])([H])C([H])(C#N)C12C([H])([H])[H]
23,23,1,[H]OC([H])([H])C12OC([H])(C([H])(C([H])([H])[H])C([H])([H])[H])N1C2([H])[H]
20,20,1,[H]C(=O)C1([H])C(C([H])([H])C([H])([H])[H])=C([H])C1([H])N([H])[H]
20,19,0,[H]C([H])([H])C12C([H])([H])C([H])([H])C13C([H])([H])C([H])(O)C23[H]
21,21,1,[H]C([H])([H])C1([H])C(=O)C([H])([H])C2([H])C([H])([H])C2([H])C1([H])[H]
22,22,1,[H]N1C([H])([H])C([H])([H])C2([H])C1([H])C2([H])C([H])([H])OC([H])([H])[H]
18,18,1,[H]C1=C2N(C([H])([H])C1=O)C([H])([H])C([H])([H])C2([H])[H]
13,9,0,[H]C(=O)C1NC([H])C(C([H])=O)N1[H]
21,21,1,[H]N1C2([H])C([H])([H])C1([H])C2([H])N([H])C([H])([H])OC([H])([H])[H]
13,13,1,[H]N=C([H])OC(=O)C(=O)C([H])([H])[H]
17,17,1,[H]C1=C([H])C2(OC([H])([H])[H])C3([H])OC1([H])C32[H]
17,17,1,[H]c1nn(C([H])([H])[H])c(=O)c(C([H])([H])[H])c1[H]
21,21,1,[H]N(C([H])([H])C(=O)N1C([H])([H])C1([H])[H])C([H])([H])C([H])([H])[H]
18,18,1,[H]N=C([H])OC1(C(=O)C([H])([H])[H])C([H])([H])C1([H])[H]
18,18,1,[H]c1oc(=NC([H])([H])[H])n(C([H])([H])[H])c1N([H])[H]
18,18,1,[H]N1C2([H])C(C([H])([H])[H])=NC([H])(C([H])([H])[H])C12[H]
17,17,1,[H]C1=C([H])C2([H])C3([H])C([H])([H])N4N1C4([H])C23[H]
21,21,1,[H]C1([H])C([H])([H])C1([H])C12C([H])([H])C3([H])C([H])(C1([H])[H])C32[H]
18,18,1,[H]OC1([H])C([H])(C([H])([H])[H])C1(C([H])=O)C([H])([H])[H]
22,22,1,[H]N1C([H])([H])C12C([H])([H])OC([H])([H])C([H])([H])C2([H])C([H])([H])[H]
19,19,1,[H]C([H])([H])C12N3C([H])([H])C([H])([H])C1([H])C2([H])C3([H])[H]
21,21,1,[H]OC1([H])C([H])([H])C2([H])C([H])(O[H])C2(C([H])([H])[H])C1([H])[H]
20,20,1,[H]OC1([H])C([H])=C([H])C2([H])OC([H])([H])C([H])([H])C1([H])O2
23,23,1,[H]OC1([H])C([H])(C([H])([H])[H])C([H])([H])C1([H])C1([H])C([H])([H])C1([H])[H]
17,16,0,
23,23,1,[H]N(C([H])([H])[H])C1(C([H])([H])C([H])([H])C([H])([H])[H])C([H])([H])C1([H])[H]
21,21,1,[H]Oc1c([H])c(C([H])([H])O[H])n(C([H])([H])[H])c1C([H])([H])[H]
11,9,0,
17,17,1,[H]C([H])([H])C1([H])C([H])([H])C1([H])C1([H])OC1([H])[H]
27,27,1,[H]OC([H])([H])C([H])([H])C(C([H])([H])[H])(C([H])([H])[H])C([H])(C([H])([H])[H])C([H])([H])[H]
15,15,1,[H]C#CC1=NC(=O)C([H])(C([H])([H])[H])N1[H]
14,14,1,[H]N=C1c2c(noc2[H])N([H])C1([H])[H]
19,17,0,
21,21,1,[H]OC1([H])C([H])(C([H])([H])[H])C2(C([H])([H])[H])OC([H])([H])C12[H]
19,19,1,[H]N1C(=O)C2(C([H])([H])C1([H])[H])C([H])([H])C2([H])N([H])[H]
15,14,0,[H]C#CC1C(=N[H])N([H])C([H])=NC1([H])[H]
16,16,1,[H]OC1([H])C([H])([H])C2(C([H])([H])C#N)OC12[H]
20,20,1,[H]OC([H])([H])C12C([H])=C([H])C([H])([H])C([H])([H])C1([H])N2[H]
15,15,1,[H]N=C1C(=O)C([H])([H])C([H])([H])C1([H])O[H]
17,17,1,[H]C(=O)C([H])([H])C([H])([H])C1(C([H])=O)OC1([H])[H]
19,19,1,[H]C(=O)N1C([H])([H])N=C(C([H])([H])[H])C1([H])C([H])([H])[H]
22,22,1,[H]OC1([H])C([H])([H])C2([H])N([H])C1(C([H])([H])[H])C2([H])C([H])([H])[H]
17,17,1,[H]C(=O)C1([H])C([H])([H])C12N(C([H])([H])[H])C2([H])[H]
13,13,1,[H]N([H])C12C(=O)N3C([H])([H])N1C32[H]
19,19,1,[H]N([H])C1([H])C(=O)C2(N([H])C([H])([H])C2([H])[H])C1([H])[H]
20,20,1,[H]Oc1c([H])c(C([H])([H])C([H])([H])[H])n(C([H])([H])[H])c1[H]
16,16,1,[H]ON=C(C([H])=O)C([H])([H])N1N([H])C1([H])[H]
21,21,1,[H]OC([H])(C([H])([H])N([H])C([H])([H])[H])C([H])([H])C([H])([H])C#N
16,15,0,
18,18,1,[H]OC1(C([H])([H])[H])C2([H])OC2([H])C2([H])N([H])C21[H]
14,10,0,[H]C1=NNNNC1C([H])([H])C([H])([H])[H]
19,19,1,[H]C([H])([H])C1([H])C2([H])C(=O)C23C([H])([H])C([H])([H])C13[H]
14,14,1,[H]C(=O)C12C([H])=C([H])C(=O)C1([H])N2[H]
19,19,1,[H]OC([H])([H])C([H])([H])N1C([H])([H])C1([H])C([H])([H])C#N
19,19,1,[H]N1C(=O)OC2([H])C([H])([H])OC2([H])C1([H])C([H])([H])[H]
17,17,1,[H]OC([H])([H])C#CC1([H])OC1([H])OC([H])([H])[H]
19,19,1,[H]N1C2([H])N=C3C([H])([H])C([H])([H])C1([H])C3([H])C2([H])[H]
20,20,1,[H]OC1([H])N(C([H])([H])[H])C([H])([H])C2([H])C([H])([H])C12O[H]
19,19,1,[H]C([H])([H])C(=O)N1C([H])([H])C([H])(C([H])([H])[H])C1([H])[H]
21,21,1,[H]C([H])([H])C1([H])C2([H])C([H])([H])C3([H])OC3(C([H])([H])[H])C12[H]
19,19,1,[H]C(=O)C([H])([H])C1(C([H])([H])[H])N(C([H])([H])[H])C1([H])[H]
20,20,1,[H]C([H])([H])C1([H])OC([H])(C2([H])OC2([H])[H])C([H])([H])C1=O
20,20,1,[H]N=C([H])OC1([H])C([H])([H])C([H])=C([H])C([H])([H])C1([H])[H]
17,17,1,[H]C([H])([H])C#CC1([H])C2([H])OC([H])([H])C12C#N
21,21,1,[H]C1([H])OC([H])([H])C([H])(C([H])([H])C2([H])OC2([H])[H])C1([H])[H]
15,15,1,[H]C([H])([H])OC(=O)C1([H])C(=O)OC1([H])[H]
12,12,1,[H]C#Cc1c([H])oc(C#N)c1[H]
15,15,1,[H]Oc1c([H])oc(N([H])[H])c1C([H])([H])[H]
19,19,1,[H]C#CC1(C([H])([H])C([H])([H])C([H])([H])[H])N([H])C1([H])[H]
15,15,1,[H]N([H])c1oc(OC([H])([H])[H])nc1C#N
20,20,1,[H]OC1([H])C([H])([H])C2([H])N([H])C3(C([H])([H])C3([H])[H])C12[H]
21,21,1,[H]OC1(C([H])([H])[H])C([H])(C([H])([H])[H])C2([H])C([H])([H])C21O[H]
14,14,1,[H]N=c1oc(F)c(N([H])[H])c([H])c1[H]
18,18,1,[H]C1=C([H])C2(OC1=NC([H])([H])[H])C([H])([H])C2([H])[H]
14,14,1,[H]N=C([H])Oc1nc([H])n([H])c1O[H]
15,13,0,[H]OC12C(=O)NC1([H])C([H])([H])N([H])C2[H]
12,11,0,
20,19,0,
15,15,1,[H]C(=O)C([H])([H])c1oc([H])nc1N([H])[H]
20,20,1,[H]OC([H])([H])C1(C([H])([H])[H])N(C([H])([H])C([H])=O)C1([H])[H]
19,19,1,[H]N(C1=NC([H])([H])C([H])([H])O1)C1([H])C([H])([H])C1([H])[H]
21,21,1,[H]OC1([H])C([H])([H])C(O[H])(C([H])(O[H])C([H])([H])[H])C1([H])[H]
19,19,1,[H]OC1([H])C([H])([H])C2([H])OC([H])(C2([H])[H])C1([H])O[H]
20,20,1,[H]OC1([H])C([H])(C#N)C1(C([H])([H])[H])C([H])([H])C([H])([H])[H]
19,19,1,[H]C(=O)C([H])([H])C1([H])C([H])([H])C12OC([H])([H])C2([H])[H]
16,16,1,[H]C1([H])OC(=O)C1([H])C1([H])C([H])([H])C1([H])[H]
21,20,0,[H]C1=NC([H])C([H])(C2([H])C([H])([H])C2([H])[H])C1([H])C([H])([H])[H]
18,17,0,
21,21,1,[H]OC1([H])C2([H])OC1([H])C1([H])N(C1([H])[H])C2([H])C([H])([H])[H]
21,21,1,[H]N1C2([H])C([H])([H])C3([H])N(C([H])([H])[H])C3([H])C([H])([H])C12[H]
21,21,1,[H]C([H])([H])C([H])(C([H])([H])[H])C1(C([H])([H])[H])OC(=O)C1([H])[H]
14,14,1,[H]C1(C#N)OC2([H])C3([H])OC2([H])C13[H]
16,16,1,[H]N([H])C(=O)C([H])(C(=O)C([H])([H])[H])N([H])[H]
20,20,1,[H]N1C2([H])C3([H])C([H])([H])C14C([H])([H])C([H])([H])C([H])([H])C234
21,21,1,[H]C(=NC([H])([H])[H])C(=O)N([H])C([H])([H])C([H])([H])C([H])([H])[H]
12,11,0,
19,19,1,[H]C1=C([H])C2(C([H])([H])C1([H])[H])C([H])([H])C2([H])N([H])[H]
15,15,1,[H]Oc1c([H])n(C([H])([H])O[H])c(=O)n1[H]
18,18,1,[H]OC([H])([H])C12C([H])([H])C([H])(C1([H])[H])C2([H])C#N
19,19,1,[H]C(=O)C1([H])C([H])([H])C([H])([H])C([H])(C([H])=O)C1([H])[H]
18,18,1,[H]OC1([H])C([H])([H])C(C#N)(OC([H])([H])[H])C1([H])[H]
18,16,0,
21,21,1,[H]OC1([H])C2([H])C([H])=C([H])C([H])([H])C([H])([H])C([H])([H])C12[H]
18,17,0,
22,22,1,[H]OC([H])([H])C1(C([H])([H])[H])C2([H])N([H])C([H])([H])C21C([H])([H])[H]
11,11,1,[H]C(=O)OC([H])([H])C([H])([H])[H]
18,18,1,[H]N(C(=O)N([H])C1([H])C([H])([H])C1([H])[H])C([H])([H])[H]
17,17,1,[H]C#CC12C3([H])OC([H])([H])C([H])([H])C1([H])C32[H]
22,22,1,[H]C1([H])OC1([H])C([H])([H])C(=O)C([H])([H])C1([H])C([H])([H])C1([H])[H]
15,14,0,[H]C1OC([H])(C#N)C(=O)C([H])([H])C1([H])[H]
19,19,1,[H]N=C([H])C1([H])C([H])([H])C(=O)N(C([H])([H])[H])C1([H])[H]
17,17,1,[H]N([H])C(=O)C([H])(C(=O)C#N)N([H])C([H])([H])[H]
16,16,1,[H]c1oc([H])c(C([H])([H])[H])c1C(=O)N([H])[H]
25,25,1,[H]C([H])([H])OC([H])(C([H])([H])[H])C([H])(C([H])([H])[H])C1([H])C([H])([H])C1([H])[H]
18,18,1,[H]OC([H])([H])C1([H])C([H])=C([H])C([H])([H])N1C([H])=O
12,12,1,[H]N=c1nc(N([H])[H])nc([H])o1
22,21,0,[H]C(C([H])([H])[H])C1([H])OC([H])([H])C([H])(C([H])([H])C([H])([H])[H])O1
21,20,0,[H]OC([H])([H])N1C([H])([H])C([H])([H])C1(C([H])[H])C([H])([H])O[H]
21,21,1,[H]OC1([H])C2([H])C([H])([H])C3(C([H])([H])[H])C([H])([H])C2([H])C13[H]
17,17,1,[H]c1oc(C([H])([H])C([H])([H])[H])nc1C([H])([H])[H]
23,23,1,[H]N1C([H])([H])C([H])([H])C([H])([H])C([H])([H])C([H])(C([H])([H])[H])C1([H])[H]
16,16,1,[H]C1=NC([H])([H])C([H])=C([H])C(=O)C([H])([H])O1
22,21,0,[H]C1C([H])([H])N2C([H])([H])C([H])([H])C12C([H])(N([H])[H])C([H])([H])[H]
19,19,1,[H]OC12OC1([H])C([H])([H])C(C([H])([H])C([H])([H])[H])=C2[H]
18,18,1,[H]OC1(O[H])C2([H])C([H])([H])OC2([H])C12OC2([H])[H]
13,12,0,[H]N=C1OC(=N[H])N([H])C(=O)C1[H]
19,19,1,[H]C([H])([H])C12C([H])([H])C1([H])C13OC([H])([H])C1([H])C32[H]
16,16,1,[H]C#CC1([H])C([H])([H])OC([H])([H])OC1([H])[H]
17,16,0,[H]C#CC1C([H])=C([H])C([H])([H])C(N([H])[H])=C1[H]
15,15,1,[H]N1C(=O)C([H])([H])C([H])([H])C12OC2([H])[H]
20,20,1,[H]C(=O)C([H])([H])C1=NC(C([H])([H])[H])(C([H])([H])[H])C1([H])[H]
16,16,1,[H]OC12C(=O)N3C([H])([H])C1([H])C3([H])C2([H])[H]
18,18,1,[H]C#CC1(C([H])=O)OC2(C1([H])[H])C([H])([H])C2([H])[H]
17,17,1,[H]C([H])([H])C1([H])OC1([H])N1C([H])([H])C1([H])C#N
19,19,1,[H]C(=O)C1([H])C([H])=C([H])C2([H])C([H])([H])C2([H])C1([H])[H]
17,17,1,[H]N=C1C([H])([H])C2(N([H])C2([H])[H])C12OC2([H])[H]
25,25,1,[H]C([H])([H])C([H])([H])C([H])([H])C([H])([H])C([H])(C([H])([H])[H])C1([H])OC1([H])[H]
20,20,1,[H]N=C1C(N([H])C([H])([H])[H])=C(C([H])([H])[H])C([H])([H])N1[H]
19,19,1,[H]C([H])([H])C1=NC2([H])C([H])([H])N3C2([H])C13C([H])([H])[H]
23,23,1,[H]OC([H])([H])OC([H])([H])C([H])([H])C([H])(O[H])C([H])([H])C([H])([H])[H]
19,19,1,[H]OC([H])([H])N1C([H])([H])C([H])([H])C([H])(O[H])C1([H])[H]
19,19,1,[H]C1=C([H])C([H])(C#N)C([H])([H])C([H])([H])N1C([H])([H])[H]
15,15,1,[H]C#CC1=C([H])C(C([H])=N[H])=NC1([H])[H]
24,24,1,[H]OC([H])([H])C12N(C1([H])[H])C2([H])C([H])(N([H])[H])C([H])([H])C([H])([H])[H]
20,20,1,[H]C#CC1([H])C(=C([H])[H])C([H])([H])C([H])([H])C([H])([H])N1[H]
24,24,1,[H]OC([H])(C([H])([H])[H])C1([H])C([H])([H])C([H])([H])N([H])C([H])([H])C1([H])[H]
16,16,1,[H]N([H])C(=O)C#CC1(C([H])([H])[H])OC1([H])[H]
18,18,1,[H]C([H])([H])C(=O)C([H])([H])C([H])([H])C1([H])OC1([H])[H]
21,20,0,[H]N(C1C2([H])OC2([H])C1(C([H])([H])[H])C([H])([H])[H])C([H])([H])[H]
18,18,1,[H]C(C#N)=C1C([H])([H])OC([H])(C([H])([H])[H])C1([H])[H]
19,19,1,[H]C1=C(C(=O)C([H])([H])[H])C2([H])C([H])([H])C1([H])C2([H])[H]
17,17,1,[H]N([H])C12OC([H])([H])C1(C#N)C2([H])C([H])([H])[H]
15,13,0,
17,17,1,[H]OC1([H])C([H])(O[H])C2(O[H])C([H])(O[H])C12[H]
17,17,1,[H]C([H])([H])N=C(C#N)N(C([H])([H])[H])C([H])([H])[H]
15,12,0,
23,23,1,[H]C1=C([H])C2(C([H])([H])C([H])([H])C([H])([H])C1([H])[H])C([H])([H])C2([H])[H]
21,21,1,[H]OC([H])([H])C([H])([H])C1([H])OC([H])(OC([H])([H])[H])C1([H])[H]
19,19,1,[H]C1=C([H])C2(C([H])([H])[H])C([H])([H])C([H])([H])C2([H])C1=O
20,20,1,[H]C1([H])OC2([H])C([H])([H])C([H])([H])C([H])([H])N3C1([H])C32[H]
20,20,1,[H]N=C1C(C([H])([H])[H])=C(N([H])C([H])([H])[H])C([H])([H])N1[H]
21,20,0,
23,23,1,[H]OC1([H])C([H])([H])C([H])(C([H])([H])[H])C1(OC([H])([H])[H])C([H])([H])[H]
24,24,1,[H]C([H])([H])C([H])([H])OC(C([H])([H])[H])(C([H])([H])[H])C([H])([H])C([H])([H])[H]
13,12,0,
19,19,1,[H]OC([H])([H])C([H])([H])C(C([H])=O)(C([H])=O)C([H])([H])[H]
25,25,1,[H]OC([H])(C([H])=C(C([H])([H])[H])C([H])([H])C([H])([H])C([H])([H])[H])C([H])([H])[H]
18,18,1,[H]C1=NC2([H])C([H])(N=C1[H])C2([H])N([H])C([H])([H])[H]
17,15,0,
15,15,1,[H]C#CC([H])([H])c1c([H])nn([H])c1O[H]
19,19,1,[H]OC1([H])C([H])=C([H])C2([H])C([H])([H])C12OC([H])([H])[H]
22,21,0,[H]OC([H])([H])C1([H])C(OC([H])([H])[H])C([H])([H])C([H])([H])C1([H])[H]
15,15,1,[H]C1([H])OC2(C#N)C([H])([H])C([H])([H])C12[H]
19,19,1,[H]OC1([H])C2=C([H])C([H])([H])C([H])([H])C1([H])C([H])([H])O2
15,15,1,[H]Oc1nn([H])c(=O)c([H])c1C([H])([H])[H]
15,12,0,[H]OC([H])([H])C1=C([H])C([H])C([H])=NC1O
23,23,1,[H]C([H])([H])C([H])([H])OC1([H])C([H])(C([H])([H])[H])C2([H])C([H])([H])C12[H]
21,21,1,[H]N1C([H])(C([H])([H])[H])C12C1([H])OC([H])([H])C2([H])OC1([H])[H]
13,13,1,[H]C1([H])OC(=O)C(=O)N2C(=O)C21[H]
16,15,0,
17,17,1,[H]C([H])([H])C1([H])C(=O)C([H])([H])C2([H])OC1([H])O2
17,17,1,[H]c1oc([H])c(C([H])([H])[H])c1N([H])C([H])([H])[H]
23,23,1,[H]C1=C([H])C([H])(C([H])([H])[H])C(C([H])([H])C([H])([H])[H])=C([H])C1([H])[H]
22,22,1,[H]OC1(C([H])([H])[H])C([H])([H])C2([H])N(C([H])([H])[H])C1([H])C2([H])[H]
21,21,1,[H]C1=C([H])C2([H])C1([H])C([H])([H])C1([H])C([H])(C([H])([H])[H])C21[H]
18,17,0,[H]C1=NC([H])C2(O1)C([H])([H])C2([H])C([H])([H])N([H])[H]
17,17,1,[H]N([H])c1nn([H])c2c1C([H])([H])C([H])([H])N2[H]
19,19,1,[H]OC1([H])C([H])([H])C2([H])OC([H])([H])OC12C([H])([H])[H]
18,18,1,[H]C(=O)OC1(N=C([H])C([H])([H])[H])C([H])([H])C1([H])[H]
17,17,1,[H]C(=O)C12OC([H])(C([H])=C([H])C1([H])[H])C2([H])[H]
23,22,0,[H]OC([H])(C([H])[H])C([H])([H])C([H])(C([H])([H])[H])C1([H])N([H])C1([H])[H]
16,15,0,[H]OC1([H])C([H])([H])C1(O)N([H])C([H])([H])C#N
17,17,1,[H]C#CC12OC([H])(C1([H])O[H])C2([H])C([H])([H])[H]
10,8,0,[H]c1oc([H])c(N=N)c1O
16,16,1,[H]C1([H])OC([H])([H])C2(C#N)OC2([H])C1([H])[H]
16,16,1,[H]C(=O)C1([H])C([H])([H])C2([H])OC1([H])C2([H])[H]
23,23,1,[H]OC([H])([H])C([H])(C([H])([H])OC([H])([H])[H])C([H])(O[H])C([H])([H])[H]
19,19,1,[H]OC([H])([H])OC([H])([H])C1([H])N([H])C1([H])C([H])([H])[H]
19,19,1,[H]C(=O)C([H])(N([H])C(=O)N([H])[H])C([H])([H])C([H])([H])[H]
17,17,1,[H]N=C1C([H])([H])C(=O)C2([H])N(C1([H])[H])C2([H])[H]
21,20,0,[H]OC1([H])C([H])([H])OC([H])([H])C(C#CC([H])([H])[H])C1([H])[H]
16,16,1,[H]C1=C([H])C(C#N)(C([H])([H])[H])C([H])([H])C1=O
18,16,0,
15,15,1,[H]N=C1OC(N([H])[H])=C(O[H])C([H])([H])O1
17,17,1,[H]OC1([H])C([H])([H])C([H])([H])C1([H])C#CC([H])=O
19,19,1,[H]C1([H])OC([H])([H])C(C([H])([H])[H])(C2([H])OC2([H])[H])O1
19,19,1,[H]C(=O)N([H])C1(C([H])([H])[H])N([H])C2([H])C([H])([H])C21[H]
20,20,1,[H]N=C1C([H])([H])C2([H])C([H])([H])C2(C([H])([H])O[H])C1([H])[H]
21,21,1,[H]C([H])([H])C([H])([H])C([H])([H])C1([H])OC2([H])OC1([H])C2([H])[H]
21,21,1,[H]C1=NC([H])(C([H])([H])C([H])(N([H])[H])C([H])([H])[H])C([H])([H])O1
15,15,1,[H]C([H])([H])C(=O)C(=O)OC1([H])OC1([H])[H]
10,6,0,
23,23,1,[H]C([H])([H])N(C([H])([H])[H])C1([H])C([H])([H])C([H])([H])C1([H])C([H])([H])[H]
15,15,1,[H]N=C([H])C1([H])C([H])(C#N)C1([H])C([H])=O
12,12,1,[H]N=C1C(=O)OC([H])([H])C1([H])[H]
16,16,1,[H]OC([H])([H])C1=C([H])C([H])([H])C(=O)C1([H])[H]
17,17,1,[H]C1([H])C2([H])C3([H])C(=O)C4([H])C1([H])C4([H])C32[H]
19,19,1,[H]C#CC(O[H])(C([H])([H])[H])C([H])([H])C#CC([H])([H])[H]
21,21,1,[H]N1C(=O)N(C([H])(C([H])([H])[H])C([H])([H])[H])C([H])([H])C1([H])[H]
17,17,1,[H]C(=O)N1C2([H])C([H])([H])C([H])(C([H])([H])[H])C12[H]
18,18,1,[H]N(N=C1C([H])([H])OC2([H])N([H])C12[H])C([H])([H])[H]
17,17,1,[H]c1nc(C([H])([H])C([H])([H])[H])c([H])c(F)c1[H]
17,17,1,[H]Oc1noc(C([H])([H])N([H])C([H])([H])[H])c1[H]
16,16,1,[H]C(=O)N([H])C1=C([H])C([H])([H])C(N([H])[H])=N1
13,13,1,[H]OC12C(=O)C([H])(C1=O)C([H])=C2[H]
18,18,1,[H]C#CC1([H])N([H])C([H])([H])C1(C#C[H])C([H])([H])[H]
13,13,1,[H]OC([H])(C([H])=O)C(=O)OC([H])=O
22,22,1,[H]C(=O)N([H])C([H])([H])C1(C([H])([H])[H])C([H])([H])C([H])([H])C1([H])[H]
20,20,1,[H]OC([H])([H])C([H])([H])c1oc([H])c([H])c1OC([H])([H])[H]
18,18,1,[H]OC([H])([H])C1(C(=O)N([H])[H])C([H])([H])C1([H])O[H]
17,17,1,[H]C1([H])C(=O)OC2([H])C([H])([H])C3([H])C([H])([H])C123
23,23,1,[H]OC([H])([H])C([H])([H])C([H])(C1=NC([H])([H])C([H])([H])O1)C([H])([H])[H]
20,19,0,[H]C([H])([H])C12OC([H])([H])C([H])([H])C([H])([H])C1OC2([H])[H]
23,23,1,[H]C1=C2C([H])([H])C([H])([H])C([H])(C([H])([H])C1([H])[H])C2([H])C([H])([H])[H]
17,15,0,[H]OC1=C([H])C(C([H])([H])[H])N=C([H])C1N([H])[H]
14,12,0,
19,19,1,[H]C([H])([H])C#CC([H])(C([H])([H])[H])C([H])([H])C([H])([H])[H]
20,20,1,[H]C([H])([H])N1C(=O)C([H])(C([H])([H])[H])C1([H])C([H])([H])C#N
15,15,1,[H]N=C1C([H])([H])N2C([H])([H])C12C([H])([H])[H]
16,16,1,[H]OC12C(=O)N3C([H])([H])C1([H])C3([H])C2([H])[H]
20,20,1,[H]OC1([H])C([H])(C([H])([H])[H])N([H])C1([H])C1([H])OC1([H])[H]
19,18,0,[H]C([H])([H])N1C(=CC([H])([H])C2([H])OC2([H])[H])C1([H])[H]
20,20,1,[H]OC1([H])N([H])C1([H])C1([H])C([H])(O[H])C1([H])C([H])([H])[H]
18,18,1,[H]C([H])([H])C(=O)OC([H])([H])C1([H])C([H])([H])C1([H])[H]
17,17,1,[H]N=C1N([H])C2([H])N([H])C2(OC([H])([H])[H])N1[H]
13,8,0,
16,16,1,[H]N1C([H])(C#N)C2([H])C([H])([H])C1([H])C2([H])[H]
21,21,1,[H]C#CC([H])([H])C([H])(C([H])=O)C([H])(C([H])([H])[H])C([H])([H])[H]
19,19,1,[H]C([H])([H])OC1([H])OC([H])([H])OC2([H])C([H])([H])C12[H]
13,13,1,[H]C1=NC2([H])OC3([H])C([H])(O1)C23[H]
17,17,1,[H]C([H])([H])C(=O)C([H])(C([H])([H])[H])C([H])([H])C#N
20,20,1,[H]C([H])([H])C([H])([H])C12OC1([H])C([H])(C([H])([H])[H])C2([H])[H]
19,19,1,[H]OC1([H])OC2([H])C([H])([H])OC([H])=NC12C([H])([H])[H]
17,16,0,[H]C([H])C12OC1([H])C([H])([H])C([H])([H])N([H])C2=O
16,16,1,[H]N([H])C1([H])N2C3([H])C([H])([H])C2([H])C13C#N
14,14,1,[H]OC([H])([H])C(C#N)(O[H])C([H])([H])[H]
25,25,1,[H]N1C([H])(C([H])([H])C([H])([H])[H])C([H])(OC([H])([H])[H])C2([H])C([H])([H])C12[H]
19,19,1,[H]C(=NC12OC3([H])C([H])(OC31[H])C2([H])[H])C([H])([H])[H]
18,18,1,[H]C1([H])C(=O)C([H])([H])C2([H])C([H])([H])C2([H])C1([H])[H]
20,20,1,[H]C1=C(C([H])([H])[H])C(=O)N([H])C1([H])C([H])([H])C([H])([H])[H]
17,17,1,[H]N=C1C([H])([H])OC1(C#N)C([H])([H])C([H])([H])[H]
17,15,0,
17,17,1,[H]C(=O)C([H])([H])C12C(=O)C([H])([H])C1([H])C2([H])[H]
21,21,1,[H]OC1([H])C([H])=C(C([H])([H])[H])C([H])([H])C1([H])OC([H])([H])[H]
13,13,1,[H]c1nc2c(n1[H])OC([H])([H])C2=O
14,12,0,[H]C#CC1C([H])=C([H])C(O[H])=NC1[H]
25,25,1,[H]OC([H])(C([H])([H])[H])C([H])(OC([H])([H])[H])C([H])(C([H])([H])[H])C([H])([H])[H]
18,18,1,[H]OC1([H])C([H])([H])N2C([H])([H])C3([H])C2([H])OC13[H]
18,18,1,[H]C([H])([H])C12C3([H])OC1([H])C2([H])C([H])([H])C3([H])[H]
17,17,1,[H]C(=O)C([H])([H])C1([H])OC1(N([H])[H])C([H])([H])[H]
19,18,0,[H]N1C2([H])C3OC([H])(C([H])([H])C([H])([H])[H])C3([H])C12[H]
17,17,1,[H]C([H])([H])C12N3C1([H])C1([H])C3([H])C12C([H])([H])[H]
18,18,1,[H]N=C([H])OC([H])(C([H])([H])[H])C([H])(O[H])C([H])=O
13,11,0,
16,16,1,[H]C1([H])C(=O)C(=O)N2C([H])([H])C2([H])C1([H])[H]
16,16,1,[H]OC1([H])N2C([H])(C#N)C3([H])C2([H])C13O[H]
16,16,1,[H]N=C1OC([H])([H])OC([H])([H])N1C([H])([H])[H]
14,10,0,
21,21,1,[H]C([H])([H])N1C([H])(C([H])([H])C([H])([H])[H])C2([H])C([H])([H])C12[H]
19,19,1,[H]OC([H])([H])C([H])(C#N)C(C#N)(N([H])[H])C([H])([H])[H]
15,13,0,[H]OC1([H])C([H])([H])C1([H])N1N=C([H])NN1
20,20,1,[H]OC([H])([H])C1=C([H])N([H])C2(O[H])C([H])([H])C12N([H])[H]
22,22,1,[H]N1C([H])([H])C([H])(C([H])([H])[H])C2([H])C([H])(OC([H])([H])[H])C12[H]
21,21,1,[H]C([H])([H])N1C([H])([H])C2([H])C([H])(C([H])([H])[H])C12C([H])([H])[H]
21,21,1,[H]N=C(C([H])([H])[H])C([H])([H])C([H])([H])C([H])([H])C([H])([H])O[H]
20,20,1,[H]N1C(=NC([H])([H])[H])C(C([H])([H])[H])=NC([H])([H])C1([H])[H]
23,23,1,[H]N1C([H])([H])C2([H])C1([H])N(C([H])([H])[H])C([H])([H])C2([H])C([H])([H])[H]
11,8,0,[H]C1OC(=O)C([H])C1N([H])[H]
19,19,1,[H]C#CC1(C([H])([H])C#CC([H])([H])[H])C([H])([H])C1([H])[H]
20,20,1,[H]OC([H])([H])N1C(=O)C([H])(C([H])([H])[H])C([H])([H])C1([H])[H]
16,14,0,[H]C1=NN(C([H])([H])C([H])([H])C([H])([H])[H])NN1
15,15,1,[H]C#CC([H])=C([H])N([H])C(=O)C([H])([H])[H]
18,18,1,[H]C1=NC(=O)C([H])=C([H])C1(C([H])([H])[H])C([H])([H])[H]
19,19,1,[H]C1=C(C2([H])C([H])([H])C2([H])[H])N([H])C1([H])C([H])([H])[H]
19,19,1,[H]C(=O)C([H])([H])C([H])([H])C([H])([H])C([H])([H])C([H])([H])[H]
23,23,1,[H]C([H])([H])C([H])([H])OC1([H])C([H])([H])C([H])([H])C12C([H])([H])C2([H])[H]
17,17,1,[H]C#CC12C3([H])OC([H])(C([H])([H])[H])C1([H])C32[H]
19,19,1,[H]C1=C([H])C2([H])C3([H])C([H])=C1C([H])(C([H])([H])[H])C23[H]
17,17,1,[H]N=C(n1nc([H])c(C([H])([H])[H])n1)C([H])([H])[H]
20,20,1,[H]N=C1C([H])([H])C2(C([H])([H])[H])C([H])([H])C3([H])C1([H])C32[H]
21,21,1,[H]OC1(C([H])([H])[H])C([H])([H])C2(OC2([H])[H])C1([H])C([H])([H])[H]
25,25,1,[H]N(C([H])([H])[H])C([H])([H])C1(N([H])[H])C([H])([H])C([H])(C([H])([H])[H])C1([H])[H]
16,16,1,[H]OC1([H])C([H])=C([H])C([H])(C([H])=O)C1([H])[H]
14,14,1,[H]C(=O)OC([H])([H])C(=O)OC([H])([H])[H]
17,17,1,[H]N1C(=O)C2(C1([H])[H])C([H])([H])N1C([H])([H])C12[H]
19,19,1,[H]C1=C([H])C2([H])C([H])(N1C([H])([H])[H])C2([H])C([H])([H])[H]
13,13,1,[H]C1([H])C2([H])OC2([H])C2([H])OC12[H]
17,17,1,[H]C1([H])C(=O)N2C([H])([H])C([H])([H])C2([H])C1([H])[H]
22,22,1,[H]C(=O)C1([H])C([H])([H])N(C([H])([H])C([H])([H])[H])C1([H])C([H])([H])[H]
8,6,0,[H]C1=C([H])N([H])NN1
21,21,1,[H]C([H])([H])C1([H])C([H])([H])C([H])([H])C([H])([H])C([H])([H])C1([H])[H]
18,18,1,[H]C([H])([H])C12C([H])([H])N(C([H])([H])C1([H])[H])C2([H])[H]
16,15,0,[H]N=C1C(=N[H])C2(C([H])([H])[H])OC2([H])C1[H]
17,17,1,[H]N1C([H])(C#N)C(=O)C([H])([H])N2C([H])([H])C12[H]
18,18,1,[H]C#CC1([H])C2([H])N([H])C(=NO[H])C([H])([H])C12[H]
16,16,1,[H]C(=Nc1noc([H])c1N([H])[H])C([H])([H])[H]
16,16,1,[H]OC([H])([H])C1=NC([H])(O[H])C([H])([H])C1=O
18,18,1,[H]N([H])C([H])(N1C(=O)C([H])([H])C1([H])[H])C([H])([H])[H]
18,18,1,[H]N=C1OC([H])([H])C([H])(OC([H])([H])[H])C([H])=C1[H]
18,18,1,[H]C([H])([H])C12C3([H])C([H])([H])C4([H])C3([H])C1([H])C42[H]
19,19,1,[H]C#CC(C(=O)N([H])[H])(N([H])C([H])([H])[H])C([H])([H])[H]
17,17,1,[H]C#CC([H])([H])C([H])([H])c1c([H])nc([H])n1[H]
19,19,1,[H]C1([H])OC([H])([H])C2([H])N3C4([H])C([H])([H])C2(O1)C34[H]
20,20,1,[H]OC1([H])C([H])([H])N2C1([H])C([H])([H])C1([H])C([H])([H])C21[H]
20,20,1,[H]N([H])C1([H])C2([H])C(=O)C([H])([H])C([H])([H])C1([H])C2([H])[H]
19,19,1,[H]ON=C1C([H])([H])C([H])=C([H])N([H])C([H])([H])C1([H])[H]
15,14,0,[H]N=C([H])N(C(C#N)C([H])=O)C([H])([H])[H]
19,19,1,[H]C1=C([H])C([H])([H])C2([H])N(C1([H])[H])C([H])([H])C2([H])[H]
20,20,1,[H]OC([H])([H])C([H])(O[H])C12N([H])C([H])([H])C1([H])C2([H])[H]
20,20,1,[H]C([H])([H])C1([H])C([H])([H])C(=O)C([H])([H])C1([H])C([H])([H])[H]
20,20,1,[H]C([H])([H])C([H])([H])OC1([H])C2([H])N3C([H])([H])C2([H])C31[H]
20,20,1,[H]N=C(N([H])C([H])([H])[H])C1(C([H])([H])[H])C([H])([H])C1([H])[H]
19,19,1,[H]N(C([H])([H])[H])C([H])([H])N=C1OC([H])(C([H])([H])[H])O1
16,16,1,[H]N1C([H])([H])C([H])([H])C2([H])C([H])(C#N)C12[H]
17,17,1,[H]OC(=O)C1([H])N2C([H])([H])C2([H])N([H])C1([H])[H]
22,22,1,[H]N([H])C1([H])C([H])([H])C12N(C1(C([H])([H])[H])OC1([H])[H])C2([H])[H]
14,14,1,[H]C(=O)C1([H])OC([H])(C#N)C([H])=C1[H]
17,17,1,[H]OC1([H])C([H])([H])C23C([H])([H])OC2([H])OC13[H]
14,10,0,
9,9,1,[H]c1nc(=O)nc([H])o1
20,20,1,[H]OC1([H])C2([H])C([H])([H])C2([H])C([H])([H])C12N([H])C2([H])[H]
17,17,1,[H]N=C(C1([H])OC1([H])[H])C1([H])C([H])([H])C1([H])[H]
22,22,1,[H]C([H])([H])C([H])([H])C1([H])C2([H])N3C([H])([H])C3([H])C([H])([H])C21[H]
20,20,1,[H]C1=C([H])C([H])(C([H])([H])[H])C2([H])C1=NC([H])([H])C2([H])[H]
17,17,1,[H]C1([H])OC2([H])C1([H])C1([H])OC3([H])C2([H])C13[H]
18,18,1,[H]C([H])([H])C1=NC2(C([H])([H])[H])C(=O)C2([H])C1([H])[H]
11,10,0,
15,15,1,[H]C(=O)C1([H])N2C([H])([H])C3([H])C2([H])C13[H]
14,14,1,[H]C(=O)N([H])c1nc(N([H])[H])oc1[H]
18,18,1,[H]C1([H])OC([H])(C2([H])OC([H])([H])C2([H])[H])C1([H])[H]
19,19,1,[H]OC12C([H])([H])OC3([H])C([H])(C([H])([H])[H])C1([H])C32[H]
16,16,1,[H]N=C1OC2([H])C([H])([H])OC3([H])C1([H])C23[H]
16,14,0,
14,14,1,[H]C#CC1([H])N=C(C([H])=O)OC1([H])[H]
13,10,0,
23,23,1,[H]OC([H])([H])C1(C([H])([H])[H])C([H])=C([H])C2([H])C([H])([H])C2([H])N1[H]
17,16,0,[H]C1=C(C2([H])C([H])([H])C2([H])[H])N([H])C([H])C1=O
19,18,0,
23,23,1,[H]C([H])([H])OC([H])([H])C([H])([H])C([H])(OC([H])([H])[H])OC([H])([H])[H]
19,19,1,[H]C(=O)C1([H])C2([H])OC([H])([H])N3C2([H])C31C([H])([H])[H]
14,14,1,[H]OC1([H])C2([H])OC1(C([H])([H])[H])C2=O
12,12,1,[H]C#Cc1oc(=O)c([H])nc1[H]
18,18,1,[H]C#CC1([H])N(C([H])([H])[H])C(=O)C1([H])C([H])([H])[H]
21,21,1,[H]C([H])([H])C([H])(C([H])([H])[H])C12N(C([H])([H])C1([H])[H])C2([H])[H]
18,17,0,[H]C1=C([H])C2(N([H])C1N([H])[H])C([H])([H])OC2([H])[H]
19,18,0,
17,17,1,[H]OC1([H])C2([H])C([H])([H])N3C2([H])C31C([H])([H])[H]
19,19,1,[H]N=C([H])OC([H])([H])C([H])([H])C([H])([H])C([H])([H])C#N
21,21,1,[H]N=C([H])N1C([H])([H])C([H])=C(C([H])([H])[H])C1([H])C([H])([H])[H]
25,25,1,[H]C([H])([H])C1(C([H])([H])[H])C([H])([H])C([H])([H])C2(C([H])([H])[H])C([H])([H])C12[H]
19,19,1,[H]C([H])([H])N=C1C([H])([H])C2([H])C([H])([H])C([H])([H])C12[H]
18,18,1,[H]C#CC1([H])C([H])([H])C([H])(O[H])N2C([H])([H])C21[H]
19,19,1,[H]C1=C([H])N([H])C([H])([H])C([H])(N([H])[H])C([H])([H])C1=O
25,25,1,[H]OC([H])([H])C(C([H])([H])[H])(C([H])([H])C([H])([H])[H])C1([H])C([H])([H])C1([H])[H]
19,19,1,[H]OC1([H])C([H])([H])C2([H])C3([H])OC1([H])C2([H])C3([H])[H]
15,15,1,[H]N1C(=O)C([H])([H])C([H])(C([H])([H])[H])C1=O
13,13,1,[H]c1nc(N([H])[H])n([H])c(=O)c1[H]
22,22,1,[H]N(C(=O)C([H])([H])C([H])([H])[H])C([H])([H])C([H])([H])OC([H])([H])[H]
15,15,1,[H]OC(C([H])=O)(C([H])=O)N([H])C([H])([H])[H]
15,13,0,
19,19,1,[H]C([H])([H])C12C([H])([H])OC1([H])C([H])([H])C(=O)C2([H])[H]
18,18,1,[H]C([H])([H])C1([H])C2([H])C(=O)C([H])([H])C3([H])N2C31[H]
12,10,0,
19,19,1,[H]C1([H])OC2([H])C([H])(C1=O)C([H])([H])C2([H])C([H])([H])[H]
11,11,1,[H]C1([H])OC2([H])C([H])([H])C12[H]
14,12,0,
16,16,1,[H]N([H])C(=O)C1([H])OC([H])([H])N([H])C1([H])[H]
22,22,1,[H]OC1([H])OC([H])([H])C(C([H])([H])[H])(C([H])([H])[H])C1([H])N([H])[H]
18,18,1,[H]C([H])([H])C([H])([H])C([H])([H])C1([H])C(=O)OC1([H])[H]
19,19,1,[H]C#CC1(C([H])([H])[H])C([H])([H])OC12C([H])([H])C2([H])[H]
20,20,1,[H]N1C([H])(C([H])([H])[H])C(=O)C([H])([H])C12C([H])([H])C2([H])[H]
18,16,0,
20,20,1,[H]N=C1C([H])([H])C2([H])C3([H])C([H])([H])C([H])([H])C1([H])C23[H]
21,21,1,[H]OC([H])([H])C1([H])OC([H])([H])C1([H])OC([H])([H])C([H])([H])[H]
10,10,1,[H]N=c1nc([H])onc1[H]
20,20,1,[H]OC(C([H])=O)(C(=O)OC([H])([H])[H])C([H])([H])C([H])([H])[H]
22,22,1,[H]C([H])([H])C([H])([H])C([H])([H])C1([H])OC([H])([H])C([H])([H])C1([H])[H]
23,23,1,[H]C1=C([H])C(OC([H])([H])[H])(C([H])([H])[H])C([H])([H])C([H])([H])C1([H])[H]
21,20,0,[H]OC12N([H])C([H])(C([H])C1([H])[H])C([H])([H])C2([H])C([H])([H])[H]
17,17,1,[H]C1=C([H])C([H])([H])C(C#N)(C([H])([H])[H])C1([H])[H]
16,16,1,[H]C([H])([H])C1([H])C(=O)C2([H])OC2([H])C1([H])[H]
15,14,0,
18,18,1,[H]C#CC([H])([H])C(=O)C([H])([H])C([H])([H])C([H])([H])[H]
18,17,0,[H]OC([H])C1([H])OC([H])([H])OC2([H])C([H])([H])C12[H]
17,17,1,[H]C1=NC2([H])OC([H])([H])OC([H])([H])C2([H])N1[H]
14,14,1,[H]C1=NC([H])(C([H])([H])[H])OC([H])([H])O1
20,20,1,[H]OC([H])([H])C1(C([H])([H])[H])OC([H])(C([H])([H])[H])C1([H])[H]
20,20,1,[H]C1=C(C([H])([H])[H])C([H])(C([H])([H])[H])N([H])C([H])([H])C1=O
20,20,1,[H]OC1([H])C([H])(N([H])[H])C2([H])OC12C([H])([H])C([H])([H])[H]
11,11,1,[H]c1nc(C([H])([H])[H])n([H])n1
16,16,1,[H]N=C([H])C1=C([H])C([H])(O[H])C(=O)C1([H])[H]
17,17,1,[H]C#CC1([H])C(=O)OC1([H])C([H])([H])C([H])([H])[H]
17,17,1,[H]ON=C1C([H])([H])C(=O)C1(N([H])[H])C([H])([H])[H]
21,21,1,[H]C#CC(C([H])=O)(C([H])([H])[H])C([H])(C([H])([H])[H])C([H])([H])[H]
16,16,1,[H]N1C(=O)OC2([H])C([H])([H])C3([H])C([H])([H])C123
14,14,1,[H]C1=NN2C3([H])C([H])=NC([H])(O1)C23[H]
21,21,1,[H]OC1(C([H])([H])C([H])([H])C([H])([H])C([H])([H])[H])C(=O)C1([H])[H]
15,15,1,[H]N([H])C1=NC(=O)OC2([H])C([H])([H])C12[H]
14,14,1,[H]C(=O)C(=O)N1C([H])([H])C2([H])OC12[H]
19,19,1,[H]C#CC1=C([H])C2(C([H])([H])OC2([H])[H])C([H])([H])N1[H]
17,17,1,[H]OC(=O)C1(C2([H])OC2([H])[H])C([H])([H])C1([H])[H]
18,16,0,
17,17,1,[H]OC1([H])C([H])(C#CC([H])([H])[H])C2([H])OC12[H]
19,19,1,[H]N([H])C1([H])C([H])([H])C(=O)C1([H])C([H])([H])C([H])([H])[H]
16,16,1,[H]C1=NC([H])(C#N)C([H])(N([H])[H])C([H])([H])O1
19,18,0,[H]N=C(C([H])O[H])C1([H])C([H])=C([H])C([H])([H])C1([H])[H]
19,18,0,[H]C1([H])NC([H])(C2([H])OC2([H])[H])OC([H])([H])C1([H])[H]
19,17,0,
18,18,1,[H]N([H])C1([H])C(=O)C([H])([H])C2(C([H])([H])[H])OC12[H]
21,21,1,[H]C([H])([H])C1=NC([H])([H])C([H])([H])C([H])(C([H])([H])[H])C1([H])[H]
19,19,1,[H]C([H])([H])C([H])([H])N1C([H])([H])C2([H])OC2([H])C1([H])[H]
11,11,1,[H]N1C([H])([H])C(=O)C1([H])C#N
17,17,1,[H]C#CC1([H])OC1(C([H])([H])[H])C1([H])OC1([H])[H]
16,16,1,[H]C1=C([H])C2(C#N)N(C([H])([H])[H])C2([H])N1[H]
22,22,1,[H]OC([H])([H])C([H])(OC([H])(C([H])([H])[H])C([H])([H])[H])C([H])([H])[H]
17,17,1,[H]OC1=C([H])C2(C([H])([H])[H])OC2([H])C([H])=C1[H]
20,20,1,[H]C(=O)N1C([H])([H])N([H])C12C([H])([H])OC2([H])C([H])([H])[H]
15,13,0,[H]C#CC([H])([H])C([H])([H])C1=NN([H])NN1
19,18,0,[H]OC1([H])C2([H])C([H])([H])C(C([H])([H])[H])C([H])([H])C12F
17,17,1,[H]C#CC([H])([H])C1([H])OC([H])=C([H])C1([H])O[H]
21,21,1,[H]C#CC1([H])C([H])(C([H])([H])[H])C([H])([H])C1([H])C([H])([H])O[H]
17,16,0,
23,22,0,[H]C([H])([H])C1C([H])([H])C([H])([H])C1([H])C([H])([H])C([H])([H])C([H])([H])[H]
20,19,0,[H]N([H])C1C(=NC([H])([H])[H])OC([H])([H])C1([H])C([H])([H])[H]
18,18,1,[H]C([H])([H])C([H])([H])N1C(=O)C([H])([H])C([H])([H])C1=O
14,14,1,[H]OC1([H])C2([H])OC([H])(C2=O)C1([H])[H]
22,21,0,[H]C([H])([H])OC([H])([H])C1OC([H])([H])C1(C([H])([H])[H])C([H])([H])[H]
15,15,1,[H]OC1([H])C([H])=NC([H])([H])c2nonc21
20,20,1,[H]C([H])([H])C1([H])C([H])([H])C2([H])N(C3([H])OC3([H])[H])C21[H]
20,19,0,[H]C(=O)C([H])(C([H])([H])[H])C1([H])C([H])OC([H])([H])C1([H])[H]
17,17,1,[H]C([H])([H])C([H])([H])C1([H])N2C([H])([H])C3([H])OC231
17,17,1,[H]N1C2=NC([H])([H])C([H])([H])C2([H])C(=O)C1([H])[H]
20,20,1,[H]N1C([H])([H])C([H])(C#N)N([H])C([H])([H])C([H])([H])C1([H])[H]
16,16,1,[H]OC12C([H])([H])C3([H])C4([H])C3([H])C1([H])C42[H]
21,21,1,[H]N(C([H])([H])[H])C1([H])C([H])([H])OC([H])([H])C12N([H])C2([H])[H]
15,15,1,[H]Oc1nc(=O)n([H])c([H])c1C([H])([H])[H]
18,18,1,[H]C([H])([H])C12N3C1([H])C1([H])C3([H])C23C([H])([H])C13[H]
23,23,1,[H]OC([H])([H])C([H])([H])C([H])(C([H])([H])[H])C1([H])C([H])([H])OC1([H])[H]
15,15,1,[H]C#CC1([H])C([H])([H])C2([H])OC12N([H])[H]
19,19,1,[H]C([H])([H])C1([H])N2C([H])([H])C([H])([H])OC([H])([H])C21[H]
15,15,1,[H]C(=O)Oc1c([H])nc(C([H])([H])[H])n1[H]
23,23,1,[H]OC([H])(C([H])([H])[H])C1([H])N(C([H])([H])[H])C([H])([H])N([H])C1([H])[H]
18,17,0,[H]OC([H])([H])C12C([H])C3([H])N([H])C([H])([H])C31N2[H]
20,20,1,[H]C1=C(C([H])([H])[H])C2([H])N3C2([H])C3([H])C1([H])C([H])([H])[H]
21,21,1,[H]C(=O)C([H])(C#CC([H])([H])N([H])[H])C([H])(N([H])[H])N([H])[H]
15,15,1,[H]C(=O)C12OC3([H])C([H])([H])OC31C2([H])[H]
12,12,1,[H]OC(=O)N([H])c1nnnn1[H]
17,17,1,[H]C#CC1(C(=O)C([H])([H])[H])OC([H])([H])C1([H])[H]
15,15,1,[H]C(=O)C1([H])C2([H])N([H])C(=O)N([H])C12[H]
16,16,1,[H]OC1(C([H])=O)N([H])C1([H])C1([H])OC1([H])[H]
20,20,1,[H]C1=C(C([H])([H])[H])C(=O)N([H])C([H])([H])C([H])([H])C1([H])[H]
15,13,0,[H]N([H])C1=C(N([H])C([H])([H])[H])N([H])NN1
20,20,1,[H]N(C(=O)N1C([H])([H])C1([H])N([H])C([H])([H])[H])C([H])([H])[H]
15,15,1,[H]OC1([H])N=C(N([H])[H])C(=O)OC1([H])[H]
21,21,1,[H]C([H])([H])C1=NC([H])([H])C([H])([H])C1([H])C([H])([H])C([H])([H])[H]
19,19,1,[H]OC12C([H])([H])N=C(N([H])C([H])([H])[H])C1([H])C2([H])[H]
19,19,1,[H]OC([H])([H])C([H])(O[H])C([H])(C#N)C([H])([H])N([H])[H]
12,12,1,[H]c1nc(C([H])([H])[H])nc(=O)o1
20,20,1,[H]OC1([H])C([H])([H])C1(C([H])([H])[H])C([H])([H])OC([H])([H])[H]
13,13,1,[H]C#CC(=O)c1c([H])oc([H])c1[H]
18,18,1,[H]C([H])([H])C12C([H])([H])C([H])([H])C(=O)C1([H])C2([H])[H]
21,21,1,[H]N1C([H])([H])C2([H])C([H])([H])C([H])(C([H])([H])[H])C([H])([H])C12[H]
19,18,0,[H]C(=O)C1([H])C([H])(C([H])([H])[H])C12N([H])C([H])C2([H])[H]
19,19,1,[H]OC([H])(C1=NC(C([H])([H])[H])=NC1([H])[H])C([H])([H])[H]
15,15,1,[H]N=C([H])N([H])C(=O)C([H])(O[H])C([H])=O
20,20,1,[H]C1([H])N(C23OC([H])(C2([H])[H])C3([H])[H])C([H])([H])C1([H])[H]
23,23,1,[H]C([H])([H])OC([H])([H])C([H])([H])C(=O)N1C([H])([H])C([H])([H])C1([H])[H]
15,15,1,[H]C(=O)N1C2([H])C3([H])C([H])([H])C2([H])C13[H]
16,16,1,[H]C1=C([H])N2C([H])(C(=O)O1)C2([H])C([H])([H])[H]
23,23,1,[H]OC([H])([H])C([H])(O[H])C([H])([H])C([H])([H])OC([H])([H])C([H])([H])[H]
20,20,1,[H]N1C([H])([H])C1([H])C1([H])N([H])C([H])([H])C2([H])N([H])C21[H]
18,18,1,[H]OC([H])([H])C([H])([H])C12N([H])C3([H])C(=O)N1C32[H]
17,17,1,[H]N=c1nc([H])c([H])c(N([H])[H])n1C([H])([H])[H]
17,17,1,[H]N=C1OC([H])(C([H])([H])[H])C([H])([H])N1C([H])=O
16,16,1,[H]C1([H])OC([H])([H])C([H])(C2([H])OC2([H])[H])O1
18,18,1,[H]C#CC([H])(C([H])([H])[H])C(O[H])(O[H])C([H])([H])[H]
20,20,1,[H]OC([H])([H])C12C([H])([H])OC1([H])C2(N([H])[H])C([H])([H])[H]
14,14,1,[H]c1nc(C([H])([H])[H])c(F)n([H])c1=O
20,18,0,[H]OC([H])([H])C1([H])C(C([H])([H])[H])C2([H])N1C([H])C2([H])[H]
18,18,1,[H]OC([H])([H])c1nc(C([H])([H])N([H])[H])n([H])c1[H]
16,16,1,[H]C#CC1(C#N)C(=O)C([H])(C([H])([H])[H])N1[H]
21,21,1,[H]OC([H])([H])C1([H])N([H])C([H])([H])C2([H])N1C2([H])C([H])([H])[H]
16,16,1,[H]C(=O)C1([H])N([H])C([H])([H])C12N([H])C2([H])[H]
20,19,0,
17,17,1,[H]N=C(C#CC([H])([H])C([H])([H])O[H])C([H])([H])[H]
17,17,1,[H]C1=C2C([H])([H])C([H])([H])C2([H])OC(=O)C1([H])[H]
21,20,0,[H]OC([H])(C([H])([H])O)C([H])([H])N1C([H])([H])C([H])([H])C1([H])[H]
17,17,1,[H]OC1([H])C2([H])OC3([H])C1([H])C23OC([H])([H])[H]
17,16,0,[H]C#CC1=C([H])C2([H])N([H])C2([H])C([H])([H])C1[H]
19,19,1,[H]OC([H])(C([H])([H])C(=O)C([H])([H])[H])C1([H])OC1([H])[H]
18,17,0,[H]OC1([H])C([H])C2([H])C([H])(N([H])[H])C3([H])N1C23[H]
19,19,1,[H]OC([H])([H])C(O[H])(C([H])([H])[H])C([H])([H])OC([H])=O
21,20,0,
20,19,0,[H]C1C([H])([H])N2C3([H])C1([H])N(C([H])([H])[H])C23C([H])([H])[H]
25,25,1,[H]OC([H])([H])C1([H])C([H])([H])C([H])([H])C([H])([H])C([H])([H])C1([H])C([H])([H])[H]
15,15,1,[H]c1noc(N(C([H])([H])[H])C([H])([H])[H])n1
17,17,1,[H]OC(C#N)(C(=O)N([H])C([H])([H])[H])C([H])([H])[H]
18,18,1,[H]C1=NC([H])([H])C([H])(C([H])([H])[H])N=C1C([H])([H])[H]
18,18,1,[H]N=C1N([H])C([H])([H])C2([H])C([H])([H])C12C([H])([H])[H]
19,19,1,[H]OC1([H])C2([H])N3C([H])([H])C1(N([H])C([H])([H])[H])C32[H]
27,27,1,[H]OC(C([H])([H])[H])(C([H])([H])[H])C([H])(C([H])([H])[H])C([H])(C([H])([H])[H])C([H])([H])[H]
23,23,1,[H]OC12C([H])(C([H])([H])[H])C([H])([H])C1([H])C2(C([H])([H])[H])C([H])([H])[H]
19,19,1,[H]N([H])C(=O)C1([H])C2([H])C([H])([H])C2([H])C12OC2([H])[H]
23,23,1,[H]C([H])([H])C1=C(C([H])([H])C([H])([H])[H])C([H])([H])OC1([H])C([H])([H])[H]
18,15,0,[H]C1=NC([H])C([H])=C([H])C1C(N([H])[H])C([H])([H])[H]
14,14,1,[H]N=C1C(=O)C2([H])OC2([H])C([H])=C1[H]
22,22,1,[H]OC1(C([H])([H])C([H])([H])[H])C([H])([H])C1(C([H])([H])[H])C([H])([H])[H]
13,13,1,[H]C1([H])OC2([H])C3([H])OC2([H])C13[H]
15,15,1,[H]N=c1c([H])nn([H])c(C([H])([H])[H])c1[H]
21,21,1,[H]OC12C([H])([H])C3(C([H])([H])[H])N4C1([H])C2(C([H])([H])[H])C43[H]
17,17,1,[H]OC([H])([H])C12C(=O)N(C([H])([H])N1[H])C2([H])[H]
20,19,0,[H]C1=NC([H])([H])C([H])([H])C2(N([H])C1[H])C([H])([H])C2([H])[H]
17,15,0,[H]OC1OC2([H])C([H])([H])C([H])OC2([H])C1([H])[H]
16,15,0,
17,15,0,[H]C1=C(C([H])([H])[H])C(C#CC([H])([H])[H])NN1[H]
13,11,0,[H]c1c([H])n([H])c2c1=NNC([H])N=2
21,21,1,[H]C1=NC([H])(OC([H])([H])[H])C([H])([H])N([H])C1([H])C([H])([H])[H]
19,19,1,[H]OC([H])(C#N)C([H])(C([H])([H])[H])C1([H])N([H])C1([H])[H]
18,18,1,[H]OC([H])(N([H])C(=O)C([H])([H])[H])C([H])([H])C([H])=O
22,22,1,[H]OC1([H])C([H])([H])C2(C([H])([H])C2([H])[H])C1([H])C([H])([H])N([H])[H]
14,14,1,[H]OC12C(=O)C3([H])C([H])([H])C1([H])C32[H]
16,14,0,
17,17,1,[H]C#CC1([H])C([H])([H])C2(O[H])C([H])([H])OC12[H]
19,19,1,[H]N1C([H])([H])C2([H])N3C1([H])C1(C([H])([H])C1([H])[H])C32[H]
18,18,1,[H]c1oc(C2([H])N([H])C2([H])C([H])([H])[H])c([H])c1[H]
18,16,0,
18,18,1,[H]OC1([H])OC([H])([H])C([H])(O[H])C1([H])C([H])([H])[H]
18,18,1,[H]OC1([H])C([H])([H])C(C#N)=C([H])C1([H])C([H])([H])[H]
17,17,1,[H]c1c(C([H])([H])[H])nn(C(=O)C([H])([H])[H])c1[H]
18,18,1,[H]Oc1noc(C([H])([H])C([H])([H])[H])c1C([H])([H])[H]
21,21,1,[H]C([H])([H])C([H])([H])C1([H])C(=O)OC([H])(C([H])([H])[H])C1([H])[H]
22,22,1,[H]N([H])C1([H])C([H])(N([H])[H])C2(N([H])C([H])([H])[H])C([H])([H])C12[H]
15,15,1,[H]ON=C1C([H])=C(N([H])[H])C(=O)C1([H])[H]
18,18,1,[H]C1=C([H])C([H])(C2([H])N([H])C2([H])[H])C(=O)C1([H])[H]
17,17,1,[H]C1=C([H])C2([H])OC([H])([H])C2([H])C(=O)C1([H])[H]
19,19,1,[H]OC1([H])C([H])([H])C([H])(O[H])C2([H])OC2([H])C1([H])[H]
19,19,1,[H]C#CC(N([H])[H])(C([H])([H])[H])C([H])([H])C([H])([H])O[H]
17,17,1,[H]OC1([H])C2([H])OC3([H])C([H])([H])C1(O[H])C32[H]
19,19,1,[H]OC1([H])C2([H])C([H])=C([H])N([H])C1([H])C([H])([H])N2[H]
16,16,1,[H]OC([H])(Oc1oc(=O)oc1[H])C([H])([H])[H]
16,16,1,[H]N1C(=O)C2(C([H])([H])[H])N(C1([H])[H])C2([H])[H]
17,17,1,[H]C1=C([H])C([H])([H])N=C(N([H])C([H])([H])[H])C1=O
15,15,1,[H]C(=O)C1=C([H])C2([H])C3([H])OC1([H])C32[H]
14,14,1,[H]N=C([H])C1([H])C(=O)C([H])([H])C1([H])[H]
15,15,1,[H]Oc1nn([H])c(C([H])([H])C([H])=O)c1[H]
21,21,1,[H]OC([H])(C1([H])OC([H])([H])C([H])=C1[H])C([H])([H])C([H])([H])[H]
20,20,1,[H]C([H])([H])N1C2([H])C3([H])OC([H])([H])C([H])([H])C3([H])C12[H]
21,21,1,[H]N1C([H])([H])C2([H])N3C([H])([H])C3(C([H])([H])[H])C([H])([H])C12[H]
19,19,1,[H]C(=O)C([H])([H])C(=NC([H])([H])[H])C([H])=NC([H])([H])[H]
19,19,1,[H]OC([H])(C([H])([H])[H])C1(O[H])C([H])([H])C(=O)C1([H])[H]
21,21,1,[H]OC([H])([H])C([H])([H])C1([H])N(C([H])([H])C([H])([H])[H])C1([H])[H]
17,16,0,[H]C([H])([H])c1c(C([H])([H])C([H])([H])[H])[nH]oc1=O
24,24,1,[H]C([H])([H])N1C([H])([H])C([H])([H])C2([H])C([H])([H])C([H])(C1([H])[H])C2([H])[H]
19,19,1,[H]C#CC([H])(O[H])C1([H])C([H])([H])OC([H])([H])C1([H])[H]
22,22,1,[H]OC1(C2([H])N([H])C2([H])[H])C([H])([H])C1([H])C([H])([H])C([H])([H])[H]
16,16,1,[H]C#CC12OC3([H])C([H])([H])C1(N([H])[H])C32[H]
19,19,1,[H]C#CC([H])(OC(=O)C([H])([H])[H])C([H])([H])C([H])([H])[H]
18,18,1,[H]C([H])([H])C12C(=O)C([H])([H])C1(C([H])([H])[H])C2([H])[H]
15,15,1,[H]C#CC1(C([H])([H])[H])C(=O)N2C(=O)C21[H]
18,18,1,[H]OC1(N([H])[H])C([H])([H])C2([H])C([H])([H])C(=O)C12[H]
17,17,1,[H]C([H])(C#N)C1([H])N2C([H])([H])C3([H])C2([H])C13[H]
21,21,1,[H]C([H])([H])OC([H])([H])C1([H])C2([H])OC([H])([H])C1([H])C2([H])[H]
23,23,1,[H]N1C([H])(C([H])([H])C([H])([H])[H])C1([H])C([H])([H])C([H])([H])C([H])([H])[H]
16,16,1,[H]C#CC1(C([H])=O)C([H])([H])C1([H])C([H])([H])[H]
25,25,1,[H]C([H])([H])C([H])([H])C(C([H])([H])[H])(C([H])([H])[H])C([H])([H])C1([H])OC1([H])[H]
19,19,1,[H]N1C([H])(C([H])([H])[H])C([H])([H])C12C([H])([H])OC2([H])[H]
17,17,1,[H]C1=NC2(C([H])([H])[H])OC([H])([H])C2=C([H])N1[H]
18,18,1,[H]OC1([H])C2(OC([H])([H])[H])OC3([H])OC2([H])C31[H]
13,13,1,[H]n1nnn(C([H])([H])[H])c(=O)c1=O
19,19,1,[H]OC1([H])C([H])(C#CC([H])([H])[H])OC1([H])C([H])([H])[H]
21,21,1,[H]C#CC1([H])OC(C([H])([H])[H])(C([H])([H])[H])C([H])([H])C1([H])[H]
21,21,1,[H]OC([H])([H])C#CC(O[H])(C([H])([H])[H])C([H])([H])C([H])([H])[H]
19,19,1,[H]OC12C([H])([H])C1([H])C1([H])OC2([H])C12N([H])C2([H])[H]
21,21,1,[H]N=C(N([H])C([H])([H])[H])N([H])C([H])([H])C([H])([H])C([H])([H])[H]
14,13,0,
17,17,1,[H]C(=O)C([H])([H])N1C([H])([H])C1(C#N)C([H])([H])[H]
19,19,1,[H]OC([H])(OC([H])([H])C([H])([H])C([H])([H])[H])C([H])([H])[H]
17,17,1,[H]C(=NC(C#N)(C([H])([H])[H])C([H])([H])[H])N([H])[H]
15,15,1,[H]c1noc(C([H])([H])OC([H])([H])[H])c1[H]
20,20,1,[H]N([H])C([H])([H])C1([H])OC(=O)C([H])([H])C([H])([H])C1([H])[H]
18,17,0,[H]N=C1C([H])C2(C([H])([H])[H])N([H])C3([H])C1([H])C32[H]
18,18,1,[H]C1=C([H])C(C([H])([H])[H])(C([H])([H])[H])C([H])([H])C1=O
22,22,1,[H]C1=NC([H])([H])C([H])([H])C2([H])C([H])([H])C([H])([H])C1([H])C2([H])[H]
20,20,1,[H]C([H])([H])C1([H])C([H])([H])OC2([H])C([H])([H])C([H])([H])C21[H]
19,18,0,
18,18,1,[H]C(=O)C([H])(C([H])([H])[H])C1([H])OC1([H])C([H])([H])[H]
17,17,1,[H]OC12C([H])=C([H])C3([H])OC1([H])C3([H])C2([H])[H]
17,17,1,[H]C(=O)OC1([H])OC1([H])C([H])([H])OC([H])([H])[H]
19,18,0,[H]C1N(C([H])([H])OC(=O)C([H])([H])[H])C([H])([H])C1([H])[H]
15,15,1,[H]C#CC12OC([H])([H])C([H])(C1=O)C2([H])[H]
20,20,1,[H]N1C([H])([H])C2(C([H])([H])[H])C([H])([H])OC3([H])C1([H])C32[H]
20,20,1,[H]OC1([H])C([H])([H])N(C([H])([H])[H])C1([H])C1([H])N([H])N1[H]
16,16,1,[H]OC([H])([H])C([H])(C#N)C1([H])N([H])C1([H])[H]
20,20,1,[H]N(C([H])([H])[H])C1([H])C([H])([H])C2([H])N([H])C12C([H])([H])[H]
12,11,0,
17,17,1,[H]ON=C1OC([H])([H])C([H])=NC1([H])C([H])([H])[H]
18,18,1,[H]OC([H])(C#N)C([H])([H])C1([H])C([H])([H])C1([H])O[H]
16,15,0,[H]N=C(O)N([H])C([H])(O[H])C([H])([H])C([H])=O
22,22,1,[H]OC([H])([H])C1([H])C([H])([H])N([H])C([H])([H])C1([H])OC([H])([H])[H]
18,18,1,[H]C([H])([H])C12C([H])([H])C3([H])C1([H])C([H])([H])C32C#N
17,17,1,[H]C(=O)C1([H])N([H])C12C([H])([H])N1C([H])([H])C12[H]
23,23,1,[H]OC1([H])C([H])([H])C([H])([H])C12C([H])([H])C2(C([H])([H])[H])C([H])([H])[H]
22,22,1,[H]C([H])([H])C([H])(C([H])([H])[H])C1([H])C([H])([H])C12C([H])([H])C2([H])[H]
17,17,1,[H]C1=C2OC([H])(C2([H])[H])C2([H])OC2([H])C1([H])[H]
23,23,1,[H]N(C([H])([H])C([H])([H])[H])C([H])(C([H])([H])[H])C([H])(C#N)C([H])([H])[H]
18,18,1,[H]C#CC1([H])C([H])([H])OC([H])([H])C12N([H])C2([H])[H]
16,16,1,[H]Oc1noc2c1C([H])([H])OC([H])([H])N2[H]
20,18,0,
19,19,1,[H]C1=C([H])C2([H])N3C1([H])C2([H])C3([H])N([H])C([H])([H])[H]
18,18,1,[H]Oc1c([H])c(N([H])C([H])([H])[H])nn1C([H])([H])[H]
23,23,1,[H]OC([H])(C(=O)C([H])(C([H])([H])[H])C([H])([H])C([H])([H])[H])C([H])([H])[H]
21,21,1,[H]C1=NC([H])([H])C([H])([H])C([H])(C([H])([H])[H])C1([H])C([H])([H])[H]
21,21,1,[H]OC1(C([H])([H])C([H])([H])[H])C([H])([H])OC2([H])C([H])([H])C21[H]
18,18,1,[H]c1oc(C2([H])N([H])C([H])([H])C2([H])[H])c([H])c1[H]
20,20,1,[H]N1C([H])([H])C2(C([H])([H])C(=O)C2([H])C([H])([H])[H])C1([H])[H]
21,21,1,[H]C(=O)C12C([H])([H])C([H])(C([H])([H])[H])C([H])(C1([H])[H])C2([H])[H]
20,20,1,[H]N1C(=O)C([H])([H])C([H])(C([H])([H])[H])C2([H])C([H])([H])C12[H]
21,21,1,[H]C([H])([H])C([H])([H])C12C([H])([H])C3(C([H])([H])[H])OC1([H])C32[H]
15,15,1,[H]OC12C([H])([H])OC([H])(C1([H])[H])C2([H])[H]
17,17,1,[H]C#CC1([H])OC2([H])C([H])(O1)C2([H])C([H])([H])[H]
19,19,1,[H]C([H])([H])C1([H])C2([H])OC3([H])C([H])([H])OC2([H])C31[H]
18,17,0,[H]OC1([H])C2([H])OC23C([H])C([H])([H])C([H])([H])C13[H]
18,18,1,[H]c1oc(C([H])([H])C([H])([H])[H])c([H])c1C([H])([H])[H]
13,12,0,
22,22,1,[H]C1=C(C([H])([H])[H])C([H])([H])C([H])([H])C1(C([H])([H])[H])C([H])([H])[H]
18,18,1,[H]OC([H])(c1oc([H])nc1[H])C([H])([H])C([H])([H])[H]
19,19,1,[H]N1C(=O)C([H])(C([H])([H])[H])C2([H])N([H])C2([H])C1([H])[H]
19,19,1,[H]OC1(OC([H])([H])[H])OC([H])([H])C([H])([H])C1([H])O[H]
18,18,1,[H]OC([H])([H])C1([H])OC2(OC2([H])[H])C1([H])N([H])[H]
21,21,1,[H]OC1(C([H])([H])[H])C2([H])OC([H])([H])C1([H])C2([H])C([H])([H])[H]
16,16,1,[H]C(=O)N([H])C([H])(C#N)C1([H])N([H])C1([H])[H]
15,15,1,[H]C1=C([H])C2=NC([H])([H])N2C([H])([H])C1=O
17,17,1,[H]OC1([H])C([H])([H])OC(=O)OC([H])([H])C1([H])[H]
23,23,1,[H]C([H])([H])N=C(C([H])([H])[H])C([H])([H])[H]
19,19,1,[H]C1=NC([H])(C#N)OC([H])(C([H])([H])[H])N1C([H])([H])[H]
17,16,0,[H]N([H])C(=O)C([H])(C(C#N)C([H])([H])[H])N([H])[H]
22,22,1,[H]OC([H])([H])C([H])([H])OC([H])([H])N1C([H])([H])C([H])([H])C1([H])[H]
25,25,1,[H]C([H])([H])C1([H])C([H])([H])C([H])([H])C2(C([H])([H])C([H])([H])C2([H])[H])C1([H])[H]
17,17,1,[H]C1([H])C(=O)C([H])([H])C12C([H])([H])C1([H])OC12[H]
19,19,1,[H]OC([H])([H])C1([H])C(=O)C(C([H])([H])[H])=C([H])C1([H])[H]
15,15,1,[H]C(=O)OC1([H])OC(=O)C([H])([H])C1([H])[H]
25,25,1,[H]C([H])([H])OC([H])(OC([H])([H])C([H])([H])[H])C([H])(C([H])([H])[H])C([H])([H])[H]
17,17,1,[H]C1=C([H])N(C([H])([H])[H])C(=C([H])N([H])[H])C1=O
23,23,1,[H]N([H])C([H])([H])C1([H])OC([H])([H])N(C([H])([H])[H])C1([H])C([H])([H])[H]
20,20,1,[H]C#CC1([H])N(C(O[H])(C([H])([H])[H])C([H])([H])[H])C1([H])[H]
18,18,1,[H]C1([H])OC2([H])C(=O)OC12C1([H])C([H])([H])C1([H])[H]
19,15,0,
15,15,1,[H]OC1([H])Oc2c(oc([H])c2[H])C1([H])[H]
14,13,0,[H]C1=C([H])C([H])([H])c2n[nH]nc2N1[H]
11,11,1,[H]N=c1nc(O[H])nc(F)o1
17,17,1,[H]C#CC1([H])N=C([H])OC1([H])C([H])([H])N([H])[H]
22,22,1,[H]N(C(=O)C1([H])C([H])([H])C1([H])[H])C([H])(C([H])([H])[H])C([H])([H])[H]
16,16,1,[H]C#CC1([H])C([H])([H])C([H])([H])C1([H])C([H])=O
19,19,1,[H]C(=O)C([H])([H])OC1(C([H])([H])[H])C([H])([H])OC1([H])[H]
21,21,1,[H]C([H])([H])C12OC([H])([H])C([H])([H])C([H])([H])C([H])([H])C1([H])O2
18,18,1,[H]OC1([H])N([H])C2([H])C([H])([H])C(=O)C12C([H])([H])[H]
16,16,1,[H]C([H])([H])C1([H])OC12C([H])([H])C(=O)C2([H])[H]
13,13,1,[H]C1([H])OC(=O)N(C([H])([H])[H])C1=O
15,15,1,[H]C#CC12C([H])=C([H])C([H])(N1[H])C2([H])[H]
24,24,1,[H]OC([H])([H])C1([H])N([H])C([H])([H])C([H])(C([H])([H])C([H])([H])[H])C1([H])[H]
16,16,1,[H]C#CC12OC1([H])C([H])([H])C1([H])N([H])C21[H]
17,17,1,[H]OC1([H])C([H])(C#N)C1([H])C([H])([H])C([H])([H])[H]
20,20,1,[H]OC(=O)C([H])([H])C([H])([H])N([H])C([H])([H])C([H])([H])C#N
19,19,1,[H]C([H])([H])C1=NC([H])([H])C2([H])C([H])([H])C2([H])C1([H])[H]
18,18,1,[H]N=C1OC([H])([H])OC([H])([H])C([H])(C([H])([H])[H])O1
17,17,1,[H]C([H])([H])N=C(C(=O)N=O)C([H])([H])C([H])([H])[H]
15,15,1,[H]C1=C([H])C([H])([H])OC(=NC([H])([H])[H])O1
17,15,0,[H]C1=NN([H])C(N([H])C2([H])N([H])C2([H])[H])C1[H]
18,18,1,[H]C#CC([H])([H])N1C([H])([H])OC2([H])C([H])([H])C12[H]
15,14,0,[H]OC1([H])C([H])([H])C([H])([H])C1([H])C(=O)O
18,18,1,[H]OC([H])([H])C([H])(OC([H])=O)C1([H])N([H])C1([H])[H]
25,25,1,[H]C1=C(C([H])(C([H])([H])[H])C([H])([H])[H])C([H])([H])C1([H])C([H])([H])C([H])([H])[H]
17,17,1,[H]C([H])([H])C12C(=O)C3([H])OC([H])(C1([H])[H])C32[H]
18,18,1,[H]N=C(C([H])([H])C#N)C([H])([H])C([H])([H])C([H])([H])[H]
17,17,1,[H]C1([H])N=NC([H])(C2([H])OC2([H])[H])C([H])([H])O1
19,19,1,[H]C([H])([H])C1=C(C([H])([H])C([H])([H])[H])OC(=O)C1([H])[H]
20,20,1,[H]C(=O)C1(C([H])([H])[H])C2([H])OC([H])(C([H])=C2[H])C1([H])[H]
19,19,1,[H]OC1([H])C2([H])C([H])([H])C([H])([H])C([H])([H])C3([H])OC312
12,12,1,[H]C(=O)Oc1onnc1N([H])[H]
22,22,1,[H]OC([H])([H])N(C([H])([H])[H])C([H])([H])C1([H])C([H])([H])OC1([H])[H]
19,19,1,[H]OC([H])(C1=NC([H])([H])C([H])=C1N([H])[H])C([H])([H])[H]
23,23,1,[H]OC([H])([H])C(=O)C([H])([H])C([H])([H])C([H])(C([H])([H])[H])C([H])([H])[H]
16,16,1,[H]OC1([H])C2([H])C(=O)C([H])([H])C([H])([H])C12[H]
25,25,1,[H]C(=O)C([H])([H])C([H])([H])C([H])(C([H])([H])[H])C([H])(C([H])([H])[H])C([H])([H])[H]
20,20,1,[H]C(=O)C(C(=O)N([H])C([H])([H])[H])(C([H])([H])[H])C([H])([H])[H]
21,21,1,[H]ON=C(OC([H])([H])OC([H])([H])C([H])([H])O[H])C([H])([H])[H]
18,18,1,[H]N=C1N(C([H])([H])[H])C([H])([H])C([H])(C#N)C1([H])[H]
18,15,0,[H]C#CC([H])C([H])N(C([H])([H])[H])C([H])([H])C#N
11,11,1,[H]OC([H])(C#N)C([H])([H])C#N
16,16,1,[H]OC12C([H])([H])C([H])=C([H])C1(C#N)C2([H])[H]
22,22,1,[H]N1C([H])([H])N([H])C([H])(C([H])([H])[H])C([H])([H])N2C([H])([H])C12[H]
21,21,1,[H]C#CC(=O)C([H])([H])C([H])([H])C([H])([H])C([H])([H])C([H])([H])[H]
13,13,1,[H]OC12C([H])([H])OC1([H])OC2([H])[H]
15,15,1,[H]OC1=C(C([H])=O)C([H])([H])OC([H])([H])O1
21,21,1,[H]OC1([H])C([H])([H])C([H])([H])C2(C([H])([H])[H])OC12C([H])([H])[H]
22,22,1,[H]N=C1N([H])C([H])([H])C([H])([H])N([H])C([H])([H])C1([H])C([H])([H])[H]
18,17,0,
15,13,0,[H]OC1=C(N([H])C([H])([H])O[H])N([H])NN1
12,12,1,[H]c1oc(C#N)c([H])c1N([H])[H]
13,13,1,[H]Oc1c2c(nc([H])n2[H])nn1[H]
17,17,1,[H]C1=NC2([H])C(=O)C(C([H])([H])[H])(N1[H])C2([H])[H]
16,16,1,[H]N1C2([H])OC([H])([H])OC([H])([H])C(=O)C12[H]
17,17,1,[H]C1([H])C(=O)C2([H])OC2([H])C2([H])C([H])([H])C12[H]
25,25,1,[H]C([H])([H])C([H])([H])C([H])([H])C1([H])C([H])([H])C([H])([H])OC([H])([H])C1([H])[H]
16,16,1,[H]c1c(OC([H])([H])[H])c([H])n([H])c1N([H])[H]
18,18,1,[H]C([H])([H])N=C1C(=O)C2([H])C([H])([H])C2([H])C1([H])[H]
13,13,1,[H]N=C1OC(=N[H])C([H])(C([H])=O)O1
15,15,1,[H]OC([H])([H])C1([H])OC2([H])C([H])([H])C12[H]
22,22,1,[H]C1=C([H])C([H])([H])C([H])([H])C2([H])N(C([H])([H])C1([H])[H])C2([H])[H]
18,18,1,[H]C(=NC([H])([H])[H])C(=O)C([H])(N([H])[H])C([H])([H])[H]
18,18,1,[H]C([H])([H])N1C2([H])C([H])([H])N3C([H])([H])C1([H])C32[H]
14,14,1,[H]N(c1nnon1)C([H])([H])C([H])([H])[H]
15,15,1,[H]N=C1OC2([H])C([H])([H])C1(O[H])C2([H])[H]
21,21,1,[H]C1([H])OC2([H])C([H])([H])C([H])([H])C([H])(C([H])([H])[H])C2([H])O1
20,20,1,[H]C([H])([H])C12C3([H])C([H])([H])C1([H])C([H])([H])C2([H])C3([H])[H]
16,15,0,[H]C(=O)C([H])([H])C1([H])C(=O)C(N([H])[H])N1[H]
16,16,1,[H]C#CC([H])(C([H])([H])[H])C1([H])C(=O)C1([H])[H]
17,17,1,[H]N=C1OC([H])(C([H])([H])C([H])([H])[H])C([H])=C1[H]
25,25,1,[H]C(=C(C([H])([H])C([H])([H])[H])C([H])([H])C1([H])C([H])([H])C1([H])[H])C([H])([H])[H]
17,17,1,[H]N1C([H])(C#N)C1([H])C([H])([H])C(=O)C([H])([H])[H]
16,14,0,[H]C#CC(C([H])=O)C1([H])NC1([H])C([H])([H])[H]
27,27,1,[H]OC([H])([H])C(O[H])(C([H])([H])N([H])C([H])([H])[H])C([H])(C([H])([H])[H])C([H])([H])[H]
19,19,1,[H]C(=O)C([H])([H])C1(C([H])([H])[H])C([H])([H])C2([H])OC21[H]
14,14,1,[H]N=C1OC([H])(C([H])([H])[H])C(=O)N1[H]
20,20,1,[H]OC([H])([H])C([H])(OC([H])([H])[H])C1([H])N([H])C1([H])O[H]
17,17,1,[H]C(=O)C1(C([H])(C#N)N([H])[H])C([H])([H])C1([H])[H]
21,21,1,[H]OC([H])([H])C([H])([H])C1([H])OC([H])(C([H])([H])[H])C([H])=C1[H]
19,19,1,[H]C([H])([H])C12C3([H])OC3([H])C1([H])C1([H])C([H])([H])C12[H]
21,21,1,[H]N([H])C([H])([H])C1([H])C2([H])OC1([H])C([H])([H])N2C([H])([H])[H]
22,22,1,[H]N1C([H])([H])C1([H])C1(C([H])([H])[H])OC([H])([H])C1([H])C([H])([H])[H]
23,23,1,[H]C([H])([H])C(=O)OC([H])(C([H])([H])[H])C([H])([H])C([H])([H])C([H])([H])[H]
15,15,1,[H]OC1(C#N)C2([H])N3C2([H])C31C([H])([H])[H]
13,13,1,[H]OC([H])(C([H])=O)C([H])([H])N([H])[H]
21,21,1,[H]C1=C2C([H])([H])C2([H])C([H])([H])C2(C([H])([H])[H])C([H])([H])C12[H]
15,15,1,[H]N([H])C(=O)C(=O)C([H])([H])C([H])([H])C#N
18,18,1,[H]C#CC1(C([H])([H])[H])C([H])([H])C2=NC([H])([H])C21[H]
18,17,0,
19,19,1,[H]C([H])([H])C12C(=O)OC([H])([H])C1(C([H])([H])[H])C2([H])[H]
15,14,0,[H]C1C(=O)N=C(C([H])([H])C([H])([H])[H])N1[H]
17,17,1,[H]N([H])C(=O)C(=O)C1([H])N([H])C1([H])C([H])([H])[H]
15,15,1,[H]Oc1noc(C([H])([H])C([H])([H])[H])c1[H]
21,21,1,[H]N=C(C([H])([H])[H])C([H])([H])C([H])([H])OC([H])([H])C([H])([H])[H]
21,21,1,[H]N1C([H])([H])C([H])(OC([H])([H])C([H])([H])C([H])([H])[H])C1([H])[H]
20,20,1,[H]OC12C([H])([H])C([H])([H])N3C([H])(C31[H])C2([H])C([H])([H])[H]
13,13,1,[H]N([H])C(=O)C(=O)OC([H])([H])C#N
19,18,0,[H]N=C([H])C(C(=N[H])C([H])(O[H])C([H])([H])[H])N([H])[H]
19,19,1,[H]C([H])([H])C1([H])N2C([H])([H])C2([H])C([H])([H])C1([H])C#N
18,18,1,[H]C([H])([H])C([H])([H])C12C([H])([H])C3([H])OC1([H])C32[H]
19,19,1,[H]C([H])([H])C1([H])C2([H])OC1([H])C21OC([H])([H])C1([H])[H]
19,19,1,[H]N([H])C([H])([H])c1nc(C([H])([H])[H])nn1C([H])([H])[H]
22,20,0,
19,19,1,[H]N1C([H])([H])C([H])([H])OC([H])([H])C1(C#N)C([H])([H])[H]
17,16,0,[H]C1OC([H])([H])N=C1N([H])C1([H])N([H])C1([H])[H]
16,16,1,[H]c1nc([H])c(C([H])([H])C#CC([H])([H])[H])o1
18,18,1,[H]OC([H])([H])C([H])([H])C(=O)C([H])([H])C([H])([H])O[H]
16,16,1,[H]N=C([H])N1C(N([H])[H])=NC([H])([H])C1([H])[H]
25,25,1,[H]C([H])([H])C1([H])C([H])([H])C([H])([H])C([H])([H])OC1(C([H])([H])[H])C([H])([H])[H]
19,19,1,[H]OC1([H])C(=O)OC([H])(C([H])([H])[H])C([H])([H])C1([H])[H]
14,10,0,
16,16,1,[H]N=C1C([H])([H])C(C#N)(N([H])[H])C1([H])O[H]
21,21,1,[H]N=C(OC([H])([H])C([H])([H])C([H])([H])[H])C([H])([H])C([H])([H])[H]
17,16,0,
20,20,1,[H]C1=C([H])C([H])(C([H])([H])[H])OC(C([H])([H])[H])=NC1([H])[H]
18,18,1,[H]OC1([H])C([H])=C([H])C(=O)N1C([H])([H])C([H])([H])[H]
18,18,1,[H]N([H])C12C([H])([H])OC1([H])C1([H])OC2([H])C1([H])[H]
19,19,1,[H]C#CC([H])(C([H])([H])C(=O)C#N)C([H])([H])C([H])([H])[H]
20,18,0,
14,14,1,[H]N=C(OC([H])([H])O[H])N([H])C([H])=O
17,17,1,[H]OC([H])([H])C([H])(O[H])c1nnoc1N([H])[H]
18,18,1,[H]OC([H])([H])C12OC([H])([H])C(=O)C1(O[H])C2([H])[H]
19,19,1,[H]C(=O)C([H])([H])OC1([H])N([H])C2([H])OC([H])([H])C12[H]
19,19,1,[H]C#CC1(C([H])([H])[H])N(C([H])([H])[H])C([H])([H])C1([H])[H]
18,18,1,[H]C1([H])OC2(C([H])([H])OC2([H])[H])C([H])([H])C1([H])[H]
23,23,1,[H]C(=NC1([H])C([H])([H])N([H])C1([H])[H])C([H])(C([H])([H])[H])C([H])([H])[H]
17,17,1,[H]OC1([H])C2([H])C([H])=C(C#N)C1(O[H])C2([H])[H]
19,18,0,[H]C([H])([H])C1([H])OC2([H])C([H])([H])C([H])([H])C12[H]
14,10,0,
16,16,1,[H]OC1([H])C(=O)N=C(N([H])[H])N([H])C1([H])[H]
17,17,1,[H]OC12C([H])([H])C3([H])C([H])(C([H])=O)C1([H])C32[H]
18,17,0,
18,18,1,[H]C(=O)C([H])([H])C1(C2([H])N([H])C2([H])[H])OC1([H])[H]
20,20,1,[H]C([H])([H])C(=O)C1([H])C([H])([H])C([H])(C([H])([H])[H])C1([H])[H]
18,18,1,[H]C1([H])N2C(=O)C1([H])C([H])([H])C21C([H])([H])C1([H])[H]
15,14,0,
18,18,1,[H]C1([H])OC([H])(C([H])(C([H])([H])[H])C([H])([H])[H])C1=O
22,22,1,[H]OC1(C([H])([H])[H])C(=NC([H])([H])[H])C([H])([H])C1([H])C([H])([H])[H]
17,17,1,[H]C(=O)C1([H])N([H])C([H])(C(=O)N([H])[H])C1([H])[H]
21,21,1,[H]C([H])([H])C12C([H])([H])C(=O)C([H])([H])C1(C([H])([H])[H])C2([H])[H]
18,18,1,[H]C1=C([H])C2(N([H])C1([H])[H])C1([H])OC2([H])C1([H])[H]
23,23,1,[H]C(=O)OC([H])(C([H])([H])C([H])([H])[H])C([H])([H])C([H])([H])C([H])([H])[H]
20,20,1,[H]C([H])([H])C([H])([H])C([H])([H])C1([H])OC1(C#N)C([H])([H])[H]
23,23,1,[H]C1=NC([H])([H])C([H])([H])C([H])([H])C([H])([H])C1([H])C([H])([H])N([H])[H]
21,21,1,[H]C1=C([H])C([H])(C2([H])OC([H])([H])C2([H])[H])C1([H])C([H])([H])[H]
17,16,0,
21,21,1,[H]N1C([H])([H])C1([H])C1([H])N2C1([H])C2(C([H])([H])[H])C([H])([H])[H]
22,21,0,[H]C([H])([H])OC([H])([H])C1([H])OC(C([H])([H])[H])C1([H])C([H])([H])[H]
21,21,1,[H]c1oc([H])c(C([H])([H])C([H])([H])C2([H])N([H])C2([H])[H])c1[H]
21,21,1,[H]C1([H])OC([H])(C([H])([H])[H])C([H])([H])C([H])([H])C([H])([H])C1=O
21,21,1,[H]C([H])([H])C([H])(C([H])([H])[H])C1([H])C2([H])C(=O)C1([H])C2([H])[H]
20,20,1,[H]N([H])C([H])([H])C([H])([H])N([H])C(=O)C([H])([H])C([H])([H])[H]
15,13,0,[H]C1=C(C([H])([H])C#N)NNN1C([H])([H])[H]
20,20,1,[H]C(=NC([H])([H])[H])C([H])(C([H])([H])[H])C1([H])N([H])C1([H])[H]
21,20,0,[H]OC([H])([H])C1([H])C([H])([H])C([H])C2([H])N([H])C2([H])C1([H])[H]
13,11,0,[H]C1=NC(N([H])[H])=C([H])NNC1=O
17,16,0,[H]C1=NC(C#N)(C([H])([H])[H])C([H])([H])C1N([H])[H]
16,16,1,[H]OC1(C#N)C2([H])C3([H])C1([H])C23C([H])([H])[H]
19,19,1,[H]OC1([H])C2(C([H])([H])[H])OC2([H])C12C([H])([H])C2([H])[H]
16,16,1,[H]N1C([H])([H])C2([H])C1([H])C1(C#N)N([H])C12[H]
16,16,1,[H]C#CC1([H])C(C#N)=C([H])C1([H])C([H])([H])[H]
18,18,1,[H]C(=O)C1(C([H])([H])C([H])([H])[H])N([H])C(=O)C1([H])[H]
20,20,1,[H]C1([H])OC2([H])N(C1([H])[H])C1([H])C([H])([H])C2([H])C1([H])[H]
15,14,0,[H]C#CC(O)(C([H])([H])[H])C1([H])OC1([H])[H]
20,19,0,[H]N([H])C1N2C([H])([H])C23C([H])([H])C([H])(C([H])([H])[H])C13[H]
15,13,0,[H]N=C1NC([H])([H])C(=O)C12C([H])C2([H])[H]
18,18,1,[H]C#CC1([H])C(C([H])([H])[H])=C([H])C([H])([H])C1([H])[H]
18,18,1,[H]N1C([H])([H])C2([H])OC3([H])C2([H])OC13C([H])([H])[H]
23,23,1,[H]OC([H])(C(=O)C([H])(C([H])([H])[H])C([H])([H])[H])C([H])([H])C([H])([H])[H]
20,20,1,[H]C(=O)C12OC([H])([H])C([H])(C([H])=C1[H])C2([H])C([H])([H])[H]
23,23,1,[H]OC(OC([H])([H])[H])(C([H])([H])[H])C([H])([H])OC([H])([H])C([H])([H])[H]
15,15,1,[H]c1nc(C([H])([H])N([H])[H])n([H])c(=O)n1
18,18,1,[H]OC12C([H])([H])N([H])C1(C([H])=O)C([H])([H])C2([H])[H]
19,19,1,[H]OC1([H])C([H])([H])C2([H])C([H])([H])N([H])C([H])=NC12[H]
17,17,1,[H]C([H])([H])C1([H])N2C(=O)C1([H])C([H])([H])C2([H])[H]
13,13,1,[H]OC(=O)Oc1nc([H])n([H])c1[H]
17,17,1,[H]C#CC1=C([H])C2([H])N([H])C([H])([H])C2([H])N1[H]
17,17,1,[H]OC([H])([H])n1nc(N([H])[H])c([H])c1N([H])[H]
17,17,1,[H]OC([H])([H])C([H])(C#N)N([H])C(=O)C([H])([H])[H]
17,17,1,[H]OC1([H])C2([H])C3([H])C(=O)C([H])([H])C2([H])C13[H]
21,21,1,[H]C(=NC1(C([H])([H])[H])C([H])([H])C1([H])C([H])([H])[H])C([H])([H])[H]
15,15,1,[H]c1c(C([H])([H])[H])nc(C([H])([H])[H])n1[H]
17,17,1,[H]N(C(=O)C([H])([H])[H])C([H])([H])OC([H])([H])C#N
18,18,1,[H]N=C1C([H])(C([H])([H])[H])OC([H])([H])C12OC2([H])[H]
23,23,1,[H]OC([H])([H])C1([H])C([H])([H])C([H])([H])C([H])(C([H])([H])[H])C1([H])O[H]
21,21,1,[H]C([H])([H])C1([H])OC([H])([H])C12OC([H])([H])C([H])([H])C2([H])[H]
20,20,1,[H]N=C1C([H])([H])C([H])(C([H])([H])[H])C([H])([H])C12OC2([H])[H]
18,17,0,
17,17,1,[H]C([H])([H])N1C([H])([H])C(=O)OC([H])([H])C1([H])[H]
19,19,1,[H]C(=O)C1(N([H])[H])OC2(C([H])([H])[H])OC1([H])C2([H])[H]
16,12,0,
16,16,1,[H]OC(=O)C([H])(C([H])([H])C#N)C([H])([H])C#N
19,19,1,[H]N([H])C(=O)C([H])([H])N1C2([H])C([H])([H])C([H])([H])C12[H]
23,23,1,[H]OC([H])([H])C12C([H])([H])C([H])(C([H])([H])[H])C([H])(C1([H])[H])C2([H])[H]
17,17,1,[H]N([H])C(=O)C12C([H])(N([H])[H])OC1([H])C2([H])[H]
18,18,1,[H]C(C(=O)C#N)=C(C([H])([H])[H])C([H])([H])C([H])([H])[H]
25,25,1,[H]C([H])([H])OC(C([H])([H])[H])(C([H])([H])[H])C([H])([H])OC([H])([H])C([H])([H])[H]
20,20,1,[H]OC([H])([H])N([H])C(=O)C([H])(OC([H])([H])[H])C([H])([H])[H]
23,23,1,[H]OC1([H])C([H])(C([H])([H])[H])C([H])([H])C2([H])C([H])([H])C12C([H])([H])[H]
12,9,0,
20,20,1,[H]N(C([H])([H])[H])C1([H])C(=O)C([H])([H])OC1([H])C([H])([H])[H]
17,17,1,[H]N=C(OC(=O)C([H])([H])[H])C([H])([H])C([H])([H])[H]
16,16,1,[H]N1C([H])([H])C2(C#N)C([H])([H])C([H])([H])C12[H]
16,15,0,[H]C([H])OC(C#CC([H])([H])[H])=NC([H])([H])[H]
20,20,1,[H]N([H])C12C(=O)C3([H])C([H])(C([H])([H])N1[H])C23C([H])([H])[H]
16,16,1,[H]OC([H])([H])C#CC([H])=NC([H])([H])C([H])=O
17,17,1,[H]OC([H])([H])C1(O[H])OC([H])([H])C([H])([H])C1=O
20,19,0,
19,19,1,[H]C([H])([H])C12N3C([H])([H])C1([H])C([H])([H])C2([H])C3([H])[H]
20,19,0,[H]C([H])OC(=O)C1(C([H])([H])[H])C([H])([H])C([H])([H])C1([H])[H]
22,21,0,[H]C([H])([H])C([H])([H])OC1([H])C([H])([H])C1([H])C([H])(O)C([H])([H])[H]
17,16,0,
18,18,1,[H]N1C([H])([H])OC([H])([H])C(=O)OC([H])([H])C1([H])[H]
16,16,1,[H]C([H])([H])C12C3([H])C(=O)N4C3([H])C1([H])C42[H]
19,18,0,
19,19,1,[H]C#CC1([H])N([H])C([H])([H])C2(C([H])([H])[H])N1C2([H])[H]
16,16,1,[H]c1nnoc1C([H])(C([H])([H])[H])C([H])([H])[H]
20,20,1,[H]C#CC1(C([H])([H])[H])OC([H])([H])C([H])([H])N([H])C1([H])[H]
20,20,1,[H]OC1([H])C2([H])C([H])([H])OC([H])([H])C12C1([H])OC1([H])[H]
17,17,1,[H]OC1([H])C2([H])C3([H])OC2([H])C2([H])C1([H])C32[H]
19,18,0,
14,12,0,
13,13,1,[H]Oc1nc(N([H])C([H])=O)oc1[H]
21,21,1,[H]C(=O)C1([H])C([H])([H])C([H])([H])C1([H])C([H])([H])OC([H])([H])[H]
17,16,0,[H]C1N=C(C([H])([H])[H])N2C(=N1)C([H])([H])C2([H])[H]
18,18,1,[H]OC([H])(C#N)C1(C([H])([H])C([H])=O)N([H])C1([H])[H]
21,21,1,[H]OC([H])([H])C1(C([H])([H])O[H])OC([H])([H])C([H])([H])C1([H])[H]
18,18,1,[H]C#CC([H])([H])OC1([H])C2([H])N([H])C1([H])C2([H])[H]
23,23,1,[H]OC1(C([H])([H])C(=O)C([H])([H])[H])C([H])([H])C([H])(N([H])[H])C1([H])[H]
19,19,1,[H]N1C2(C([H])([H])[H])C([H])([H])C1(C([H])([H])C#N)C2([H])[H]
24,24,1,[H]C1=NC([H])([H])C([H])([H])C([H])(C([H])([H])C([H])([H])[H])C1([H])C([H])([H])[H]
16,14,0,[H]C1=C2N(NN1)C([H])=C(C([H])([H])[H])C2([H])[H]
19,19,1,[H]N=C1C2([H])N([H])C3([H])C([H])([H])C1([H])C3([H])C2([H])[H]
12,10,0,
18,18,1,[H]OC1([H])C([H])([H])C([H])([H])C2([H])OC2([H])C1([H])[H]
14,14,1,[H]C#CC([H])(N([H])[H])C([H])(C#N)C#N
14,14,1,[H]N=C([H])N(C([H])=O)C1([H])OC1([H])[H]
20,20,1,[H]C#CC12N([H])C([H])(C([H])([H])[H])C1([H])C([H])([H])C2([H])[H]
19,19,1,[H]OC12C([H])([H])OC1([H])OC([H])([H])C2([H])C([H])([H])[H]
14,14,1,[H]C(=O)N1C(=O)C(N([H])[H])=NC1([H])[H]
14,14,1,[H]C(=O)C1([H])C([H])([H])C1([H])C([H])([H])[H]
18,18,1,[H]C(=O)C(C([H])([H])[H])(C([H])([H])[H])C1([H])OC1([H])[H]
16,15,0,
19,19,1,[H]N1C([H])([H])C2(C#N)C([H])([H])C1([H])C2([H])C([H])([H])[H]
16,16,1,[H]ON=C1OC([H])([H])C1([H])C1([H])OC1([H])[H]
15,15,1,[H]OC1([H])c2c([H])nc([H])n2C1([H])O[H]
14,14,1,[H]OC([H])([H])c1c([H])nnc([H])c1F
16,16,1,[H]C#CC([H])([H])C([H])(C(=O)O[H])C([H])([H])[H]
20,20,1,[H]OC1(C([H])([H])[H])C([H])(C#N)C1([H])C([H])([H])C([H])([H])[H]
22,22,1,[H]N1C([H])([H])OC([H])([H])C([H])([H])C1([H])C([H])([H])OC([H])([H])[H]
17,17,1,[H]C([H])([H])N1C([H])([H])C2(OC2([H])[H])C1([H])C#N
18,18,1,[H]N([H])C(=O)C([H])([H])C(C#N)(N([H])[H])C([H])([H])[H]
13,13,1,[H]N=c1oc(O[H])nn([H])c1=N[H]
18,18,1,[H]N=C1N2C([H])([H])C([H])([H])C2([H])C2([H])N([H])C12[H]
21,21,1,[H]OC1([H])C2([H])C([H])([H])C3([H])C([H])([H])C2([H])C13C([H])([H])[H]
19,19,1,[H]OC1([H])C2(C([H])([H])[H])C3([H])C([H])=C([H])C([H])([H])C132
18,18,1,[H]OC12C([H])([H])C([H])(C([H])=O)N([H])C1([H])C2([H])[H]
22,22,1,[H]N([H])C1(N([H])C([H])([H])[H])C([H])([H])C1(C([H])([H])[H])C([H])([H])[H]
17,15,0,[H]C1=NNN=C([H])C1N(C([H])([H])[H])C([H])([H])[H]
21,21,1,[H]OC([H])([H])C([H])([H])C1([H])OC([H])(C([H])([H])[H])OC1([H])[H]
20,20,1,[H]c1c(N([H])C([H])([H])[H])nc(C([H])([H])C([H])([H])[H])n1[H]
20,20,1,[H]C(=O)N(C(=O)C([H])([H])[H])C([H])([H])C([H])([H])C([H])([H])[H]
18,18,1,[H]OC([H])([H])C12N([H])C([H])(C([H])=O)C1([H])C2([H])[H]
21,21,1,[H]C(=C1N([H])C([H])([H])C([H])([H])N1[H])N([H])C(=O)C([H])([H])[H]
21,20,0,
27,27,1,[H]OC([H])([H])C1([H])C([H])([H])N(C([H])([H])[H])C([H])(C([H])([H])[H])C1([H])C([H])([H])[H]
21,21,1,[H]OC1([H])C([H])([H])C2([H])OC([H])([H])C([H])([H])C2([H])C1([H])[H]
14,13,0,
17,17,1,[H]C1([H])C(=O)OC([H])([H])C([H])(C([H])([H])[H])C1=O
19,19,1,[H]C1=C(C(=O)N([H])[H])C([H])([H])C([H])([H])C1([H])N([H])[H]
21,21,1,[H]N1C([H])([H])C1([H])C(C([H])([H])[H])(C([H])([H])[H])C([H])([H])C#N
21,21,1,[H]C([H])([H])C([H])([H])C([H])([H])C12OC3([H])C([H])(C1([H])[H])C32[H]
20,20,1,[H]OC([H])([H])C([H])([H])C([H])=NC1([H])C([H])([H])OC1([H])[H]
19,19,1,[H]OC1([H])C([H])([H])C([H])=C([H])C2([H])OC2([H])C1([H])[H]
19,19,1,[H]C(=O)C(=O)C([H])([H])C1(C([H])([H])[H])C([H])([H])C1([H])[H]
16,16,1,[H]OC1([H])C([H])=C([H])C([H])(C#N)C([H])=C1[H]
19,19,1,[H]C#CC1([H])C([H])([H])C(O[H])(C([H])([H])[H])C1([H])O[H]
21,21,1,[H]OC1([H])C([H])([H])C([H])([H])C1(N([H])[H])C1([H])N([H])C1([H])[H]
18,18,1,[H]OC([H])([H])C([H])([H])C1([H])C([H])=NN=C1N([H])[H]
19,19,1,[H]OC1([H])C([H])([H])C2(O[H])C([H])([H])C2([H])C1([H])O[H]
18,18,1,[H]N([H])C1([H])C([H])([H])C2(C#N)N([H])C([H])([H])C12[H]
21,21,1,[H]C(=C1N([H])C([H])([H])C1([H])C([H])([H])[H])C1([H])N([H])C1([H])[H]
19,19,1,[H]N1C2([H])C([H])([H])C3([H])N4C([H])([H])C4(C2([H])[H])C13[H]
20,20,1,[H]C([H])([H])OC1(C([H])([H])[H])C([H])([H])C1([H])C([H])([H])C#N
21,21,1,[H]OC([H])([H])C12N([H])C([H])([H])C([H])(N([H])C1([H])[H])C2([H])[H]
23,23,1,[H]OC([H])(C([H])([H])C([H])([H])[H])C([H])(N([H])[H])C([H])([H])C([H])([H])[H]
17,17,1,[H]OC([H])([H])C#CC([H])(O[H])C(=O)C([H])([H])[H]
21,21,1,[H]C#CC([H])([H])C([H])([H])C1([H])OC1([H])C([H])([H])C([H])([H])[H]
14,11,0,
19,19,1,[H]c1nc(C([H])([H])[H])c2n1C([H])([H])C([H])([H])C2([H])[H]
12,12,1,[H]N=c1nc(F)nc([H])nc1[H]
22,22,1,[H]N1C2([H])C1([H])C1([H])C([H])([H])C1(C([H])([H])[H])C2([H])C([H])([H])[H]
21,21,1,[H]C1=C2C([H])([H])OC([H])([H])C2(C([H])([H])[H])C1([H])C([H])([H])[H]
14,14,1,[H]C([H])([H])c1nn(C([H])([H])[H])c(=O)o1
19,19,1,[H]C1([H])OC2([H])C([H])([H])C([H])(C([H])([H])[H])C2([H])C1=O
19,17,0,
21,21,1,[H]OC1(C([H])([H])[H])C([H])([H])C([H])([H])C2([H])OC1([H])C2([H])[H]
14,12,0,
21,21,1,[H]N1C([H])([H])C2(N([H])C3([H])C([H])([H])C13[H])C([H])([H])C2([H])[H]
21,21,1,[H]OC([H])([H])C12N(N(C([H])([H])C([H])([H])[H])C1([H])[H])C2([H])[H]
20,20,1,[H]c1c(N(C([H])([H])[H])C([H])([H])[H])c(N([H])[H])n([H])c1[H]
20,19,0,[H]C1([H])OC([H])(C([H])([H])[H])C([H])([H])C1C1([H])OC1([H])[H]
23,23,1,[H]N(C([H])([H])[H])C([H])([H])C([H])(C#CC([H])([H])[H])C1([H])OC1([H])[H]
19,19,1,[H]C([H])([H])C1([H])OC2([H])C([H])([H])C3([H])C1([H])OC23[H]
18,18,1,[H]N=C([H])OC1([H])C([H])([H])C([H])([H])C2([H])OC12[H]
23,23,1,[H]N1C([H])([H])OC([H])(N([H])C([H])([H])C([H])([H])C([H])([H])[H])C1([H])[H]
22,22,1,[H]OC([H])(C([H])([H])[H])C([H])(OC([H])([H])[H])C([H])([H])C([H])([H])[H]
19,19,1,[H]C(=O)C1([H])C([H])([H])C(=O)C([H])(C([H])([H])[H])C1([H])[H]
20,20,1,[H]C1([H])C([H])([H])C2([H])C([H])([H])C3([H])C1([H])N1C2([H])C13[H]
15,15,1,[H]C12OC([H])(C([H])([H])[H])C([H])(C1=O)C2=O
21,21,1,[H]OC1([H])C([H])([H])C2([H])C([H])([H])C([H])=C(C([H])([H])[H])C12[H]
21,21,1,[H]C1=NC([H])([H])C([H])=C1N([H])C([H])([H])C([H])([H])C([H])([H])[H]
17,16,0,[H]N([H])C(=NC(=O)C([H])([H])C([H])([H])O)N([H])[H]
15,14,0,
18,16,0,
23,23,1,[H]C([H])([H])C([H])([H])OC([H])([H])C12C([H])([H])C([H])(C1([H])[H])C2([H])[H]
21,21,1,[H]OC([H])(C([H])([H])[H])C1([H])C([H])=C([H])C(C([H])([H])[H])=C1[H]
17,17,1,[H]OC([H])([H])C([H])([H])C([H])(O[H])C([H])([H])C#N
15,15,1,[H]c1c2c(nn1[H])C([H])([H])C([H])([H])N2[H]
18,15,0,
19,19,1,[H]C#CC(O[H])(OC1([H])C([H])([H])C1([H])[H])C([H])([H])[H]
19,19,1,[H]N([H])C1([H])C2([H])N3C([H])([H])C2([H])C2([H])C3([H])C12[H]
16,16,1,[H]C1([H])OC2([H])C3([H])C2([H])C2([H])C1([H])C32[H]
15,11,0,[H]C(=O)C1C([H])C([H])C([H])N1C([H])([H])[H]
23,23,1,[H]C(=NC([H])([H])C([H])([H])C1([H])N([H])C1([H])C([H])([H])[H])C([H])([H])[H]
18,15,0,
18,18,1,[H]OC([H])([H])C1(O[H])N2C([H])([H])OC([H])([H])C21[H]
20,20,1,[H]N1C2([H])C(=O)C([H])([H])C1(C([H])([H])C([H])([H])[H])C2([H])[H]
14,13,0,
19,19,1,[H]OC([H])([H])C1([H])C(=O)C2([H])C([H])([H])C([H])([H])C12[H]
18,18,1,[H]C#CC([H])([H])C([H])(C#CC([H])([H])[H])C([H])([H])[H]
19,19,1,[H]C1=NC([H])([H])C2(N([H])C2([H])[H])C([H])([H])C([H])([H])O1
21,21,1,[H]OC([H])(C([H])([H])[H])C([H])([H])C([H])([H])N1C([H])([H])C1([H])[H]
17,17,1,[H]OC1([H])C2([H])N([H])C(=O)C([H])(N2[H])C1([H])[H]
16,16,1,[H]N=C1N2C3([H])C([H])(O[H])C1(N([H])[H])C23[H]
23,23,1,[H]C([H])([H])C1([H])C([H])([H])C([H])(C([H])([H])[H])C2([H])C([H])([H])OC12[H]
12,7,0,
17,15,0,[H]NC1([H])C2([H])C([H])=NC3([H])C(C3([H])[H])C12[H]
18,18,1,[H]N1C2([H])C(=O)C([H])(C([H])([H])[H])C3([H])C1([H])C23[H]
17,17,1,[H]C(=O)C1([H])C([H])=C(C([H])([H])[H])C(=O)C1([H])[H]
20,20,1,[H]C1=C(C([H])([H])[H])C2([H])C([H])([H])C3(N([H])C3([H])[H])C12[H]
17,17,1,[H]OC1([H])C2([H])N([H])C1(C#N)C([H])([H])C2([H])[H]
22,22,1,[H]OC1([H])C([H])(C2([H])N([H])C2([H])[H])C1(C([H])([H])[H])C([H])([H])[H]
18,17,0,[H]C#CC1([H])C(C([H])([H])[H])N([H])C12N([H])C2([H])[H]
17,16,0,
18,18,1,[H]N1C([H])([H])N2C([H])([H])C([H])([H])C([H])([H])C12C#N
14,12,0,
22,22,1,[H]OC1([H])C([H])([H])OC([H])(C2([H])OC([H])([H])C2([H])[H])C1([H])[H]
19,18,0,
18,18,1,[H]C1=C2C([H])([H])C([H])([H])OC3([H])N(C1([H])[H])C23[H]
21,21,1,[H]C1=C(C([H])([H])[H])C([H])(N([H])[H])C2(C([H])([H])[H])N([H])C12[H]
20,20,1,[H]N=C1OC([H])([H])C1(C([H])([H])[H])C1([H])C([H])([H])C1([H])[H]
21,21,1,[H]OC([H])([H])C1(C([H])([H])C([H])([H])[H])C(=O)C([H])([H])C1([H])[H]
19,19,1,[H]N(C([H])([H])[H])C([H])(C#N)C1([H])OC([H])([H])C1([H])[H]
20,20,1,[H]N([H])C(=O)OC([H])([H])C([H])(N([H])[H])N([H])C([H])([H])[H]
15,14,0,[H]C(=O)N(C1OC([H])([H])C1=O)C([H])([H])[H]
17,17,1,[H]N1C([H])([H])C1([H])C#CC1([H])C([H])([H])C1([H])[H]
16,16,1,[H]C1([H])C2([H])OC3(C#N)C([H])([H])C3([H])C12[H]
16,14,0,
22,22,1,[H]N(C1([H])OC1([H])[H])C1([H])C([H])([H])C([H])([H])C1([H])C([H])([H])[H]
19,19,1,[H]N([H])C1=NC([H])([H])C2([H])C1([H])OC2([H])C([H])([H])[H]
18,18,1,[H]C([H])([H])C12C([H])([H])C(=O)C([H])(C1([H])[H])C2([H])[H]
17,17,1,[H]C1([H])C(=O)C2([H])OC3([H])C1([H])C3([H])C2([H])[H]
19,19,1,[H]C([H])([H])C([H])([H])C12C3([H])OC1([H])C1([H])C3([H])C12[H]
22,22,1,[H]C([H])([H])C1([H])C(=O)OC2([H])C([H])(C([H])([H])[H])C([H])([H])C21[H]
21,21,1,[H]OC12N([H])C([H])([H])C1([H])C([H])([H])N([H])C2([H])C([H])([H])[H]
23,23,1,[H]C([H])([H])C([H])([H])C12C([H])([H])C1([H])OC([H])([H])C2([H])C([H])([H])[H]
14,7,0,[H]C1NNC(OC([H])([H])[H])NNC1[H]
20,20,1,[H]C([H])([H])C([H])([H])C1([H])OC2([H])C([H])([H])C2([H])C1([H])[H]
19,19,1,[H]N1C([H])([H])C12N1C([H])([H])C3([H])C([H])(C1([H])[H])C23[H]
12,9,0,
15,13,0,[H]OC([H])([H])C([H])([H])N1NNC([H])=C1[H]
13,12,0,
23,23,1,[H]OC([H])([H])C([H])([H])C([H])([H])C([H])(O[H])C([H])(O[H])C([H])([H])[H]
19,19,1,[H]OC1(C([H])([H])[H])C([H])([H])C1([H])C([H])([H])C([H])([H])[H]
16,15,0,[H]C1=C([H])C([H])([H])C(=O)C([H])([H])C1N([H])[H]
17,17,1,[H]C([H])([H])C12C([H])([H])N3C([H])(C1([H])[H])C32C#N
18,18,1,[H]OC([H])([H])C12C3([H])N([H])C4([H])C([H])(C41[H])C32[H]
17,16,0,[H]OC1C([H])=NN([H])C([H])=C1N([H])C([H])([H])[H]
17,17,1,[H]N1C(=O)C2([H])C1([H])C2([H])C([H])([H])C([H])([H])[H]
25,25,1,[H]OC([H])([H])C([H])([H])C([H])([H])C([H])([H])C([H])([H])C([H])([H])OC([H])([H])[H]
25,25,1,[H]OC([H])([H])C([H])([H])C([H])(O[H])C([H])([H])C([H])(C([H])([H])[H])C([H])([H])[H]
13,11,0,
17,17,1,[H]C([H])([H])C1=C(C([H])([H])[H])C([H])([H])C(=O)C1=O
20,20,1,[H]C([H])([H])C([H])([H])C([H])([H])C12OC1([H])C([H])([H])C2([H])[H]
18,17,0,[H]C([H])OC(=O)C([H])([H])C1(C([H])([H])[H])OC1([H])[H]
19,19,1,[H]C([H])([H])C1(C#CC2([H])C([H])([H])C2([H])[H])OC1([H])[H]
16,16,1,[H]OC1([H])C([H])(C([H])([H])[H])C1([H])C([H])([H])[H]
23,23,1,[H]C(=NC([H])([H])[H])C([H])([H])C([H])([H])C([H])([H])C([H])([H])C([H])([H])[H]
13,13,1,[H]C(=O)C([H])=C([H])C1([H])OC1([H])[H]
12,12,1,[H]OC([H])([H])C(=O)C(=O)C([H])=O
18,18,1,[H]OC1([H])N2C1([H])C1([H])OC([H])([H])C21C([H])([H])[H]
18,17,0,[H]C#CC1([H])OC([H])C1([H])C([H])(O[H])C([H])([H])[H]
18,17,0,[H]C1=C2NC3([H])N1C3([H])C2(C([H])([H])[H])C([H])([H])[H]
19,19,1,[H]OC1(C(=NC([H])([H])[H])N([H])C([H])([H])[H])OC1([H])[H]
14,12,0,
19,19,1,[H]OC1([H])C([H])([H])C1([H])C1([H])C([H])([H])C2([H])OC21[H]
21,21,1,[H]C([H])([H])C([H])([H])OC1([H])C([H])([H])C2(OC2([H])[H])C1([H])[H]
21,21,1,[H]OC([H])(C(=O)N([H])C([H])([H])C([H])([H])C([H])=O)C([H])([H])[H]
19,19,1,[H]N1C([H])([H])C1(C([H])([H])C#N)C1([H])C([H])([H])C1([H])[H]
18,18,1,[H]N1C(C([H])([H])[H])=NC([H])(C#N)C1([H])C([H])([H])[H]
17,17,1,[H]C1([H])C(=O)OC(C([H])([H])[H])(C([H])([H])[H])C1=O
16,16,1,[H]C(=O)C([H])([H])N([H])c1oc([H])c([H])c1[H]
18,18,1,[H]C1=C(C([H])([H])[H])C2([H])C([H])([H])C2(C#N)C1([H])[H]
23,23,1,[H]C(=O)N(C([H])([H])N([H])[H])C([H])(C([H])([H])[H])C([H])([H])C([H])([H])[H]
18,18,1,[H]C1=C([H])C([H])(C([H])([H])[H])n2c([H])c([H])c([H])c21
19,19,1,[H]OC1([H])C2([H])OC2(O[H])C1([H])C([H])([H])C([H])([H])[H]
18,17,0,
15,13,0,
19,19,1,[H]C(=O)N([H])C1(C([H])([H])C([H])([H])[H])C([H])([H])C1([H])[H]
23,23,1,[H]C([H])([H])C([H])([H])OC1(C2([H])C([H])([H])C2([H])[H])C([H])([H])C1([H])[H]
11,11,1,[H]C(=O)C#CC1([H])OC1([H])[H]
13,13,1,[H]C(=O)OC(=O)C([H])=NC([H])([H])[H]
18,17,0,[H]C#CC([H])([H])C1([H])OC([H])(O[H])C([H])C1([H])[H]
21,21,1,[H]C([H])([H])C([H])([H])C([H])([H])C#CC1([H])OC1([H])C([H])([H])[H]
16,16,1,[H]N=C(O[H])C([H])([H])OC(=O)C([H])([H])O[H]
16,16,1,[H]N1C2([H])C([H])(C#N)C3([H])C1([H])C23N([H])[H]
11,7,0,
17,17,1,[H]C#CC1([H])C(=O)C([H])([H])C1(O[H])C([H])([H])[H]
19,19,1,[H]C(=O)C#CC1(C([H])([H])[H])C([H])([H])C([H])([H])C1([H])[H]
15,15,1,[H]C(=O)c1c(N([H])C([H])([H])[H])noc1[H]
11,9,0,[H]N=C(O)C([H])=C(C#N)N=N
14,13,0,
16,16,1,[H]OC1([H])C([H])([H])OC([H])([H])C1(C#N)O[H]
23,23,1,[H]OC([H])([H])C([H])([H])C1([H])OC([H])([H])C([H])([H])C12N([H])C2([H])[H]
19,19,1,[H]C1([H])OC([H])(C([H])([H])C([H])([H])[H])C2([H])N1C2([H])[H]
20,20,1,[H]C([H])([H])C12OC([H])([H])C([H])(OC1=O)C([H])([H])C2([H])[H]
19,18,0,[H]OC1([H])N([H])C1([H])C1([H])N(C([H])C([H])=O)C1([H])[H]
20,20,1,[H]C#CC(C([H])([H])[H])(C([H])([H])O[H])C([H])([H])C([H])([H])[H]
17,17,1,[H]N=C(OC([H])([H])C([H])([H])[H])C(=O)C([H])([H])[H]
13,9,0,
15,15,1,[H]c1noc(C([H])([H])C([H])([H])N([H])[H])n1
16,14,0,
18,18,1,[H]OC1([H])C([H])([H])C1(C([H])=O)C1([H])N([H])C1([H])[H]
18,18,1,[H]N(C1=C(C([H])([H])[H])C([H])([H])C(=O)O1)C([H])([H])[H]
12,12,1,[H]c1oc2c([H])nn([H])c2c1[H]
17,17,1,[H]N1C2([H])C([H])([H])C1(C#CC([H])([H])[H])C2([H])[H]
18,17,0,[H]C1OC2(C([H])([H])[H])N1C([H])([H])C21N([H])C1([H])[H]
21,21,1,[H]OC1(C([H])=O)C([H])([H])C([H])(C([H])([H])[H])C1([H])C([H])([H])[H]
16,16,1,[H]C([H])([H])C12OC1([H])C1([H])C([H])(C#N)C12[H]
21,21,1,[H]C#CC([H])([H])C([H])([H])C([H])=C1C([H])([H])C1([H])C([H])([H])[H]
15,15,1,[H]OC12C3([H])OC1([H])C([H])([H])C2(C#N)O3
19,19,1,[H]C#CC([H])(C([H])=N[H])C1([H])C([H])([H])C1([H])N([H])[H]
23,23,1,[H]N1C([H])([H])OC([H])(C([H])([H])[H])C2(OC2([H])[H])C([H])([H])C1([H])[H]
19,18,0,
15,15,1,[H]Oc1nc([H])n([H])c1C([H])([H])N([H])[H]
17,15,0,
16,14,0,
18,18,1,[H]C(=O)C1([H])C2([H])N3C([H])(C([H])([H])C2([H])[H])C31[H]
20,20,1,[H]C([H])([H])C1([H])C2([H])C([H])([H])C([H])([H])C3([H])C1([H])C23[H]
11,10,0,[H]N=c1[nH]oc(=O)c([H])c1[H]
19,19,1,[H]N([H])C(=O)C([H])([H])C1(C([H])([H])[H])C([H])([H])C1([H])[H]
13,13,1,[H]C#CC12N([H])C1([H])N1N([H])C12[H]
23,23,1,[H]C([H])([H])OC([H])(C([H])([H])[H])C12C([H])([H])C([H])([H])C1([H])C2([H])[H]
20,20,1,[H]C([H])([H])N1C([H])([H])OC2([H])C3([H])C([H])([H])C1([H])C23[H]
19,19,1,[H]OC1([H])C(=O)C([H])=C([H])C([H])([H])C1([H])C([H])([H])[H]
18,18,1,[H]C([H])([H])N1C([H])([H])C(=O)C2([H])OC([H])([H])C12[H]
19,19,1,[H]N=C([H])N1C([H])([H])C([H])([H])C([H])(N([H])[H])C1([H])[H]
16,14,0,
17,17,1,[H]c1c(OC([H])([H])[H])n([H])c(=O)n1C([H])([H])[H]
16,16,1,[H]N=C1C(=O)C([H])([H])N=C1N([H])C([H])([H])[H]
19,19,1,[H]N1C2([H])C([H])([H])OC1(C([H])([H])C([H])([H])[H])C2([H])[H]
18,18,1,[H]OC([H])([H])c1c(C([H])([H])O[H])c([H])n([H])c1[H]
19,19,1,[H]N1C([H])([H])C12C([H])([H])OC([H])([H])C21N([H])C1([H])[H]
19,18,0,[H]C1=C([H])C([H])([H])C([H])([H])N([H])C1C(=O)C([H])([H])[H]
25,25,1,[H]OC([H])(C([H])([H])[H])C([H])([H])C([H])(C([H])([H])[H])C1([H])C([H])([H])C1([H])[H]
18,18,1,[H]C#CC12OC1(C([H])([H])[H])C([H])([H])C(=O)C2([H])[H]
16,16,1,[H]C1=NC([H])(N([H])[H])C(=O)C([H])(N([H])[H])O1
18,18,1,[H]C([H])([H])C12C([H])([H])C3([H])C([H])(C1([H])C#N)C32[H]
18,16,0,
18,18,1,[H]N=C1OC([H])(C([H])([H])O[H])C1([H])N([H])C([H])=O
16,16,1,[H]C#CC([H])(N([H])C(=O)N([H])[H])C([H])([H])[H]
19,19,1,[H]OC1(C([H])([H])[H])C2([H])OC3([H])C([H])([H])C1([H])C32[H]
18,18,1,[H]OC([H])([H])C([H])([H])C1([H])OC1([H])C([H])([H])O[H]
27,27,1,[H]OC(C([H])([H])[H])(C([H])([H])[H])C([H])(C([H])([H])[H])C([H])([H])C([H])([H])C([H])([H])[H]
20,20,1,[H]OC([H])(N1C([H])([H])C([H])=C(C#N)C1([H])[H])C([H])([H])[H]
15,15,1,[H]OC1=NC(C#N)(C([H])([H])[H])C([H])=C1[H]
19,19,1,[H]C(=O)N1C([H])([H])C2([H])C([H])(N([H])[H])C2([H])C1([H])[H]
14,13,0,
18,17,0,
18,13,0,[H]C1NNN([H])C1C(N([H])C([H])([H])[H])C([H])([H])[H]
19,19,1,[H]C#CC([H])([H])N([H])C1([H])C(=NC([H])([H])[H])C1([H])[H]
12,12,1,[H]c1onc(N([H])[H])c(=O)c1F
20,20,1,[H]OC12C([H])([H])C1([H])C(C([H])([H])[H])(C([H])([H])[H])C2([H])[H]
16,16,1,[H]C(=O)C([H])([H])C(=O)N([H])C(=O)C([H])([H])[H]
15,15,1,[H]N=C1N([H])C([H])([H])C1([H])C([H])([H])O[H]
20,20,1,[H]OC(C#CC([H])([H])[H])(O[H])C([H])([H])C#CC([H])([H])[H]
21,21,1,[H]N=C([H])N([H])C(=O)C(C([H])([H])[H])(C([H])([H])[H])C([H])([H])[H]
17,17,1,[H]ON=C1C([H])=C([H])N([H])C2([H])C([H])([H])C12[H]
12,11,0,[H]c1nnc(OC(=O)N([H])[H])[nH]1
21,21,1,[H]C([H])([H])C([H])([H])C1([H])C2([H])OC3([H])C2([H])C([H])([H])C31[H]
15,15,1,[H]N([H])C1([H])C2([H])N([H])C([H])(C#N)C12[H]
16,16,1,[H]N([H])C1([H])C([H])(C#N)OC1([H])C([H])([H])[H]
19,19,1,[H]OC([H])([H])C1([H])C([H])([H])C2([H])OC3([H])C2([H])C31[H]
15,15,1,[H]N1C(=O)C(=O)N([H])C2([H])C([H])([H])C12[H]
17,15,0,
14,14,1,[H]c1nn([H])c2oc(C([H])([H])[H])nc12
23,23,1,[H]OC([H])(C([H])([H])[H])C1([H])C([H])([H])C([H])([H])C([H])([H])C1([H])O[H]
15,13,0,[H]OC1([H])C([H])([H])C1([H])C1=NN([H])NN1
16,16,1,[H]N([H])C1=C(OC([H])([H])[H])C(=O)OC1([H])[H]
17,17,1,[H]N=C1N([H])C([H])(C#N)N1C([H])([H])C([H])([H])[H]
18,18,1,[H]C1=NC23N([H])C2([H])C([H])(C([H])([H])N1[H])C3([H])[H]
19,19,1,[H]OC([H])([H])C1([H])N([H])C([H])(C#N)C1([H])C([H])([H])[H]
21,20,0,[H]C1C([H])([H])C([H])([H])C2([H])C([H])([H])C([H])([H])C3([H])N([H])C132
19,19,1,[H]C#CC([H])([H])C1([H])C([H])(C([H])=O)C1([H])C([H])([H])[H]
17,17,1,[H]OC12C3=C([H])C([H])([H])C1([H])OC([H])([H])C32[H]
15,14,0,[H]C1=C([H])C2([H])OC([H])(C([H])=C1[H])C2[H]
22,22,1,[H]OC1(C([H])([H])[H])C([H])([H])C2(C([H])([H])[H])N([H])C12C([H])([H])[H]
18,18,1,[H]C([H])([H])C1(C#N)C([H])([H])C([H])([H])C2([H])OC21[H]
14,14,1,[H]N1C([H])([H])C12OC(=O)C([H])([H])C2=O
16,16,1,[H]C1=C([H])C([H])([H])C([H])(C#N)C([H])([H])C1=O
18,18,1,[H]C#CC([H])([H])C1(C([H])=O)C2([H])OC([H])([H])C21[H]
18,18,1,[H]OC1([H])C([H])([H])N([H])C12C([H])([H])C2(O[H])O[H]
16,15,0,[H]C([H])([H])C(=O)C1C2([H])C([H])([H])C13OC23[H]
18,18,1,[H]OC1([H])C2([H])C([H])([H])C3([H])N4C2([H])C4([H])C13[H]
15,15,1,[H]C1([H])OC([H])([H])C([H])([H])C([H])(C#N)O1
19,19,1,[H]N1C([H])([H])C23N([H])C24C([H])([H])C([H])(C3([H])[H])C14[H]
18,18,1,[H]OC1(N([H])C([H])([H])[H])C(=O)C([H])=C([H])C1([H])[H]
20,20,1,[H]OC1([H])N([H])C2(C([H])([H])[H])C([H])([H])C12OC([H])([H])[H]
14,14,1,[H]N=c1nc([H])nc(C([H])([H])[H])n1[H]
17,17,1,[H]OC1([H])N2C3([H])N([H])C1(OC([H])([H])[H])C23[H]
21,19,0,
15,15,1,[H]C([H])([H])C#CC1([H])C([H])([H])C1([H])C#N
18,18,1,[H]OC1([H])C([H])([H])C12C([H])([H])C([H])([H])C2([H])C#N
19,19,1,[H]C([H])([H])C1([H])C(=O)C2(OC([H])([H])C2([H])[H])C1([H])[H]
13,13,1,[H]OC1([H])OC(=O)C([H])=C([H])C1=O
26,26,1,[H]N1C([H])(C([H])([H])C([H])([H])C([H])([H])C([H])([H])[H])C1(C([H])([H])[H])C([H])([H])[H]
17,17,1,[H]C1([H])C2([H])OC3([H])C4([H])OC([H])(C14[H])C23[H]
19,18,0,
16,16,1,[H]C#CC([H])([H])N([H])C([H])([H])c1nnno1
21,21,1,[H]OC1([H])C2([H])C([H])([H])C([H])([H])C([H])([H])C3([H])C([H])([H])C132
19,19,1,[H]OC([H])([H])C12C([H])=C([H])C([H])(C1([H])[H])C2([H])O[H]
16,16,1,[H]c1nc(C(=O)N([H])[H])c([H])n1C([H])([H])[H]
16,16,1,[H]c1nc(C(=O)N([H])C([H])([H])[H])c([H])n1[H]
17,17,1,[H]C([H])([H])C1([H])OC12C([H])([H])C1([H])OC12C#N
19,18,0,[H]C1N([H])C2([H])C3([H])OC3([H])C([H])([H])C([H])([H])C12[H]
17,17,1,[H]OC12C([H])(C([H])([H])[H])OC3([H])C1([H])OC32[H]
11,9,0,
16,16,1,[H]Oc1nn(C([H])([H])[H])c(=NC([H])([H])[H])o1
19,19,1,[H]C1([H])OC2([H])C([H])(C([H])([H])C1([H])[H])C21OC1([H])[H]
17,17,1,[H]OC12C([H])([H])OC1(C([H])([H])[H])C(=O)C2([H])[H]
22,22,1,[H]C#CC1([H])C([H])([H])N([H])C([H])(C([H])([H])C([H])([H])[H])C1([H])[H]
14,12,0,
17,16,0,[H]C(=O)C1([H])C(=O)C([H])N1C([H])([H])C([H])([H])[H]
16,16,1,[H]C(=O)C1([H])N([H])C([H])([H])C12C(=O)C2([H])[H]
17,17,1,[H]C#CC1(O[H])C([H])([H])C2([H])C([H])([H])OC12[H]
16,16,1,[H]N=C1C(C([H])([H])O[H])=C([H])C1([H])C([H])=O
20,20,1,[H]ON=C1N([H])C([H])([H])C([H])(C([H])([H])[H])C([H])([H])N1[H]
19,19,1,[H]N1C(C(=O)C([H])([H])[H])=NC([H])([H])C1([H])C([H])([H])[H]
15,15,1,[H]N1C([H])([H])C2([H])C(=O)C1([H])C2([H])C#N
16,16,1,[H]C1=C([H])C([H])([H])C([H])([H])OC(=O)C1([H])[H]
20,20,1,[H]C(=O)C1([H])C([H])([H])C2([H])N(C([H])([H])C([H])([H])[H])C12[H]
23,23,1,[H]C([H])([H])C([H])([H])C12C([H])([H])C1([H])OC2(C([H])([H])[H])C([H])([H])[H]
19,19,1,[H]C([H])([H])c1nc2n(c1C([H])([H])[H])C([H])([H])C2([H])[H]
19,19,1,[H]C#CC1([H])N([H])C1([H])C([H])([H])N1C([H])([H])C1([H])[H]
17,17,1,[H]N=C1N2C([H])([H])C2([H])OC1(O[H])C([H])([H])[H]
17,17,1,[H]c1oc([H])c2c1OC([H])(C([H])([H])[H])C2([H])[H]
17,17,1,[H]OC([H])([H])C([H])([H])N=c1oc([H])c([H])n1[H]
20,20,1,[H]N=C1N([H])C([H])=C([H])C2([H])OC([H])([H])C12C([H])([H])[H]
18,18,1,[H]C(=O)N([H])C([H])([H])C(C#N)(N([H])[H])C([H])([H])[H]
19,18,0,
16,16,1,[H]OC([H])(O[H])C1([H])OC(=O)N([H])C1([H])[H]
14,14,1,[H]OC([H])([H])C1([H])OC(=O)C1([H])O[H]
18,17,0,
19,19,1,[H]N=C(C#CC([H])([H])C([H])([H])[H])C([H])([H])C([H])([H])[H]
19,19,1,[H]C(=O)C(=O)C1([H])C([H])([H])C1(C([H])([H])[H])C([H])([H])[H]
18,18,1,[H]C#CC(=O)C1=C([H])C([H])([H])C([H])=C1C([H])([H])[H]
17,17,1,[H]OC([H])([H])C([H])([H])c1onc(N([H])[H])c1[H]
14,11,0,
22,22,1,[H]OC([H])([H])N([H])C1([H])C([H])([H])C1(C([H])([H])[H])C([H])([H])O[H]
20,20,1,[H]C1=C([H])C([H])(C([H])([H])C#N)C([H])(C([H])([H])[H])C1([H])[H]
16,16,1,[H]OC1(C#N)N([H])C([H])([H])C12N([H])C2([H])[H]
18,18,1,[H]C1([H])OC2([H])C3([H])C4([H])N(C4([H])[H])C23C1([H])[H]
23,23,1,[H]C1=NC([H])([H])C(C([H])([H])[H])(C([H])([H])[H])N([H])C([H])([H])C1([H])[H]
16,16,1,[H]C#CC(=O)N([H])C1([H])OC1([H])C([H])([H])[H]
17,17,1,[H]C([H])([H])C1(C([H])([H])[H])OC2([H])C(=O)OC21[H]
20,19,0,
21,21,1,[H]C([H])([H])C([H])([H])C1([H])OC2(C([H])([H])[H])OC1([H])C2([H])[H]
21,21,1,[H]C1=C([H])C(C([H])([H])[H])(C([H])([H])C([H])([H])[H])C(=O)C1([H])[H]
25,25,1,[H]C([H])([H])C([H])([H])C([H])(C([H])([H])[H])C([H])([H])C1([H])OC([H])([H])C1([H])[H]
14,10,0,
19,19,1,[H]C([H])([H])C1([H])C([H])([H])C2([H])C3([H])OC3([H])OC12[H]
17,17,1,[H]C1=NN(C([H])([H])[H])C(=O)C12C([H])([H])C2([H])[H]
17,17,1,[H]C([H])([H])C1=NC2([H])C(=NC([H])([H])C2([H])[H])O1
12,12,1,[H]C(=O)C1([H])OC([H])([H])OC1=O
22,22,1,[H]OC([H])([H])C([H])([H])N1C([H])([H])C([H])([H])C1([H])C([H])([H])O[H]
17,17,1,[H]OC1([H])C(=O)N([H])C([H])([H])C1([H])C([H])([H])[H]
14,14,1,[H]C(=O)C12C3([H])C4([H])C3([H])C1([H])C42[H]
18,18,1,[H]C1([H])C2([H])C([H])([H])C3(C#N)C([H])([H])C3([H])C12[H]
19,17,0,
18,18,1,[H]N=C1OC([H])([H])C([H])(N([H])[H])C([H])(N([H])[H])O1
16,16,1,[H]C1([H])C2([H])OC3([H])C4([H])C([H])([H])C13C24[H]
20,20,1,[H]OC([H])([H])N1C(=O)C([H])(C([H])([H])C([H])([H])[H])C1([H])[H]
17,15,0,
24,24,1,[H]N([H])C([H])(C1=C(C([H])([H])[H])C([H])([H])C1([H])C([H])([H])[H])C([H])([H])[H]
17,17,1,[H]OC12C([H])(C([H])([H])[H])C3([H])C1([H])C32N([H])[H]
21,21,1,[H]C([H])([H])C#CC([H])([H])C([H])([H])C(=O)C([H])([H])C([H])([H])[H]
18,18,1,[H]OC1([H])C2([H])C3([H])N4C([H])(C32[H])C41C([H])([H])[H]
18,18,1,[H]C#CC([H])(OC([H])([H])[H])C([H])([H])C([H])([H])O[H]
21,21,1,[H]OC1([H])C(C([H])(O[H])C([H])([H])C([H])([H])[H])=C([H])C1([H])[H]
20,20,1,[H]OC([H])(C([H])([H])[H])C1([H])OC([H])([H])C12N([H])C2([H])[H]
18,18,1,[H]ON=C([H])C1(C#CC([H])([H])[H])C([H])([H])C1([H])[H]
17,15,0,
15,15,1,[H]Oc1oc([H])c([H])c1C(=O)C([H])([H])[H]
22,22,1,[H]C([H])([H])OC1(C([H])([H])C([H])([H])[H])C([H])([H])C([H])([H])C1([H])[H]
21,21,1,[H]N1C([H])([H])C2([H])N(C([H])([H])[H])C([H])([H])OC([H])([H])C12[H]
19,19,1,[H]OC([H])([H])C([H])(OC([H])([H])C([H])([H])C#N)C([H])=O
21,21,1,[H]OC1([H])C([H])=C([H])N([H])C1(C([H])([H])[H])C([H])([H])N([H])[H]
20,20,1,[H]C([H])([H])C1([H])N2N(C1([H])[H])C1([H])C(=O)C21C([H])([H])[H]
21,21,1,[H]N1C2(C([H])([H])[H])C([H])([H])N3C([H])([H])C1(C([H])([H])[H])C32[H]
23,23,1,[H]OC1(C([H])([H])C([H])(OC([H])([H])[H])C([H])([H])[H])C([H])([H])C1([H])[H]
18,18,1,[H]OC1([H])C(=O)N([H])C([H])(OC([H])([H])[H])C1([H])[H]
21,20,0,
21,19,0,
20,20,1,[H]N1C([H])([H])C2([H])OC2(C([H])([H])[H])C2([H])C([H])([H])C12[H]
15,15,1,[H]N=c1onc([H])c(C([H])([H])[H])c1O[H]
17,17,1,[H]N1C2([H])C3([H])C2([H])C2(C([H])([H])[H])C1([H])C32[H]
15,15,1,[H]N1N(C([H])(C#N)C#N)C([H])([H])C1([H])[H]
17,17,1,[H]C1([H])C(=O)OC12C([H])([H])C1([H])C([H])([H])C12[H]
18,18,1,[H]C([H])([H])C1([H])C2([H])OC23C2([H])N(C2([H])[H])C13[H]
17,16,0,[H]C1([H])OC1([H])C1C2([H])N3C([H])([H])C1([H])C32[H]
22,22,1,[H]OC([H])([H])C([H])([H])C([H])([H])C([H])([H])OC([H])([H])C([H])([H])[H]
18,18,1,[H]N([H])C1([H])C([H])([H])OC([H])([H])C1([H])C([H])([H])[H]
16,15,0,[H]OC1([H])C2([H])C(=O)NN2C1([H])C([H])([H])[H]
21,21,1,[H]N=C(N([H])C([H])([H])[H])C([H])(O[H])C([H])(O[H])C([H])([H])[H]
21,21,1,[H]C([H])([H])C([H])([H])OC12C3([H])C([H])([H])C1(C([H])([H])[H])C32[H]
15,15,1,[H]C#CC1([H])C([H])(C#C[H])C1([H])N([H])[H]
21,21,1,[H]C([H])([H])C1([H])C2([H])OC2([H])C1([H])C1([H])C([H])([H])C1([H])[H]
21,21,1,[H]N1C2([H])C([H])([H])C3([H])N(C([H])([H])[H])C1(C([H])([H])[H])C23[H]
20,20,1,[H]C1=C([H])C(N([H])C([H])([H])[H])(C([H])([H])[H])C([H])([H])C1=O
12,9,0,
13,13,1,[H]C([H])([H])N=C1OC(=O)OC1([H])[H]
19,19,1,[H]N1C([H])(C([H])([H])C([H])([H])[H])C(=O)N2C([H])([H])C21[H]
15,14,0,[H]N=C(O)c1c(N([H])[H])c([H])n([H])c1[H]
23,23,1,[H]C([H])([H])OC([H])([H])C([H])([H])C1([H])OC([H])([H])C1([H])C([H])([H])[H]
20,19,0,[H]C1C([H])([H])C([H])([H])C2([H])OC([H])([H])C23C([H])([H])C13[H]
17,17,1,[H]C1([H])OC12C1([H])C3([H])C1([H])C1([H])C3([H])C12[H]
17,17,1,[H]OC12C3([H])C([H])=C([H])C14C([H])([H])C4([H])C32[H]
16,15,0,[H]C(=O)C1C([H])([H])OC([H])(C([H])=O)C1([H])[H]
21,21,1,[H]OC([H])(N1C([H])([H])N2C([H])([H])C2([H])C1([H])[H])C([H])([H])[H]
15,15,1,[H]Oc1noc(C([H])([H])O[H])c1N([H])[H]
21,21,1,[H]OC([H])([H])C([H])(OC(=O)C([H])([H])C([H])([H])[H])C([H])([H])[H]
23,23,1,[H]C([H])([H])C1([H])C2([H])C3([H])C([H])([H])C1(C([H])([H])[H])C32C([H])([H])[H]
21,21,1,[H]OC([H])(C#CC([H])([H])[H])C1([H])C([H])([H])C1([H])C([H])([H])[H]
19,19,1,[H]C#CC1([H])N([H])C([H])([H])C2([H])N([H])C12C([H])([H])[H]
17,17,1,[H]C#CC12C3([H])C([H])([H])C1([H])C2(O[H])C3([H])[H]
19,19,1,[H]C(=O)C(=C([H])C([H])([H])C([H])([H])[H])C1([H])OC1([H])[H]
19,19,1,[H]N1C([H])([H])C12C([H])([H])C([H])(C([H])([H])C#N)C2([H])[H]
20,20,1,[H]N([H])C1([H])C([H])([H])C12C1([H])C([H])([H])OC([H])([H])C12[H]
16,16,1,[H]Oc1nn(C([H])([H])C([H])([H])[H])c([H])c1[H]
17,16,0,[H]N=C1C(O[H])C(N([H])[H])=NC([H])([H])C1([H])[H]
15,15,1,[H]OC([H])([H])c1c([H])n([H])nc([H])c1=O
14,12,0,
19,18,0,[H]C1C([H])([H])N2C3([H])C([H])([H])C1([H])C1([H])C2([H])C31[H]
17,17,1,[H]OC1([H])C2([H])OC([H])([H])C3(O[H])C1([H])C23[H]
18,15,0,[H]C(=O)C([H])([H])C1=C([H])C(C([H])([H])[H])C([H])C1[H]
10,8,0,[H]C1=C([H])N([H])NC1C#N
18,18,1,[H]OC([H])([H])C1([H])OC2([H])C([H])(C([H])([H])[H])C12[H]
20,20,1,[H]C([H])([H])C(=O)OC([H])([H])N1C([H])([H])C1([H])C([H])([H])[H]
15,14,0,[H]C1=C([H])C([H])([H])C2([H])OC2([H])C1C#N
20,20,1,[H]C#CC1([H])C([H])(O[H])C([H])([H])C12C([H])([H])OC2([H])[H]
25,25,1,[H]N([H])C([H])([H])C1([H])C([H])([H])C1(C([H])([H])C([H])([H])[H])C1([H])OC1([H])[H]
19,13,0,[H]OC1C(C([H])([H])[H])C([H])C([H])C([H])C1C([H])([H])[H]
19,19,1,[H]N1C2([H])C3([H])N([H])C4(C([H])([H])[H])C2([H])C4([H])C13[H]
17,17,1,[H]c1c2c(n([H])c1[H])N([H])C1([H])C([H])([H])C21[H]
20,20,1,[H]OC1([H])C([H])(C([H])([H])C([H])=O)C([H])([H])C12OC2([H])[H]
21,21,1,[H]C([H])([H])C(=O)C12C([H])([H])C1(C([H])([H])[H])C2([H])C([H])([H])[H]
18,18,1,[H]C#CC([H])([H])C1([H])C([H])([H])C([H])([H])C1([H])C#N
17,15,0,
23,23,1,[H]N=C([H])C([H])([H])C([H])(O[H])C(N([H])[H])(C([H])([H])[H])C([H])([H])[H]
14,14,1,[H]N1C([H])(C#N)OC([H])([H])C1([H])C#N
23,21,0,
20,20,1,[H]C1=C([H])C([H])([H])C2([H])C(=C1[H])C([H])([H])C([H])([H])N2[H]
17,17,1,[H]OC([H])([H])C1([H])OC(=O)C1([H])C([H])([H])O[H]
20,20,1,[H]N=C1C(C([H])([H])[H])=C(C([H])([H])[H])C([H])([H])C1([H])O[H]
16,16,1,[H]C1=NC23N4C([H])(C42N1[H])C3([H])C([H])([H])[H]
14,13,0,
21,21,1,[H]OC(C([H])([H])[H])(C([H])([H])[H])C([H])([H])C([H])([H])C([H])([H])[H]
22,22,1,[H]C1=C([H])C([H])([H])OC([H])(C([H])([H])C([H])([H])[H])N1C([H])([H])[H]
21,21,1,[H]C#CC([H])([H])C([H])([H])C(=N[H])C([H])([H])N([H])C([H])([H])[H]
21,21,1,[H]C([H])([H])C12OC1([H])C([H])([H])C2([H])C1([H])C([H])([H])C1([H])[H]
17,16,0,
18,18,1,[H]N([H])C(=O)C1([H])C([H])([H])C2(C([H])([H])[H])OC12[H]
21,20,0,
19,19,1,[H]C1=C([H])C([H])([H])C([H])([H])C([H])=C(C([H])([H])[H])C1=O
21,21,1,[H]N1C([H])([H])C1([H])C1([H])C([H])([H])OC12C([H])([H])OC2([H])[H]
18,18,1,[H]C#CC([H])([H])C12OC([H])(C([H])([H])N1[H])C2([H])[H]
16,16,1,[H]OC1([H])C([H])(C([H])=O)OC([H])([H])C1([H])[H]
16,16,1,[H]OC1=NC2(OC([H])([H])C2([H])[H])C([H])=C1[H]
16,16,1,[H]C(C(=O)C#N)=C([H])C([H])([H])OC([H])([H])[H]
19,19,1,[H]C1=NC2(C([H])([H])[H])N(C([H])([H])[H])C3([H])C1([H])C32[H]
16,16,1,[H]C1=C([H])C2([H])C3([H])C([H])([H])OC1([H])C23[H]
17,15,0,[H]N1N=C(C([H])([H])C([H])([H])[H])C(C([H])([H])[H])N1
19,19,1,[H]C1=C2C([H])([H])OC([H])(C([H])=C([H])C1([H])[H])C2([H])[H]
16,16,1,[H]C1=C([H])C([H])(C#N)C([H])([H])C(=O)C1([H])[H]
20,20,1,[H]N1C(C([H])([H])C2([H])N([H])C2([H])[H])=NC([H])([H])C1([H])[H]
20,20,1,[H]N([H])C([H])(C([H])([H])[H])C1([H])OC([H])(C([H])([H])[H])C1=O
11,9,0,
20,20,1,[H]C1([H])C(=O)C([H])([H])C2([H])N1C([H])([H])C([H])([H])C2([H])[H]
21,21,1,[H]C1=NC2([H])C([H])([H])C2(C([H])([H])C([H])([H])C([H])([H])[H])N1[H]
18,18,1,[H]C#CC1([H])N([H])C2([H])C1([H])C21C([H])([H])C1([H])[H]
22,22,1,[H]OC1([H])N(C([H])([H])[H])C([H])([H])C1(N([H])[H])N([H])C([H])([H])[H]
19,19,1,[H]OC1([H])C2=C([H])C([H])([H])OC1([H])C([H])([H])C2([H])[H]
20,20,1,[H]C1=C([H])C([H])([H])C(C([H])([H])[H])(C([H])([H])[H])OC1([H])[H]
25,23,0,
19,19,1,[H]N(C([H])([H])C(=O)C([H])([H])C#N)C([H])([H])C([H])([H])[H]
23,23,1,[H]C([H])([H])C([H])([H])C1(C([H])([H])[H])OC2([H])C([H])([H])C2([H])C1([H])[H]
17,17,1,[H]N=C1OC([H])([H])C2([H])C([H])([H])C1([H])C2([H])[H]
16,16,1,[H]N([H])C(=O)OC1=NC([H])(C([H])([H])[H])N1[H]
21,20,0,[H]C(OC1([H])OC([H])([H])C1([H])[H])C([H])([H])N([H])C([H])([H])[H]
21,20,0,[H]C([H])([H])C1([H])C2([H])C([H])([H])C([H])([H])C12C([H])([H])[H]
13,13,1,[H]Oc1nc(N([H])[H])c(=O)n([H])n1
21,20,0,[H]C([H])C(OC([H])([H])[H])(C([H])([H])[H])C([H])([H])C([H])([H])C#N
23,22,0,[H]C([H])C([H])(C([H])([H])[H])C([H])([H])N1C([H])([H])C2([H])C([H])([H])C12[H]
18,16,0,
20,20,1,[H]OC([H])([H])C([H])(O[H])C([H])([H])OC([H])=NC([H])([H])[H]
18,18,1,[H]OC1(C([H])([H])[H])C([H])([H])C(=O)C([H])([H])C1([H])[H]
18,18,1,[H]C([H])([H])C1=C(C#N)C([H])([H])C([H])([H])OC1([H])[H]
12,12,1,[H]N=C([H])OC(=O)C([H])([H])C#N
23,23,1,[H]N1C([H])([H])C1([H])N([H])C1([H])C([H])([H])C([H])([H])C1([H])C([H])([H])[H]
15,15,1,[H]C(C#N)=NC1([H])C([H])([H])C(=O)C1([H])[H]
14,14,1,[H]C#CC([H])([H])C1([H])OC1([H])C([H])=O
20,20,1,[H]OC([H])([H])C(=C1N([H])C1([H])[H])C1([H])C([H])([H])C1([H])[H]
19,19,1,[H]OC([H])([H])C([H])([H])C(O[H])(C([H])([H])[H])C([H])([H])[H]
19,19,1,[H]OC1(C([H])([H])[H])C2([H])N([H])C2([H])C1([H])C([H])([H])[H]
19,19,1,[H]OC1([H])C([H])([H])C2([H])C(=O)C([H])([H])C1([H])C2([H])[H]
13,13,1,[H]c1nc2nc(N([H])[H])oc2n1[H]
15,14,0,
19,19,1,[H]C(=O)C1([H])OC([H])(C([H])([H])[H])OC1([H])C([H])([H])[H]
19,19,1,[H]C(=O)C12OC([H])([H])C1([H])C([H])([H])C2([H])C([H])([H])[H]
16,16,1,[H]C(=O)OC1([H])N2C([H])(C([H])([H])[H])OC21[H]
14,14,1,[H]C(=O)C1=C([H])N=NC2([H])N([H])C12[H]
21,21,1,[H]C(=O)OC([H])([H])C([H])([H])C([H])([H])C1([H])C([H])([H])C1([H])[H]
17,16,0,[H]ON=C1OC(C([H])([H])C([H])([H])[H])=C([H])C1[H]
17,17,1,[H]C#CC(=O)C12C([H])([H])C([H])([H])C1([H])C2([H])[H]
15,15,1,[H]C#CC([H])([H])C12C(=O)C1([H])C([H])=C2[H]
20,20,1,[H]OC([H])(C([H])([H])[H])C1([H])C([H])=NC2([H])C([H])([H])C21[H]
18,16,0,
19,19,1,[H]C([H])([H])C1([H])C2([H])C([H])([H])C(=O)C3([H])C1([H])C32[H]
15,13,0,[H]C#CC1C([H])=C([H])C(O[H])C([H])=C1[H]
22,22,1,[H]OC1([H])C2([H])N([H])C2([H])C([H])(C([H])([H])[H])C1([H])C([H])([H])[H]
19,17,0,[H]C1=C(C([H])([H])[H])N([H])NC1C([H])([H])OC([H])([H])[H]
18,18,1,[H]C#CC1([H])C([H])([H])C([H])([H])C1([H])C([H])([H])O[H]
15,15,1,[H]C#CC12C3([H])OC1([H])C2(O[H])C3([H])[H]
18,18,1,[H]C#CC1([H])N2C([H])([H])OC([H])([H])C1([H])C2([H])[H]
15,15,1,[H]c1nc2c(n1[H])OC([H])([H])C([H])([H])O2
16,16,1,[H]C#CC1([H])C([H])([H])C1([H])C#CC([H])([H])[H]
14,14,1,[H]C1([H])C(F)(F)OC12C([H])([H])C2([H])[H]
13,11,0,[H]OC([H])([H])c1c([H])c2n[nH][nH]n1-2
15,15,1,[H]C#CC1([H])C([H])([H])C1([H])OC([H])=N[H]
19,19,1,[H]OC([H])([H])C1([H])OC(=NC([H])([H])[H])C([H])([H])N1[H]
19,19,1,[H]C#CC([H])([H])C([H])([H])C12N([H])C1([H])C(=O)C2([H])[H]
20,20,1,[H]C1([H])C([H])([H])C2([H])C3([H])C([H])([H])C1([H])C([H])([H])C23[H]
24,24,1,[H]C([H])([H])OC1(C([H])([H])[H])N(C([H])([H])[H])C1(C([H])([H])[H])C([H])([H])[H]
23,22,0,[H]C1=CC([H])([H])N(C([H])([H])[H])C([H])([H])C([H])(C([H])([H])[H])C1([H])[H]
21,21,1,[H]OC1([H])OC1(C([H])([H])[H])C1([H])C([H])([H])C1([H])C([H])([H])[H]
17,16,0,[H]N=C1N([H])C(N([H])C([H])([H])[H])C2([H])OC12[H]
18,18,1,[H]N([H])C1=NC([H])([H])C([H])([H])N([H])C(=O)C1([H])[H]
18,18,1,[H]N1C2([H])C3([H])C([H])([H])C([H])([H])C12C1([H])OC13[H]
16,16,1,[H]c1onc(C2([H])OC([H])([H])C2([H])[H])c1[H]
18,18,1,[H]C#CC1([H])C([H])([H])N=C(C([H])([H])O[H])C1([H])[H]
20,20,1,[H]C(=O)C([H])([H])N([H])C12C([H])([H])C1([H])C1([H])N([H])C12[H]
23,23,1,[H]N1C([H])([H])C1([H])C([H])(C(=NC([H])([H])[H])C([H])([H])[H])C([H])([H])[H]
20,20,1,[H]OC([H])([H])C1(O[H])C([H])=C([H])C2([H])OC21C([H])([H])[H]
15,15,1,[H]OC([H])([H])C1([H])OC(=O)OC1([H])C#N
23,23,1,[H]C#CC([H])([H])C([H])([H])C([H])([H])C([H])([H])C([H])([H])C([H])([H])O[H]
16,16,1,[H]C1=C([H])C2([H])C([H])(C(=O)C#N)C2([H])N1[H]
11,10,0,
15,15,1,[H]C1=C(N([H])[H])C2([H])OC2([H])C1([H])C#N
18,14,0,
19,18,0,[H]C(C1([H])OC1([H])C#N)C1(C([H])([H])[H])N([H])C1([H])[H]
21,21,1,[H]OC([H])([H])C1([H])N([H])C(C([H])([H])[H])=C([H])N([H])C1([H])[H]
19,19,1,[H]C1([H])C(=O)C([H])([H])C(C([H])([H])[H])(C([H])([H])[H])C1=O
22,22,1,[H]OC([H])([H])C1(C([H])([H])O[H])N([H])C([H])([H])C([H])([H])C1([H])[H]
17,17,1,[H]N([H])C1([H])N([H])C23OC1([H])C2([H])OC3([H])[H]
20,20,1,[H]OC([H])([H])C12C([H])([H])C3([H])C1([H])C32C1([H])OC1([H])[H]
17,17,1,[H]N=C1OC([H])([H])C1(C([H])([H])[H])C([H])([H])C#N
16,16,1,[H]C(=O)C([H])([H])N1C([H])([H])C1([H])C([H])([H])[H]
15,15,1,[H]c1nc([H])c([H])c(=O)c(C([H])([H])[H])n1
16,16,1,[H]N1C([H])([H])C(=O)C(=O)C2([H])C([H])([H])C12[H]
12,12,1,[H]N1C(=O)OC([H])(C#N)C1([H])[H]
19,18,0,
15,15,1,[H]c1nc(N([H])[H])oc1C([H])([H])N([H])[H]
19,17,0,[H]OC1C(=O)C([H])C([H])(C([H])([H])[H])C1([H])C([H])([H])[H]
14,14,1,[H]N=c1nc([H])n([H])c(=N[H])nc1[H]
19,17,0,
15,13,0,[H]C#CC1NN(C([H])([H])[H])C([H])=C1O[H]
17,17,1,[H]C(=O)C1([H])OC([H])(C(=O)C([H])([H])[H])C1([H])[H]
23,23,1,[H]N1C([H])([H])C1([H])C([H])([H])C1([H])C([H])([H])C1([H])N([H])C([H])([H])[H]
22,21,0,
19,19,1,[H]N1C([H])([H])C([H])(C2=NC([H])([H])OC2([H])[H])C1([H])[H]
16,14,0,
17,17,1,[H]N=C(C(=O)N([H])[H])C([H])(O[H])C([H])([H])O[H]
21,21,1,[H]C([H])([H])N1C2([H])N3C([H])([H])C3([H])C1([H])C2([H])C([H])([H])[H]
16,16,1,[H]C1=C([H])C([H])([H])N(C(=O)C([H])([H])[H])C1=O
15,14,0,[H]C1=C([H])C(C([H])([H])[H])N([H])C(=O)C1=O
18,18,1,[H]OC([H])([H])C1([H])OC([H])([H])C([H])([H])C1([H])O[H]
18,18,1,[H]N=C1C([H])=C([H])C(C([H])=O)(C([H])([H])[H])C1([H])[H]
16,16,1,[H]C(=O)C1([H])C([H])([H])C2([H])N3C2([H])C31C#N
15,15,1,[H]C(=O)C1(C([H])([H])[H])C(=O)N([H])C1([H])[H]
20,20,1,[H]C([H])([H])C1([H])C(=O)C(C([H])([H])[H])(C([H])([H])[H])C1([H])[H]
18,18,1,[H]OC([H])([H])C1([H])C([H])=C([H])C([H])([H])C1([H])O[H]
16,16,1,[H]C1=C([H])C2(OC2=O)C([H])(C([H])([H])[H])N1[H]
19,18,0,[H]OC1([H])C(N([H])C([H])=O)C([H])(C([H])([H])[H])C1([H])[H]
11,8,0,[H]C1=C([H])C(C([H])N=O)NO1
13,13,1,[H]c1onc(N([H])[H])c1C([H])([H])[H]
21,21,1,[H]C([H])=C([H])C([H])([H])C1([H])OC1([H])C1([H])C([H])([H])C1([H])[H]
19,19,1,[H]OC1([H])C([H])([H])C(=O)C([H])(OC([H])([H])[H])C1([H])[H]
16,16,1,[H]N=C(N([H])[H])N1C([H])([H])OC(=O)C1([H])[H]
13,13,1,[H]C#CC1([H])N([H])C1(C#N)C#C[H]
17,17,1,[H]N=C1N([H])C(=O)C([H])([H])N([H])C([H])([H])N1[H]
19,19,1,[H]N1C2([H])C([H])([H])C([H])([H])C([H])(C([H])([H])[H])C12C#N
16,16,1,[H]N([H])c1nnoc1OC([H])([H])C([H])([H])[H]
17,17,1,[H]C([H])(C#N)C([H])([H])C1([H])OC([H])([H])C1([H])[H]
25,25,1,[H]OC([H])(C([H])([H])[H])C([H])([H])C([H])([H])C([H])([H])C([H])(O[H])C([H])([H])[H]
21,21,1,[H]C1=C([H])C2([H])N([H])C([H])(N([H])C2([H])[H])C([H])([H])C1([H])[H]
16,16,1,[H]N([H])C1=C(C([H])([H])[H])C([H])([H])C(=O)C1=O
20,19,0,[H]C1OC2([H])C([H])([H])OC12C([H])(C([H])([H])[H])C([H])([H])[H]
18,18,1,[H]C1([H])C2([H])C([H])([H])C2([H])C2(C#N)C([H])([H])C12[H]
20,20,1,[H]OC([H])([H])C([H])([H])C1([H])OC([H])([H])C1([H])C([H])([H])[H]
20,20,1,[H]ON=C1C([H])(O[H])C([H])([H])C([H])([H])C1([H])C([H])([H])[H]
22,22,1,[H]OC1(C([H])([H])N([H])[H])C([H])([H])C([H])(OC([H])([H])[H])C1([H])[H]
21,20,0,[H]OC1(C([H])([H])[H])C([H])C([H])(C([H])([H])OC([H])([H])[H])N1[H]
19,19,1,[H]C1=C(C([H])([H])[H])C(=O)C2([H])C([H])([H])C12C([H])([H])[H]
21,21,1,[H]C1([H])C([H])([H])C23C([H])([H])C([H])([H])C24C([H])([H])C1([H])C34[H]
20,19,0,[H]C([H])([H])C12C([H])([H])C3([H])C1([H])C([H])(C([H])([H])O)C32[H]
19,19,1,[H]N=C1C(=O)C([H])([H])C([H])([H])C([H])([H])N1C([H])([H])[H]
16,16,1,[H]C(=NC([H])([H])c1nc([H])nn1[H])N([H])[H]
7,7,1,N#Cc1nnno1
23,23,1,[H]OC([H])([H])C([H])([H])C([H])([H])C([H])(C([H])([H])[H])C([H])([H])N([H])[H]
21,21,1,[H]N1C([H])(C([H])([H])[H])C1([H])C(C#N)(C([H])([H])[H])C([H])([H])[H]
25,25,1,[H]C1=C(C([H])([H])[H])C([H])([H])C([H])([H])C1([H])C([H])(C([H])([H])[H])C([H])([H])[H]
12,12,1,[H]c1c(F)c(N([H])[H])noc1=O
14,14,1,[H]c1noc(OC([H])([H])[H])c1N([H])[H]
16,16,1,[H]N=C1OC([H])([H])C([H])=C([H])C2([H])OC12[H]
16,16,1,[H]C#CC1([H])C2([H])C([H])([H])C3([H])C1([H])C23[H]
20,20,1,[H]N1C2([H])C([H])([H])C3([H])C([H])([H])C([H])([H])C4([H])C2([H])C134
19,19,1,[H]N1C([H])([H])OC([H])([H])C(C#N)(C([H])([H])[H])C1([H])[H]
21,20,0,[H]C1C([H])([H])OC([H])(C([H])([H])[H])C12N([H])C2([H])C([H])([H])[H]
17,17,1,[H]Oc1c(C2([H])N([H])C2([H])[H])c([H])c([H])n1[H]
12,12,1,[H]Oc1nnc([H])c(C([H])=O)n1
16,16,1,[H]OC([H])([H])n1nc([H])c(N([H])C([H])=O)n1
23,23,1,[H]C(=NC([H])([H])[H])C([H])([H])C([H])([H])C([H])([H])OC([H])([H])N([H])[H]
19,19,1,[H]C1([H])C2([H])OC3([H])C1([H])C1([H])C2([H])C([H])([H])C31[H]
