n_atoms,stable_atoms,mol_stable,smiles
21,20,0,
14,14,1,[H]C(=O)c1nnc(C([H])([H])[H])nc1[H]
20,20,1,[H]OC([H])([H])C1([H])C(C([H])([H])[H])=C([H])C2([H])N1C2([H])[H]
19,19,1,[H]N=C1N([H])C([H])([H])C2([H])C([H])([H])C12OC([H])([H])[H]
20,20,1,[H]OC([H])(N([H])C([H])([H])C#N)C([H])([H])C([H])([H])N([H])[H]
18,18,1,[H]C#CC([H])([H])C(=O)N([H])C([H])([H])C([H])([H])O[H]
23,23,1,[H]C([H])([H])C([H])([H])C([H])([H])C1([H])C([H])([H])C12OC([H])([H])C2([H])[H]
20,20,1,[H]OC([H])(N([H])[H])C1([H])OC2(C([H])([H])C2([H])[H])C1([H])[H]
19,19,1,[H]C1=C2C([H])(C([H])([H])[H])OC([H])([H])C2([H])C([H])([H])O1
16,16,1,[H]C(=O)C1=C([H])C2([H])C1([H])C1([H])N([H])C21[H]
16,16,1,[H]C(=O)OC([H])([H])C1([H])C([H])([H])OC1([H])[H]
18,18,1,[H]OC1([H])C([H])([H])C2([H])N([H])C2([H])C12OC2([H])[H]
21,21,1,[H]OC1([H])N([H])C([H])(C([H])([H])[H])C1([H])N1C([H])([H])C1([H])[H]
21,21,1,[H]OC1([H])C2([H])C([H])([H])C3([H])C1([H])C([H])(C([H])([H])[H])C23[H]
14,14,1,[H]c1oc2c(N([H])[H])c([H])oc2c1[H]
25,22,0,[H]C([H])C([H])(C([H])([H])[H])C([H])([H])C([H])([H])[H]
18,18,1,[H]OC12N(C3([H])OC3([H])[H])C([H])([H])C1([H])C2([H])[H]
15,15,1,[H]OC([H])([H])c1nnc([H])nc1N([H])[H]
18,18,1,[H]OC([H])([H])C1([H])C([H])([H])C2([H])OC2([H])C1([H])[H]
17,17,1,[H]C(=O)OC(C#N)(C([H])([H])[H])C([H])([H])N([H])[H]
21,21,1,[H]C([H])([H])C([H])([H])C([H])([H])C1([H])C2([H])C(=O)C([H])([H])C21[H]
18,18,1,[H]C1=NC([H])([H])C([H])([H])N([H])C(=O)N([H])C1([H])[H]
19,18,0,[H]N=C1OC([H])OC([H])([H])C([H])([H])C([H])([H])C1([H])[H]
16,16,1,[H]OC1([H])C2([H])C([H])([H])C3([H])OC3([H])C12[H]
21,21,1,[H]OC1(C([H])([H])[H])C2([H])C([H])([H])C21C([H])([H])OC([H])([H])[H]
20,20,1,[H]OC([H])(C([H])([H])[H])C([H])(O[H])C([H])([H])N([H])C([H])=O
18,18,1,[H]C(=O)C1([H])C2([H])C([H])([H])C([H])([H])C12C([H])([H])[H]
18,17,0,
16,16,1,[H]c1c(N([H])[H])nc2n1C([H])([H])C([H])([H])O2
16,16,1,[H]C#CC1(C#N)C([H])([H])OC([H])([H])C1([H])[H]
17,17,1,[H]N=C1N2C3([H])C4([H])C1([H])C4([H])C23C([H])([H])[H]
17,17,1,[H]OC1([H])OC(=O)C([H])([H])C([H])([H])OC1([H])[H]
14,14,1,[H]N1C([H])([H])N2C([H])([H])C2([H])C1([H])[H]
23,20,0,[H]C(=O)C(C([H])C([H])([H])C([H])[H])(N([H])C([H])([H])[H])C([H])([H])[H]
22,21,0,[H]OC1(C([H])([H])N([H])C([H])([H])[H])C(C([H])([H])[H])N([H])C1([H])[H]
19,19,1,[H]OC12C([H])([H])C([H])([H])C13C([H])([H])OC([H])([H])C23[H]
21,21,1,[H]N(C([H])([H])[H])C12C([H])(C([H])([H])[H])N3C1([H])C32C([H])([H])[H]
15,15,1,[H]C#CC1([H])C2([H])OC2([H])C2([H])OC12[H]
22,22,1,[H]N=C([H])C1([H])OC([H])([H])C1([H])C([H])([H])C([H])([H])C([H])([H])[H]
20,20,1,[H]OC([H])([H])C1([H])C2([H])N([H])C23C([H])([H])C([H])([H])C13[H]
14,10,0,
13,13,1,[H]Oc1c(O[H])c(C#N)n([H])c1[H]
19,19,1,[H]C1=C2C(=C([H])C3([H])C([H])([H])C23[H])C([H])([H])C1([H])[H]
21,21,1,[H]C(=O)C([H])([H])C([H])([H])C([H])([H])C(=O)C([H])([H])C([H])([H])[H]
16,16,1,[H]OC([H])([H])C1([H])C([H])([H])C1([H])OC([H])=O
14,13,0,
19,19,1,[H]OC12C([H])([H])C([H])([H])C1([H])C2([H])C1([H])OC1([H])[H]
19,19,1,[H]OC([H])([H])C1=C([H])C([H])(C([H])([H])C([H])([H])[H])C1=O
19,19,1,[H]N1C([H])([H])C2([H])C3([H])C([H])([H])C4([H])N([H])C13C42[H]
17,17,1,[H]OC1([H])C2([H])OC2([H])C2([H])C([H])(O[H])C12[H]
17,15,0,[H]NC1=NC2([H])C([H])(O[H])C([H])C12C([H])([H])[H]
17,17,1,[H]c1c(OC([H])([H])[H])n([H])c(=O)n1C([H])([H])[H]
16,16,1,[H]C#CC(=O)C1(C([H])([H])O[H])N([H])C1([H])[H]
20,20,1,[H]N1C(=O)C2(C([H])([H])C([H])([H])[H])C([H])([H])C12C([H])([H])[H]
23,23,1,[H]OC1(C([H])([H])[H])C([H])([H])C2(C([H])([H])C2([H])C([H])([H])[H])C1([H])[H]
18,18,1,[H]C1([H])N=C2N(C1([H])[H])C([H])([H])C([H])([H])C2([H])[H]
19,19,1,[H]C#CC1(C([H])([H])C([H])=O)C([H])([H])C1([H])C([H])([H])[H]
19,19,1,[H]C([H])([H])N1C2([H])C3([H])N4C([H])([H])C([H])(C13[H])C42[H]
18,18,1,[H]N=C1C([H])([H])C2([H])C3([H])C([H])([H])C1(O[H])C23[H]
14,14,1,[H]c1nc2n(n1)C([H])([H])C([H])([H])N2[H]
18,18,1,[H]ON=C1C([H])([H])OC([H])([H])C1([H])C([H])([H])O[H]
14,12,0,[H]C1([H])C(C#N)C([H])([H])C2([H])NC12[H]
23,23,1,[H]C([H])([H])OC12C([H])([H])C(C([H])([H])[H])(C1([H])[H])C2([H])C([H])([H])[H]
18,18,1,[H]C(=O)C([H])([H])C1([H])N2C([H])([H])OC([H])([H])C21[H]
17,17,1,[H]C(=O)C(=O)C1([H])C2([H])C([H])([H])C([H])([H])C12[H]
19,19,1,[H]c1nnc(C(C([H])([H])[H])(C([H])([H])[H])C([H])([H])[H])o1
19,19,1,[H]c1c([H])n(C([H])([H])C([H])([H])C([H])([H])[H])c(=O)n1[H]
21,21,1,[H]C(=O)C1([H])C2([H])C([H])([H])C1(C([H])([H])C([H])([H])[H])C2([H])[H]
16,16,1,[H]N=C1C([H])([H])N([H])OC1([H])C([H])([H])C#N
18,18,1,[H]C#CN([H])C([H])([H])C([H])([H])N1C(=N[H])C1([H])[H]
14,14,1,[H]C#CC1(C([H])=O)OC([H])=NC1([H])[H]
18,18,1,[H]OC1([H])C2([H])C([H])([H])N([H])C12C1([H])OC1([H])[H]
19,19,1,[H]N(C([H])([H])[H])C1(C#N)OC([H])(C([H])([H])[H])C1([H])[H]
16,16,1,[H]OC([H])([H])C([H])(C#N)C(=O)OC([H])([H])[H]
14,10,0,[H]OC1NNN(C([H])([H])[H])C1C([H])=O
19,19,1,[H]C#CC1([H])C2([H])C([H])([H])C([H])(C([H])([H])[H])C12O[H]
16,16,1,[H]c1c2c(nn1[H])C1(C([H])([H])[H])N([H])C21[H]
16,15,0,[H]N([H])C(C#N)C([H])([H])OC(=O)C([H])([H])[H]
17,15,0,
17,17,1,[H]C1=NC([H])([H])C([H])([H])C2(O1)C([H])([H])C2([H])[H]
16,16,1,[H]C1=C([H])C23C1([H])OC2([H])C1([H])N([H])C13[H]
17,17,1,[H]c1nc(C([H])([H])[H])n(C([H])([H])[H])c(=O)c1[H]
18,18,1,[H]OC1([H])N(C([H])([H])[H])C([H])(C#N)N([H])C1([H])[H]
14,14,1,[H]C#CC([H])([H])Oc1c([H])noc1[H]
16,16,1,[H]N=C1C([H])([H])C2(O[H])OC([H])([H])C12O[H]
20,19,0,[H]OC12C([H])C([H])(OC1([H])C([H])([H])C([H])([H])[H])C2([H])[H]
20,20,1,[H]N1C([H])(C([H])([H])[H])OC(=O)C1([H])C([H])([H])C([H])([H])[H]
15,15,1,[H]N1C2([H])C([H])([H])C([H])(C(=O)C#N)C12[H]
16,16,1,[H]c1nc(C([H])([H])[H])oc1C#CC([H])([H])[H]
15,15,1,[H]N1C(=O)C2([H])C([H])([H])C12C([H])([H])C#N
21,21,1,[H]N=C1C([H])([H])C2([H])C([H])([H])C([H])(N([H])[H])C([H])([H])C12[H]
18,18,1,[H]C(=O)C([H])([H])C1([H])C2([H])N=C([H])C([H])([H])C21[H]
16,16,1,[H]C([H])(C#N)C12OC3([H])C([H])(C1([H])[H])C32[H]
18,18,1,[H]N=C([H])C1(C([H])([H])O[H])OC([H])([H])C1([H])O[H]
20,20,1,[H]OC1([H])C([H])(C([H])([H])[H])N2C([H])(C([H])([H])[H])C21O[H]
23,23,1,[H]C([H])([H])C([H])(C([H])([H])[H])C([H])([H])C1([H])C([H])([H])C(=O)C1([H])[H]
11,11,1,[H]C(=O)C12OC1([H])C([H])=C2[H]
21,21,1,[H]C([H])([H])C([H])([H])C([H])([H])C([H])([H])C(=O)C1([H])OC1([H])[H]
18,18,1,[H]C(=O)C1([H])C([H])([H])C2([H])C([H])(C([H])([H])[H])C12[H]
14,14,1,[H]OC1([H])C2([H])OC3(C#N)C1([H])C23[H]
23,22,0,
25,25,1,[H]C([H])=C1C([H])([H])C([H])([H])C([H])([H])C([H])(C([H])([H])[H])C([H])([H])C1([H])[H]
21,21,1,[H]C([H])([H])C1([H])C2=C3C([H])([H])C([H])(C3([H])[H])C([H])([H])C21[H]
21,21,1,[H]C#CC1(C([H])([H])[H])C([H])([H])C([H])(OC([H])([H])[H])C1([H])[H]
18,18,1,[H]C1=C([H])C2([H])C([H])=C(C1([H])[H])C2([H])C([H])([H])[H]
14,14,1,[H]N([H])c1noc(N([H])C([H])([H])[H])n1
18,18,1,[H]OC1([H])C2([H])C([H])=C([H])C([H])(C([H])([H])[H])C12[H]
19,19,1,[H]C1([H])N2N3C1([H])C3([H])C([H])([H])C21C([H])([H])C1([H])[H]
11,11,1,[H]C#CC(=O)n1nnc([H])n1
19,19,1,[H]N1C([H])([H])C([H])(C#CC([H])([H])C([H])([H])[H])C1([H])[H]
16,16,1,[H]OC1([H])C2([H])C([H])([H])C(=O)C([H])([H])C12[H]
18,18,1,[H]C(=O)C1([H])N([H])C2([H])C([H])([H])OC12C([H])([H])[H]
18,18,1,[H]N=C1C([H])([H])N2C([H])([H])C([H])([H])C([H])([H])C12[H]
21,21,1,[H]C([H])([H])C1([H])OC([H])([H])C([H])([H])C2([H])OC1([H])C2([H])[H]
19,19,1,[H]C#CC([H])(C([H])([H])OC([H])=O)C([H])([H])C([H])([H])[H]
18,18,1,[H]C1=NC2([H])C([H])(C(=O)C([H])([H])[H])C2([H])C1([H])[H]
19,19,1,[H]N1C([H])([H])C([H])([H])C23C([H])([H])C2([H])C([H])([H])C13[H]
18,18,1,[H]N=C(c1nc([H])c([H])n1[H])C([H])([H])C([H])([H])[H]
23,23,1,[H]C#CC([H])(C([H])([H])C([H])([H])[H])C(O[H])(C([H])([H])[H])C([H])([H])[H]
15,15,1,[H]C([H])([H])C1([H])N2C3([H])OC3([H])C21C#N
10,10,1,[H]C#Cc1c([H])noc1[H]
19,19,1,[H]C([H])([H])C([H])([H])C([H])([H])C(=O)N1C([H])([H])C1([H])[H]
23,22,0,[H]C([H])N(C([H])([H])[H])C([H])([H])N([H])C([H])(C([H])([H])[H])C([H])([H])[H]
18,18,1,[H]N1C(=O)C2([H])OC([H])([H])C([H])(C([H])([H])[H])C12[H]
18,18,1,[H]OC1([H])C([H])([H])C1([H])C12C([H])([H])N3C1([H])C32[H]
20,20,1,[H]C#CC([H])([H])C([H])([H])N1C([H])([H])C([H])(O[H])C1([H])[H]
17,17,1,[H]OC(O[H])(c1oc([H])c([H])c1[H])C([H])([H])[H]
19,19,1,[H]C1=C2C([H])([H])C3([H])C1([H])C1([H])C([H])([H])C2([H])C31[H]
18,18,1,[H]C1=NC([H])([H])C2=C1C([H])=C([H])C([H])([H])C2([H])[H]
22,22,1,[H]C1([H])OC2([H])OC([H])([H])C3([H])C([H])([H])C2([H])C([H])([H])C13[H]
16,16,1,[H]C#CC12C([H])=C([H])C([H])(C1([H])[H])C2([H])[H]
17,17,1,[H]OC1([H])C([H])(O[H])C2(C([H])=O)C([H])([H])C12[H]
25,25,1,[H]C([H])([H])C1([H])C2([H])C([H])([H])C([H])([H])C2([H])C1(C([H])([H])[H])C([H])([H])[H]
20,20,1,[H]C([H])([H])C#CC([H])([H])C([H])([H])C([H])([H])OC([H])([H])[H]
17,17,1,[H]C(=O)C([H])(N1C([H])([H])C1([H])[H])C([H])([H])C#N
17,17,1,[H]C1=C([H])C([H])(C([H])([H])[H])N([H])C2([H])OC12[H]
16,16,1,[H]C#CC(=O)C(=O)N([H])C([H])([H])C([H])([H])[H]
16,16,1,[H]c1nc([H])n(C([H])([H])C([H])([H])C#N)c1[H]
20,20,1,[H]C#CC1([H])N=C(C([H])([H])[H])C([H])([H])C1([H])C([H])([H])[H]
23,22,0,
23,23,1,[H]OC([H])(C([H])([H])C([H])([H])[H])C1([H])C([H])([H])C1(O[H])C([H])([H])[H]
22,22,1,[H]OC([H])([H])C1(C([H])([H])[H])OC([H])([H])C([H])([H])N([H])C1([H])[H]
18,18,1,[H]OC1([H])C([H])([H])C23OC([H])([H])C12N([H])C3([H])[H]
20,20,1,[H]OC([H])([H])C1([H])N([H])C(=O)C([H])([H])C([H])([H])C1([H])[H]
19,19,1,[H]OC([H])([H])C([H])([H])C([H])([H])C([H])([H])OC([H])([H])[H]
21,21,1,[H]C([H])([H])C1([H])C([H])([H])N2C([H])([H])C1(C([H])([H])[H])C2([H])[H]
17,17,1,[H]C1=C([H])C23OC([H])([H])C2(C([H])=C1[H])C3([H])[H]
16,16,1,[H]OC([H])([H])C#CC([H])(C#N)C([H])([H])O[H]
19,19,1,[H]OC1(C([H])([H])C([H])([H])[H])C([H])([H])OC1([H])C([H])=O
21,21,1,[H]C1=C(C([H])([H])[H])C([H])([H])C([H])=C([H])C([H])(C([H])([H])[H])O1
16,16,1,[H]C([H])([H])C12OC1([H])C([H])([H])OC2([H])C#N
22,19,0,[H]C(C([H])([H])[H])C1(C([H])([H])[H])OC([H])([H])C([H])([H])C1=O
13,11,0,[H]C#CC1N=C([H])C(N([H])[H])=NN1
13,13,1,[H]N([H])N=c1c(=O)n([H])nnn1[H]
23,23,1,[H]OC([H])([H])C1([H])OC1(C([H])([H])C([H])([H])[H])C([H])([H])C([H])([H])[H]
17,17,1,[H]OC1([H])C([H])([H])C2(OC(=O)C2([H])[H])C1([H])[H]
17,17,1,[H]c1nc(N([H])[H])nnc1C([H])([H])C([H])([H])[H]
25,25,1,[H]OC([H])([H])C([H])([H])C([H])(O[H])C([H])([H])C([H])([H])C([H])([H])C([H])([H])[H]
17,17,1,[H]OC([H])([H])N([H])C([H])(C#N)C1([H])OC1([H])[H]
16,16,1,[H]C1=C([H])N2C([H])=C([H])C([H])(C1=O)C2([H])[H]
18,18,1,[H]C#CC([H])([H])C1([H])C([H])([H])C([H])([H])C1([H])C#N
17,16,0,[H]ON=C1C([H])=C(C([H])([H])O)C([H])([H])C1([H])[H]
19,19,1,[H]C#CC([H])(O[H])C1([H])OC1([H])C([H])([H])C([H])([H])[H]
21,21,1,[H]OC1([H])C(C([H])([H])C([H])([H])[H])=C([H])C2([H])C([H])([H])C12[H]
21,21,1,[H]C#CC1([H])N([H])C1([H])N(C([H])([H])[H])C([H])([H])C([H])([H])[H]
23,23,1,[H]C([H])([H])OC([H])([H])C([H])([H])C([H])([H])C1([H])C([H])([H])OC1([H])[H]
16,16,1,[H]C1=NC2(C([H])([H])[H])OC3([H])C1([H])OC32[H]
17,17,1,[H]OC1(C([H])([H])[H])C([H])([H])N2C([H])(C#N)C21[H]
19,19,1,[H]OC([H])(C#CC([H])([H])[H])C([H])([H])N([H])C([H])([H])[H]
18,18,1,[H]C(=O)C([H])([H])OC([H])([H])C(=O)N([H])C([H])([H])[H]
23,23,1,[H]N1C([H])(C([H])([H])C([H])([H])C([H])([H])[H])C1(C([H])([H])[H])C([H])([H])[H]
15,15,1,[H]C([H])([H])OC(=O)C1([H])C(=O)OC1([H])[H]
16,16,1,[H]N(C([H])([H])[H])C([H])([H])c1nn([H])c(=O)o1
17,17,1,[H]OC([H])([H])C#CC([H])([H])C([H])=NC([H])([H])[H]
16,16,1,[H]C([H])([H])C12C(=O)OC([H])([H])C1([H])C2([H])[H]
21,21,1,[H]N1C([H])([H])N2C([H])(C([H])([H])[H])C3([H])C([H])([H])C23C1([H])[H]
12,12,1,[H]C(=O)C([H])([H])C([H])([H])C([H])=O
15,15,1,[H]OC1([H])C([H])(C#N)C1([H])OC([H])([H])[H]
19,19,1,[H]C([H])([H])C12C([H])([H])N3C([H])([H])C1([H])C([H])([H])C32[H]
20,20,1,[H]C([H])([H])C1([H])OC([H])([H])C2([H])N1C1([H])C([H])([H])C21[H]
18,18,1,[H]ON=C1C([H])([H])OC1([H])C([H])([H])C([H])([H])O[H]
16,16,1,[H]OC([H])(C#N)C1([H])OC([H])([H])OC1([H])[H]
15,15,1,[H]N([H])c1nc2n(n1)C1([H])C([H])([H])C21[H]
18,18,1,[H]N=C1OC2(C([H])([H])[H])C1([H])OC([H])([H])C2([H])[H]
17,15,0,[H]C1C(N2C([H])([H])C2([H])[H])C(N([H])[H])=NN1[H]
9,9,1,[H]N=c1nnoc([H])n1
21,21,1,[H]N1C2([H])C([H])([H])C([H])([H])C([H])([H])C3(N([H])C3([H])[H])C12[H]
14,13,0,[H]C1=C([H])C([H])([H])OC(=O)C1N([H])[H]
18,18,1,[H]OC12C(=C([H])C([H])([H])C1([H])[H])C([H])([H])C2([H])[H]
20,20,1,[H]N=C(N([H])[H])N1C([H])([H])OC([H])(C([H])([H])[H])C1([H])[H]
20,20,1,[H]C1([H])OC(=O)C([H])(C([H])([H])[H])N1C([H])([H])C([H])([H])[H]
17,17,1,[H]OC([H])([H])C#CC([H])(OC([H])=O)C([H])([H])[H]
17,17,1,[H]OC([H])([H])OC1([H])OC([H])([H])C(=O)C1([H])[H]
19,19,1,[H]C1=C(C([H])([H])[H])C2([H])OC1([H])C([H])([H])OC2([H])[H]
12,12,1,[H]C([H])([H])Oc1nnc(=O)on1
16,16,1,[H]OC([H])([H])OC(=O)N(C([H])=O)C([H])([H])[H]
18,18,1,[H]C([H])([H])C12C([H])([H])C3([H])C4([H])C([H])(C31[H])C42[H]
18,18,1,[H]OC([H])([H])C1([H])C(=O)N2C([H])([H])C([H])([H])C21[H]
21,21,1,[H]N1C([H])([H])C2([H])C3([H])N([H])C3([H])C1([H])C2([H])C([H])([H])[H]
14,14,1,[H]N(C#N)C1([H])N([H])C1([H])C([H])([H])[H]
19,19,1,[H]C([H])([H])N=C1C(=O)C([H])([H])C([H])([H])N1C([H])([H])[H]
19,19,1,[H]C(=O)OC1(C([H])([H])[H])C([H])([H])C([H])=C([H])C1([H])[H]
21,21,1,[H]C([H])([H])OC12C([H])([H])C1([H])C([H])([H])C21C([H])([H])C1([H])[H]
20,20,1,[H]N(C(=O)C([H])([H])[H])C([H])([H])C([H])([H])C(=O)C([H])([H])[H]
18,18,1,[H]N1C([H])([H])C12C([H])([H])C([H])([H])C2([H])C([H])([H])[H]
16,16,1,[H]N([H])C1([H])C(=O)N([H])C2([H])C([H])([H])C12[H]
13,13,1,[H]c1noc(F)c(C([H])([H])[H])c1=O
18,18,1,[H]OC([H])([H])C1=NC([H])([H])C([H])([H])C12OC2([H])[H]
15,15,1,[H]C1=C([H])C2([H])OC([H])([H])C2=C([H])C1=O
19,19,1,[H]OC12C3=C([H])C([H])([H])C([H])([H])C3([H])C1([H])C2([H])[H]
20,20,1,[H]C([H])([H])OC([H])([H])C1([H])C([H])([H])C([H])(C#N)C1([H])[H]
14,14,1,[H]N=C([H])OC([H])(C#N)C([H])([H])O[H]
17,17,1,[H]N(C([H])([H])[H])C1([H])C(=O)OC([H])([H])C1([H])[H]
19,19,1,[H]C(=O)OC([H])([H])C1([H])C([H])([H])OC1([H])C([H])([H])[H]
19,19,1,[H]C([H])([H])N1C([H])(C([H])([H])[H])C2([H])C([H])([H])C12C#N
20,20,1,[H]OC12C([H])([H])C1(C([H])([H])[H])N([H])C21C([H])([H])C1([H])[H]
17,17,1,[H]OC12C([H])([H])C3([H])C4([H])OC3([H])C41C2([H])[H]
18,18,1,[H]N=C([H])OC1([H])C2([H])OC1(C([H])([H])[H])C2([H])[H]
19,19,1,[H]OC([H])([H])C([H])([H])C1([H])C(=O)C2([H])C([H])([H])C12[H]
15,13,0,[H]C1C(N([H])[H])N=C2N1C([H])([H])C2([H])[H]
20,20,1,[H]OC([H])([H])C(OC([H])([H])[H])(C([H])([H])[H])C([H])([H])C#N
18,18,1,[H]C(=O)N1C([H])([H])N([H])C([H])([H])C([H])([H])C1([H])[H]
13,12,0,[H]N1C(=O)C([H])([H])C1([H])C([H])([H])O
18,18,1,[H]OC1([H])C([H])([H])N([H])C1(N([H])[H])C([H])([H])C#N
20,20,1,[H]C([H])([H])C1(C#N)OC([H])([H])C([H])([H])C1([H])C([H])([H])[H]
20,20,1,[H]N1C([H])([H])C2([H])C([H])([H])C3([H])C4([H])C([H])([H])C12C34[H]
22,22,1,[H]N1C([H])([H])N(C(C([H])([H])[H])(C([H])([H])[H])C([H])([H])[H])C1([H])[H]
20,20,1,[H]N1C2([H])C3([H])OC([H])([H])C([H])([H])C13C2([H])C([H])([H])[H]
20,20,1,[H]N([H])C(=O)C1([H])C([H])([H])C1([H])C([H])([H])OC([H])([H])[H]
25,25,1,[H]N(C([H])([H])[H])C([H])([H])N1C([H])([H])C1([H])C([H])([H])C([H])([H])C([H])([H])[H]
15,15,1,[H]OC12C([H])([H])N([H])C1(C([H])=O)C2([H])[H]
17,17,1,[H]OC([H])([H])C12C3([H])OC4([H])C3([H])C1([H])C42[H]
14,14,1,[H]N=C(C(=O)C([H])=O)C([H])([H])C([H])=O
20,20,1,[H]N1C(=O)C2([H])C([H])(C([H])([H])[H])C2([H])C1([H])C([H])([H])[H]
18,18,1,[H]N(C(=O)OC([H])([H])[H])C(=O)C([H])([H])C([H])([H])[H]
21,21,1,[H]C1=C([H])C2([H])C([H])([H])C2(C([H])([H])OC([H])([H])[H])C1([H])[H]
14,12,0,[H]N=C1NC2([H])C([H])([H])C(=O)NC12[H]
14,14,1,[H]OC12C([H])([H])C3([H])OC1(C#N)C32[H]
16,16,1,[H]N=C1OC2([H])C(=O)C([H])([H])C1([H])C2([H])[H]
15,15,1,[H]OC1=C(C([H])([H])O[H])C([H])([H])C(=O)O1
21,21,1,[H]C(=O)N([H])C([H])([H])C1([H])N(C([H])([H])C([H])([H])[H])C1([H])[H]
16,12,0,
14,13,0,
18,18,1,[H]C#CC12C([H])=C([H])C([H])(C([H])([H])[H])C1([H])N2[H]
14,14,1,[H]C(=O)OC1([H])C([H])([H])C(=O)C1([H])[H]
19,17,0,[H]N1C([H])([H])C12C(C([H])([H])[H])C([H])([H])C1([H])NC12[H]
19,19,1,[H]N1N(C2([H])C([H])([H])C2([H])C(=O)C([H])([H])[H])C1([H])[H]
13,13,1,[H]C1=NC([H])(C#N)C2([H])N([H])C12[H]
14,14,1,[H]N=C(C#N)C1(C([H])=O)N([H])C1([H])[H]
16,16,1,[H]C([H])(C#N)OC([H])(C([H])([H])[H])C([H])([H])[H]
19,17,0,[H]OC1C(=O)C(C([H])([H])C([H])([H])[H])C([H])([H])C1([H])[H]
20,20,1,[H]OC1([H])C([H])([H])C1([H])N([H])C([H])([H])C1([H])OC1([H])[H]
15,15,1,[H]OC([H])(C([H])=O)C([H])([H])OC([H])([H])[H]
19,19,1,[H]C(=O)C([H])([H])C([H])(C#N)N([H])C([H])([H])C([H])([H])[H]
18,18,1,[H]C(=O)C([H])([H])C12C([H])([H])C([H])([H])C1([H])C2([H])[H]
23,23,1,[H]OC([H])(C([H])([H])[H])C1([H])C2([H])C([H])([H])C([H])([H])C([H])([H])C21[H]
18,18,1,[H]C([H])([H])C12C([H])([H])C3([H])OC1([H])C2([H])C3([H])[H]
14,14,1,[H]C#CC1(C([H])([H])N([H])[H])OC1([H])[H]
20,20,1,[H]N1C(=O)C([H])([H])C12C([H])([H])C([H])([H])C2([H])C([H])([H])[H]
21,21,1,[H]C([H])([H])C(=O)C1([H])C([H])([H])OC([H])([H])C1([H])C([H])([H])[H]
17,17,1,[H]C12OC3([H])C([H])(O1)C3([H])C1([H])C([H])([H])C21[H]
21,21,1,[H]OC([H])([H])C1(C([H])([H])O[H])C([H])([H])C1(O[H])C([H])([H])[H]
13,13,1,[H]c1onnc1C([H])([H])C([H])([H])[H]
19,19,1,[H]OC1([H])C([H])([H])N2C([H])([H])C3([H])N([H])C3([H])C21[H]
12,12,1,[H]N=C1OC([H])(C#N)C(=O)N1[H]
22,22,1,[H]C#CC1([H])C([H])([H])N([H])C([H])([H])C([H])([H])C([H])([H])C1([H])[H]
15,15,1,[H]c1nnc2c(c1N([H])[H])C([H])([H])N2[H]
15,15,1,[H]C([H])([H])C(=O)C1(C#N)C([H])([H])C1([H])[H]
14,13,0,[H]C1=NOC2C(=N1)C([H])([H])C([H])=C2[H]
23,23,1,[H]C([H])([H])N1C([H])([H])C1(C([H])([H])[H])C([H])(C([H])([H])[H])C([H])([H])[H]
16,16,1,[H]OC([H])([H])C12C(=O)N3C([H])([H])C1([H])C32[H]
16,16,1,[H]N=C(N1C(=O)C([H])([H])C1([H])[H])C([H])([H])[H]
15,15,1,[H]C(=O)C1([H])C2([H])ON2C([H])([H])C1([H])[H]
23,23,1,[H]C1=NC(C([H])([H])[H])(C([H])([H])C([H])([H])[H])C([H])(C([H])([H])[H])N1[H]
17,17,1,[H]ON=C(C(=O)N([H])C([H])([H])O[H])C([H])([H])[H]
17,17,1,[H]C(=O)C([H])([H])N1C2([H])C([H])([H])C1([H])C2([H])[H]
16,15,0,[H]OC([H])([H])C([H])(C#N)C1=C([H])N([H])C1[H]
18,18,1,[H]C1([H])C(=O)N(C([H])([H])[H])C([H])([H])C([H])([H])C1=O
23,23,1,[H]C([H])([H])C1([H])C([H])([H])OC([H])([H])C([H])([H])OC([H])([H])C1([H])[H]
17,16,0,
20,20,1,[H]C(=O)OC([H])(C([H])([H])[H])C1([H])N(C([H])([H])[H])C1([H])[H]
17,17,1,[H]OC([H])([H])C1([H])OC([H])([H])C1=C([H])C([H])=O
18,18,1,[H]N1C([H])([H])C2([H])C([H])([H])OC([H])([H])C(=O)C12[H]
18,15,0,[H]C([H])C1(C(N)=O)C(C([H])([H])[H])C([H])([H])C1([H])[H]
21,21,1,[H]OC([H])([H])C([H])([H])C([H])(O[H])C([H])([H])N([H])C([H])([H])[H]
22,22,1,[H]N1C2([H])C1(C([H])([H])[H])C1(C([H])([H])[H])C([H])([H])C21C([H])([H])[H]
16,16,1,[H]C1([H])N=C2C([H])([H])C3([H])OC([H])([H])C23O1
19,19,1,[H]N(C([H])([H])[H])C12N([H])C3([H])C1([H])OC([H])([H])C32[H]
17,17,1,[H]C(=O)C12OC1([H])C([H])(OC([H])([H])[H])C2([H])[H]
20,20,1,[H]C([H])([H])N1C2([H])C1([H])C1(OC1([H])[H])C2([H])C([H])([H])[H]
19,19,1,[H]C1=C([H])C2([H])C(=C([H])N1[H])C([H])([H])C([H])([H])N2[H]
23,23,1,[H]C([H])([H])C1([H])C([H])([H])C2(C([H])([H])OC([H])([H])C2([H])[H])C1([H])[H]
18,17,0,[H]C([H])OC([H])([H])C(=O)C1(C([H])([H])[H])OC1([H])[H]
21,21,1,[H]OC1([H])C([H])([H])C2([H])OC2([H])C([H])(C([H])([H])[H])C1([H])[H]
20,20,1,[H]N1C2([H])C(=O)C1(C([H])([H])C([H])([H])[H])C([H])([H])C2([H])[H]
17,17,1,[H]N1C2([H])C(=O)C(C([H])([H])[H])=NC12C([H])([H])[H]
23,23,1,[H]C([H])([H])C([H])([H])C1([H])C([H])([H])C1([H])C1([H])C([H])([H])OC1([H])[H]
12,12,1,[H]N=C([H])Oc1noc([H])c1[H]
22,22,1,[H]N([H])C1([H])C([H])([H])C([H])(C([H])([H])[H])C12OC([H])([H])C2([H])[H]
20,20,1,[H]C(=NC([H])([H])[H])C12OC([H])([H])C([H])([H])C1([H])C2([H])[H]
21,21,1,[H]C([H])([H])OC1(C([H])([H])[H])C([H])([H])C12OC([H])([H])C2([H])[H]
21,20,0,[H]C([H])([H])C([H])([H])C([H])(C([H])([H])[H])C([H])([H])C(F)(F)F
23,23,1,[H]OC([H])(C([H])([H])[H])C([H])([H])C1(O[H])C([H])([H])C([H])([H])C1([H])[H]
19,19,1,[H]C#CC1(C#CC([H])([H])[H])C([H])([H])C([H])([H])C1([H])[H]
23,23,1,[H]OC([H])([H])C1=C(C([H])([H])[H])C([H])([H])C([H])([H])C([H])([H])C1([H])[H]
19,19,1,[H]C1=C(C([H])([H])[H])C2([H])C(=O)C([H])([H])C([H])([H])C12[H]
16,16,1,[H]C#CC1([H])N([H])C(=O)OC1([H])C([H])([H])[H]
20,20,1,[H]C([H])([H])OC([H])([H])C(C#N)(OC([H])([H])[H])C([H])([H])[H]
18,18,1,[H]C([H])([H])C1([H])N2C(=O)C3(C([H])([H])C3([H])[H])C21[H]
20,20,1,[H]OC12N3C([H])([H])C1([H])C(C([H])([H])[H])(C([H])([H])[H])C32[H]
17,17,1,[H]c1c2c(c([H])n1[H])C([H])([H])OC([H])([H])N2[H]
16,12,0,[H]OC1C([H])=C([H])C2C([H])([H])C([H])NC12[H]
16,16,1,[H]OC([H])([H])C1=C([H])N([H])C([H])([H])OC1=O
27,27,1,[H]C([H])([H])C([H])([H])C([H])([H])C([H])([H])C1([H])C([H])([H])C1(C([H])([H])[H])C([H])([H])[H]
17,14,0,
14,14,1,[H]Oc1c(N([H])[H])n([H])c([H])nc1=O
20,20,1,[H]OC([H])([H])C12N([H])C3([H])C([H])(C([H])([H])C1([H])[H])C32[H]
19,19,1,[H]C(=O)C([H])=C([H])C(=O)C([H])([H])C([H])([H])C([H])([H])[H]
15,15,1,[H]C(=O)N1C2([H])C3([H])N4C2([H])C4([H])C13[H]
18,18,1,[H]N=C1N(C#N)C([H])([H])C([H])([H])C([H])([H])C1([H])[H]
16,16,1,[H]OC1([H])N(c2c([H])c([H])nn2[H])C1([H])[H]
23,23,1,[H]C1=C2C([H])([H])C([H])([H])C([H])([H])C2([H])C1(C([H])([H])[H])C([H])([H])[H]
18,18,1,[H]N1C2([H])C(=O)C1([H])C1([H])C([H])([H])C1([H])C2([H])[H]
15,15,1,[H]N=c1c(=NC([H])([H])[H])oc([H])nn1[H]
19,18,0,[H]C([H])([H])N1C2([H])C([H])(O)C3([H])C1([H])C23C([H])([H])[H]
17,15,0,[H]OC1=C([H])C(N([H])[H])C(C([H])([H])O[H])N1[H]
19,19,1,[H]OC1([H])C2([H])OC([H])([H])C([H])([H])C3([H])C1([H])C23[H]
17,17,1,[H]N1C2([H])C(=O)C1([H])C([H])([H])C([H])([H])C2([H])[H]
15,15,1,[H]C([H])([H])C12OC3([H])C([H])([H])C1([H])C32[H]
14,14,1,[H]C#Cc1c([H])noc1OC([H])([H])[H]
17,17,1,[H]c1c(OC([H])([H])[H])c(C([H])([H])[H])c([H])n1[H]
16,16,1,[H]C([H])([H])C1([H])OC2([H])N3C(=O)C1([H])C32[H]
17,17,1,[H]C#CC1([H])C([H])([H])C([H])([H])C2(O[H])OC12[H]
27,27,1,[H]OC([H])(C([H])([H])C([H])([H])[H])C(C([H])([H])[H])(C([H])([H])[H])C([H])([H])C([H])([H])[H]
17,17,1,[H]C([H])([H])C(=O)C1([H])OC([H])([H])C(=O)C1([H])[H]
15,15,1,[H]c1nc2n(c1[H])C([H])([H])C1([H])OC21[H]
12,12,1,[H]c1noc2c1OC([H])([H])C2=O
19,18,0,
15,15,1,[H]N=C(C([H])=O)C([H])(O[H])C([H])([H])C#N
16,16,1,[H]c1c([H])n([H])c2c1c([H])c(N([H])[H])n2[H]
23,23,1,[H]N(C1=NC([H])([H])C([H])(C([H])([H])[H])C1([H])[H])C([H])([H])C([H])([H])[H]
19,19,1,[H]C(=O)C1=C([H])C2([H])C([H])([H])C([H])([H])C2([H])C1([H])[H]
18,18,1,[H]C(=O)C1([H])N(C([H])([H])[H])C([H])(C([H])=O)C1([H])[H]
20,20,1,[H]C1=NC([H])([H])C([H])(C([H])([H])[H])OC12C([H])([H])C2([H])[H]
21,21,1,[H]C(=O)C([H])([H])C([H])([H])C1([H])C([H])([H])OC1([H])C([H])([H])[H]
20,20,1,[H]OC1([H])C([H])([H])C23C([H])([H])N(C([H])([H])C2([H])[H])C13[H]
18,17,0,
19,19,1,[H]C1=C([H])C2([H])N([H])C([H])([H])C2(C([H])([H])[H])C1([H])[H]
19,19,1,[H]N1C(=O)C([H])([H])C12N([H])C([H])([H])C2([H])C([H])([H])[H]
16,15,0,
14,14,1,[H]C(=O)C1=NC(=O)OC([H])([H])C1([H])[H]
19,18,0,[H]OC([H])(C1C([H])=C([H])N2C([H])([H])C12[H])C([H])([H])[H]
12,12,1,[H]C(=O)OC(=O)OC([H])([H])C#N
19,19,1,[H]OC1([H])C([H])([H])OC2([H])C([H])=C([H])C1([H])C2([H])[H]
23,23,1,[H]OC([H])([H])C1(C2([H])C([H])([H])C2([H])C([H])([H])[H])C([H])([H])C1([H])[H]
12,10,0,[H]C(=O)C12NON=NC1([H])C2[H]
16,16,1,[H]C(=O)C#CC([H])([H])N(C([H])=O)C([H])([H])[H]
18,18,1,[H]C1=C(C([H])([H])OC([H])([H])[H])C([H])([H])OC1([H])[H]
19,19,1,[H]N1C([H])([H])C12C([H])([H])N1C3([H])C([H])([H])C1([H])C32[H]
17,16,0,
23,23,1,[H]C([H])([H])C([H])([H])C1([H])C([H])([H])C2(C([H])([H])[H])OC([H])([H])C12[H]
29,23,0,[H]C([H])C1([H])C([H])([H])C([H])(C([H])([H])[H])C1([H])C([H])C([H])([H])[H]
17,17,1,[H]N=C1N([H])C([H])(O[H])C2(C([H])([H])[H])OC12[H]
7,7,1,[H]C(=O)C([H])([H])[H]
21,21,1,[H]C#CC([H])([H])C1(C([H])([H])[H])C([H])([H])OC([H])([H])C1([H])[H]
20,20,1,[H]C1=C([H])C2(N([H])[H])C([H])([H])C3(C([H])([H])[H])C1([H])C23[H]
19,19,1,[H]OC1([H])C([H])(OC([H])=O)C1([H])C([H])([H])C([H])([H])[H]
20,20,1,[H]OC([H])([H])C12N3C([H])(C([H])([H])[H])C([H])(C1([H])[H])C32[H]
17,17,1,[H]N=C1N([H])C2([H])C3([H])C1([H])C1([H])C2([H])C31[H]
22,22,1,[H]N1C([H])([H])C([H])([H])C1(C([H])([H])[H])C1([H])OC1([H])C([H])([H])[H]
20,20,1,[H]C([H])([H])C1([H])N2C1([H])OC1([H])C2([H])C1([H])C([H])([H])[H]
21,21,1,[H]N(C(=O)N1C([H])([H])C1([H])C([H])([H])[H])C([H])([H])C([H])([H])[H]
17,15,0,[H]C1NN(C([H])([H])[H])C2=C1C([H])([H])C([H])([H])O2
21,21,1,[H]N([H])C(=O)C([H])([H])C([H])([H])C1([H])N(C([H])([H])[H])C1([H])[H]
9,9,1,[H]Oc1nc([H])c([H])o1
20,20,1,[H]C([H])([H])N1C2([H])C(=O)C([H])([H])C([H])(C([H])([H])[H])C12[H]
20,20,1,[H]C([H])([H])C12N3C4([H])C([H])(C1([H])[H])C2([H])C34C([H])([H])[H]
15,15,1,[H]N=C([H])OC([H])([H])C#CN([H])C([H])=O
16,16,1,[H]C#CC1([H])C([H])(O[H])C1(C#N)C([H])([H])[H]
19,19,1,[H]C#CC1([H])N(C([H])([H])[H])C(=N[H])C1([H])C([H])([H])[H]
14,14,1,[H]C(=O)C1([H])C2([H])OC3([H])C2([H])C31[H]
16,14,0,[H]C([H])([H])C1(C#N)NC2([H])C([H])([H])NC21[H]
14,14,1,[H]C(=O)N([H])C([H])([H])c1nnoc1[H]
10,10,1,[H]c1nc(C#N)c(C#N)o1
20,20,1,[H]C([H])([H])C1([H])OC2([H])C([H])([H])C([H])([H])C([H])([H])C12[H]
18,17,0,[H]C([H])([H])C([H])(C#CC1([H])OC1([H])[H])C([H])([H])O
13,11,0,[H]C(=O)C([H])([H])OC1=NN([H])NN1
22,22,1,[H]N=C([H])C(=O)C([H])([H])C([H])([H])C([H])([H])C([H])([H])C([H])([H])[H]
17,17,1,[H]OC12N3C([H])(C([H])([H])C1([H])[H])C3([H])C2([H])[H]
19,18,0,
17,17,1,[H]OC1([H])C2([H])C3([H])N([H])C([H])(C3([H])[H])C12[H]
19,19,1,[H]C([H])([H])OC1([H])C2([H])OC([H])([H])C([H])([H])OC12[H]
18,18,1,[H]C#CC([H])([H])C1([H])N2C3([H])C([H])([H])C1([H])C23[H]
21,21,1,[H]OC([H])([H])C([H])(C(=O)N([H])[H])N(C([H])([H])[H])C([H])([H])[H]
17,17,1,[H]N=C1OC([H])([H])C2([H])N([H])C2([H])C([H])([H])O1
20,20,1,[H]C1=NC2([H])C([H])([H])C2(C([H])([H])[H])C([H])([H])OC1([H])[H]
19,19,1,[H]C(=NC([H])([H])C([H])([H])OC([H])([H])[H])C(=O)N([H])[H]
17,17,1,[H]C#CC1([H])N([H])C(=O)N(C([H])([H])[H])C1([H])[H]
20,20,1,[H]N=C(OC1([H])C([H])([H])C2([H])C([H])([H])C12[H])C([H])([H])[H]
18,18,1,[H]N1C(=O)C2(OC2([H])[H])C([H])(C([H])([H])[H])C1([H])[H]
20,20,1,[H]OC([H])([H])C([H])([H])C12N([H])C3([H])C([H])(C1([H])[H])C32[H]
25,25,1,[H]C([H])([H])C([H])([H])C([H])([H])C1([H])OC1(C([H])([H])[H])C([H])([H])C([H])([H])[H]
21,21,1,[H]C(=O)C([H])(C([H])([H])[H])C([H])([H])C#CC([H])([H])C([H])([H])[H]
15,15,1,[H]N=C1OC([H])(C#N)C([H])([H])C1([H])O[H]
12,12,1,[H]N=c1oc([H])nnc([H])c1=O
13,9,0,
14,12,0,
17,17,1,[H]C1=C([H])N([H])C([H])=C([H])C([H])([H])N([H])C1=O
18,18,1,[H]C#CC1([H])C([H])([H])C2(C([H])([H])O[H])N([H])C12[H]
16,16,1,[H]N1C([H])([H])C(=O)C23OC([H])([H])C12C3([H])[H]
13,13,1,[H]N=C(C#N)C([H])(C#N)C([H])([H])[H]
21,21,1,[H]C([H])([H])C12C([H])([H])C([H])(C1([H])[H])C21OC([H])([H])C1([H])[H]
15,15,1,[H]OC1(C([H])=O)C([H])([H])N([H])C1([H])C#N
19,19,1,[H]C1=NC2([H])C([H])(C([H])([H])[H])C3([H])N1C23C([H])([H])[H]
11,8,0,[H]C1=C([H])OC(O)C(N=N)=N1
21,21,1,[H]C1=C(C([H])([H])[H])C([H])(C(=O)C([H])([H])[H])C1([H])C([H])([H])[H]
21,21,1,[H]C1=C(C([H])([H])[H])C2(C([H])([H])[H])N([H])N(C1([H])[H])C2([H])[H]
15,15,1,[H]c1nc(C#CC([H])([H])C([H])([H])[H])no1
18,18,1,[H]C#CC([H])(C([H])([H])[H])C([H])(O[H])C([H])([H])O[H]
20,20,1,[H]OC([H])(C([H])([H])[H])C12C([H])=C([H])C([H])([H])C1([H])N2[H]
21,21,1,[H]OC([H])([H])C1([H])C([H])([H])C12C([H])([H])OC2([H])C([H])([H])[H]
24,24,1,[H]C([H])([H])C1([H])N2C([H])([H])C([H])(C([H])([H])[H])C([H])(C([H])([H])[H])C21[H]
15,15,1,[H]C(=O)C1([H])N2C([H])=C([H])C3([H])N2C13[H]
17,17,1,[H]N1C([H])([H])C1([H])C([H])([H])C1([H])OC1([H])C#N
18,18,1,[H]C#CC1(N(C([H])=O)C([H])([H])[H])C([H])([H])C1([H])[H]
17,17,1,[H]OC1([H])N([H])c2c([H])c([H])c([H])n2C1([H])[H]
19,19,1,[H]C#CC([H])(O[H])C1([H])OC([H])(C([H])([H])[H])C1([H])[H]
16,16,1,[H]N=C1OC([H])([H])C(C([H])([H])[H])=C1C([H])=O
16,16,1,[H]OC12N([H])C([H])([H])C13OC([H])([H])C23O[H]
14,14,1,[H]C12OC3([H])C([H])(C1=O)C3([H])C2([H])[H]
16,14,0,
21,21,1,[H]C1=C([H])C([H])(C([H])([H])[H])C([H])([H])C([H])([H])C([H])([H])N1[H]
14,14,1,[H]c1nc2n(c1[H])C([H])([H])C([H])([H])O2
15,15,1,[H]c1noc2c1OC([H])([H])C([H])([H])N2[H]
21,21,1,[H]OC([H])([H])OC([H])([H])C1([H])OC([H])([H])C1([H])C([H])([H])[H]
24,24,1,[H]N1C([H])([H])C([H])([H])OC([H])([H])C(C([H])([H])[H])(C([H])([H])[H])C1([H])[H]
17,17,1,[H]OC([H])([H])C1([H])n2c([H])nc([H])c2C1([H])[H]
17,17,1,[H]C#CC1(O[H])C(=N[H])N([H])C([H])([H])C1([H])[H]
19,17,0,
12,12,1,[H]C#CC(=N[H])c1nc([H])no1
21,21,1,[H]C([H])([H])C([H])([H])C([H])([H])C1([H])C2([H])C3([H])OC3([H])C12[H]
21,21,1,[H]C#CC([H])([H])C([H])(O[H])C([H])([H])C([H])([H])OC([H])([H])[H]
14,14,1,[H]OC1([H])c2c([H])nc([H])n2C1([H])[H]
17,16,0,[H]OC1([H])C([H])(N([H])C([H])=O)C1([H])C([H])([H])O
21,21,1,[H]C([H])([H])C1([H])C([H])([H])C12C([H])([H])C1([H])OC([H])([H])C12[H]
17,16,0,
18,18,1,[H]C1([H])C(=O)C2([H])N3C([H])([H])C3([H])C1([H])C2([H])[H]
15,15,1,[H]c1nnn(C(=O)C([H])([H])N([H])[H])c1[H]
22,22,1,[H]C1=C([H])C([H])([H])C([H])(C([H])([H])N([H])[H])C([H])([H])OC1([H])[H]
17,17,1,[H]C1=C([H])C([H])([H])C2(N([H])C2([H])C#N)C1([H])[H]
18,18,1,[H]OC1([H])C([H])=C([H])C([H])=C([H])C([H])([H])C1([H])[H]
19,19,1,[H]OC([H])([H])C1([H])OC1([H])C([H])([H])C#CC([H])([H])[H]
18,17,0,[H]C1=C(C([H])([H])[H])C([H])N2C1([H])C2([H])C([H])([H])[H]
18,18,1,[H]OC([H])([H])C1([H])OC([H])([H])C([H])([H])N([H])C1=O
12,12,1,[H]C(=O)c1nc(N([H])[H])n([H])n1
21,21,1,[H]C([H])([H])C1([H])OC([H])([H])C12C([H])([H])OC2([H])C([H])([H])[H]
20,20,1,[H]N=C([H])C([H])([H])C12C([H])=C([H])C([H])([H])C1([H])C2([H])[H]
19,19,1,[H]N1C([H])([H])C12C([H])([H])C([H])([H])C2(C#N)C([H])([H])[H]
18,18,1,[H]C([H])([H])N1OC(=O)C2([H])C([H])([H])C2([H])C1([H])[H]
15,15,1,[H]c1nn2nc(C([H])([H])[H])n([H])c2c1[H]
16,16,1,[H]N=C1C(=N[H])C2(C([H])([H])[H])OC2([H])N1[H]
17,17,1,[H]C(=O)OC([H])([H])C(=O)C1([H])C([H])([H])C1([H])[H]
15,15,1,[H]C([H])([H])N1C([H])([H])C1([H])c1nnon1
21,21,1,[H]C#CC1([H])C([H])(C([H])([H])[H])C([H])=C([H])C1([H])C([H])([H])[H]
20,20,1,[H]C(=NC([H])([H])[H])C12C([H])([H])OC1(C([H])([H])[H])C2([H])[H]
19,19,1,[H]C1([H])OC2([H])C([H])([H])C3([H])OC3([H])C([H])([H])C12[H]
18,18,1,[H]C1=C([H])C2([H])N(C(=O)C1([H])[H])C2([H])C([H])([H])[H]
16,15,0,[H]C#CC1OC([H])([H])C(C([H])([H])O[H])=C1[H]
22,22,1,[H]OC1([H])C([H])=C([H])C([H])([H])N(C([H])([H])C([H])([H])[H])C1([H])[H]
15,15,1,[H]OC12C(=O)C3([H])OC1([H])C3([H])C2([H])[H]
23,23,1,[H]C([H])([H])C1([H])C([H])([H])C2([H])OC1(C([H])([H])[H])C2([H])C([H])([H])[H]
15,15,1,[H]N1C(=O)C2([H])C([H])(C#N)C2([H])C1([H])[H]
16,16,1,[H]OC12C([H])([H])C3([H])C([H])([H])C1([H])C32O[H]
15,15,1,[H]N=C([H])Oc1onc([H])c1C([H])([H])[H]
13,13,1,[H]C(=O)n1nc([H])c(N([H])[H])c1[H]
22,22,1,[H]C([H])([H])N1C([H])([H])C2([H])C([H])([H])C3([H])C([H])([H])C1([H])C23[H]
11,11,1,[H]N=c1c([H])nn([H])nc1[H]
16,16,1,[H]C1=NC(=O)C([H])([H])C2([H])OC([H])([H])C12[H]
16,16,1,[H]N=C1OC2(N([H])[H])C([H])([H])C2([H])C1=N[H]
15,15,1,[H]C(=O)C12C([H])([H])OC1([H])C1([H])OC12[H]
15,15,1,[H]C(=O)N([H])C1([H])C2([H])OC([H])([H])C21[H]
18,18,1,[H]OC([H])([H])C1([H])N2C3([H])C([H])([H])OC1([H])C23[H]
17,17,1,[H]C#CC([H])([H])C([H])(O[H])C([H])([H])C([H])([H])[H]
18,18,1,[H]C#CC([H])([H])C(=O)C1([H])N([H])C1([H])C([H])([H])[H]
20,20,1,[H]N1C2([H])C([H])([H])OC([H])(OC([H])([H])C([H])([H])[H])C12[H]
16,16,1,[H]OC([H])([H])C12N([H])C3([H])C([H])(N1[H])C32[H]
12,12,1,[H]N=c1c(=O)oc(F)c([H])n1[H]
19,19,1,[H]N1C([H])([H])C2([H])N([H])C(=O)C1([H])C([H])([H])C2([H])[H]
19,19,1,[H]C#CC([H])([H])N([H])C(=N[H])C([H])([H])OC([H])([H])[H]
19,19,1,[H]N1C([H])([H])C2([H])C3([H])N4C([H])([H])C13C42C([H])([H])[H]
17,17,1,[H]OC1([H])C([H])([H])N2OC([H])=NC21C([H])([H])[H]
15,13,0,
18,18,1,[H]OC([H])(C([H])([H])[H])C12N(C(=O)C1([H])[H])C2([H])[H]
15,14,0,
18,18,1,[H]N1C(=O)C([H])(C#CC([H])([H])[H])C([H])([H])C1([H])[H]
18,18,1,[H]C#CC12C([H])([H])C([H])(C([H])([H])[H])C1([H])C2([H])[H]
17,17,1,[H]C1([H])OC2([H])C([H])([H])OC([H])([H])C2([H])C1=O
14,14,1,[H]c1oc(C([H])([H])[H])nc1C([H])([H])[H]
16,16,1,[H]c1c([H])c(N([H])C([H])([H])C#N)n([H])c1[H]
16,16,1,[H]N=C1N=C([H])C([H])(C#CC([H])([H])[H])N1[H]
18,18,1,[H]C1=C(C([H])([H])[H])C([H])(C#N)C([H])([H])OC1([H])[H]
19,19,1,[H]N([H])C1([H])C(=O)C([H])([H])C1([H])C1([H])N([H])C1([H])[H]
16,16,1,[H]C([H])([H])C#CC1([H])C([H])([H])C2([H])OC12[H]
21,21,1,[H]C([H])([H])C([H])([H])N1C([H])([H])C1([H])C([H])([H])C([H])([H])C#N
16,16,1,[H]C([H])([H])OC([H])([H])C1([H])OC(=O)C1([H])[H]
15,15,1,[H]C(=O)c1c(N([H])C([H])([H])[H])noc1[H]
19,19,1,[H]C#CC1([H])C([H])([H])C(=NC([H])([H])[H])C1([H])N([H])[H]
18,18,1,[H]C(=O)C([H])([H])C([H])([H])C([H])([H])N([H])C([H])([H])[H]
14,14,1,[H]OC([H])([H])c1c([H])oc([H])nc1=O
18,18,1,[H]C#CC([H])(C([H])([H])[H])C([H])(C#N)C([H])([H])O[H]
21,21,1,[H]C#CC([H])([H])C([H])([H])C(=O)C([H])([H])C([H])([H])C([H])([H])[H]
18,18,1,[H]ON=C(C([H])([H])[H])C([H])([H])OC(=O)C([H])([H])[H]
16,15,0,[H]OC([H])C1([H])C2([H])C([H])=NC([H])([H])C21[H]
19,19,1,[H]OC12C([H])([H])C3([H])OC1([H])C([H])(C([H])([H])[H])C32[H]
16,16,1,[H]C1=C([H])C23C([H])([H])C2([H])C3(C#N)C1([H])[H]
15,15,1,[H]N1C([H])([H])C1([H])C12OC(=O)N1C2([H])[H]
17,17,1,[H]OC([H])([H])C([H])([H])C(=NC([H])([H])[H])C([H])=O
12,12,1,[H]C#Cc1c([H])nc([H])oc1=O
19,19,1,[H]C1([H])C2([H])OC3([H])C4([H])C([H])([H])C4([H])C2([H])C13[H]
15,15,1,[H]C([H])([H])N1C2([H])OC(=O)C1([H])C2([H])[H]
20,20,1,[H]C1=NC([H])(C([H])([H])C([H])([H])[H])C2=C([H])C([H])([H])C12[H]
19,19,1,[H]C1=NC([H])([H])C([H])=C2N1C([H])([H])C([H])([H])C2([H])[H]
21,21,1,[H]C(=O)C([H])([H])N(C([H])([H])[H])C1([H])C([H])([H])N([H])C1([H])[H]
23,23,1,[H]C1=C([H])C([H])(C([H])([H])[H])C(C([H])([H])C([H])([H])C([H])([H])[H])=C1[H]
16,16,1,[H]c1nc([H])n2c1C([H])([H])C2([H])C([H])([H])[H]
13,9,0,[H]OC1C(F)=C([H])C([H])C([H])C1[H]
18,18,1,[H]N1C2([H])C([H])([H])C3([H])C2([H])C(=O)C13C([H])([H])[H]
17,17,1,[H]C1=C2C3([H])N(C([H])([H])N1[H])C1([H])C2([H])C31[H]
17,17,1,[H]C#CC1([H])N=C([H])C2([H])N(C([H])([H])[H])C12[H]
22,22,1,[H]N1C2([H])C1(C([H])([H])[H])C1([H])C([H])(C([H])([H])[H])C21C([H])([H])[H]
17,17,1,[H]C#CC([H])(O[H])C(=N[H])C1([H])N([H])C1([H])[H]
16,15,0,
19,19,1,[H]C(=O)C1([H])C([H])([H])OC([H])([H])OC1([H])C([H])([H])[H]
18,18,1,[H]N=C1OC([H])([H])C1([H])C([H])([H])C([H])([H])C([H])=O
17,17,1,[H]C([H])([H])N1C([H])([H])C2(C#N)OC([H])([H])C12[H]
13,13,1,[H]C(=O)C(=O)c1oc([H])c([H])c1[H]
19,19,1,[H]C1([H])C(=O)C23C([H])([H])C([H])(C1([H])[H])C2([H])C3([H])[H]
21,21,1,[H]C([H])([H])OC1([H])C2([H])OC([H])(C([H])([H])[H])C1([H])C2([H])[H]
15,15,1,[H]OC1([H])C(=O)N=C([H])C2([H])N([H])C12[H]
17,17,1,[H]C(=O)C#CC(=O)C([H])(C([H])([H])[H])C([H])([H])[H]
19,19,1,[H]OC([H])([H])C1([H])C([H])=C([H])C([H])([H])C(=O)C1([H])[H]
19,19,1,[H]C1([H])C2([H])C(=O)C3([H])C([H])([H])C3([H])C1([H])C2([H])[H]
17,17,1,[H]C1([H])C(=O)OC(=O)C2([H])N1C([H])([H])C2([H])[H]
14,12,0,[H]C1=C2C(=O)N([H])C([H])([H])N2NC1[H]
14,11,0,
18,18,1,[H]C1=NC2([H])N([H])C([H])([H])C3([H])C([H])(N1[H])C23[H]
20,20,1,[H]N1C([H])([H])C1([H])C12C([H])([H])C1([H])OC2([H])C([H])([H])[H]
16,16,1,[H]N(C(=O)C(=O)C([H])([H])[H])C(=O)C([H])([H])[H]
19,19,1,[H]OC1([H])C([H])([H])C2([H])OC([H])([H])OC([H])([H])C12[H]
23,23,1,[H]OC1([H])C([H])([H])C([H])([H])C2([H])C([H])([H])C([H])([H])C2([H])C1([H])[H]
19,19,1,[H]C(=O)C1([H])C2([H])C([H])(C([H])([H])[H])C3([H])C1([H])C23[H]
17,17,1,[H]C#CC1([H])OC([H])(C([H])([H])O[H])C1([H])O[H]
14,14,1,[H]N=c1oc(=O)n(C([H])([H])[H])nc1[H]
17,17,1,[H]C1=NC2([H])N3C([H])([H])C([H])(O1)C([H])([H])C32[H]
18,18,1,[H]C#CC1(C#N)C([H])([H])C1(C([H])([H])[H])C([H])([H])[H]
14,14,1,[H]N1C(=O)C(=O)C2([H])OC([H])([H])C12[H]
16,16,1,[H]C([H])([H])C1=NC([H])([H])N2C([H])([H])C12C#N
20,20,1,[H]C([H])([H])C1([H])OC2(C([H])([H])[H])N3C([H])([H])C1([H])C32[H]
20,20,1,[H]C#CC([H])(C([H])=C([H])C1([H])N([H])C1([H])[H])C([H])([H])[H]
19,19,1,[H]C(=O)C([H])([H])C12N([H])N1C([H])([H])C([H])([H])C2([H])[H]
22,22,1,[H]N([H])C([H])(C(=O)C([H])([H])C1([H])C([H])([H])C1([H])[H])C([H])([H])[H]
19,19,1,[H]C1([H])OC2([H])C([H])(C([H])([H])[H])C2(C([H])([H])[H])C1=O
17,17,1,[H]C#CN([H])C([H])(C#N)C([H])([H])OC([H])([H])[H]
23,23,1,[H]C([H])([H])C12C([H])([H])C([H])([H])C1([H])C([H])([H])C1([H])C([H])([H])C12[H]
19,19,1,[H]N1C([H])([H])C2([H])C3([H])N4C([H])([H])C4([H])C2([H])C13[H]
20,20,1,[H]C(=O)N([H])C1(C([H])([H])[H])C2([H])C([H])([H])C([H])([H])C21[H]
20,20,1,[H]N1C(=O)C([H])([H])C2(C1([H])[H])C([H])([H])C([H])([H])C2([H])[H]
12,12,1,[H]c1nc([H])c([H])c(=O)c([H])n1
14,14,1,[H]N([H])C1([H])C(=O)C2(C#N)N([H])C12[H]
19,19,1,[H]OC1(C([H])([H])[H])C([H])([H])OC12C([H])([H])OC2([H])[H]
14,14,1,[H]C1([H])C(=O)N2C3([H])C(=O)C2([H])C13[H]
22,22,1,[H]C([H])([H])N1C([H])(C([H])([H])C([H])([H])[H])C12C([H])([H])OC2([H])[H]
18,18,1,[H]N1C([H])([H])C([H])([H])C2(C([H])([H])[H])OC(=O)C12[H]
16,16,1,[H]C1=C([H])C2([H])C(=O)C([H])([H])C2([H])C1([H])[H]
17,17,1,[H]C#CC1(C([H])([H])[H])N=C([H])C(C([H])([H])[H])=N1
17,17,1,[H]C1([H])C(=O)OC([H])([H])C([H])(C([H])([H])[H])C1=O
22,22,1,[H]N([H])C(=O)N([H])C([H])([H])C([H])(C([H])([H])[H])C([H])([H])N([H])[H]
18,17,0,[H]OC([H])([H])C1([H])C([H])([H])C(=O)C1([H])C([H])([H])O
21,21,1,[H]C([H])([H])C1([H])C([H])([H])C([H])([H])C12C([H])([H])C(=O)C2([H])[H]
17,17,1,[H]C1([H])OC2([H])C([H])([H])C(=O)C3([H])C([H])([H])C123
16,14,0,
14,14,1,[H]Oc1nc([H])oc1N([H])C([H])([H])[H]
21,21,1,[H]OC1([H])C([H])=C([H])C([H])([H])C2([H])C([H])([H])C1([H])C2([H])[H]
22,21,0,[H]C([H])([H])C([H])(O)C([H])([H])C([H])([H])C([H])([H])C1([H])OC1([H])[H]
13,13,1,[H]OC([H])([H])c1nc(=O)nc([H])o1
16,16,1,[H]N1C([H])([H])C23C4([H])OC2([H])C13OC4([H])[H]
21,21,1,[H]N1C([H])([H])N([H])C2(OC2([H])C([H])([H])[H])C1([H])C([H])([H])[H]
20,20,1,[H]C1=C(N([H])[H])C([H])([H])C2(C([H])=C1[H])C([H])([H])C2([H])[H]
14,14,1,[H]C1=NC([H])(C#N)OC([H])([H])C([H])=N1
20,20,1,[H]N1C2([H])C3([H])OC3([H])C1([H])C2(C([H])([H])[H])C([H])([H])[H]
13,13,1,[H]ON([H])C([H])(C([H])=O)C(=O)C#N
16,16,1,[H]N1C2([H])C(=O)C3([H])C1([H])C23OC([H])([H])[H]
18,18,1,[H]N1C2(C([H])([H])[H])N3C([H])([H])C1(C([H])([H])[H])C32[H]
21,21,1,[H]OC1([H])C([H])([H])C([H])(O[H])C1(OC([H])([H])[H])C([H])([H])[H]
19,19,1,[H]OC([H])([H])C([H])(O[H])C1([H])N([H])C([H])([H])C1([H])[H]
15,15,1,[H]ON=C1C([H])([H])C12OC([H])=NC2([H])[H]
16,16,1,[H]C([H])([H])C1([H])C(=O)N2C(=O)C([H])([H])C21[H]
13,13,1,[H]C1(C#N)OC(=O)C([H])([H])C1([H])[H]
14,14,1,[H]C1=C([H])C([H])([H])C2([H])N([H])C(=O)N12
21,21,1,[H]OC1([H])C2([H])N([H])C([H])([H])C([H])([H])C([H])([H])C1([H])N2[H]
21,21,1,[H]OC1([H])N([H])C([H])([H])C([H])([H])N2C([H])([H])C([H])([H])C21[H]
24,24,1,[H]N([H])C([H])([H])C([H])([H])N1C([H])([H])C([H])([H])C([H])(N([H])[H])C1([H])[H]
19,19,1,[H]OC12C([H])([H])C1(O[H])C1(C([H])([H])C1([H])[H])C2([H])[H]
18,18,1,[H]C([H])([H])C1([H])C([H])(C#N)C(=O)C([H])([H])C1([H])[H]
21,21,1,[H]C([H])([H])C([H])(C([H])([H])[H])C1([H])OC([H])([H])C2([H])OC21[H]
21,21,1,[H]C([H])([H])C1([H])OC1([H])C([H])([H])C1([H])C([H])([H])OC1([H])[H]
17,17,1,[H]C#CC1([H])N2C([H])([H])C(=N[H])C2([H])C1([H])[H]
20,20,1,[H]C([H])([H])N1N(C([H])([H])[H])C([H])(C#N)C([H])([H])C1([H])[H]
20,20,1,[H]OC1([H])C2(O[H])C([H])([H])C([H])([H])N([H])C12C([H])([H])[H]
17,17,1,[H]C1=C([H])C2([H])N(C1([H])[H])C2([H])C(=O)N([H])[H]
14,14,1,[H]C#CC(=NOC([H])([H])[H])C([H])([H])[H]
17,17,1,[H]N=C([H])N1C(=O)C(O[H])(C([H])([H])[H])C1([H])[H]
17,17,1,[H]c1oc(C#CC([H])([H])[H])c(C([H])([H])[H])c1[H]
29,29,1,[H]C([H])([H])C([H])([H])C([H])(C([H])([H])[H])C([H])(C([H])([H])[H])C([H])(C([H])([H])[H])C([H])([H])[H]
19,19,1,[H]N=C1C(C([H])([H])[H])=C([H])C2(N1[H])C([H])([H])C2([H])[H]
18,18,1,[H]C#CC([H])([H])C12ON(C([H])([H])C1([H])[H])C2([H])[H]
23,23,1,[H]N([H])C([H])(C([H])([H])[H])C([H])(C([H])([H])[H])C([H])(C#N)C([H])([H])[H]
17,17,1,[H]N1C2([H])N3C(=O)C([H])([H])C1([H])C([H])([H])C32[H]
22,22,1,[H]C(=O)C([H])([H])C([H])([H])C([H])([H])C1(C([H])([H])[H])N([H])C1([H])[H]
25,25,1,[H]C([H])([H])C([H])([H])C12C([H])([H])C([H])([H])C([H])([H])C1([H])C2([H])C([H])([H])[H]
17,17,1,[H]OC1([H])C2([H])OC([H])(C2([H])[H])C12OC2([H])[H]
19,19,1,[H]N=C([H])C([H])(N=C([H])C([H])([H])C([H])=O)C([H])([H])[H]
14,14,1,[H]Oc1c(N([H])[H])oc([H])c1C([H])=O
14,14,1,[H]C(=O)C#CC([H])([H])C1([H])OC1([H])[H]
13,11,0,
16,15,0,[H]N=C1OC2([H])C([H])=C([H])N([H])C1C2([H])[H]
14,14,1,[H]C1([H])OC([H])([H])C([H])([H])C(=O)C1=O
16,16,1,[H]N1C(=O)C([H])([H])C([H])([H])C1([H])C([H])([H])[H]
17,17,1,[H]C1=C(C#N)N([H])C([H])([H])C1([H])OC([H])([H])[H]
20,20,1,[H]C1=C([H])C([H])([H])C([H])([H])N(C([H])([H])[H])C([H])([H])C1=O
17,17,1,[H]C(=O)C1([H])OC1([H])C1([H])OC([H])([H])C1([H])[H]
14,14,1,[H]c1nc([H])c([H])c(=O)c(N([H])[H])n1
21,21,1,[H]C#CC1(C([H])([H])C([H])([H])O[H])C([H])([H])C1([H])C([H])([H])[H]
21,21,1,[H]C(=O)OC([H])([H])C([H])([H])C([H])([H])C([H])([H])OC([H])([H])[H]
23,23,1,[H]C([H])([H])C1(C([H])([H])[H])OC([H])([H])C([H])([H])OC([H])([H])C1([H])[H]
15,13,0,[H]C1=NN=C([H])C(C#CC([H])([H])[H])C1[H]
20,20,1,[H]C([H])([H])C1([H])C2([H])C([H])([H])OC([H])([H])C12C([H])([H])[H]
21,21,1,[H]OC([H])([H])C1([H])C([H])([H])OC([H])([H])C([H])([H])C1([H])O[H]
17,15,0,
21,21,1,[H]N1C([H])([H])C([H])([H])N2C([H])([H])C12C([H])([H])OC([H])([H])[H]
18,18,1,[H]C([H])([H])OC1([H])C([H])(C#N)C2([H])C([H])([H])C12[H]
18,18,1,[H]C1=C2N(C([H])([H])O1)C([H])([H])C2([H])OC([H])([H])[H]
19,19,1,[H]OC1([H])C(=O)C2(C1([H])[H])C([H])([H])C2([H])C([H])([H])[H]
16,16,1,[H]OC12C([H])([H])C1([H])N1C([H])([H])C12C([H])=O
20,20,1,[H]C1=C([H])C2([H])N3C([H])([H])C([H])(C1([H])[H])C32C([H])([H])[H]
25,25,1,[H]OC(C([H])([H])[H])(C([H])([H])[H])C([H])(C([H])([H])[H])C([H])([H])OC([H])([H])[H]
17,17,1,[H]C1([H])C(=O)C2([H])N(C1([H])[H])C([H])([H])C2([H])[H]
16,16,1,[H]C#CC1(C(=N[H])C([H])([H])[H])N([H])C1([H])[H]
19,18,0,[H]C1=NC2(N([H])N1)C([H])([H])C([H])([H])C([H])([H])C2([H])[H]
18,18,1,[H]N([H])C1([H])C2([H])OC3(C([H])([H])OC3([H])[H])C21[H]
20,20,1,[H]N([H])C(=NC1([H])C([H])([H])C1([H])[H])N1C([H])([H])C1([H])[H]
19,19,1,[H]C(=O)C1=C(C([H])([H])C([H])([H])[H])C([H])([H])OC1([H])[H]
16,16,1,[H]OC1([H])C([H])([H])C([H])(C([H])=O)C1([H])C#N
24,24,1,[H]N1C([H])([H])C2([H])C([H])(C([H])([H])[H])C1([H])C2([H])C([H])([H])C([H])([H])[H]
18,18,1,[H]C#CC([H])([H])N([H])C(=O)C([H])([H])OC([H])([H])[H]
16,16,1,[H]C#CC(=NC([H])([H])[H])C([H])([H])C([H])([H])[H]
25,25,1,[H]C([H])([H])C([H])([H])C1(C([H])([H])[H])C2([H])C([H])([H])C([H])([H])C1([H])C2([H])[H]
18,18,1,[H]C1=NC2([H])C([H])(O1)C([H])=C([H])C2([H])C([H])([H])[H]
17,17,1,[H]C(=O)N1C([H])([H])C2=NC([H])([H])C([H])([H])C21[H]
17,17,1,[H]C#CC1(O[H])C2([H])OC([H])(C([H])([H])[H])C21[H]
15,15,1,[H]C([H])([H])N1C([H])(C#N)N2C([H])([H])C12[H]
20,20,1,[H]C1=C([H])C2([H])C([H])(C([H])=C([H])N1[H])C2([H])C([H])([H])[H]
21,21,1,[H]OC([H])([H])C([H])([H])C1([H])C([H])([H])C1(N([H])[H])C([H])([H])[H]
11,11,1,[H]C(=O)c1c([H])noc1C#N
16,16,1,[H]C(=O)C1(C2([H])OC2([H])[H])C([H])([H])C1([H])[H]
16,16,1,[H]N1C(=O)C2([H])C3([H])OC([H])([H])C2([H])C13[H]
20,20,1,[H]C([H])([H])C1([H])C2([H])C([H])([H])C3([H])C1([H])C([H])([H])C23[H]
25,25,1,[H]N([H])N(C([H])([H])[H])C([H])(C([H])([H])[H])C([H])(OC([H])([H])[H])C([H])([H])[H]
17,17,1,[H]N1C(=O)N([H])C2([H])C1([H])OC([H])([H])C2([H])[H]
17,17,1,[H]N=C1N([H])C2([H])OC2([H])C1([H])C([H])([H])O[H]
15,15,1,[H]C(=O)c1nc(C([H])([H])[H])nc([H])c1[H]
21,21,1,[H]OC1([H])OC([H])(C([H])([H])[H])C([H])([H])OC1([H])C([H])([H])[H]
20,20,1,[H]C1=C2N(C([H])([H])[H])C3([H])C2([H])C3([H])C([H])([H])C1([H])[H]
18,18,1,[H]N=C([H])C#CC([H])(O[H])C1([H])C([H])([H])C1([H])[H]
17,16,0,
20,20,1,[H]OC12N([H])C1([H])C([H])(OC([H])([H])[H])C([H])([H])C2([H])[H]
19,19,1,[H]N1C2([H])C(=O)N(C([H])([H])C([H])([H])[H])C([H])([H])C12[H]
16,16,1,[H]C([H])([H])C([H])([H])C1([H])C(=O)C2([H])OC21[H]
18,18,1,[H]C([H])([H])C1([H])C2([H])C([H])([H])OC([H])([H])C12C#N
22,22,1,[H]C#CC([H])(C([H])([H])N1C([H])([H])C1([H])[H])C([H])([H])C([H])([H])[H]
17,17,1,[H]N=C1OC2([H])OC2(C([H])([H])[H])C([H])([H])N1[H]
17,17,1,[H]C#CC([H])([H])N=C(C#N)C([H])([H])C([H])([H])[H]
19,19,1,[H]C(=O)C(N=C([H])C([H])([H])[H])(C([H])([H])[H])C([H])([H])[H]
18,18,1,[H]OC1([H])C([H])([H])C2([H])C([H])([H])C2([H])C1([H])C#N
17,17,1,[H]C#CC1(O[H])C([H])(O[H])C1(O[H])C([H])([H])[H]
13,12,0,
21,21,1,[H]OC12C([H])([H])C([H])=C([H])C1([H])C([H])([H])C2([H])C([H])([H])[H]
14,12,0,[H]C1=NNC(C#CC([H])([H])[H])N=C1[H]
22,22,1,[H]C#CC([H])(C([H])([H])N1C([H])([H])C1([H])[H])C([H])([H])C([H])([H])[H]
14,14,1,[H]c1c(N([H])[H])n([H])c([H])c(F)c1=O
17,17,1,[H]OC12C(=O)C3([H])C([H])([H])C([H])([H])C1([H])C32[H]
16,16,1,[H]C1=C(C([H])([H])[H])C(=O)C(=O)N([H])C1([H])[H]
23,23,1,[H]N1C2([H])C([H])([H])N([H])C(C([H])([H])[H])(C2([H])[H])C1([H])C([H])([H])[H]
16,16,1,[H]N=C([H])Oc1c([H])oc([H])c1C([H])([H])[H]
19,19,1,[H]N(C([H])([H])[H])C12C(=O)N(C([H])([H])[H])C1([H])C2([H])[H]
14,11,0,[H]C1=C2NNN([H])C2C2([H])N1C2([H])[H]
17,17,1,[H]OC([H])(C#N)C([H])([H])C([H])([H])C(=O)N([H])[H]
25,25,1,[H]C([H])([H])C([H])([H])C([H])(C([H])([H])[H])C1([H])OC([H])([H])C1([H])C([H])([H])[H]
25,25,1,[H]C1=C([H])C([H])(C([H])([H])C([H])([H])[H])C([H])([H])C([H])([H])C([H])([H])C1([H])[H]
17,17,1,[H]C(=O)C(=O)C1([H])OC([H])([H])C([H])([H])C1([H])[H]
16,16,1,[H]C([H])([H])C1([H])C2(C#N)OC3([H])C2([H])C31[H]
16,16,1,[H]N=C1N([H])C2([H])C([H])([H])C([H])(O[H])C12[H]
15,15,1,[H]C1=C2C(=NC1([H])[H])OC1([H])N([H])C21[H]
18,18,1,[H]c1c(OC([H])([H])C([H])([H])[H])nn([H])c1N([H])[H]
19,19,1,[H]OC1([H])C([H])=C([H])C([H])(C([H])([H])[H])C1([H])N([H])[H]
22,22,1,[H]C([H])([H])C([H])([H])C1([H])C([H])([H])C2([H])C([H])([H])C12C([H])([H])[H]
17,15,0,
16,16,1,[H]C1=NC([H])([H])C([H])(C(=O)C([H])([H])[H])C1=O
18,18,1,[H]C1=C(C([H])([H])[H])C([H])([H])C2([H])C([H])([H])C12C#N
16,16,1,[H]N=C([H])C(=O)N([H])C([H])([H])C([H])([H])O[H]
21,20,0,[H]C([H])([H])C([H])([H])C([H])(N1NC([H])([H])C1([H])[H])C([H])([H])[H]
16,16,1,[H]N1C(C#N)=C(C([H])([H])[H])C2([H])N([H])C12[H]
13,13,1,[H]C#CC([H])(O[H])c1nc([H])no1
21,21,1,[H]C([H])([H])N=C(N1C([H])([H])C1([H])[H])C1([H])C([H])([H])C1([H])[H]
18,18,1,[H]ON=C1C([H])([H])OC1([H])C([H])(O[H])C([H])([H])[H]
17,17,1,[H]C#CC1(O[H])C([H])([H])C([H])([H])C2([H])OC21[H]
17,17,1,[H]N([H])C1([H])N2C([H])([H])C3([H])OC1([H])OC23[H]
21,21,1,[H]C([H])([H])C([H])([H])C1(C([H])([H])[H])C([H])([H])OC(=O)C1([H])[H]
25,25,1,[H]OC(C([H])([H])[H])(C([H])(C([H])([H])[H])C([H])([H])[H])C1([H])C([H])([H])C1([H])[H]
21,21,1,[H]OC([H])([H])C1([H])C([H])([H])C([H])(O[H])C1(O[H])C([H])([H])[H]
18,18,1,[H]C(=O)C12N([H])C3([H])C([H])([H])C3([H])C1([H])C2([H])[H]
14,14,1,[H]OC12OC([H])=NC1([H])C2([H])C([H])=O
23,23,1,[H]C([H])([H])C1([H])C2=C(C([H])([H])C([H])([H])C2([H])[H])C([H])([H])C1([H])[H]
20,20,1,[H]OC([H])([H])C([H])(O[H])C([H])([H])N([H])C([H])([H])C([H])=O
18,18,1,[H]ON=C1N(C([H])([H])[H])C2([H])N(C1([H])[H])C2([H])[H]
16,16,1,[H]OC([H])([H])C1([H])OC1([H])C(=O)C([H])([H])[H]
19,19,1,[H]N=C([H])C([H])(C([H])=O)C([H])(C([H])([H])[H])C([H])([H])[H]
17,17,1,[H]N1C([H])([H])C12C([H])([H])C(=O)C2([H])C([H])([H])[H]
15,15,1,[H]C(=O)C(C#N)=C1N([H])C([H])([H])C1([H])[H]
15,15,1,[H]ON=C1C(=O)C2([H])N(C1([H])[H])C2([H])[H]
21,21,1,[H]OC([H])([H])C(O[H])(C(=O)C([H])([H])[H])C([H])([H])C([H])([H])[H]
16,16,1,[H]ON=C1C([H])([H])C2([H])OC1([H])C2([H])O[H]
20,20,1,[H]C([H])([H])C1([H])C([H])([H])C2([H])C([H])([H])OC([H])([H])C12[H]
18,18,1,[H]C(=O)C([H])([H])N([H])C([H])(C([H])([H])[H])C([H])([H])[H]
19,19,1,[H]N=C(C(=O)N([H])[H])C([H])(O[H])C([H])([H])C([H])([H])[H]
17,17,1,[H]N=C1N([H])C([H])([H])OC2([H])OC([H])([H])C12[H]
19,19,1,[H]C([H])([H])C12C3([H])C(=O)C1([H])C2([H])C([H])([H])C3([H])[H]
21,21,1,[H]N([H])C12C([H])([H])C([H])(C([H])([H])C([H])([H])[H])C1([H])C2([H])[H]
20,20,1,[H]N1C([H])([H])C2(N(C([H])([H])[H])C2([H])[H])C2([H])N([H])C12[H]
23,23,1,[H]N([H])C([H])([H])C([H])(C([H])([H])[H])C([H])([H])C([H])([H])OC([H])([H])[H]
18,18,1,[H]ON=C1C(N([H])[H])=NC([H])([H])C([H])([H])C1([H])[H]
19,19,1,[H]OC([H])([H])C1([H])C([H])(OC([H])=O)C1([H])C([H])([H])[H]
16,16,1,[H]N=c1nc(N([H])[H])n([H])c([H])c1N([H])[H]
16,16,1,[H]N=C1N([H])C(=O)N(C([H])([H])[H])C1([H])O[H]
22,22,1,[H]OC1([H])N([H])C([H])([H])C([H])(OC([H])([H])[H])C1([H])C([H])([H])[H]
17,17,1,[H]C1([H])OC([H])([H])C2([H])C([H])([H])OC2([H])C1=O
18,17,0,[H]N=C1OC([H])([H])C1C1([H])N([H])C1([H])C([H])([H])[H]
23,20,0,[H]C([H])C1(C([H])([H])[H])C([H])([H])C1([H])[H]
17,17,1,[H]C(=O)N([H])C1([H])C([H])([H])C1(C([H])=O)N([H])[H]
25,25,1,[H]C([H])([H])C1([H])C([H])([H])C([H])(C([H])([H])[H])C2([H])C([H])([H])C2([H])C1([H])[H]
19,19,1,[H]OC([H])([H])C(=NC([H])([H])[H])N1C([H])([H])OC1([H])[H]
20,19,0,[H]C(=O)C([H])([H])OC([H])C([H])([H])C([H])([H])OC([H])([H])[H]
19,19,1,[H]C(=O)C([H])([H])OC1([H])C2([H])C([H])([H])C([H])([H])C12[H]
20,20,1,[H]N([H])C([H])(C([H])([H])[H])C1([H])C2([H])C(=O)C1([H])C2([H])[H]
23,23,1,[H]C(=O)C([H])([H])C(=C([H])C([H])([H])C([H])([H])C([H])([H])[H])C([H])([H])[H]
15,15,1,[H]n1nc(C([H])([H])[H])c(C([H])([H])C#N)n1
19,19,1,[H]N1C2([H])C1(C#N)C([H])([H])C([H])([H])C2([H])C([H])([H])[H]
19,19,1,[H]N1C2([H])C([H])(OC([H])([H])[H])C3(N([H])C3([H])[H])C12[H]
22,22,1,[H]N1C([H])([H])C([H])([H])C([H])([H])C2([H])OC2([H])C1([H])C([H])([H])[H]
15,14,0,[H]OC([H])C([H])([H])C([H])([H])OC([H])([H])[H]
25,24,0,
16,16,1,[H]N([H])C(=O)N([H])C(=O)C1([H])N([H])C1([H])[H]
16,16,1,[H]N1C2([H])C(=O)C1([H])C([H])(C([H])([H])[H])N2[H]
14,14,1,[H]C#CC1([H])N=C([H])OC12OC2([H])[H]
20,20,1,[H]C(=O)C1([H])C([H])([H])C12N(C([H])([H])[H])C2([H])C([H])([H])[H]
17,17,1,[H]C#CC12C([H])([H])OC([H])([H])OC1([H])C2([H])[H]
14,12,0,
23,23,1,[H]C([H])([H])C1([H])C([H])([H])C2(C([H])([H])[H])OC([H])([H])C12C([H])([H])[H]
21,21,1,[H]N1C2([H])C1([H])C([H])(C([H])([H])[H])C([H])([H])C2([H])C([H])([H])[H]
16,16,1,[H]C1=NC([H])(C(=O)N([H])[H])N([H])C([H])=C1[H]
14,14,1,[H]C12OC3([H])C1([H])N1C(=O)C2([H])C13[H]
15,15,1,[H]N=c1nc([H])n(C([H])([H])[H])c(=O)n1[H]
19,19,1,[H]C(=NC([H])([H])[H])OC1([H])C([H])([H])C([H])([H])C1([H])[H]
19,18,0,
16,16,1,[H]C1=C(N([H])[H])C2([H])N([H])C1([H])C2([H])C#N
17,17,1,[H]C([H])([H])C1([H])C(=O)N2C([H])([H])C3([H])N1C23[H]
18,18,1,[H]C1=NC2(C([H])([H])N([H])C2([H])[H])C2([H])N([H])C12[H]
23,23,1,[H]C1=C([H])C(C([H])([H])[H])(C([H])([H])[H])C([H])([H])C([H])([H])OC1([H])[H]
18,18,1,[H]OC([H])(C([H])=O)C([H])(N([H])C([H])=O)C([H])([H])[H]
22,22,1,[H]C([H])([H])N1C([H])([H])OC2([H])C1([H])C([H])([H])C2([H])C([H])([H])[H]
13,11,0,
21,21,1,[H]C([H])([H])OC12OC([H])([H])C([H])(C([H])([H])[H])C1([H])C2([H])[H]
14,13,0,
21,21,1,[H]C1([H])C([H])([H])C2([H])OC1([H])C([H])([H])C21C([H])([H])C1([H])[H]
22,22,1,[H]C([H])([H])OC(C([H])([H])[H])(C([H])([H])[H])C([H])(C#N)C([H])([H])[H]
21,21,1,[H]C#CC(OC([H])([H])C([H])([H])[H])(C([H])([H])[H])C([H])([H])O[H]
11,9,0,[H]OC1C(=O)C(F)ON=C1[H]
19,17,0,[H]C([H])([H])C1(O)C([H])([H])NC1(C([H])([H])[H])C([H])([H])[H]
19,19,1,[H]C1=NC2([H])C([H])(C([H])([H])[H])C3([H])N([H])C1([H])C23[H]
20,19,0,[H]C1([H])OC2([H])C1C1([H])C([H])([H])C1([H])C([H])([H])C2([H])[H]
13,11,0,
19,19,1,[H]C1=C([H])C2(OC2([H])[H])C2([H])C([H])([H])C2([H])C1([H])[H]
21,21,1,[H]N=C(OC([H])([H])[H])C(=NC([H])([H])[H])C([H])([H])C([H])([H])[H]
16,16,1,[H]C1=C([H])C([H])(C#N)N([H])C1=NC([H])([H])[H]
16,16,1,[H]OC12C3([H])C4([H])C3([H])C1(C([H])([H])[H])C42[H]
21,21,1,[H]C1=C([H])C([H])([H])C2(C1([H])[H])C([H])([H])C1([H])C([H])([H])C12[H]
15,15,1,[H]ON=C1C([H])([H])C([H])([H])C2([H])OC12[H]
19,19,1,[H]C(=O)C1([H])N(C2([H])N([H])C([H])([H])C2([H])[H])C1([H])[H]
16,16,1,[H]C#CC1([H])OC12C(C([H])([H])[H])=NC2([H])[H]
17,17,1,[H]C(=O)OC1([H])C([H])([H])OC2([H])C([H])([H])C12[H]
18,18,1,[H]OC12OC1([H])C1([H])N(C([H])([H])C1([H])[H])C2([H])[H]
18,18,1,[H]C(=O)C1([H])N([H])C([H])(C([H])([H])[H])C(=O)C1([H])[H]
17,17,1,[H]N=C1C([H])([H])OC2([H])C1([H])N1C([H])([H])C12[H]
23,23,1,[H]C([H])([H])C1([H])C([H])([H])C2([H])C([H])([H])C3([H])C([H])([H])C1([H])C23[H]
21,21,1,[H]OC1([H])C([H])([H])C2(C([H])([H])[H])C3([H])C1([H])C32C([H])([H])[H]
16,16,1,[H]OC12N3C([H])=NC([H])(N([H])C1([H])[H])C32[H]
22,22,1,[H]OC([H])([H])C(C([H])([H])[H])(C([H])([H])C#N)C([H])([H])C([H])([H])[H]
18,18,1,[H]OC([H])([H])C1([H])C2([H])C([H])([H])C([H])([H])C12C#N
16,16,1,[H]OC([H])(C#N)C([H])(C#N)N([H])C([H])([H])[H]
23,23,1,[H]OC([H])([H])C1([H])C([H])([H])OC([H])([H])C([H])([H])C1([H])C([H])([H])[H]
17,17,1,[H]C1([H])OC([H])([H])C([H])(C#N)C([H])([H])C1([H])[H]
18,18,1,[H]C(=O)C1([H])N(C([H])([H])[H])C([H])([H])N([H])C1([H])[H]
17,17,1,[H]c1c2c(c([H])n1[H])C([H])([H])OC([H])([H])N2[H]
18,18,1,[H]C([H])([H])C1([H])OC2(C#N)C([H])([H])C([H])([H])C12[H]
18,18,1,[H]OC1([H])C(C([H])([H])C([H])=O)=C([H])N([H])C1([H])[H]
19,19,1,[H]C#CC1([H])C([H])=C([H])C([H])(C([H])([H])[H])C1([H])O[H]
23,23,1,[H]OC([H])([H])C1([H])C([H])(C([H])([H])[H])C([H])([H])C2([H])C([H])([H])C21[H]
19,19,1,[H]C1=C(C([H])([H])[H])N([H])C([H])([H])C([H])([H])N([H])C1=O
18,18,1,[H]C([H])([H])C12C([H])([H])OC1([H])C([H])(C#N)C2([H])[H]
23,23,1,[H]N1C2([H])N(C1([H])C([H])(C([H])([H])[H])C([H])([H])[H])C2([H])C([H])([H])[H]
15,15,1,[H]C1([H])OC([H])([H])C2([H])OC1([H])OC2=O
21,21,1,[H]C1=NC([H])([H])C([H])(N2C([H])([H])C2([H])[H])C1([H])C([H])([H])[H]
19,19,1,[H]C1=C([H])C([H])([H])N2C(=C1C([H])([H])[H])N([H])C2([H])[H]
16,16,1,[H]C([H])([H])C(=O)C1([H])C(=O)C([H])([H])C1([H])[H]
19,19,1,[H]C1([H])OC([H])([H])C2=C1C([H])([H])C1([H])C([H])([H])C21[H]
18,18,1,[H]OC([H])(C#N)C([H])([H])C1([H])N([H])N1C([H])([H])[H]
20,20,1,[H]C1([H])N=C2C([H])([H])C([H])([H])C3([H])C([H])([H])C23C1([H])[H]
18,18,1,[H]OC([H])([H])C([H])=C([H])C1([H])C(=O)C([H])([H])N1[H]
15,15,1,[H]C([H])([H])OC1([H])OC(C#N)=NC1([H])[H]
14,12,0,
16,16,1,[H]N1C(=O)OC23C([H])([H])C([H])(C2([H])[H])C13[H]
23,23,1,[H]C([H])([H])C1([H])C2([H])OC([H])([H])C1([H])C2(C([H])([H])[H])C([H])([H])[H]
21,21,1,[H]N1C([H])([H])C2(C([H])([H])[H])N3C1([H])C3(C([H])([H])[H])C2([H])[H]
19,19,1,[H]C([H])([H])C([H])([H])C1([H])OC1([H])N1C([H])([H])C1([H])[H]
21,20,0,[H]C([H])([H])C([H])([H])C([H])(C([H])([H])[H])C([H])(C#N)C([H])([H])O
17,17,1,[H]c1oc(C([H])([H])[H])c2c1C([H])([H])C([H])([H])O2
23,23,1,[H]C([H])([H])C1([H])OC([H])(C([H])([H])[H])C2(C([H])([H])[H])C([H])([H])C12[H]
17,17,1,[H]C([H])([H])C12C([H])([H])C1([H])C(=O)C1([H])OC12[H]
15,11,0,
23,23,1,[H]OC([H])(C([H])([H])C([H])([H])[H])C([H])(C(=O)C([H])([H])[H])C([H])([H])[H]
22,22,1,[H]OC(OC([H])=NC([H])([H])[H])(C([H])([H])[H])C([H])([H])C([H])([H])[H]
17,17,1,[H]C#CC12C(=O)C([H])(C1([H])[H])C2([H])C([H])([H])[H]
15,15,1,[H]C(=O)N([H])C([H])([H])C([H])([H])C([H])([H])[H]
17,17,1,[H]OC1([H])C([H])([H])C1([H])C1(C([H])=O)OC1([H])[H]
18,18,1,[H]OC([H])([H])C1=C([H])C2([H])N3C1([H])C3([H])C2([H])[H]
15,15,1,[H]C1([H])C(=O)C2([H])N3C2([H])C3([H])C1([H])[H]
14,12,0,
16,16,1,[H]C1=C([H])C2(C([H])([H])[H])OC2(C#N)C1([H])[H]
17,17,1,[H]C1([H])N2C1([H])C([H])([H])C1([H])C([H])(C#N)C21[H]
14,14,1,[H]N=C([H])N([H])c1c([H])nc([H])n1[H]
20,20,1,[H]C1=C([H])C([H])([H])C2(C1([H])[H])C([H])([H])N1C([H])([H])C12[H]
15,13,0,[H]C(=O)C1N([H])C2([H])C1([H])C2(O)N([H])[H]
17,17,1,[H]OC1([H])N([H])C2([H])N3C1([H])C([H])(O[H])C32[H]
23,23,1,[H]C1=C2C([H])([H])C([H])([H])C1(C([H])([H])[H])C([H])([H])C2([H])C([H])([H])[H]
14,13,0,
16,16,1,[H]N=C1C(=O)C([H])(C([H])=O)C1([H])C([H])([H])[H]
14,14,1,[H]N=C([H])C1(C#N)C([H])([H])C1([H])O[H]
15,15,1,[H]N1C([H])([H])C1([H])C1([H])OC([H])([H])C1=O
16,16,1,[H]OC1([H])C([H])([H])C12N([H])C([H])([H])C2([H])[H]
14,14,1,[H]c1nc([H])n(C(=O)C([H])([H])[H])c1[H]
19,19,1,[H]OC12C3([H])C([H])=C([H])C([H])(C1([H])C([H])([H])[H])C32[H]
17,17,1,[H]C([H])([H])C(=O)C1([H])C([H])([H])C1([H])C([H])([H])[H]
20,20,1,[H]N=C1C(N([H])[H])=C(C([H])([H])[H])C([H])([H])N1C([H])([H])[H]
15,15,1,[H]N=C1OC([H])([H])C(C(=O)N([H])[H])=C1[H]
18,18,1,[H]Oc1c(C([H])([H])C([H])([H])O[H])c([H])n([H])c1[H]
18,16,0,
16,16,1,[H]OC12C(=C3C([H])([H])OC31[H])C([H])([H])N2[H]
16,16,1,[H]C1=C2C(=C([H])C([H])([H])C2([H])[H])N([H])C1=O
15,15,1,[H]N1C(=O)N2C([H])([H])C3(OC3([H])[H])C12[H]
17,17,1,[H]OC([H])([H])c1c(OC([H])([H])[H])oc([H])c1[H]
18,18,1,[H]N=C1OC2([H])C([H])(C([H])=C1[H])C2([H])C([H])([H])[H]
13,13,1,[H]C1=NC([H])(C([H])([H])C#N)C(=O)O1
14,14,1,[H]OC1(C#N)C2([H])C(=O)C([H])([H])C12[H]
19,19,1,[H]N1C(=O)C([H])(C([H])([H])[H])C([H])([H])C([H])([H])C1([H])[H]
14,14,1,[H]C1([H])C2([H])OC3(C#N)C1([H])OC23[H]
15,15,1,[H]N=C1OC2(N=C1[H])C([H])([H])OC2([H])[H]
24,23,0,[H]C([H])([H])C([H])([H])C1(O)C([H])([H])C([H])([H])C([H])([H])C1([H])C([H])([H])[H]
17,16,0,[H]C1N([H])C2(C([H])([H])[H])N1C(=O)N([H])C2([H])[H]
20,20,1,[H]C([H])([H])C(=O)C([H])([H])C1([H])N2C([H])([H])C([H])([H])C21[H]
15,15,1,[H]N=c1nc([H])n(C([H])([H])[H])nc1O[H]
23,23,1,[H]OC(C([H])([H])[H])(C([H])([H])[H])C1([H])C([H])([H])OC([H])([H])C1([H])[H]
18,18,1,[H]N1C([H])([H])C2([H])OC3([H])C([H])([H])OC2([H])C13[H]
20,20,1,[H]N1C2([H])C([H])([H])C([H])(C(=O)C([H])([H])C([H])([H])[H])C12[H]
18,18,1,[H]N=C(C(=NC([H])([H])[H])C([H])=O)N([H])C([H])([H])[H]
15,13,0,[H]N1C(N=N)=C(O)N(C([H])([H])[H])C1([H])[H]
14,14,1,[H]C#CC1(C#N)C([H])([H])C1([H])C([H])=O
16,16,1,[H]C1([H])OC2([H])C(=O)N3C([H])([H])C1([H])C32[H]
18,18,1,[H]ON=C1C2(C([H])([H])[H])OC([H])([H])C12C([H])([H])[H]
16,16,1,[H]N=C(OC([H])([H])[H])N([H])C(=N[H])C([H])=O
23,23,1,[H]N(C([H])([H])[H])C1([H])C([H])([H])N2C([H])([H])C([H])([H])C1([H])C2([H])[H]
13,11,0,[H]C1=c2nc([H])n([H])c2=NNC1[H]
17,17,1,[H]OC([H])(C(=O)N([H])[H])C1([H])C([H])([H])C1([H])[H]
19,19,1,[H]OC([H])([H])C1([H])N=C2C([H])([H])C([H])([H])C2([H])N1[H]
16,15,0,[H]OC12N([H])C([H])=NC1([H])C([H])OC2([H])[H]
13,13,1,[H]Oc1nc2c([H])n([H])nc2n1[H]
14,14,1,[H]C1([H])OC([H])([H])C2(OC2([H])[H])C1=O
17,17,1,[H]OC1(C([H])([H])[H])C([H])([H])C1([H])C([H])([H])C#N
20,19,0,[H]C1OC([H])(C23C([H])([H])C([H])([H])C2([H])C3([H])[H])C1([H])[H]
22,21,0,[H]C1=C([H])C([H])([H])C([H])([H])C([H])(C([H])([H])[H])OC([H])C1([H])[H]
10,10,1,[H]C(=O)Oc1nc([H])no1
18,18,1,[H]OC(=O)C1(C([H])([H])[H])C([H])=C([H])C([H])([H])N1[H]
17,17,1,[H]C1=NC([H])(C([H])([H])[H])C(=O)OC([H])([H])N1[H]
17,17,1,[H]OC12C([H])([H])N([H])C([H])(C1([H])[H])C2([H])C#N
19,19,1,[H]C([H])([H])C1([H])OC2([H])C([H])(C([H])([H])[H])C(=O)C12[H]
19,19,1,[H]C#CC([H])(O[H])C([H])([H])C([H])([H])C(=O)C([H])([H])[H]
20,20,1,[H]OC([H])([H])C([H])([H])OC([H])([H])C1([H])C([H])([H])C1([H])[H]
18,18,1,[H]N1C(=O)C2([H])C3([H])C([H])([H])C2([H])C3([H])C1([H])[H]
19,19,1,[H]C1=C([H])C2([H])C([H])(C#CC([H])([H])[H])C2([H])C1([H])[H]
19,19,1,[H]N1C2([H])N([H])C3(C([H])([H])[H])C([H])(OC2([H])[H])C13[H]
19,18,0,[H]C1=NC2([H])N([H])C(N1[H])C([H])(C([H])([H])[H])C2([H])[H]
21,21,1,[H]C#CC(O[H])(C([H])([H])[H])C([H])(OC([H])([H])[H])C([H])([H])[H]
15,15,1,[H]C#CC(=O)C([H])([H])C([H])(C#C[H])O[H]
19,19,1,[H]OC([H])([H])C12OC1([H])C1([H])C([H])(C([H])([H])[H])C12[H]
22,22,1,[H]C([H])([H])C1([H])C([H])([H])C([H])([H])C12C([H])([H])C2([H])C([H])([H])[H]
16,16,1,[H]C1=NC([H])([H])C2([H])C(=N1)C([H])([H])C2([H])[H]
15,15,1,[H]Oc1c(C([H])([H])C#N)c([H])n([H])c1[H]
18,16,0,[H]N1N=C(C([H])(N([H])[H])C([H])([H])C([H])([H])[H])NN1
19,17,0,[H]C1=C([H])N([H])NC1C([H])([H])N(N([H])[H])C([H])([H])[H]
18,18,1,[H]OC(=O)C12N([H])C1([H])C([H])(C([H])([H])[H])C2([H])[H]
13,13,1,[H]C#CC([H])([H])C#CC(=O)N([H])[H]
20,20,1,[H]c1c(N([H])C([H])(C([H])([H])[H])C([H])([H])[H])nn([H])c1[H]
23,23,1,[H]C1([H])OC([H])([H])C2([H])C([H])([H])C2([H])C([H])([H])C([H])([H])C1([H])[H]
16,16,1,[H]C(=O)N([H])c1nn(C([H])([H])[H])c([H])c1[H]
15,15,1,[H]C#CC1(C([H])(O[H])C([H])([H])[H])N=NO1
21,21,1,[H]N1C([H])([H])C(C([H])([H])[H])(C([H])([H])C([H])([H])C#N)C1([H])[H]
15,15,1,[H]N1C([H])([H])C1(c1nnon1)C([H])([H])[H]
17,17,1,[H]C1=C([H])C2([H])C3([H])C(=O)C1([H])C2([H])C3([H])[H]
17,17,1,[H]OC([H])([H])Oc1nn([H])c([H])c1C([H])([H])[H]
22,22,1,[H]C1=C(C([H])([H])[H])N2C([H])([H])C([H])([H])C2(C([H])([H])[H])C1([H])[H]
18,18,1,[H]N(C([H])([H])[H])C1([H])C(=O)C2([H])C([H])([H])OC12[H]
15,15,1,[H]C([H])(C#N)C(=O)C([H])([H])C([H])([H])C#N
18,18,1,[H]C1=C(C([H])([H])[H])C(=O)N2C([H])([H])C2([H])C1([H])[H]
17,17,1,[H]Oc1c2c(c([H])n1[H])N([H])C([H])([H])C2([H])[H]
20,20,1,[H]OC12C([H])([H])C1(N([H])[H])C([H])([H])C21C([H])([H])C1([H])[H]
17,17,1,[H]OC12N([H])C([H])(C1([H])[H])C2([H])N([H])C([H])=O
20,20,1,[H]OC([H])([H])C12C([H])([H])C3([H])N([H])C1([H])C([H])([H])C32[H]
17,17,1,[H]OC1([H])C([H])([H])C(=O)C2(O[H])C([H])([H])C12[H]
21,21,1,[H]C([H])([H])C1(C([H])([H])[H])C([H])([H])C12OC1([H])C([H])([H])C12[H]
11,11,1,[H]c1nc(C(F)(F)F)nn1[H]
18,18,1,[H]OC([H])(C([H])([H])[H])C12OC3([H])C([H])([H])N1C32[H]
18,18,1,[H]C1([H])OC(=O)N2C([H])([H])C([H])([H])C2([H])C1([H])[H]
18,18,1,[H]C(=O)C([H])([H])OC(=O)N(C([H])([H])[H])C([H])([H])[H]
17,17,1,[H]C#CC(=O)OC([H])(OC([H])([H])[H])C([H])([H])[H]
14,12,0,
20,20,1,[H]c1c(C([H])([H])C2([H])C([H])([H])C2([H])[H])c([H])n([H])c1[H]
25,25,1,[H]OC([H])([H])C([H])(C([H])([H])N([H])[H])C([H])(C([H])([H])[H])C([H])([H])N([H])[H]
23,23,1,[H]C([H])([H])C([H])([H])C1(C([H])([H])[H])C([H])([H])C([H])([H])C2([H])OC21[H]
16,15,0,
23,23,1,[H]C#CC(C([H])([H])[H])(C([H])([H])[H])C([H])([H])C([H])(O[H])C([H])([H])[H]
19,18,0,[H]OC1(C([H])(O)C([H])([H])C([H])([H])[H])C([H])([H])C1([H])[H]
18,18,1,[H]N=C(N([H])C([H])([H])[H])C1([H])C(=O)C([H])([H])N1[H]
20,20,1,[H]C(=O)C([H])([H])OC(=NC([H])([H])C([H])([H])[H])C([H])([H])[H]
23,23,1,[H]OC([H])(C([H])([H])[H])C([H])([H])C1(C([H])([H])[H])C([H])([H])C1([H])O[H]
18,18,1,[H]C#CC12N([H])C([H])=C([H])C1([H])C2([H])C([H])([H])[H]
15,15,1,[H]C#CC1(C#N)N2C([H])([H])C2([H])C1([H])[H]
19,19,1,[H]OC1(C#N)C([H])([H])N([H])C([H])([H])C1([H])C([H])([H])[H]
18,18,1,[H]C1=C([H])C(C#N)(C([H])([H])C([H])([H])[H])OC1([H])[H]
16,16,1,[H]N1C(=O)C(=O)C2([H])C([H])([H])C([H])([H])C12[H]
19,19,1,[H]C([H])([H])N(C(=O)C1([H])C([H])([H])C1([H])[H])C([H])([H])[H]
19,19,1,[H]OC([H])([H])C1(C([H])=O)C([H])([H])C([H])(O[H])C1([H])[H]
21,21,1,[H]C([H])([H])C1(C2(C([H])([H])[H])C([H])([H])OC2([H])[H])OC1([H])[H]
21,21,1,[H]OC1(C([H])([H])[H])C([H])([H])C2=C([H])C([H])([H])C21C([H])([H])[H]
20,20,1,[H]C1=C(C([H])([H])[H])C([H])([H])C2([H])N3C([H])([H])C([H])([H])C132
22,22,1,[H]C1=C([H])C([H])([H])C2(N([H])C([H])([H])C2([H])C([H])([H])[H])C1([H])[H]
16,16,1,[H]N([H])C(=O)C(=O)C1([H])C([H])([H])OC1([H])[H]
17,17,1,[H]C1=NC2([H])C([H])([H])C2([H])C([H])([H])C([H])([H])O1
14,14,1,[H]Oc1c([H])nc(C(=O)N([H])[H])n1[H]
23,23,1,[H]C([H])([H])C1(C([H])([H])[H])C([H])([H])C([H])([H])C2(OC2([H])[H])C1([H])[H]
16,15,0,[H]OC([H])([H])C([H])OC(=O)C(=O)C([H])([H])[H]
19,19,1,[H]C1=C2C3([H])C([H])(C1([H])[H])C3([H])C21C([H])([H])C1([H])[H]
22,22,1,[H]OC1([H])C2([H])C([H])([H])C([H])([H])C([H])([H])C([H])([H])C12N([H])[H]
18,18,1,[H]OC([H])([H])C1=NC(N([H])[H])=NC1([H])C([H])([H])[H]
18,18,1,[H]OC1([H])C([H])([H])C2([H])C([H])([H])N([H])C12C([H])=O
17,17,1,[H]C(=O)OC1([H])C([H])([H])C([H])([H])C12OC2([H])[H]
15,15,1,[H]OC1([H])C2([H])C([H])([H])C([H])([H])C12C#N
15,15,1,[H]N=C([H])OC([H])(C([H])=O)C(=O)N([H])[H]
21,21,1,[H]N=C([H])C1(C([H])([H])[H])C2([H])N([H])C2([H])C1([H])C([H])([H])[H]
19,19,1,[H]OC12C([H])([H])C1([H])C1([H])C([H])([H])C([H])=C([H])C12[H]
23,23,1,[H]N=C1N(C([H])([H])C([H])([H])[H])C([H])(C([H])([H])[H])C1([H])C([H])([H])[H]
21,21,1,[H]C1=C([H])C2(OC([H])([H])C2([H])C([H])([H])[H])C([H])([H])C1([H])[H]
18,18,1,[H]OC([H])([H])C1(C([H])([H])[H])N=C([H])N([H])N=C1[H]
15,15,1,[H]N(C#N)C(=O)C([H])([H])N([H])C([H])([H])[H]
19,18,0,[H]OC([H])([H])C1([H])C(=O)C([H])([H])N([H])C1C([H])([H])[H]
25,25,1,[H]C1=C(C([H])([H])C([H])([H])[H])C([H])([H])C([H])(C([H])([H])[H])C([H])([H])C1([H])[H]
14,12,0,
17,17,1,[H]C(=O)C12C([H])([H])C([H])([H])C3([H])OC1([H])C32[H]
20,20,1,[H]N(C(=O)C([H])([H])C([H])([H])C([H])([H])[H])C1([H])OC1([H])[H]
16,16,1,[H]C([H])([H])C12OC([H])(C(=O)C1([H])[H])C2([H])[H]
21,20,0,
16,16,1,[H]N1C2([H])C(=O)C1([H])C([H])(C([H])([H])[H])C2=O
11,11,1,[H]c1noc(OC([H])([H])[H])n1
17,17,1,[H]Oc1oc(C([H])([H])C([H])([H])O[H])c([H])c1[H]
21,21,1,[H]OC([H])([H])OC(=C([H])C([H])([H])O[H])C([H])([H])C([H])([H])[H]
19,19,1,[H]N([H])OC(=O)C1(C([H])([H])C([H])([H])[H])N([H])C1([H])[H]
16,16,1,[H]C1=C2N([H])C(=O)C2([H])OC([H])([H])C1([H])[H]
15,15,1,[H]N=C([H])OC([H])([H])C#CC([H])([H])O[H]
10,10,1,[H]C([H])([H])C#CC(F)(F)F
16,16,1,[H]N1C([H])([H])C12C1([H])OC(=O)C12C([H])([H])[H]
21,21,1,[H]OC1([H])C([H])([H])C([H])(O[H])C([H])(C([H])([H])[H])C1([H])O[H]
17,17,1,[H]C1([H])C(=O)OC23C([H])([H])C([H])([H])C2([H])C13[H]
20,20,1,[H]OC1([H])C2(C([H])([H])[H])C([H])=C([H])N([H])C12C([H])([H])[H]
19,19,1,[H]C#CN1C([H])([H])C1([H])C1(C([H])([H])[H])N([H])C1([H])[H]
19,19,1,[H]c1noc(C([H])([H])[H])c1N(C([H])([H])[H])C([H])([H])[H]
19,19,1,[H]C([H])([H])C1([H])C([H])([H])C2(C([H])([H])[H])OC(=O)C12[H]
16,16,1,[H]N([H])C1(C#N)C([H])([H])C1([H])C([H])([H])C#N
19,19,1,[H]OC([H])([H])C1(C(=O)N([H])[H])N(C([H])([H])[H])C1([H])[H]
17,17,1,[H]OC([H])([H])C12C3([H])C4([H])C3([H])C1(O[H])C42[H]
17,17,1,[H]C([H])([H])C1=NC2([H])C([H])([H])C2(C#N)C1([H])[H]
20,20,1,[H]OC([H])([H])C1([H])OC2([H])C([H])([H])N1C([H])([H])C2([H])[H]
17,17,1,[H]C([H])([H])OC([H])([H])C(C#N)(C#N)C([H])([H])[H]
21,21,1,[H]C1=C([H])C2([H])C([H])([H])C3([H])C([H])([H])C1([H])C2([H])C3([H])[H]
17,17,1,[H]C1=C([H])C([H])([H])N([H])C([H])(C([H])([H])[H])C1=O
15,15,1,[H]C#CC([H])([H])N=C1N([H])N=NC1([H])[H]
18,18,1,[H]C1([H])OC(=O)C([H])([H])C2(C([H])([H])[H])N1C2([H])[H]
17,16,0,
16,16,1,[H]C#CC([H])([H])C1=NC([H])([H])C([H])([H])N1[H]
27,24,0,[H]C([H])C([H])([H])C([H])(N([H])C1([H])C([H])([H])C1([H])C([H])([H])[H])C([H])([H])[H]
17,17,1,[H]C#CC1([H])OC([H])([H])C([H])(C([H])([H])[H])C1=O
23,23,1,[H]C(=O)C(C([H])([H])[H])(C([H])([H])C([H])([H])[H])C1([H])C([H])([H])C1([H])[H]
15,15,1,[H]c1nc2n(c1C([H])([H])[H])C([H])([H])C2=O
11,9,0,
18,18,1,[H]OC(=O)C1([H])N(C([H])([H])[H])C([H])([H])C1([H])O[H]
16,16,1,[H]C1=C([H])C2([H])C3([H])N([H])C2([H])C3([H])C1=O
12,12,1,[H]Oc1c(C([H])([H])[H])noc1[H]
18,18,1,[H]OC1([H])C([H])([H])C2([H])N(C([H])=O)C12C([H])([H])[H]
19,19,1,[H]OC12C([H])([H])C3([H])C([H])([H])C1([H])OC([H])([H])C32[H]
20,20,1,[H]C([H])([H])C1([H])C([H])([H])C12C([H])([H])C21C([H])([H])C1([H])[H]
18,18,1,[H]N([H])c1nc(N([H])C([H])([H])[H])c(N([H])[H])n1[H]
20,20,1,[H]OC([H])(c1c([H])c([H])c(C([H])([H])[H])n1[H])C([H])([H])[H]
21,21,1,[H]OC1([H])C([H])(C([H])([H])[H])N([H])C([H])([H])C2([H])N([H])C12[H]
15,15,1,[H]c1nc(N([H])[H])c(F)nc1C([H])([H])[H]
20,20,1,[H]N=C1OC([H])([H])C([H])([H])C1([H])OC([H])([H])C([H])([H])[H]
11,9,0,
22,22,1,[H]C(=O)N1C([H])([H])C([H])([H])C([H])([H])C1([H])C([H])([H])C([H])([H])[H]
20,20,1,[H]OC12C([H])([H])N(C([H])([H])C1([H])[H])C1([H])C([H])([H])C12[H]
18,16,0,[H]OC1=NC([H])=C([H])C(C([H])([H])[H])C1C([H])([H])[H]
13,13,1,[H]C#CC1=NC2([H])N(C1=O)C2([H])[H]
13,13,1,[H]c1nc([H])c(=O)c(=O)n([H])c1[H]
15,14,0,
18,18,1,[H]C(=NC([H])([H])[H])OC1([H])C([H])([H])C2([H])OC12[H]
17,17,1,[H]N([H])C1(C([H])([H])[H])C([H])(C#N)C2([H])OC21[H]
19,19,1,[H]c1c(C([H])([H])[H])c(C([H])([H])C([H])([H])[H])c([H])n1[H]
22,22,1,[H]N1C([H])([H])C1(C([H])([H])C([H])([H])[H])C([H])([H])C1([H])OC1([H])[H]
19,19,1,[H]C1([H])C(=O)C([H])([H])C([H])(C([H])([H])[H])C([H])([H])C1=O
18,18,1,[H]C([H])([H])OC(=O)C1([H])C([H])([H])N2C([H])([H])C21[H]
16,14,0,[H]OC1=C([H])N(C([H])([H])[H])C(C([H])=O)C1[H]
19,19,1,[H]C([H])([H])N1C([H])([H])C2([H])C([H])([H])C1(C#N)C2([H])[H]
20,20,1,[H]N1C2([H])C3([H])C([H])([H])C3([H])C3([H])C1([H])C([H])([H])C23[H]
22,21,0,
17,17,1,[H]c1c(OC([H])([H])[H])c([H])n(C([H])([H])[H])c1[H]
22,22,1,[H]OC1([H])C([H])([H])C2([H])N([H])C12C([H])([H])C([H])([H])C([H])([H])[H]
17,17,1,[H]C#CC(=O)C1([H])C([H])=C([H])C([H])([H])C1([H])[H]
18,18,1,[H]C(=NC([H])([H])[H])OC(=NC([H])([H])[H])C([H])([H])[H]
19,19,1,[H]N=C(OC1([H])C([H])([H])C1([H])O[H])N([H])C([H])([H])[H]
19,19,1,[H]OC1([H])C2([H])C3([H])C([H])([H])C([H])([H])C3([H])C12O[H]
19,19,1,[H]C(=O)C([H])([H])N1N2C([H])([H])C([H])([H])C12C([H])([H])[H]
21,21,1,[H]C([H])([H])C([H])([H])C12OC([H])([H])C3([H])C1([H])C32C([H])([H])[H]
17,17,1,[H]C1=C([H])N(C([H])([H])[H])C([H])([H])C([H])=C1C#N
21,21,1,[H]C([H])([H])OC12C([H])([H])C([H])([H])C1([H])C1([H])C([H])([H])C12[H]
23,23,1,[H]N1C2([H])C([H])([H])C([H])([H])C1(N(C([H])([H])[H])C([H])([H])[H])C2([H])[H]
17,17,1,[H]OC12N(C1([H])[H])C1([H])C3([H])N([H])C3([H])C12[H]
21,21,1,[H]C#CC([H])(C([H])([H])[H])C1([H])C([H])([H])C1([H])C([H])([H])O[H]
20,20,1,[H]OC([H])([H])N1C(=O)C(C([H])([H])[H])(C([H])([H])[H])C1([H])[H]
16,16,1,[H]OC12OC(=O)C1([H])N(C([H])([H])[H])C2([H])[H]
20,20,1,[H]C([H])([H])C1(C([H])([H])[H])N2C3([H])C4([H])C2([H])C1([H])C34[H]
19,19,1,[H]OC1([H])C([H])([H])C2([H])N3C([H])([H])N([H])C1([H])C32[H]
17,17,1,[H]C([H])([H])C12C([H])([H])C3([H])OC1([H])C2([H])C3=O
17,17,1,[H]OC12N([H])C([H])([H])C1([H])C([H])([H])OC2([H])[H]
14,14,1,[H]N=c1nc([H])n([H])c([H])c([H])c1=O
19,19,1,[H]N([H])N([H])C1(C([H])([H])[H])OC([H])([H])C(=O)C1([H])[H]
15,14,0,[H]C([H])([H])c1onc2c1[nH]n2C([H])([H])[H]
27,27,1,[H]N([H])C([H])([H])C([H])([H])C([H])([H])C(N([H])C([H])([H])[H])(C([H])([H])[H])C([H])([H])[H]
16,16,1,[H]OC12N([H])C3(C([H])=O)C([H])(C1([H])[H])C23[H]
18,18,1,[H]OC1(OC([H])([H])[H])C([H])([H])C1(C([H])=O)N([H])[H]
20,20,1,[H]OC([H])([H])C1([H])N(C([H])([H])C([H])([H])[H])C(=O)C1([H])[H]
14,14,1,[H]C(=O)OC([H])(C#N)N([H])C([H])([H])[H]
20,20,1,[H]N1C([H])([H])C(=O)C2(C([H])([H])C1([H])[H])C([H])([H])C2([H])[H]
20,20,1,[H]C([H])(C#N)C([H])([H])C1([H])C([H])([H])C2([H])C([H])([H])C12[H]
19,18,0,[H]OC([H])(C([H])([H])[H])C1([H])C([H])OC1([H])C([H])([H])[H]
20,20,1,[H]C(=O)OC([H])([H])C([H])([H])C([H])([H])N1C([H])([H])C1([H])[H]
15,15,1,[H]C1([H])OC(=O)C12C1([H])C3([H])C1([H])C32[H]
14,13,0,
19,19,1,[H]C(=O)C([H])(OC1([H])OC([H])([H])C1([H])[H])C([H])([H])[H]
17,17,1,[H]OC1([H])C(C#N)=NC([H])([H])C([H])([H])C1([H])[H]
18,18,1,[H]ON1C([H])([H])C1([H])C([H])(C([H])([H])[H])C([H])([H])[H]
16,16,1,[H]Oc1c([H])c(C([H])([H])[H])n([H])c(=O)c1[H]
21,21,1,[H]OC(C([H])([H])[H])(C([H])([H])OC([H])([H])[H])C1([H])OC1([H])[H]
12,10,0,[H]C1=C2NNC([H])=C2N([H])N=N1
23,23,1,[H]C1=C(C([H])([H])[H])C([H])([H])C([H])([H])C(C([H])([H])C([H])([H])[H])=C1[H]
18,18,1,[H]N([H])C1=NOC([H])(C([H])([H])[H])C(C([H])([H])[H])=N1
16,16,1,[H]C1=C(C([H])([H])[H])N([H])C(=O)N([H])C1([H])[H]
17,17,1,[H]N1C([H])([H])C2(C#N)C([H])([H])OC([H])([H])C12[H]
16,16,1,[H]C1=NC([H])([H])N2C3([H])C(=N1)C([H])([H])C23[H]
17,17,1,[H]N=C1C2([H])N3C([H])([H])C1([H])C3([H])C2([H])O[H]
17,17,1,[H]C#CC([H])([H])C1([H])N2C([H])([H])C([H])([H])C21[H]
18,18,1,[H]C1([H])OC2([H])C([H])([H])C([H])([H])C([H])([H])C2([H])O1
18,18,1,[H]C(=NC([H])([H])[H])N=C([H])N([H])C(=O)C([H])([H])[H]
21,21,1,[H]OC([H])([H])C12OC([H])(C([H])([H])[H])C1([H])C([H])([H])C2([H])[H]
17,17,1,[H]N1C2([H])C([H])([H])C3(C([H])([H])C#N)C1([H])C23[H]
21,21,1,[H]C([H])([H])N1C([H])([H])C2([H])N(C2([H])[H])C12C([H])([H])C2([H])[H]
13,13,1,[H]C([H])([H])C12OC1(C#N)OC2([H])[H]
19,19,1,[H]OC1([H])C([H])=NC([H])([H])C12N(C([H])([H])[H])C2([H])[H]
19,18,0,[H]OC(C#N)(C([H])([H])[H])C([H])(C([H])([H])[H])C([H])([H])O
13,13,1,[H]N1N=NC2(C([H])([H])C#N)OC12[H]
17,17,1,[H]C([H])([H])C12OC([H])([H])C1([H])OC(=O)C2([H])[H]
23,23,1,[H]N([H])C([H])(C([H])([H])[H])C([H])([H])C([H])([H])OC([H])([H])C([H])([H])[H]
13,13,1,[H]C#CC1([H])N=C([H])N=C([H])C1=O
19,19,1,[H]OC([H])([H])C([H])(C#CC([H])([H])C([H])([H])[H])C([H])=O
17,15,0,[H]C1=C(C([H])([H])N2C([H])([H])C2([H])[H])NNN1[H]
19,19,1,[H]N1C([H])([H])N2C([H])([H])C(=O)C2([H])C1([H])C([H])([H])[H]
15,15,1,[H]C#CC1(N([H])[H])OC(=N[H])OC1([H])[H]
15,15,1,[H]C1=C([H])C2([H])C([H])=C([H])N1C2([H])C#N
18,18,1,[H]N=C1C([H])=C2C([H])([H])OC2(C([H])([H])[H])C1([H])[H]
16,14,0,[H]C1C([H])([H])C2([H])NC2(C([H])([H])[H])C1([H])[H]
19,17,0,
17,17,1,[H]ON=C1C2([H])C([H])([H])N3C2([H])C13C([H])([H])[H]
21,21,1,[H]C([H])(C#N)N1C([H])(C([H])([H])[H])C1(C([H])([H])[H])C([H])([H])[H]
18,18,1,[H]OC1([H])N2C3([H])OC([H])([H])C3([H])C([H])([H])C21[H]
19,19,1,[H]OC1([H])C([H])([H])C2([H])N([H])C2(C([H])([H])[H])C1([H])[H]
12,10,0,[H]N=C([H])OC1=NNNN=C1[H]
21,21,1,[H]N1C([H])([H])C([H])([H])N([H])C2([H])C([H])(OC([H])([H])[H])C12[H]
14,14,1,[H]C1=C([H])C2([H])OC2([H])C1=NN([H])[H]
19,19,1,[H]OC1([H])C2([H])OC([H])([H])C([H])(OC([H])([H])[H])C12[H]
19,19,1,[H]OC([H])([H])C1([H])C([H])=C([H])C2(O[H])C([H])([H])C12[H]
20,20,1,[H]N1C2([H])C3([H])C([H])([H])C1(C1([H])C([H])([H])C1([H])[H])C23[H]
18,18,1,[H]OC([H])([H])C([H])([H])C#CC(=O)N([H])C([H])([H])[H]
17,17,1,[H]N1C(=O)OC([H])([H])C1(C([H])([H])[H])C([H])([H])[H]
22,22,1,[H]OC1([H])C(C([H])([H])[H])=C([H])N(C([H])([H])[H])C1([H])C([H])([H])[H]
21,21,1,[H]OC([H])([H])C1(C([H])=O)C([H])([H])C([H])([H])C1([H])C([H])([H])[H]
15,15,1,[H]N=C1OC2([H])C3([H])N4C([H])([H])C12C43[H]
18,18,1,[H]C(=O)C12N(C([H])=C([H])C1([H])[H])C([H])([H])C2([H])[H]
21,21,1,[H]C(=O)C([H])([H])C(C(=O)C([H])([H])[H])(C([H])([H])[H])C([H])([H])[H]
20,20,1,[H]N([H])C([H])(C(=O)OC([H])([H])[H])C1([H])C([H])([H])C1([H])[H]
19,19,1,[H]N(C(=O)C1=NC([H])([H])C1([H])[H])C([H])([H])C([H])([H])[H]
21,21,1,[H]C#CC([H])([H])C1([H])C([H])([H])C1([H])C([H])([H])OC([H])([H])[H]
18,18,1,[H]OC([H])([H])C(O[H])(C([H])([H])C#N)C([H])([H])O[H]
20,20,1,[H]C1([H])OC([H])([H])C2([H])C([H])([H])N1C1([H])C([H])([H])C12[H]
18,18,1,[H]N=C1OC(N([H])[H])(C2([H])N([H])C2([H])[H])C1([H])[H]
15,15,1,[H]C(=O)N1C2([H])C3([H])C([H])([H])C2([H])C13[H]
14,14,1,[H]C1=C([H])C(=O)C2([H])N([H])C2([H])C1=O
20,20,1,[H]C([H])([H])C(=O)C1([H])C([H])([H])C([H])([H])N2C([H])([H])C21[H]
19,19,1,[H]OC([H])([H])C([H])(C#N)N([H])C([H])([H])OC([H])([H])[H]
16,15,0,[H]c1c([H])c(C([H])([H])[H])n(C([H])([H])O)c1[H]
19,19,1,[H]N1C([H])([H])C([H])([H])C([H])([H])C2([H])OC23N([H])C13[H]
23,23,1,[H]C([H])([H])C1([H])C([H])([H])C([H])([H])C([H])(C([H])([H])[H])C2([H])OC21[H]
17,15,0,[H]C1=C([H])N([H])C2C(C([H])([H])[H])=C([H])N([H])C12
22,22,1,[H]C(=O)N([H])C1([H])C([H])([H])C([H])([H])C1(C([H])([H])[H])C([H])([H])[H]
20,20,1,[H]C([H])([H])OC1([H])N2C([H])([H])OC2([H])C([H])([H])C1([H])[H]
13,11,0,
12,12,1,[H]N=c1oc(O[H])nc([H])c1[H]
23,23,1,[H]C([H])([H])C1([H])C2([H])C([H])([H])C3([H])C([H])([H])C1(C([H])([H])[H])C32[H]
19,19,1,[H]C1=C([H])C2(N(C([H])([H])[H])C([H])([H])C2([H])[H])C1([H])[H]
15,15,1,[H]C1([H])OC2([H])C(=O)C([H])(C1=O)C2([H])[H]
16,14,0,[H]OC1=C([H])N(C([H])([H])[H])C([H])C1C([H])=O
13,13,1,[H]ON=C1C([H])([H])C2([H])N([H])C12[H]
19,19,1,[H]C(=O)C1=C2C([H])([H])C([H])([H])C([H])(C1([H])[H])C2([H])[H]
14,14,1,[H]C#CC(=O)C#CC1([H])N([H])C1([H])[H]
18,18,1,[H]C([H])([H])C1([H])C([H])([H])C2(OC2([H])[H])C1([H])C#N
20,20,1,[H]C([H])([H])C([H])([H])C12C3([H])N4C([H])([H])C1([H])C2([H])C43[H]
20,20,1,[H]C([H])([H])C([H])([H])C12C([H])([H])N(C1([H])[H])C21OC1([H])[H]
15,15,1,[H]OC1([H])C(=O)N([H])C1(C#N)C([H])([H])[H]
19,19,1,[H]OC12C3([H])OC3([H])C([H])([H])C1([H])C2([H])C([H])([H])[H]
18,18,1,[H]N=C1OC([H])(C([H])([H])[H])OC([H])([H])OC1([H])[H]
21,18,0,[H]C1C(C([H])([H])[H])=C(C([H])([H])[H])C([H])([H])N([H])C([H])C1[H]
22,22,1,[H]C(=O)C([H])(C([H])([H])OC([H])([H])[H])C([H])(N([H])[H])C([H])([H])[H]
16,16,1,[H]C1=NC([H])=C2OC3([H])C12C3([H])C([H])([H])[H]
17,17,1,[H]N=C1C([H])=C([H])C([H])([H])C([H])([H])OC1([H])[H]
19,19,1,[H]OC1(C([H])([H])[H])C([H])([H])C([H])=C2C([H])([H])OC21[H]
18,18,1,[H]N=C1C(=O)N([H])C([H])(C([H])([H])N([H])[H])C1([H])[H]
14,14,1,[H]N([H])C1=C(N([H])[H])N([H])C(=O)C1=O
17,16,0,[H]N1C(=O)C2(C([H])(O)C([H])([H])[H])C([H])([H])C12[H]
19,19,1,[H]OC1([H])C2([H])OC([H])(C([H])([H])OC([H])([H])[H])C12[H]
16,16,1,[H]C#CC1=C([H])N(C([H])=O)C([H])([H])C1([H])[H]
18,18,1,[H]C([H])([H])N1C2=NC([H])([H])N3C1([H])C3([H])C2([H])[H]
16,16,1,[H]OC1([H])C(=O)N([H])C([H])([H])C([H])([H])C1=O
21,21,1,[H]C([H])([H])C1([H])C([H])([H])C2([H])C([H])([H])C(=O)C([H])([H])C12[H]
20,20,1,[H]N1C([H])(C([H])([H])[H])C2([H])C1([H])C21OC([H])([H])C1([H])[H]
15,15,1,[H]N1C([H])([H])C1([H])c1nn([H])c(=O)n1[H]
21,21,1,[H]C(=O)C([H])([H])C12C([H])([H])C([H])([H])C1([H])C2([H])C([H])([H])[H]
18,18,1,[H]C(=O)C1([H])OC([H])([H])C2(C([H])([H])[H])N([H])C12[H]
20,20,1,[H]N([H])C1([H])N([H])C([H])([H])C1(C#N)C([H])([H])C([H])([H])[H]
23,23,1,[H]C([H])([H])C12OC1([H])C([H])([H])C([H])([H])C([H])([H])C([H])([H])C2([H])[H]
18,18,1,[H]N=C(C([H])=O)C([H])([H])C([H])([H])C(=O)C([H])([H])[H]
20,20,1,[H]C#CC1(C([H])([H])[H])C([H])([H])C([H])([H])C2([H])N([H])C21[H]
15,15,1,[H]c1nc(N([H])C([H])([H])[H])oc1N([H])[H]
23,23,1,[H]OC([H])(C([H])([H])C([H])([H])[H])C1([H])C([H])([H])C1(O[H])C([H])([H])[H]
15,15,1,[H]N=C1N=C(C#N)C([H])(N([H])[H])C1([H])[H]
21,18,0,[H]N(CC([H])([H])[H])C([H])([H])[H]
17,15,0,
19,19,1,[H]OC1(C([H])([H])[H])C2([H])N([H])N3C([H])(C2([H])[H])C31[H]
16,16,1,[H]N=C1ON([H])C(=N[H])C1([H])OC([H])([H])[H]
20,20,1,[H]OC12C([H])([H])C3([H])N([H])C1(C([H])([H])[H])C32C([H])([H])[H]
14,14,1,[H]N([H])C(=O)C1=NC([H])([H])C([H])([H])O1
19,19,1,[H]C1=NC([H])(N2C([H])([H])C2([H])C([H])([H])[H])C([H])([H])O1
16,16,1,[H]ON=C(C(=O)N([H])[H])C1([H])N([H])C1([H])[H]
12,12,1,[H]N=c1c([H])c([H])onnc1=O
17,17,1,[H]C#CC12OC([H])([H])C([H])(C([H])=C1[H])C2([H])[H]
16,16,1,[H]N=C1C(=O)C2(N1[H])C([H])([H])N([H])C2([H])[H]
18,18,1,[H]C1=C([H])C([H])(N([H])C([H])([H])[H])C(=O)OC1([H])[H]
16,16,1,[H]N=C1C2([H])C([H])([H])C1(OC([H])=O)C2([H])[H]
18,18,1,[H]N1C(=O)C2([H])C3(C([H])([H])[H])C1([H])C23C([H])([H])[H]
14,14,1,[H]C(=O)C12C(=O)N3C([H])(C1([H])[H])C32[H]
19,18,0,[H]N([H])C([H])([H])C([H])([H])C([H])(C([H])([H])[H])C([H])([H])O
16,12,0,
16,16,1,[H]N1C(=O)OC2([H])OC([H])(C([H])([H])[H])C12[H]
12,10,0,
21,21,1,[H]N(C(=O)C([H])(C([H])([H])[H])C1([H])N([H])C1([H])[H])C([H])([H])[H]
22,22,1,[H]C1=C(C([H])([H])N(C([H])([H])[H])C([H])([H])[H])C([H])([H])OC1([H])[H]
17,17,1,[H]N=C([H])OC12C([H])([H])C3([H])N([H])C1([H])C32[H]
18,18,1,[H]C([H])([H])C1([H])C2([H])OC3([H])C([H])(C2([H])[H])C31[H]
21,21,1,[H]N(C([H])([H])[H])C1(C#N)C([H])([H])C1([H])C([H])([H])C([H])([H])[H]
18,18,1,[H]C#CC1([H])N2C([H])([H])OC([H])([H])C2([H])C1([H])[H]
11,11,1,[H]N1C(=O)C2([H])N([H])C12C#N
19,19,1,[H]N=C([H])OC1([H])C([H])=C([H])N([H])C([H])([H])C1([H])[H]
21,21,1,[H]C1=C([H])C2(C([H])([H])[H])C([H])([H])OC2([H])C1([H])C([H])([H])[H]
17,17,1,[H]C([H])([H])C#CC1([H])N=C(C([H])([H])[H])C1([H])[H]
17,17,1,[H]C1=C([H])C2([H])C(=NC1([H])[H])C([H])([H])C2([H])[H]
16,16,1,[H]C1=C([H])C([H])([H])Oc2c([H])c([H])c([H])n21
16,16,1,[H]OC([H])([H])C1([H])OC([H])([H])C2([H])OC12[H]
18,18,1,[H]C#CC([H])([H])C([H])(OC([H])=O)C([H])([H])N([H])[H]
19,19,1,[H]C1=C(C([H])([H])[H])C([H])(C([H])([H])C#N)N([H])C1([H])[H]
23,23,1,[H]OC([H])(C([H])([H])[H])C([H])([H])C(C([H])=O)(C([H])([H])[H])C([H])([H])[H]
22,22,1,[H]N1C([H])([H])C([H])(C([H])([H])[H])C2(C([H])([H])[H])OC12C([H])([H])[H]
15,15,1,[H]C1=C([H])C([H])([H])Oc2c1c([H])nn2[H]
19,19,1,[H]C([H])([H])C([H])([H])C1([H])C(=O)C(=O)C1([H])C([H])([H])[H]
21,21,1,[H]C([H])([H])OC([H])([H])C(=O)C([H])([H])C([H])([H])OC([H])([H])[H]
15,12,0,
23,23,1,[H]OC([H])([H])C1([H])C([H])(C([H])([H])C([H])([H])[H])C2([H])C([H])([H])C12[H]
17,17,1,[H]C1=C([H])C([H])([H])N=C(N([H])C([H])([H])[H])C1=O
19,18,0,[H]C([H])([H])OC([H])([H])C([H])([H])C(O)(C#N)C([H])([H])[H]
19,19,1,[H]C#CC12OC1(C([H])([H])[H])C([H])([H])C2([H])C([H])([H])[H]
19,19,1,[H]N1C(C#N)(C([H])([H])[H])C([H])([H])C12C([H])([H])C2([H])[H]
16,16,1,[H]C#CC1([H])N([H])C12OC([H])([H])C2([H])O[H]
24,24,1,[H]OC1(C([H])(C([H])([H])[H])C([H])([H])[H])C([H])([H])N([H])C1([H])C([H])([H])[H]
20,20,1,[H]N1C([H])([H])C([H])(C([H])([H])[H])C2([H])C(=O)C([H])([H])C12[H]
22,22,1,[H]OC([H])(N([H])C1([H])C([H])([H])C2([H])C([H])([H])C12[H])C([H])([H])[H]
18,18,1,[H]C#CC12C([H])([H])C3([H])N([H])C1([H])C32C([H])([H])[H]
18,18,1,[H]OC([H])(C([H])([H])C([H])=O)C([H])([H])C([H])([H])C#N
15,15,1,[H]Oc1nc(N2C([H])([H])C2([H])[H])oc1[H]
16,16,1,[H]C(=O)C([H])([H])n1c([H])nc([H])c1N([H])[H]
22,22,1,[H]OC1(C([H])([H])[H])C([H])([H])N2C([H])(C([H])([H])[H])C([H])([H])C21[H]
25,25,1,[H]OC1(C(C([H])([H])[H])(C([H])([H])[H])C([H])([H])[H])C([H])([H])C1([H])C([H])([H])[H]
20,20,1,[H]C#CC([H])([H])C([H])([H])C1([H])C2([H])N([H])C21C([H])([H])[H]
15,15,1,[H]C#CC1=C([H])C2([H])C([H])([H])C2([H])C1=O
20,20,1,[H]C1=NC([H])(C([H])([H])C([H])([H])[H])C([H])(C([H])([H])[H])N1[H]
21,21,1,[H]N=C1N([H])C([H])([H])N([H])C([H])([H])C([H])(C([H])([H])[H])N1[H]
18,18,1,[H]N1C(=O)C2([H])C1([H])C1([H])C([H])([H])C21C([H])([H])[H]
17,17,1,[H]C1=NC([H])(C#CC([H])([H])[H])N([H])C([H])([H])O1
17,17,1,[H]C1=C([H])C2([H])C3([H])OC1(C([H])([H])[H])OC32[H]
18,18,1,[H]Oc1c(C([H])([H])OC([H])([H])[H])c([H])n([H])c1[H]
18,18,1,[H]C(=O)C([H])([H])C1([H])N([H])C1([H])C1([H])OC1([H])[H]
19,19,1,[H]N=C1OC([H])([H])C2([H])N(C1([H])[H])C2([H])C([H])([H])[H]
15,13,0,[H]C1C(OC([H])([H])[H])=NN([H])C1N([H])[H]
19,19,1,[H]OC([H])([H])c1c(C([H])([H])C([H])([H])[H])nn([H])c1[H]
16,16,1,[H]C(=O)C12N3C4([H])C([H])([H])C1([H])C4([H])C32[H]
21,21,1,[H]OC([H])(C([H])([H])[H])C1([H])C(=NC([H])([H])[H])C([H])([H])N1[H]
15,15,1,[H]N=c1c([H])nc([H])nc(N([H])[H])c1[H]
13,13,1,[H]C#CC([H])(OC([H])([H])[H])C([H])=O
17,17,1,[H]C(=O)C([H])([H])C([H])([H])C1([H])C([H])([H])C1([H])[H]
17,17,1,[H]C([H])([H])C12C([H])([H])C([H])([H])C3([H])C1([H])C32[H]
17,17,1,[H]C([H])([H])C12C(=O)C3([H])OC1([H])C3([H])C2([H])[H]
19,19,1,[H]OC([H])([H])C([H])([H])N1C2([H])C([H])([H])C([H])([H])C12[H]
15,15,1,[H]OC1([H])C([H])=C([H])C([H])=C1OC([H])=O
16,16,1,[H]C(=O)OC1([H])C(=O)C([H])([H])N1C([H])([H])[H]
19,19,1,[H]N=C1N([H])C2([H])C3([H])C([H])([H])C1([H])C23C([H])([H])[H]
20,20,1,[H]OC([H])(C([H])([H])[H])C(O[H])(N([H])C([H])=O)C([H])([H])[H]
19,19,1,[H]C1=C(C([H])([H])[H])C2(N([H])C2([H])[H])C2([H])N([H])C12[H]
23,23,1,[H]OC1([H])C([H])([H])C2(C([H])(C([H])([H])[H])C([H])([H])[H])C([H])([H])C12[H]
15,15,1,[H]C#CC1(O[H])C(=O)OC1([H])C([H])([H])[H]
18,18,1,[H]N1C([H])([H])C([H])([H])C2(C([H])([H])[H])C([H])([H])C12[H]
19,19,1,[H]C1([H])OC2([H])C([H])([H])C2([H])C2([H])OC([H])([H])C12[H]
18,18,1,[H]N=C(C([H])([H])C([H])=O)C([H])([H])C(=O)C([H])([H])[H]
15,15,1,[H]C(=O)C12N(C([H])([H])C1([H])C#N)C2([H])[H]
22,22,1,[H]C(=O)C1(N([H])[H])C([H])([H])C1([H])C([H])([H])C([H])([H])C([H])([H])[H]
16,16,1,[H]C([H])([H])C1([H])ON1C1([H])C(=O)OC1([H])[H]
17,16,0,
18,18,1,[H]C(=O)C1([H])C([H])([H])C1(OC([H])([H])[H])C([H])([H])[H]
12,10,0,[H]C1=C2C(=NOC([H])=C2[H])NN1
16,16,1,[H]C#CC([H])([H])N(C([H])=O)C([H])([H])C#C[H]
16,16,1,[H]c1oc2c(c1[H])c(C([H])([H])[H])c([H])n2[H]
15,15,1,[H]C([H])([H])C(=O)OC1([H])C(=O)OC1([H])[H]
19,19,1,[H]N1C(=O)C2([H])N(C([H])([H])C([H])([H])[H])C1([H])C2([H])[H]
17,17,1,[H]N(C(=O)C(=O)N1C([H])([H])C1([H])[H])C([H])([H])[H]
17,17,1,[H]OC([H])([H])C([H])(C#N)OC1([H])N([H])C1([H])[H]
19,19,1,[H]C([H])([H])C([H])([H])C12C3([H])C(=O)C1([H])C2([H])C3([H])[H]
19,19,1,[H]C#CC1([H])C2([H])C3([H])C2([H])C13C([H])([H])C([H])([H])[H]
17,17,1,[H]C([H])([H])C12C(=O)C(=O)C1(C([H])([H])[H])C2([H])[H]
20,20,1,[H]OC1([H])N([H])C([H])([H])C2([H])C([H])([H])OC12C([H])([H])[H]
21,21,1,[H]OC([H])([H])C([H])(OC1([H])N([H])C1([H])C([H])([H])[H])N([H])[H]
13,13,1,[H]C(=O)c1noc(OC([H])([H])[H])n1
19,19,1,[H]OC([H])([H])C1(C([H])([H])[H])OC([H])([H])C2([H])OC21[H]
21,21,1,[H]C(=O)C1([H])OC(C([H])([H])[H])(C([H])([H])[H])C([H])([H])C1([H])[H]
22,22,1,[H]N1C([H])([H])C1([H])N(C(=NC([H])([H])[H])C([H])([H])[H])C([H])([H])[H]
21,21,1,[H]C(=O)OC(OC([H])([H])C([H])([H])[H])(C([H])([H])[H])C([H])([H])[H]
16,15,0,[H]OC([H])C12C(=O)C([H])([H])OC1([H])C2([H])[H]
21,21,1,[H]C#CC1([H])OC1(C([H])([H])[H])C([H])([H])C([H])([H])C([H])([H])[H]
21,21,1,[H]C([H])([H])C1([H])OC2(C1([H])[H])C1([H])C([H])([H])C2([H])C1([H])[H]
20,20,1,[H]N1C([H])(C([H])([H])[H])C12C(=O)C([H])([H])C([H])([H])C2([H])[H]
20,20,1,[H]N([H])C(=O)C([H])([H])N([H])N([H])C1([H])C([H])([H])C1([H])[H]
17,16,0,[H]OC12C(C#N)C([H])([H])C([H])(C1([H])[H])C2([H])[H]
18,18,1,[H]C#CC1(N([H])C([H])([H])[H])N([H])C1([H])C([H])([H])[H]
16,16,1,[H]C1=C2C(=O)C3([H])N([H])C2(C1([H])[H])C3([H])[H]
8,8,1,[H]Oc1noc(=O)o1
16,16,1,[H]N([H])C1([H])C([H])([H])OC(=O)C2([H])OC21[H]
17,17,1,[H]OC([H])([H])C1(C#N)C([H])([H])C2([H])N([H])C21[H]
12,12,1,[H]c1nc(C([H])([H])[H])n([H])c1[H]
17,17,1,[H]C#CC12N([H])C1([H])C([H])(C([H])([H])[H])C2([H])[H]
14,14,1,[H]OC1(C([H])([H])C#N)C(=O)OC1([H])[H]
23,23,1,[H]OC([H])([H])C([H])(C([H])([H])[H])C1(C([H])([H])[H])C([H])([H])OC1([H])[H]
19,19,1,[H]C(=O)C([H])([H])C([H])([H])C(=O)C([H])([H])OC([H])([H])[H]
21,21,1,[H]N1C2([H])N(C3([H])C([H])([H])C23[H])C1(C([H])([H])[H])C([H])([H])[H]
19,19,1,[H]OC1(C([H])([H])[H])C([H])([H])C([H])([H])C1(C#N)N([H])[H]
17,17,1,[H]C([H])([H])C([H])([H])OC1([H])C(=O)C2([H])OC12[H]
21,21,1,[H]C([H])([H])C([H])([H])C12OC([H])([H])C3([H])C([H])(C1([H])[H])C32[H]
16,14,0,
16,15,0,
21,21,1,[H]C1=C([H])C2([H])C3(C([H])([H])[H])C([H])([H])C1([H])C23C([H])([H])[H]
14,14,1,[H]C(=O)C#CC([H])(C([H])=O)C([H])([H])[H]
14,14,1,[H]OC([H])([H])c1c([H])oc(C#N)c1[H]
13,11,0,[H]c1c(C([H])([H])[H])oc(O)c1N=N
19,18,0,
18,18,1,[H]c1oc(C2([H])C([H])([H])C2([H])[H])nc1C([H])([H])[H]
18,18,1,[H]N([H])C12C3([H])C([H])([H])C4([H])OC3([H])C1([H])C42[H]
16,16,1,[H]OC1([H])C(OC([H])=O)=NC([H])([H])C1([H])[H]
10,10,1,[H]C(=O)c1nn([H])c(=O)o1
17,17,1,[H]C1=C2C3([H])OC2([H])C3([H])C12C([H])([H])C2([H])[H]
23,23,1,[H]N1C([H])([H])C2([H])C([H])(N([H])C1([H])C([H])([H])[H])C2([H])C([H])([H])[H]
18,18,1,[H]N1C2([H])C3([H])C14OC([H])([H])C3([H])C24C([H])([H])[H]
17,17,1,[H]C([H])([H])N1C([H])(C#N)C12C([H])([H])OC2([H])[H]
22,22,1,[H]C([H])([H])C1([H])C([H])([H])C2([H])N3C([H])(C([H])([H])C2([H])[H])C31[H]
20,20,1,[H]C(=O)N(C([H])([H])[H])C([H])([H])C([H])([H])C([H])([H])C([H])=O
15,15,1,[H]C#CC(=NO[H])C([H])(O[H])C([H])([H])[H]
20,20,1,[H]C([H])([H])C([H])([H])C#CN1C2([H])C([H])([H])C1([H])C2([H])[H]
20,20,1,[H]N=C1N=C(C([H])([H])[H])N([H])C([H])([H])C([H])([H])C1([H])[H]
18,17,0,
19,19,1,[H]C(=O)OC1(C([H])([H])[H])C([H])([H])C([H])=C([H])C1([H])[H]
18,18,1,[H]N(C([H])([H])[H])C1([H])OC2([H])C(=O)C1([H])C2([H])[H]
15,15,1,[H]Oc1nnc2n1C([H])([H])C([H])([H])N2[H]
18,18,1,[H]ON=C1C(C([H])([H])O[H])=C([H])C([H])([H])C1([H])[H]
23,23,1,[H]C1([H])OC([H])([H])C2([H])C([H])([H])C([H])(C([H])([H])C1([H])[H])C2([H])[H]
20,20,1,[H]N1C2([H])C([H])([H])OC3([H])C([H])([H])C1([H])C2([H])C3([H])[H]
18,18,1,[H]OC([H])(C([H])([H])[H])C1([H])C([H])([H])C1([H])C([H])=O
19,19,1,[H]C1=C2C([H])([H])C([H])([H])C(=O)C2([H])C([H])([H])C1([H])[H]
18,18,1,[H]C1([H])ON2C([H])(C1([H])[H])C2([H])C1([H])OC1([H])[H]
20,20,1,[H]c1c(C([H])([H])[H])c(N([H])C([H])([H])C([H])([H])[H])nn1[H]
20,20,1,[H]N=C1C2([H])OC([H])([H])C([H])([H])C1(C([H])([H])[H])C2([H])[H]
17,17,1,[H]C(=O)C#CC1([H])N([H])C([H])(C([H])([H])[H])N1[H]
19,19,1,[H]N(C([H])([H])[H])C1([H])OC2([H])C([H])([H])N3C1([H])C32[H]
13,12,0,
15,14,0,[H]OC1C2([H])N(C([H])=O)C1([H])C2([H])O[H]
19,19,1,[H]C(=O)C1([H])C([H])([H])N([H])C1([H])C([H])([H])C([H])([H])[H]
18,17,0,[H]N(C1C(=O)C([H])([H])N2C([H])([H])C12[H])C([H])([H])[H]
21,21,1,[H]C1=C([H])C2([H])C([H])(C([H])([H])[H])C([H])=C([H])C2([H])C1([H])[H]
21,21,1,[H]C1([H])OC2([H])C([H])([H])C([H])([H])C2([H])C2([H])C([H])([H])C12[H]
27,27,1,[H]C([H])([H])C([H])([H])C([H])([H])C([H])([H])C1(C([H])([H])[H])C([H])([H])C1([H])C([H])([H])[H]
18,18,1,[H]Oc1c([H])c(C([H])(O[H])C([H])([H])[H])c([H])n1[H]
20,20,1,[H]C1=NC([H])(C([H])([H])N([H])C([H])([H])C([H])([H])[H])N=C1[H]
16,16,1,[H]N1C(=O)C([H])([H])C2([H])C([H])([H])C2([H])C1=O
17,15,0,
17,17,1,[H]C1=C([H])C2([H])C([H])([H])C([H])=C([H])C2([H])C1=O
14,14,1,[H]C1=C([H])C([H])([H])OC(=O)OC1([H])[H]
19,19,1,[H]C1=C([H])C([H])([H])C2([H])C(=C1[H])C([H])([H])OC2([H])[H]
15,15,1,[H]N1C(=O)OC2([H])N([H])C3([H])C1([H])C23[H]
18,18,1,[H]OC([H])([H])C1([H])C(=O)N([H])C([H])(O[H])C1([H])[H]
17,17,1,[H]C(=C([H])C12OC1([H])C([H])([H])C2([H])[H])N([H])[H]
18,16,0,
21,21,1,[H]OC1(C([H])([H])[H])C2([H])C1(O[H])C2(C([H])([H])[H])C([H])([H])[H]
19,19,1,[H]C#CC1([H])C([H])([H])N([H])C([H])([H])C([H])([H])C1([H])[H]
16,16,1,[H]C#CC1([H])C([H])([H])OC(=N[H])OC1([H])[H]
16,16,1,[H]N1C(=O)OC([H])([H])C([H])(C([H])([H])[H])C1=O
17,17,1,[H]N1C([H])([H])C2(C([H])([H])[H])N3C(=O)C1([H])C32[H]
17,17,1,[H]OC1([H])N2C([H])(C#N)C2([H])C([H])([H])C1([H])[H]
14,14,1,[H]N=c1onnn(C([H])([H])[H])c1=N[H]
22,22,1,[H]OC1(C([H])(C([H])([H])[H])C([H])([H])[H])C([H])([H])C([H])([H])C1([H])[H]
14,14,1,[H]OC(=O)N([H])c1nc([H])n([H])c1[H]
21,21,1,[H]C([H])([H])OC([H])([H])C1([H])C([H])([H])C12C([H])([H])OC2([H])[H]
19,19,1,[H]C1=C([H])C23C([H])([H])C([H])([H])OC2([H])C3([H])C1([H])[H]
19,19,1,[H]N1C([H])(C#N)OC([H])(C([H])([H])[H])C([H])([H])C1([H])[H]
15,15,1,[H]c1nn(C([H])([H])C([H])([H])[H])c(=O)n1[H]
18,18,1,[H]N=C([H])OC1([H])C([H])([H])C1([H])C([H])([H])C([H])=O
14,14,1,[H]N1C(=NC(=O)C#N)C([H])([H])C1([H])[H]
20,20,1,[H]N=C(C([H])([H])[H])C1(C([H])([H])[H])OC1([H])C([H])([H])O[H]
18,18,1,[H]C1([H])OC2([H])C3([H])OC2([H])C([H])([H])C([H])([H])N13
13,13,1,[H]N([H])C(=O)C1(C#N)N([H])C1([H])[H]
21,21,1,[H]C(=O)C([H])(OC1([H])C([H])([H])C1([H])C([H])([H])[H])C([H])([H])[H]
16,16,1,[H]N=C1N([H])C([H])([H])C([H])(O[H])C1([H])C#N
19,19,1,[H]OC1([H])N([H])C(C#N)(C([H])([H])C([H])([H])[H])C1([H])[H]
14,14,1,[H]Oc1nn(C([H])([H])C#N)c([H])c1[H]
20,20,1,[H]OC1([H])OC([H])([H])C1([H])C([H])([H])C([H])([H])C([H])([H])[H]
22,22,1,[H]C([H])([H])C([H])([H])C([H])(C([H])([H])C#N)C1([H])C([H])([H])C1([H])[H]
16,16,1,[H]N=C1OC([H])([H])C([H])([H])C1([H])OC([H])=O
21,21,1,[H]OC([H])([H])C([H])([H])C([H])([H])OC(=O)C([H])([H])C([H])([H])[H]
18,18,1,[H]OC1([H])C([H])(O[H])C1([H])C([H])(C#N)C([H])([H])[H]
20,20,1,[H]C#CC([H])([H])C1([H])N([H])C([H])([H])OC([H])([H])C1([H])[H]
17,16,0,[H]N=C1OC([H])([H])C([H])C2([H])OC2([H])C1([H])[H]
16,15,0,
19,19,1,[H]C1=NC([H])([H])C([H])(N(C([H])([H])[H])C([H])([H])[H])C1=O
21,21,1,[H]C([H])([H])C1([H])OC12C([H])([H])C([H])([H])C21C([H])([H])C1([H])[H]
11,11,1,[H]C1=C([H])N([H])C([H])([H])C1=O
16,16,1,[H]C(=NC([H])([H])[H])C([H])([H])C(=O)C([H])([H])[H]
18,18,1,[H]C1=C([H])C2([H])C([H])([H])OC1([H])C([H])([H])C2([H])[H]
17,16,0,[H]C1=C([H])C([H])N2C([H])(C1=O)C2([H])C([H])([H])[H]
18,18,1,[H]N1C([H])(C(=O)C2([H])OC2([H])[H])C1([H])C([H])([H])[H]
20,20,1,[H]N1C2([H])C3([H])OC([H])([H])C([H])(C([H])([H])[H])C3([H])C12[H]
22,22,1,[H]C([H])([H])C1([H])C([H])([H])C1([H])C1([H])N2C([H])([H])C2([H])C1([H])[H]
15,15,1,[H]C#CC(=N[H])N(C([H])([H])[H])C([H])([H])[H]
16,15,0,[H]OC12N3C([H])N4C1([H])C4(C([H])([H])[H])C32[H]
19,19,1,[H]C(=O)C1([H])C([H])([H])C(=NC([H])([H])[H])N([H])C1([H])[H]
20,20,1,[H]C1=C([H])C([H])(N(C([H])([H])[H])C([H])([H])[H])C2([H])OC12[H]
14,10,0,
19,19,1,[H]N=C1OC([H])([H])C1=NC([H])(C([H])([H])[H])C([H])([H])[H]
21,21,1,[H]N1C([H])([H])C1(N(C(=O)C([H])([H])[H])C([H])([H])[H])C([H])([H])[H]
17,17,1,[H]c1c2c(nn1[H])C([H])([H])C([H])([H])OC2([H])[H]
18,18,1,[H]OC1(C([H])([H])[H])C2([H])N3C([H])([H])C3([H])C21O[H]
17,17,1,[H]N([H])C1(C#N)N(C([H])([H])[H])C1([H])C([H])([H])[H]
18,18,1,[H]N1C2([H])C(=O)C3([H])C([H])([H])C3([H])C12C([H])([H])[H]
19,19,1,[H]C(=O)C1([H])OC([H])([H])C([H])([H])C([H])(C([H])([H])[H])O1
22,22,1,[H]OC([H])([H])C([H])([H])N=C([H])C1([H])C([H])([H])C([H])([H])C1([H])[H]
15,15,1,[H]N=C1ON([H])C([H])(C([H])([H])[H])C1([H])[H]
18,18,1,[H]N([H])C(=O)C1(C([H])([H])OC([H])([H])[H])OC1([H])[H]
12,10,0,[H]C1=NC2=C([H])NNN2N=C1[H]
19,19,1,[H]C1([H])OC([H])(C([H])([H])C([H])([H])[H])C2([H])N1C2([H])[H]
18,18,1,[H]OC([H])([H])C1([H])OC([H])(C#N)C1([H])C([H])([H])[H]
21,21,1,[H]OC([H])([H])C([H])(C([H])([H])[H])C12OC1([H])C([H])([H])C2([H])[H]
17,17,1,[H]Oc1nc([H])n([H])c1OC([H])([H])C([H])([H])[H]
16,16,1,[H]C1([H])OC([H])([H])C12C(=O)N1C([H])([H])C12[H]
21,21,1,[H]N([H])C(=O)C1([H])C([H])([H])C1([H])C([H])([H])N([H])C([H])([H])[H]
17,17,1,[H]N([H])C([H])([H])C12C(=O)C3([H])N1C([H])([H])C32[H]
17,17,1,[H]C(=O)C([H])([H])C([H])([H])C#CC(=O)C([H])([H])[H]
21,21,1,[H]OC1([H])C([H])([H])C([H])([H])C2([H])C3([H])C([H])([H])C3([H])C12[H]
19,18,0,
16,16,1,[H]C1=C([H])C2(C#N)OC([H])([H])C2([H])C1([H])[H]
17,17,1,[H]C(=O)C([H])([H])C([H])([H])c1c([H])oc([H])c1[H]
23,23,1,[H]OC1([H])C([H])([H])C([H])(C([H])(OC([H])([H])[H])C([H])([H])[H])C1([H])[H]
25,25,1,[H]C([H])([H])C([H])([H])C([H])([H])C12C([H])([H])C([H])([H])C([H])(C1([H])[H])C2([H])[H]
16,16,1,[H]OC12N([H])C1([H])C([H])([H])C([H])([H])C2([H])[H]
22,21,0,[H]OC([H])([H])N(C([H])[H])C([H])([H])C([H])([H])N1C([H])([H])C1([H])[H]
15,15,1,[H]C1([H])N2N3C(=O)OC1([H])C([H])([H])C32[H]
21,21,1,[H]C([H])([H])C1([H])C2([H])OC3([H])C([H])([H])C1([H])C3([H])C2([H])[H]
23,22,0,[H]N1C([H])([H])C(C([H])([H])C([H])([H])OC([H])([H])[H])C1([H])C([H])([H])[H]
19,19,1,[H]OC1([H])C([H])([H])N([H])C2=NC([H])([H])C([H])([H])C21[H]
22,22,1,[H]OC1(C([H])([H])[H])C([H])=C(C([H])([H])[H])N([H])C([H])([H])C1([H])[H]
12,12,1,[H]Oc1c([H])c(C#N)c([H])n1[H]
15,13,0,
23,23,1,[H]OC1([H])C([H])([H])OC([H])([H])C([H])(C([H])([H])[H])C1([H])C([H])([H])[H]
19,18,0,[H]C#CC1([H])C2([H])C([H])N(C([H])([H])C([H])([H])[H])C12[H]
19,19,1,[H]OC1(C([H])([H])[H])N(C([H])([H])C#N)C([H])([H])C1([H])[H]
23,23,1,[H]C([H])([H])OC1([H])C2([H])C([H])([H])C1([H])C2(C([H])([H])[H])C([H])([H])[H]
19,18,0,[H]C(=O)C1C([H])([H])N2C1([H])C([H])([H])C2([H])C([H])([H])[H]
17,17,1,[H]C(=O)C([H])([H])C12C3([H])C4([H])C3([H])C1([H])C42[H]
20,20,1,[H]C(C#CC1([H])C([H])([H])C([H])([H])C1([H])[H])=NC([H])([H])[H]
13,13,1,[H]C(=O)c1nnc(N([H])[H])c([H])n1
15,15,1,[H]OC1([H])C(=O)OC2(OC2([H])[H])C1([H])[H]
18,17,0,[H]OC([H])([H])C1([H])OC2([H])C([H])(O)C2([H])C1([H])[H]
19,19,1,[H]C#CC([H])(N([H])C([H])([H])C([H])([H])C#N)C([H])([H])[H]
15,15,1,[H]C1([H])N=C(N2C([H])([H])C2([H])[H])C(=O)O1
18,18,1,[H]OC1([H])N([H])C2(C([H])([H])[H])C3([H])OC2([H])C13[H]
20,20,1,[H]N=C(C(=O)C([H])([H])C([H])([H])[H])C1([H])C([H])([H])C1([H])[H]
11,11,1,[H]Oc1nc([H])c2n1C(=O)O2
16,16,1,[H]OC12C(=O)C1([H])C([H])([H])C21N([H])C1([H])[H]
16,16,1,[H]C1([H])N2C1([H])N1C3([H])N4C2([H])C1([H])C43[H]
20,20,1,[H]C#CC([H])([H])C1=NC([H])(C([H])([H])[H])C([H])([H])C1([H])[H]
21,20,0,
17,17,1,[H]C#CC1([H])N=C(N([H])[H])C([H])=C1C([H])([H])[H]
19,19,1,[H]C1=C([H])C([H])(N([H])C([H])([H])[H])C([H])([H])N([H])C1=O
18,18,1,[H]N=C1ON([H])C1([H])C([H])([H])C1([H])N([H])C1([H])[H]
16,16,1,[H]OC1([H])C2([H])C(=O)C1([H])C2([H])C([H])([H])[H]
16,16,1,[H]C(=O)C([H])([H])C1([H])N2C(=O)C([H])([H])C21[H]
14,14,1,[H]N([H])c1noc(=NC([H])([H])[H])n1[H]
16,16,1,[H]OC([H])([H])C1(O[H])OC([H])([H])C([H])([H])O1
16,16,1,[H]N=C1C([H])=NC([H])([H])C([H])=C1C([H])([H])[H]
20,19,0,[H]C1=C(C([H])([H])[H])OC([H])([H])C2([H])C([H])([H])C1C2([H])[H]
16,12,0,
17,16,0,[H]C([H])([H])C(=O)C(C#N)(C([H])([H])[H])C([H])([H])O
20,20,1,[H]OC1(C([H])([H])C([H])([H])C#N)C([H])([H])C1([H])C([H])([H])[H]
17,15,0,
18,18,1,[H]C(=O)C1([H])C2([H])N3C([H])(C([H])([H])[H])C2([H])C31[H]
13,13,1,[H]N=C([H])c1c([H])nnn([H])c1=O
21,21,1,[H]OC([H])([H])C([H])(N(C([H])=O)C([H])([H])[H])C([H])([H])N([H])[H]
17,15,0,[H]C=C=CC1([H])N(C([H])([H])C([H])([H])[H])C1([H])[H]
19,19,1,[H]OC1([H])C(C([H])([H])[H])=C([H])C([H])([H])C2([H])OC12[H]
19,19,1,[H]C1=C([H])C2([H])C([H])=C([H])C2(OC([H])([H])[H])C1([H])[H]
13,13,1,[H]OC1([H])C(C([H])=O)=C([H])C1([H])[H]
22,22,1,[H]OC1([H])C([H])(C([H])([H])[H])C([H])([H])C1([H])C([H])([H])C([H])([H])[H]
18,18,1,[H]OC([H])([H])C([H])(C([H])([H])[H])C([H])([H])OC([H])=O
17,17,1,[H]N=C1C([H])=C(C([H])([H])[H])C([H])([H])C1([H])C#N
19,19,1,[H]C(=O)OC([H])([H])C1(C([H])([H])[H])OC1([H])C([H])([H])[H]
22,22,1,[H]C([H])([H])C12N3C([H])([H])C([H])(C1([H])[H])C2(C([H])([H])[H])C3([H])[H]
24,24,1,[H]N(C([H])([H])[H])C([H])([H])C([H])([H])C([H])([H])C([H])([H])C(=O)C([H])([H])[H]
17,17,1,[H]OC1([H])C([H])([H])C2([H])C3([H])N([H])C3([H])C12[H]
16,14,0,
20,20,1,[H]C1=C(C([H])([H])[H])C2([H])C([H])([H])C3([H])N(C1([H])[H])C23[H]
17,17,1,[H]C([H])([H])C12C3([H])OC1([H])C([H])(C3=O)C2([H])[H]
16,16,1,[H]C#CC1([H])N([H])C(=O)C1([H])C([H])([H])O[H]
21,21,1,[H]C([H])([H])C([H])([H])OC1(C([H])([H])[H])C(=O)C([H])([H])C1([H])[H]
18,18,1,[H]C1([H])OC([H])([H])C12C([H])([H])C1([H])C([H])([H])C12[H]
21,21,1,[H]C([H])([H])C1([H])C([H])([H])C1([H])C1([H])OC([H])([H])C([H])([H])O1
19,19,1,[H]C1=NC([H])([H])C([H])(C#CC([H])([H])[H])N1C([H])([H])[H]
17,17,1,[H]OC([H])([H])C(=O)C1([H])OC([H])([H])C1([H])O[H]
19,19,1,[H]C1=NC2([H])N(C2([H])[H])C2([H])C([H])([H])C1([H])C2([H])[H]
20,20,1,[H]C1=C([H])C2([H])C3([H])N([H])C2([H])C([H])(C1([H])[H])C3([H])[H]
21,21,1,[H]C#CC1([H])C([H])([H])C([H])=C([H])C1(C([H])([H])[H])C([H])([H])[H]
19,18,0,
21,21,1,[H]C([H])([H])C1(C([H])([H])[H])C2([H])OC2([H])C12C([H])([H])C2([H])[H]
19,19,1,[H]C([H])([H])C([H])([H])C#CC1([H])C([H])([H])C2([H])OC12[H]
21,21,1,[H]C([H])([H])C1([H])OC2([H])C3([H])C([H])([H])C3(C([H])([H])[H])C12[H]
20,20,1,[H]C1=NC([H])(OC([H])([H])[H])C([H])([H])OC([H])([H])C1([H])[H]
20,20,1,[H]OC1([H])C2([H])N3C([H])([H])C3([H])C([H])([H])C([H])([H])C12[H]
17,17,1,[H]C1([H])OC2([H])C3([H])C([H])(O1)C1([H])C2([H])C31[H]
21,20,0,[H]OC12C([H])([H])N(C([H])([H])[H])C([H])C([H])(C1([H])[H])C2([H])[H]
23,23,1,[H]N1C([H])([H])N(C([H])([H])[H])C12C([H])(C([H])([H])[H])C2([H])C([H])([H])[H]
19,19,1,[H]C1([H])OC2(C([H])([H])OC3([H])C([H])([H])C32[H])C1([H])[H]
23,23,1,[H]C1=C([H])C([H])(N([H])C([H])([H])[H])C(C([H])([H])[H])(C([H])([H])[H])N1[H]
16,16,1,[H]c1oc(C([H])([H])N([H])[H])c([H])c(=O)c1[H]
19,19,1,[H]OC1([H])C([H])([H])N2N([H])C2([H])C12C([H])([H])C2([H])[H]
24,24,1,[H]C(=NC([H])([H])[H])C([H])(C([H])([H])[H])C([H])([H])OC([H])([H])C([H])([H])[H]
13,13,1,[H]N=c1nc(F)onc1C([H])([H])[H]
21,21,1,[H]OC1([H])C2([H])C3([H])C([H])(C([H])([H])[H])C2([H])C13C([H])([H])[H]
21,21,1,[H]OC([H])([H])C([H])(N([H])[H])N(C([H])=O)C([H])([H])C([H])([H])[H]
13,13,1,[H]C(=O)OC([H])([H])c1nonc1[H]
16,16,1,[H]C1([H])C(=O)C([H])([H])C2([H])N1C(=O)C2([H])[H]
19,19,1,[H]C(=O)N1C([H])([H])C1(C([H])([H])[H])C1([H])N([H])C1([H])[H]
20,20,1,[H]OC([H])([H])C1(C([H])([H])[H])N([H])C([H])=NC([H])([H])N1[H]
15,15,1,[H]OC12C([H])([H])C1([H])C2(C([H])=O)N([H])[H]
21,21,1,[H]OC([H])(N([H])C([H])([H])C([H])([H])[H])C([H])(C#N)C([H])([H])[H]
21,21,1,[H]C([H])([H])OC([H])([H])C1([H])C([H])([H])C2([H])OC1([H])C2([H])[H]
20,20,1,[H]OC1(C([H])([H])[H])C([H])([H])OC2([H])C([H])([H])N([H])C21[H]
17,17,1,[H]N=C(OC#CC([H])([H])[H])C1([H])N([H])C1([H])[H]
22,22,1,[H]C([H])([H])C1([H])N2C([H])([H])C2([H])C([H])([H])OC([H])([H])C1([H])[H]
21,21,1,[H]C1=C([H])C2([H])C([H])(OC2([H])C([H])([H])C([H])([H])[H])C1([H])[H]
19,19,1,[H]OC1(C([H])=C([H])C2([H])N([H])C2([H])[H])N([H])C1([H])[H]
16,14,0,[H]N1N=C(N([H])[H])C(N([H])OC([H])([H])[H])N1
18,18,1,[H]OC([H])([H])C([H])([H])N(C(=O)C([H])=O)C([H])([H])[H]
19,18,0,[H]C1=C([H])C([H])([H])N([H])C([H])C([H])([H])C([H])([H])C1=O
17,17,1,[H]C1=C2C([H])(OC([H])([H])C2([H])[H])C(=O)C1([H])[H]
19,19,1,[H]OC1([H])N2C([H])(C1([H])[H])C2([H])C1([H])N([H])C1([H])[H]
18,15,0,
20,20,1,[H]C#CC([H])([H])C#CC(N([H])[H])(C([H])([H])[H])C([H])([H])[H]
17,17,1,[H]N=C1C([H])(O[H])C([H])([H])C12C([H])([H])C2([H])[H]
15,15,1,[H]C1=C([H])C2([H])C([H])(C#N)C2([H])C1([H])[H]
19,19,1,[H]C(=O)C([H])([H])C1([H])C([H])([H])C([H])([H])C1([H])C([H])=O
19,19,1,[H]OC12C([H])([H])C3(C1([H])[H])C([H])(C([H])([H])[H])OC23[H]
17,17,1,[H]C([H])([H])C#CC1([H])OC([H])(C([H])([H])[H])C1=O
21,21,1,[H]C([H])([H])C(=O)C([H])([H])C([H])([H])C1([H])C([H])([H])OC1([H])[H]
20,20,1,[H]N1C2([H])OC1(C([H])([H])[H])C2([H])C1([H])C([H])([H])C1([H])[H]
18,17,0,
13,12,0,
17,17,1,[H]N([H])C([H])(C#N)N(C([H])([H])[H])C([H])([H])C#N
16,16,1,[H]C(=O)C#CC([H])(N([H])[H])C([H])([H])C([H])=O
25,25,1,[H]N1C([H])([H])C1([H])C([H])([H])N([H])C([H])(C([H])([H])[H])C([H])([H])C([H])([H])[H]
18,18,1,[H]C(=O)C12N(C1([H])[H])C1([H])C([H])(C([H])([H])[H])C12[H]
20,19,0,[H]N1C2([H])C(C3(C([H])([H])[H])N([H])C3([H])[H])C([H])([H])C12[H]
19,19,1,[H]OC([H])([H])C12OC1([H])C([H])(OC([H])([H])[H])C2([H])[H]
19,16,0,
16,15,0,
16,16,1,[H]N=C1C(=O)C([H])(O[H])C2([H])C([H])([H])C12[H]
12,12,1,[H]C(=O)n1nnc([H])c([H])c1=O
19,19,1,[H]OC1([H])C([H])(N([H])C(=O)N([H])[H])C1([H])C([H])([H])[H]
18,18,1,[H]N(C([H])([H])[H])C1([H])C2([H])N([H])C1(C#N)C2([H])[H]
16,16,1,[H]N1C([H])([H])C12C1([H])C(=O)C3([H])C1([H])C32[H]
16,15,0,
17,17,1,[H]OC1(C#N)C([H])([H])N2C([H])([H])C([H])([H])C21[H]
20,19,0,[H]C(=O)C([H])(N1C([H])N([H])C1([H])C([H])([H])[H])C([H])([H])[H]
17,17,1,[H]OC1([H])C2([H])C([H])([H])OC3([H])OC2([H])C31[H]
19,19,1,[H]C([H])([H])C12C([H])([H])C1([H])OC21C([H])([H])OC1([H])[H]
15,15,1,[H]OC1([H])C(=O)N([H])C([H])(C#N)C1([H])[H]
18,18,1,[H]C(=NC([H])([H])[H])OC1([H])C(=O)C([H])([H])C1([H])[H]
22,22,1,[H]N([H])C1([H])N2C([H])([H])C([H])([H])C([H])([H])C21N([H])C([H])([H])[H]
16,16,1,[H]Oc1c([H])n([H])c([H])c(C([H])([H])[H])c1=O
20,20,1,[H]C1=C([H])C2(C([H])([H])[H])C(=C([H])C([H])([H])N2[H])C1([H])[H]
16,16,1,[H]C([H])([H])C12C([H])([H])OC1([H])C1([H])OC12[H]
18,18,1,[H]N=C([H])N([H])C([H])([H])C12OC1([H])N([H])C2([H])[H]
19,19,1,[H]N=C1N([H])C([H])([H])C(=O)C1(C([H])([H])[H])C([H])([H])[H]
20,19,0,[H]C([H])([H])C1([H])C([H])(O)C2([H])C([H])([H])OC([H])([H])C12[H]
20,20,1,[H]C([H])([H])OC1([H])N2C([H])([H])C2([H])C1([H])OC([H])([H])[H]
23,23,1,[H]OC1([H])C([H])([H])C([H])([H])C([H])([H])C1(O[H])C([H])([H])C([H])([H])[H]
16,16,1,[H]C1([H])OC2([H])C1=C1OC([H])([H])N1C2([H])[H]
15,15,1,[H]c1c2c(c([H])n1[H])C1([H])OC1([H])N2[H]
21,21,1,[H]OC1([H])C([H])([H])C2([H])N([H])C2([H])C1(N([H])[H])C([H])([H])[H]
16,16,1,[H]C1=C2C([H])([H])C3([H])C2([H])C3([H])C1([H])C#N
19,19,1,[H]OC([H])([H])C1([H])C([H])([H])N2C([H])([H])C([H])([H])C21[H]
23,23,1,[H]OC1([H])C([H])([H])N(C([H])([H])[H])C1(C([H])([H])[H])C([H])([H])N([H])[H]
18,18,1,[H]OC([H])([H])C(C#N)=C([H])C([H])([H])C([H])([H])O[H]
23,23,1,[H]OC1([H])C([H])(C([H])([H])[H])C12C([H])([H])C([H])([H])C2([H])C([H])([H])[H]
21,21,1,[H]C([H])([H])OC1([H])C([H])(C([H])([H])[H])C1([H])C1([H])OC1([H])[H]
16,16,1,[H]N([H])C(=O)C1([H])OC([H])([H])C(=O)C1([H])[H]
17,17,1,[H]C(=O)c1nn([H])c(C([H])([H])[H])c1C([H])([H])[H]
14,14,1,[H]N(c1nnon1)C([H])([H])C([H])([H])[H]
17,17,1,[H]C(=O)C1([H])N([H])C1([H])C(=O)N([H])C([H])([H])[H]
19,19,1,[H]C1([H])OC2([H])C3([H])C([H])([H])C4([H])C3([H])C24C1([H])[H]
18,18,1,[H]C1([H])N2C([H])([H])C2([H])C2(C([H])([H])[H])N1C2([H])[H]
18,18,1,[H]OC1([H])N([H])C2(OC([H])([H])C2([H])[H])C1([H])O[H]
17,17,1,[H]C([H])([H])C12C(=O)C([H])([H])C1([H])C(=O)C2([H])[H]
15,15,1,[H]C(=O)c1c(N([H])C([H])([H])[H])noc1[H]
20,20,1,[H]OC([H])([H])C([H])([H])OC([H])([H])OC([H])=NC([H])([H])[H]
20,19,0,
13,11,0,[H]c1c(O)c(N=N)nn1C([H])([H])[H]
14,14,1,[H]Oc1c([H])n([H])c2oc([H])c([H])c12
21,21,1,[H]C#CC1([H])C([H])([H])C([H])([H])C2([H])C([H])([H])C([H])([H])C12[H]
18,18,1,[H]N1C([H])([H])C([H])([H])C2(N([H])[H])C([H])([H])C12C#N
16,16,1,[H]C(=O)C1([H])C([H])([H])OC12C([H])([H])C2([H])[H]
16,13,0,[H]N=C([H])OC1C(O[H])C([H])N1C([H])([H])[H]
21,21,1,[H]N1C([H])([H])C([H])([H])C([H])([H])C([H])(C#N)C([H])([H])C1([H])[H]
18,18,1,[H]OC([H])(C(=O)C([H])(C([H])=O)N([H])[H])C([H])([H])[H]
18,18,1,[H]N1C([H])([H])C12C([H])([H])C1([H])C3([H])OC2([H])C31[H]
16,16,1,[H]C1=C(C#N)C([H])([H])C(=O)C1([H])C([H])([H])[H]
20,20,1,[H]OC([H])([H])C12N([H])C1([H])C([H])([H])OC2([H])C([H])([H])[H]
19,19,1,[H]C1=C([H])C2([H])N([H])C2(C([H])([H])[H])C([H])([H])C1([H])[H]
19,19,1,[H]C([H])([H])C12C([H])([H])C3([H])OC1([H])C2([H])OC3([H])[H]
20,20,1,[H]C1=C(C(=O)N([H])[H])C(C([H])([H])[H])(C([H])([H])[H])C1([H])[H]
21,19,0,[H]C([H])([H])C1N(C([H])([H])[H])C2([H])C([H])([H])NC([H])([H])C12[H]
22,22,1,[H]OC([H])([H])C([H])([H])C#CC([H])(N([H])C([H])([H])[H])C([H])([H])[H]
13,13,1,[H]N=C([H])n1nc([H])c(=O)nc1[H]
22,22,1,[H]N(C(=O)C([H])(C([H])([H])[H])C([H])([H])[H])C([H])([H])OC([H])([H])[H]
12,11,0,
16,16,1,[H]N1C([H])([H])C1([H])C([H])([H])OC([H])([H])C#N
19,19,1,[H]C1=C([H])C2(N(C([H])([H])[H])C2([H])[H])C2([H])N([H])C12[H]
19,18,0,[H]N1C([H])([H])C1(C([H])([H])C([H])([H])O)C1([H])OC1([H])[H]
24,24,1,[H]C([H])([H])N1C([H])([H])C1(C([H])([H])[H])C([H])([H])OC([H])([H])C([H])([H])[H]
19,19,1,[H]OC([H])([H])C(C#N)(O[H])C([H])([H])C([H])([H])N([H])[H]
18,18,1,[H]OC([H])([H])C1([H])N([H])C(=O)OC1([H])C([H])([H])[H]
16,15,0,
20,20,1,[H]C([H])([H])OC([H])(C([H])([H])[H])C1([H])OC1([H])C([H])([H])[H]
17,17,1,[H]C1([H])OC12C([H])([H])C(=O)C21C([H])([H])C1([H])[H]
17,16,0,[H]OC1(C2([H])C(=O)C([H])N2[H])C([H])([H])C1([H])[H]
19,19,1,[H]C1([H])OC([H])([H])C23OC1([H])C([H])([H])C2([H])C3([H])[H]
18,18,1,[H]C(=O)C1([H])C2([H])C([H])([H])C3([H])N([H])C2([H])C13[H]
16,15,0,[H]OC([H])(C(=O)C1([H])OC1([H])[H])C([H])([H])O
20,20,1,[H]N([H])C(=O)C(=O)C([H])(C([H])([H])[H])C1([H])N([H])C1([H])[H]
17,17,1,[H]C1=NC2([H])N([H])C3([H])C([H])([H])C([H])([H])C23O1
16,14,0,[H]C(=O)C(N([H])[H])C1([H])C([H])([H])NC1([H])[H]
17,16,0,
18,18,1,[H]C#CC([H])([H])C12N3C1([H])C([H])([H])C([H])([H])C32[H]
20,20,1,[H]N=C1C([H])([H])C([H])([H])C([H])([H])C([H])(O[H])C1([H])O[H]
21,21,1,[H]C([H])([H])OC1(C([H])([H])[H])C2([H])C([H])([H])C3([H])C2([H])C31[H]
16,16,1,[H]C1=NC([H])([H])C([H])([H])C([H])([H])C(=O)C1=O
20,20,1,[H]N1C([H])(C([H])([H])[H])C2(C([H])([H])[H])C(=O)C([H])([H])C12[H]
18,18,1,[H]OC12C([H])([H])N3C([H])(OC([H])([H])[H])C1([H])C32[H]
21,21,1,[H]C([H])([H])C1([H])C2([H])C([H])([H])C1(C1([H])OC1([H])[H])C2([H])[H]
12,8,0,
18,18,1,[H]C#CC([H])(N([H])[H])C([H])([H])C(=O)OC([H])([H])[H]
16,16,1,[H]N=C([H])C(=O)C([H])([H])C([H])([H])OC([H])=O
13,13,1,[H]c1nn(C(=O)C([H])([H])[H])nc1[H]
20,19,0,
21,21,1,[H]OC1([H])C2([H])C3([H])C([H])([H])C([H])(C3([H])C([H])([H])[H])C12[H]
25,25,1,[H]C([H])([H])C1([H])C([H])([H])C([H])([H])C2([H])C([H])(C([H])([H])[H])C2([H])C1([H])[H]
24,24,1,[H]OC1([H])C([H])([H])C(C([H])([H])[H])(C([H])([H])N([H])C([H])([H])[H])C1([H])[H]
21,21,1,[H]OC([H])(N([H])C([H])([H])C([H])([H])C#N)C([H])([H])C([H])([H])[H]
21,21,1,[H]ON=C1C([H])([H])C([H])([H])C([H])(C([H])([H])N([H])[H])C1([H])[H]
17,13,0,
16,16,1,[H]C(=O)C([H])([H])N([H])C(C#N)=C([H])N([H])[H]
18,17,0,[H]N([H])C([H])([H])C1N2C([H])([H])C(=O)C1([H])C2([H])[H]
19,19,1,[H]C1=C2C([H])([H])C2([H])C2([H])C3([H])C([H])([H])C1([H])C32[H]
17,17,1,[H]OC1([H])C2([H])C3([H])C([H])=C([H])C3([H])C12O[H]
23,20,0,[H]C([H])N(C([H])([H])OC([H])([H])[H])C1(C([H])([H])[H])C([H])C1([H])[H]
18,18,1,[H]OC12C([H])=C([H])C([H])(N1[H])C([H])([H])OC2([H])[H]
16,16,1,[H]C#CC1(N([H])C([H])=O)C([H])([H])C1([H])O[H]
20,20,1,[H]C1=C([H])C(N([H])[H])(C([H])([H])[H])C(=O)C1([H])C([H])([H])[H]
23,22,0,
18,18,1,[H]OC([H])([H])C([H])([H])C([H])([H])c1nc([H])oc1[H]
19,19,1,[H]OC12C([H])([H])C([H])([H])C3([H])OC([H])([H])C1([H])C32[H]
21,21,1,[H]OC([H])([H])C1([H])N(C([H])([H])[H])C([H])([H])C2([H])N([H])C12[H]
20,20,1,[H]OC([H])([H])C([H])([H])N([H])C1([H])C(=O)C([H])([H])C1([H])[H]
19,19,1,[H]C([H])([H])C1([H])N2C3([H])C2([H])C2(C([H])([H])[H])N1C32[H]
19,19,1,[H]C1=NC([H])([H])N([H])C2(C([H])([H])[H])C([H])([H])OC12[H]
17,17,1,[H]OC([H])([H])C([H])(O[H])C([H])([H])C(=O)C([H])=O
11,7,0,
21,21,1,[H]N1C([H])([H])C([H])([H])C12N(C([H])([H])[H])C([H])([H])OC2([H])[H]
21,21,1,[H]C(=O)C([H])([H])C([H])([H])C1([H])OC([H])([H])C1([H])C([H])([H])[H]
16,14,0,[H]C([H])([H])C1([H])C23NNN2C2([H])C3([H])C21[H]
15,15,1,[H]C#CC1([H])N([H])C1([H])C#CC([H])([H])[H]
19,19,1,[H]C1=C([H])C2([H])OC1([H])OC2([H])C([H])([H])C([H])([H])[H]
21,21,1,[H]C([H])([H])C([H])([H])C([H])([H])C(=O)OC1([H])C([H])([H])C1([H])[H]
16,16,1,[H]N=C1C(=O)C(N([H])[H])(C([H])([H])[H])N=C1[H]
15,15,1,[H]C#CC1([H])C2([H])N([H])C1(C#N)C2([H])[H]
20,20,1,[H]OC12C([H])([H])C3(C([H])([H])[H])C1([H])N([H])C([H])([H])C23[H]
19,17,0,[H]N=C1C([H])C([H])(C([H])([H])[H])C2([H])NC12C([H])([H])[H]
17,17,1,[H]N1C(=O)N([H])C2(C([H])([H])[H])OC2([H])C1([H])[H]
23,23,1,[H]OC([H])([H])C1([H])C(C([H])([H])[H])=C([H])C1(C([H])([H])[H])C([H])([H])[H]
19,19,1,[H]OC1([H])C2([H])N([H])C2([H])C12N([H])C([H])([H])C2([H])[H]
13,13,1,[H]c1nnn(C(=O)OC([H])([H])[H])n1
17,17,1,[H]C([H])([H])C12C3([H])OC14C([H])([H])OC4([H])C32[H]
25,25,1,[H]C([H])([H])C([H])([H])C([H])([H])C([H])([H])C1([H])OC([H])([H])C1([H])C([H])([H])[H]
18,18,1,[H]N=C1C([H])(C([H])([H])[H])OC1([H])C([H])([H])C([H])=O
12,12,1,[H]C([H])([H])Oc1nonnc1=O
18,18,1,[H]N1C2([H])C([H])([H])OC34C([H])([H])C3([H])C2([H])C14[H]
15,15,1,[H]c1nn2c([H])c([H])c([H])c([H])c2c1[H]
13,11,0,[H]OC1C(=O)C(O[H])C([H])([H])C1=O
16,16,1,[H]C([H])([H])C([H])([H])C1=NC([H])([H])C([H])([H])O1
16,16,1,[H]N=C(OC([H])([H])[H])N([H])C(=O)C([H])([H])[H]
17,17,1,[H]N([H])C(C#N)(N([H])C([H])([H])[H])C([H])([H])C#N
15,15,1,[H]C#CC1=C([H])N([H])C2([H])C([H])([H])C12[H]
18,17,0,
17,17,1,[H]C([H])([H])C1([H])C(C#N)(C#N)C1([H])C([H])([H])[H]
14,14,1,[H]c1c2nc([H])n([H])nc-2c([H])c1[H]
18,18,1,[H]C#CC12C([H])([H])C([H])([H])C1([H])C2([H])C([H])([H])[H]
18,18,1,[H]C1([H])OC2([H])N(C1([H])[H])C([H])([H])C1([H])OC21[H]
14,14,1,[H]Oc1c([H])onnc1=NC([H])([H])[H]
20,20,1,[H]OC12C([H])([H])C3([H])N([H])C1([H])C2([H])C([H])([H])C3([H])[H]
17,17,1,[H]N([H])C(=O)C1([H])C([H])([H])C1([H])OC([H])([H])[H]
21,21,1,[H]OC([H])([H])C12OC([H])(C([H])([H])C1([H])C([H])([H])[H])C2([H])[H]
14,14,1,[H]N=C1C2=NC([H])([H])C([H])=C2C1([H])[H]
19,19,1,[H]OC12C3([H])C([H])([H])C4([H])C([H])([H])C1([H])C2([H])C43[H]
16,16,1,[H]Oc1nc([H])n(C2([H])C([H])([H])C2([H])[H])n1
19,19,1,[H]N=C1N([H])C2([H])C([H])(C([H])([H])[H])C12C([H])([H])O[H]
18,18,1,[H]OC([H])([H])C([H])([H])C1([H])OC([H])([H])C1([H])O[H]
16,16,1,[H]C(=O)OC1(C#N)C([H])([H])C1([H])C([H])([H])[H]
23,23,1,[H]C([H])([H])C1([H])C2([H])OC([H])([H])C([H])([H])C2([H])C1([H])C([H])([H])[H]
19,19,1,[H]N([H])C(=C=O)C([H])([H])C1([H])N([H])C1([H])C([H])([H])[H]
19,19,1,[H]C([H])([H])C1=NC([H])([H])C([H])([H])C([H])([H])C([H])([H])O1
17,17,1,[H]C(=O)OC1([H])C([H])=C([H])C([H])([H])OC1([H])[H]
19,19,1,[H]OC([H])([H])C1([H])C([H])([H])C([H])([H])C1([H])OC([H])=O
17,17,1,[H]N([H])C1([H])C([H])([H])OC(=O)C12N([H])C2([H])[H]
22,22,1,[H]C([H])([H])C([H])([H])C1([H])OC([H])(C([H])([H])[H])C2([H])N1C2([H])[H]
16,16,1,[H]C(=O)C([H])([H])OC1([H])C([H])([H])C1([H])C#N
18,18,1,[H]OC1([H])C([H])(OC(=O)N([H])[H])C1([H])C([H])([H])[H]
19,19,1,[H]N1C([H])([H])C(=O)C([H])([H])C2([H])N([H])C2([H])C1([H])[H]
19,18,0,[H]OC1(C([H])([H])O)C([H])([H])C2([H])N([H])C21C([H])([H])[H]
20,20,1,[H]C1=C([H])C([H])(C([H])([H])C#N)C([H])(C([H])([H])[H])C1([H])[H]
15,15,1,[H]C(=O)OC1([H])C(=O)OC([H])([H])C1([H])[H]
21,21,1,[H]N([H])C([H])([H])C12N3C([H])([H])C1(C([H])([H])[H])C32C([H])([H])[H]
17,17,1,[H]C#CC1=C([H])C([H])([H])C1([H])C([H])([H])N([H])[H]
14,14,1,[H]c1nc2n([H])c([H])nn2c1N([H])[H]
17,17,1,[H]C#CC1([H])N2C([H])([H])C(=N[H])C1([H])C2([H])[H]
15,15,1,[H]C([H])([H])OC1([H])C([H])([H])OC1([H])C#N
17,17,1,[H]C1=C([H])C2([H])C3([H])C([H])([H])C(=O)C1([H])C23[H]
14,14,1,[H]C(=O)C1([H])N([H])C1([H])C([H])([H])C#N
14,14,1,[H]C#CC(=O)OC([H])([H])C([H])([H])O[H]
18,18,1,[H]C([H])([H])OC([H])([H])C([H])(C#N)C(=O)C([H])([H])[H]
17,17,1,[H]N1C([H])([H])C23C([H])([H])C(=O)C2([H])N([H])C13[H]
19,19,1,[H]N1C(=O)C2(N(C([H])([H])[H])C([H])([H])[H])C([H])([H])C12[H]
19,19,1,[H]C(=O)C([H])([H])C12N([H])C1([H])N(C([H])([H])[H])C2([H])[H]
14,14,1,[H]OC12C(=O)N3C([H])=C([H])C1([H])C32[H]
19,19,1,[H]C([H])([H])N1C2([H])C(=O)C([H])([H])N2C([H])([H])C1([H])[H]
22,22,1,[H]C(=O)C1([H])C([H])([H])N(C([H])([H])[H])C1([H])C([H])([H])C([H])([H])[H]
13,11,0,
23,23,1,[H]OC12C([H])([H])C1([H])C([H])([H])C2([H])C([H])(C([H])([H])[H])C([H])([H])[H]
11,9,0,[H]C1=c2onnc2=NNC1[H]
19,19,1,[H]OC([H])(N(C([H])([H])[H])C([H])([H])[H])C1([H])OC1([H])[H]
21,21,1,[H]OC1([H])C([H])([H])C([H])([H])C2(C1([H])[H])C([H])([H])C2([H])O[H]
18,18,1,[H]C([H])([H])N=C1C(=O)OC([H])([H])C([H])([H])C1([H])[H]
15,11,0,
12,8,0,
14,14,1,[H]c1nn([H])c(=O)c(C([H])([H])[H])c1F
16,16,1,[H]N=C1OC2([H])C([H])([H])C3([H])OC1([H])C23[H]
23,23,1,[H]C(=NC([H])([H])[H])OC([H])([H])C([H])([H])C([H])([H])N([H])C([H])([H])[H]
16,16,1,[H]C1=NC([H])([H])C(C#N)(N([H])[H])C([H])=C1[H]
23,23,1,[H]C([H])([H])OC([H])([H])C([H])(OC1([H])C([H])([H])C1([H])[H])C([H])([H])[H]
24,24,1,[H]N1C([H])(C([H])([H])C([H])([H])C([H])([H])[H])C12C([H])([H])C2([H])C([H])([H])[H]
16,16,1,[H]c1nc(N([H])C([H])([H])C([H])([H])[H])oc1[H]
23,23,1,[H]C(=O)OC([H])(C([H])([H])[H])C([H])(C([H])([H])[H])C([H])([H])C([H])([H])[H]
20,20,1,[H]N=C([H])C([H])(C#N)C([H])([H])N(C([H])([H])[H])C([H])([H])[H]
15,15,1,[H]C(=O)N([H])C(=O)C1([H])N=C([H])C1([H])[H]
16,16,1,[H]C#CC1([H])OC([H])(C([H])([H])[H])C1([H])C#N
21,21,1,[H]C([H])([H])C12C3([H])C([H])([H])C([H])([H])C3([H])C3([H])C1([H])C32[H]
20,20,1,[H]C([H])([H])C(=O)C1([H])C([H])(C([H])([H])[H])C1([H])C([H])([H])[H]
17,17,1,[H]C1=NC2([H])OC3([H])C([H])(C([H])([H])[H])N1C23[H]
20,20,1,[H]N(C([H])([H])[H])C1([H])C([H])([H])N([H])C2([H])C([H])([H])C12[H]
22,22,1,[H]C([H])([H])C([H])([H])C([H])([H])C1([H])C2([H])N3C([H])(C2([H])[H])C31[H]
19,19,1,[H]C([H])([H])C1([H])OC2([H])C3([H])OC1([H])C([H])([H])C23[H]
13,13,1,[H]OC1([H])C([H])([H])C1([H])OC([H])=O
17,17,1,[H]c1nc2n(c1[H])C1([H])C([H])([H])C1([H])C2([H])[H]
19,19,1,[H]OC1([H])N([H])C2([H])N(C([H])=C([H])C2([H])[H])C1([H])[H]
19,19,1,[H]N1C([H])([H])C1([H])C12C([H])([H])C([H])([H])C1([H])C2([H])[H]
17,16,0,
17,17,1,[H]C(=O)OC([H])([H])C([H])([H])C([H])([H])OC([H])=O
19,19,1,[H]C([H])([H])C1(C([H])([H])[H])C2([H])OC(=O)C1([H])C2([H])[H]
20,20,1,[H]C1=C(N([H])C([H])([H])[H])C2(C([H])([H])[H])C([H])([H])OC12[H]
17,17,1,[H]C(=O)C([H])([H])C1(C#N)N([H])C([H])([H])C1([H])[H]
14,14,1,[H]Oc1nonc1C([H])([H])C([H])([H])[H]
22,19,0,[H]C([H])([H])C(NO)N(C([H])([H])[H])C([H])(C([H])([H])[H])C([H])([H])[H]
20,20,1,[H]N1C(C2([H])N(C([H])([H])[H])C2([H])[H])=NC([H])([H])C1([H])[H]
13,12,0,
22,22,1,[H]C([H])([H])OC([H])([H])N(C(=O)C([H])([H])C([H])([H])[H])C([H])([H])[H]
23,23,1,[H]N(C(=NC([H])([H])[H])C([H])([H])[H])C([H])(OC([H])([H])[H])C([H])([H])[H]
19,19,1,[H]C1=C(C([H])([H])[H])C(C([H])([H])[H])=C([H])C([H])([H])C1=O
18,18,1,[H]C1=C([H])C([H])(C([H])([H])[H])C2([H])OC2([H])C1([H])[H]
14,14,1,[H]C1=NC2(OC2([H])[H])C(=O)C([H])=C1[H]
21,21,1,[H]C(=O)C1([H])C([H])(C([H])([H])[H])OC1(C([H])([H])[H])C([H])([H])[H]
17,16,0,[H]C(=O)C1C([H])=C([H])C([H])=C([H])C([H])([H])N1[H]
21,21,1,[H]C(=O)C12C([H])([H])C1([H])C2([H])C([H])([H])C([H])([H])C([H])([H])[H]
13,13,1,[H]C(=O)C1([H])N=C(C#N)C([H])=C1[H]
20,20,1,[H]N1C([H])([H])N(C([H])([H])C([H])([H])C#N)C([H])([H])C1([H])[H]
13,13,1,[H]c1nc2nc(N([H])[H])n([H])c2o1
17,17,1,[H]N=C1C([H])(C([H])([H])O[H])C2([H])C([H])([H])C12[H]
14,14,1,[H]C#CC12OC(=N[H])C1([H])OC2([H])[H]
18,18,1,[H]C(=O)N1C([H])(OC([H])([H])[H])C2([H])C([H])([H])C12[H]
18,18,1,[H]OC1([H])C(=O)C([H])([H])N2C([H])([H])C1([H])C2([H])[H]
16,16,1,[H]C#CC(=O)N1C([H])=C([H])C([H])([H])C1([H])[H]
19,16,0,[H]N=C([H])n1nc([H])c([H])c1C([H])[H]
19,19,1,[H]OC1([H])C2([H])C([H])=C([H])C1([H])C(C([H])([H])[H])=C2[H]
17,17,1,[H]OC12C([H])([H])C1([H])C1([H])C3([H])OC3([H])C12[H]
20,20,1,[H]OC([H])([H])C([H])([H])C1([H])OC([H])([H])C([H])([H])N=C1[H]
16,15,0,[H]C1N2N3C2([H])C([H])([H])C1([H])C31OC1([H])[H]
20,20,1,[H]OC([H])([H])C1([H])C([H])(O[H])C2(C([H])([H])[H])N([H])C12[H]
13,13,1,[H]C(=O)C12C(=O)OC1([H])OC2([H])[H]
21,21,1,[H]OC([H])([H])C12OC1([H])C([H])([H])C2([H])C([H])([H])C([H])([H])[H]
16,16,1,[H]N1C2=C(C([H])([H])[H])C(=O)OC2([H])C1([H])[H]
18,18,1,[H]OC1([H])C([H])([H])C12OC1([H])C([H])([H])N([H])C12[H]
20,20,1,[H]N([H])C([H])([H])C([H])([H])C1([H])N2C([H])([H])C2([H])C1([H])[H]
11,9,0,
17,17,1,[H]C(=O)C1(C([H])([H])C#CC([H])([H])[H])OC1([H])[H]
17,17,1,[H]OC1([H])N2C([H])([H])C3([H])C([H])([H])C2([H])C13[H]
14,12,0,
16,15,0,[H]OC1C([H])([H])C23C([H])=C([H])C12C([H])=C3[H]
18,18,1,[H]C(=O)C1=C(N([H])C([H])([H])[H])C([H])([H])C([H])=C1[H]
20,20,1,[H]C(=O)C([H])([H])C([H])([H])C1([H])OC1([H])N([H])C([H])([H])[H]
18,17,0,[H]N1C2C([H])([H])C([H])([H])C2([H])C2([H])C([H])([H])C12[H]
18,18,1,[H]OC1([H])C2([H])N3C([H])([H])OC2([H])C1([H])C3([H])[H]
18,18,1,[H]C1([H])OC2([H])N3C1([H])C([H])([H])C1([H])C3([H])C21[H]
19,19,1,[H]N([H])C([H])([H])C12OC3([H])C([H])([H])N(C1([H])[H])C32[H]
17,17,1,[H]OC1([H])C([H])([H])C2([H])C([H])(O[H])C12C([H])=O
20,20,1,[H]OC([H])(C([H])([H])[H])C([H])([H])N(C([H])([H])[H])C([H])([H])[H]
17,17,1,[H]C([H])([H])C12OC1([H])C1([H])C([H])([H])C(=O)C12[H]
19,19,1,[H]C#CC([H])(O[H])C([H])([H])C([H])(C([H])=O)C([H])([H])[H]
18,18,1,[H]OC1([H])N(C([H])=O)C2([H])C([H])([H])C12C([H])([H])[H]
21,21,1,[H]C([H])([H])OC1([H])C([H])([H])C2([H])OC([H])(C([H])([H])[H])C12[H]
16,16,1,[H]N=C1OC23C([H])([H])C([H])=C([H])C12C3([H])[H]
18,18,1,[H]OC1([H])C2([H])N3C([H])([H])C([H])(OC2([H])[H])C31[H]
19,19,1,[H]OC([H])(C([H])=O)C([H])(C([H])=O)C([H])([H])C([H])([H])[H]
12,12,1,[H]N=c1onc(C#N)c([H])c1[H]
16,15,0,[H]OC([H])([H])c1c(C([H])([H])O)c([H])nn1[H]
12,12,1,[H]N1C([H])(C#N)C1([H])C([H])([H])[H]
14,14,1,[H]N1N2C(=O)C([H])(C([H])([H])[H])OC12[H]
15,15,1,[H]Oc1c(C(=O)N([H])[H])c([H])n([H])c1[H]
21,21,1,[H]C1=C([H])C([H])([H])C([H])([H])C([H])([H])N(C([H])([H])[H])C1([H])[H]
13,9,0,
23,23,1,[H]C([H])([H])C([H])([H])C([H])([H])C([H])([H])C1([H])C(=O)C([H])([H])C1([H])[H]
15,15,1,[H]Oc1nnc(N([H])[H])c(C([H])([H])[H])n1
17,17,1,[H]C(=O)C1=C([H])C([H])(C([H])([H])[H])C([H])([H])N1[H]
17,17,1,[H]N1C([H])([H])C2([H])C([H])(OC([H])([H])[H])C12C#N
15,15,1,[H]c1noc(N([H])C([H])([H])C([H])([H])[H])n1
13,13,1,[H]C#CC1=NC([H])([H])C(=O)C1([H])[H]
12,12,1,[H]N=C(C#N)C([H])([H])OC([H])=O
19,19,1,[H]OC12C([H])([H])C1([H])C([H])([H])OC21C([H])([H])C1([H])[H]
17,17,1,[H]C([H])([H])C12C([H])([H])C3([H])N4C3([H])C1([H])C42[H]
15,15,1,[H]C#CC1=C([H])C2([H])OC1([H])OC2([H])[H]
15,14,0,
24,24,1,[H]OC1([H])C([H])(C([H])([H])[H])N([H])C([H])([H])C1([H])C([H])([H])C([H])([H])[H]
21,21,1,[H]C([H])([H])C([H])([H])C([H])([H])C1([H])C2([H])C(=O)C1([H])C2([H])[H]
23,23,1,[H]C([H])([H])C([H])([H])C([H])([H])C1([H])C2([H])OC([H])([H])C([H])([H])C21[H]
15,9,0,[H]OC1C([H])C([H])C([H])C([H])C1N([H])[H]
20,20,1,[H]C([H])([H])OC([H])([H])C12N3C([H])(C([H])([H])C1([H])[H])C32[H]
19,19,1,[H]C1=C2OC([H])([H])C([H])(C([H])([H])[H])C2([H])OC1([H])[H]
16,16,1,[H]C([H])([H])C12C([H])([H])OC3(C#N)C1([H])C32[H]
21,21,1,[H]C1=C([H])C2([H])C([H])([H])C3(C([H])([H])[H])C([H])(C1([H])[H])C23[H]
14,14,1,[H]c1nc(N([H])[H])c([H])c(=O)c([H])n1
16,16,1,[H]N([H])C1([H])C(=O)N2C3([H])N([H])C1([H])C23[H]
20,20,1,[H]OC1([H])N([H])C2([H])C1([H])OC([H])([H])C2([H])C([H])([H])[H]
22,22,1,[H]C([H])([H])C1=NC([H])([H])C([H])([H])OC([H])([H])C1([H])C([H])([H])[H]
19,19,1,[H]N([H])C(=O)OC1([H])N(C([H])([H])[H])C([H])([H])C1([H])[H]
20,20,1,[H]N1C2([H])C3([H])OC([H])(C([H])([H])[H])C([H])([H])C3([H])C12[H]
18,18,1,[H]C(=O)C([H])([H])C([H])([H])C([H])([H])C#CC([H])([H])[H]
16,16,1,[H]N1C([H])([H])C(=O)N2C([H])([H])C([H])([H])C12[H]
20,20,1,[H]C(=O)C([H])([H])C([H])([H])C([H])(C#CC([H])([H])[H])N([H])[H]
15,15,1,[H]N=C1OC2([H])C(=O)C([H])(N1[H])C2([H])[H]
12,12,1,[H]N=c1c(F)c([H])nc(F)n1[H]
20,20,1,[H]OC([H])([H])C([H])([H])C1([H])N(C([H])=O)C([H])([H])C1([H])[H]
18,18,1,[H]N1C(=O)C2(C([H])([H])[H])OC([H])([H])C1([H])C2([H])[H]
16,16,1,[H]C([H])([H])c1onnc1C([H])([H])C([H])([H])[H]
12,12,1,[H]OC12C3([H])N4C3([H])C1([H])C42[H]
15,15,1,[H]C(=O)N1C2([H])C([H])([H])C([H])(C#N)C12[H]
19,17,0,[H]OC([H])([H])C([H])(O)C(C([H])=NC([H])([H])[H])N([H])[H]
20,20,1,[H]N=C1C(=NC([H])([H])[H])C(C([H])([H])[H])(C([H])([H])[H])N1[H]
15,15,1,[H]OC([H])(C#N)C1(C#N)C([H])([H])C1([H])[H]
23,23,1,[H]N1C([H])([H])C1(C([H])([H])[H])C1([H])N(C([H])([H])C([H])([H])[H])C1([H])[H]
18,18,1,[H]C#CC1([H])C([H])([H])OC2([H])C([H])([H])C12N([H])[H]
19,18,0,
23,23,1,[H]OC([H])(C([H])([H])[H])C1([H])C2([H])C([H])([H])C21C([H])([H])C([H])([H])[H]
17,17,1,[H]C#CC([H])([H])C1(C#N)C([H])([H])C1([H])N([H])[H]
15,15,1,[H]C1=C([H])C([H])([H])C([H])([H])N2OC12C#N
18,18,1,[H]C#CC([H])([H])C12C([H])([H])C3([H])N([H])C1([H])C32[H]
21,21,1,[H]OC([H])([H])C([H])([H])C12C([H])([H])C([H])=C([H])C1([H])C2([H])[H]
21,21,1,[H]N1C2([H])N(C3([H])C([H])([H])C3([H])[H])C([H])(C([H])([H])[H])C12[H]
15,9,0,[H]OC1C([H])C([H])C([H])C(N([H])[H])C1F
21,21,1,[H]N([H])C([H])([H])C1([H])C([H])([H])C([H])(OC([H])([H])[H])C1([H])[H]
16,15,0,[H]N1C2C([H])(C#N)C([H])([H])OC2([H])C1([H])[H]
16,16,1,[H]OC1([H])C(C([H])=O)=C([H])C([H])([H])C1([H])[H]
15,15,1,[H]C#Cc1c([H])oc(N([H])[H])c1N([H])[H]
16,16,1,[H]C#CN([H])C([H])(C#N)C([H])([H])C([H])([H])[H]
13,13,1,[H]c1noc(C(=O)C([H])([H])[H])c1[H]
19,19,1,[H]OC([H])([H])C1=C([H])C([H])([H])C2([H])C([H])([H])C12O[H]
19,19,1,[H]C1([H])C(=O)C2([H])N1N(C([H])([H])C([H])([H])[H])C2([H])[H]
22,22,1,[H]N1C2([H])C([H])([H])C3(C([H])([H])C([H])([H])[H])C1([H])C([H])([H])C23[H]
25,25,1,[H]N=C(N([H])C([H])([H])C([H])([H])C([H])([H])C([H])([H])C([H])([H])[H])C([H])([H])[H]
18,18,1,[H]OC12N3C([H])([H])C(O[H])(C31[H])C2([H])C([H])([H])[H]
22,22,1,[H]N(C([H])([H])[H])C1(C([H])([H])[H])C([H])([H])C(=O)C([H])([H])C1([H])[H]
17,17,1,[H]N1C2([H])C([H])(C([H])([H])C#N)C3([H])C1([H])C23[H]
20,20,1,[H]N1C([H])([H])C12C([H])([H])C(=O)C([H])(C([H])([H])[H])C2([H])[H]
17,17,1,[H]OC([H])([H])C([H])([H])OC([H])(C#N)C([H])([H])[H]
13,12,0,[H]C(=O)C1OC([H])(C([H])([H])[H])C1=O
17,17,1,[H]N1C2(C#N)C3([H])C([H])([H])C2([H])C13C([H])([H])[H]
21,21,1,[H]C([H])([H])C1([H])OC(C([H])([H])[H])(C([H])([H])[H])C2([H])OC12[H]
17,17,1,[H]C#CC1(C([H])([H])C([H])=O)C([H])([H])C1([H])O[H]
18,18,1,[H]OC([H])([H])C12C3([H])C([H])=C([H])C1([H])C2([H])N3[H]
23,23,1,[H]OC1([H])C([H])([H])C([H])=C([H])C([H])(C([H])([H])C([H])([H])[H])C1([H])[H]
20,20,1,[H]c1c([H])c(C([H])([H])N([H])C([H])([H])[H])n([H])c1N([H])[H]
12,12,1,[H]C#Cc1onc(N([H])[H])c1[H]
18,17,0,
15,15,1,[H]N=C1OC([H])([H])C1([H])C([H])(C#N)O[H]
19,19,1,[H]C1=C([H])C([H])([H])C([H])=C([H])C([H])(C([H])([H])[H])C1=O
17,17,1,[H]OC1([H])C2([H])OC3([H])C2([H])C2([H])C1([H])C32[H]
13,13,1,[H]C#Cc1c(O[H])c([H])n([H])c1[H]
16,16,1,[H]c1nc(C([H])([H])N([H])C([H])([H])[H])c([H])o1
17,17,1,[H]c1noc([H])c1C1(N([H])[H])C([H])([H])C1([H])[H]
17,17,1,[H]N=C1C([H])=C([H])N(C([H])([H])[H])C(=O)C1([H])[H]
17,17,1,[H]C#CC1=C([H])C([H])([H])C(=O)C1([H])C([H])([H])[H]
15,15,1,[H]C1([H])C2([H])N3C4([H])C3([H])C1(C#N)C24[H]
21,21,1,[H]C([H])([H])C([H])([H])N1C([H])([H])C1(C#N)C([H])([H])C([H])([H])[H]
17,17,1,[H]N=C(C#N)N([H])C(=NC([H])([H])[H])C([H])([H])[H]
14,14,1,[H]C#CC(=C([H])OC([H])=O)C([H])([H])[H]
20,20,1,[H]OC1([H])C2([H])N([H])C2(C([H])([H])[H])C12C([H])([H])C2([H])[H]
22,22,1,[H]N1C([H])([H])OC([H])([H])C([H])([H])C2([H])C([H])([H])C12C([H])([H])[H]
20,20,1,[H]C1=C2C([H])(C([H])([H])[H])OC([H])([H])C2([H])C([H])([H])N1[H]
14,10,0,
14,14,1,[H]N([H])c1nn([H])c2c1OC([H])([H])O2
18,18,1,[H]N1C([H])([H])C2([H])C13OC1([H])C([H])(C3([H])[H])C12[H]
17,17,1,[H]C1=NC(N([H])[H])=NC2([H])N([H])C([H])([H])C12[H]
25,25,1,[H]C([H])([H])C1([H])OC([H])([H])C([H])([H])C([H])([H])C1(C([H])([H])[H])C([H])([H])[H]
19,19,1,[H]C([H])([H])C(=O)OC#CC([H])([H])C([H])([H])C([H])([H])[H]
20,20,1,[H]OC([H])(C(=O)C([H])([H])[H])C1([H])N(C([H])([H])[H])C1([H])[H]
17,17,1,[H]c1nc(C2([H])C([H])([H])C2([H])[H])oc1N([H])[H]
18,17,0,[H]C(=O)C(=O)N(C([H])N([H])[H])C([H])([H])C([H])([H])[H]
16,16,1,[H]c1oc([H])c(C([H])([H])OC([H])([H])[H])c1[H]
19,19,1,[H]OC([H])([H])C1([H])C(=O)C([H])(O[H])C1([H])C([H])([H])[H]
19,19,1,[H]C1=C([H])C([H])([H])C2([H])OC([H])(C([H])([H])[H])C2=C1[H]
16,16,1,[H]N=C([H])OC1([H])C2([H])OC([H])([H])OC12[H]
16,16,1,[H]OC1(C#N)C([H])(N([H])[H])C2([H])N([H])C12[H]
19,19,1,[H]C([H])([H])C12C([H])([H])C1([H])C([H])([H])N1C([H])([H])C12[H]
19,19,1,[H]C#CC([H])(O[H])C([H])([H])C1([H])OC([H])([H])C1([H])[H]
15,15,1,[H]OC12C(=O)C3([H])N([H])C1([H])C32N([H])[H]
23,23,1,[H]C([H])([H])OC([H])([H])C(C([H])([H])[H])(C([H])([H])[H])C1([H])OC1([H])[H]
19,19,1,[H]N(C(=O)C([H])([H])C([H])([H])[H])C([H])([H])C([H])([H])C#N
17,17,1,[H]C(=O)C1([H])C([H])([H])N2C([H])([H])C1([H])C2([H])[H]
15,15,1,[H]N=c1nc([H])c([H])c(C([H])([H])O[H])o1
18,18,1,[H]OC1([H])C([H])=NC2([H])C([H])([H])C12OC([H])([H])[H]
19,19,1,[H]C1=C([H])C(C([H])([H])[H])(C2([H])OC2([H])[H])OC1([H])[H]
17,17,1,[H]C#CC12OC([H])([H])C1([H])C2([H])C([H])([H])O[H]
23,23,1,[H]C1=C([H])C([H])(C([H])([H])[H])C2(C([H])([H])[H])C([H])([H])C1([H])C2([H])[H]
20,17,0,[H]C(=O)C([H])C([H])(O)C1([H])C([H])([H])C1([H])C([H])([H])[H]
17,16,0,[H]OC1([H])C([H])([H])C([H])(O)C1([H])C(=O)N([H])[H]
18,18,1,[H]C#CC1([H])OC(=N[H])C([H])(C([H])([H])[H])C1([H])[H]
15,14,0,[H]C(=O)C12C([H])N3C4([H])C3([H])C1([H])C24[H]
17,17,1,[H]N1C([H])(C([H])([H])[H])C(=O)C2([H])C([H])([H])C12[H]
20,20,1,[H]C([H])([H])N1C2([H])C3([H])OC2([H])C1(C([H])([H])[H])C3([H])[H]
18,18,1,[H]OC1([H])C([H])([H])C23OC1([H])C2([H])N([H])C3([H])[H]
17,17,1,[H]OC12C3([H])OC1([H])C1([H])C3([H])C12C([H])([H])[H]
15,15,1,[H]OC([H])([H])c1nc([H])nnc1N([H])[H]
16,16,1,[H]N1C2([H])C([H])([H])C3([H])OC(=O)C3([H])C12[H]
19,19,1,[H]N1C([H])([H])C12C1([H])N(C1([H])[H])C1([H])C([H])([H])C12[H]
21,21,1,[H]C([H])([H])C([H])([H])C12C3([H])C4([H])C1([H])C4(C([H])([H])[H])C32[H]
18,18,1,[H]OC([H])([H])C#CC1([H])N2C([H])([H])C2([H])C1([H])[H]
23,23,1,[H]N1C([H])(C([H])([H])[H])C1([H])C([H])(N1C([H])([H])C1([H])[H])C([H])([H])[H]
17,17,1,[H]C([H])([H])C12C(=O)C([H])(C1([H])[H])C1([H])OC12[H]
17,17,1,[H]OC1([H])C([H])([H])C([H])(C([H])([H])[H])C1([H])C#N
15,14,0,[H]N1C2=NONC2([H])C2([H])C([H])([H])C12[H]
19,19,1,[H]N=C1N([H])C2(C1([H])C([H])([H])[H])C1([H])C([H])([H])C12[H]
13,13,1,[H]OC1([H])C2([H])C([H])=C(C#N)C12[H]
20,20,1,[H]N1C([H])([H])C([H])([H])C12C(=O)C([H])([H])C([H])([H])C2([H])[H]
14,14,1,[H]c1onnc1N([H])C(=O)C([H])([H])[H]
20,20,1,[H]C([H])([H])C([H])([H])C([H])([H])C([H])(C#N)C1([H])OC1([H])[H]
16,16,1,[H]C#CC([H])([H])C12C(=O)N([H])C1([H])C2([H])[H]
15,15,1,[H]OC1([H])C([H])([H])C1([H])C([H])([H])C([H])=O
18,18,1,[H]C1=NC([H])([H])C2([H])N1C(=NC([H])([H])[H])C2([H])[H]
16,16,1,[H]C#CC12C3([H])N([H])C1([H])C1([H])C3([H])C12[H]
23,23,1,[H]C([H])([H])C1([H])C([H])([H])C2([H])OC1(C([H])([H])[H])C2([H])C([H])([H])[H]
18,18,1,[H]c1oc([H])c(C2([H])N(C([H])([H])[H])C2([H])[H])c1[H]
16,16,1,[H]C#CC([H])([H])N(C([H])=O)C(=O)C([H])([H])[H]
17,16,0,[H]N=C1OC([H])([H])C([H])([H])C2([H])C1OC2([H])[H]
15,12,0,
14,14,1,[H]c1nn(C([H])([H])C([H])([H])[H])nc1[H]
16,12,0,
11,9,0,[H]C1=NNC(N([H])[H])N=C1[H]
17,17,1,[H]c1nn(C([H])([H])[H])c([H])c1N([H])C([H])([H])[H]
14,14,1,[H]OC([H])(C#N)C1([H])N([H])C1([H])C#N
15,15,1,[H]Oc1nc([H])c(C([H])=O)n1C([H])([H])[H]
16,16,1,[H]C#CC1(OC([H])=O)N([H])C1([H])C([H])([H])[H]
21,21,1,[H]C([H])(C#N)N1C([H])(C([H])([H])[H])C1(C([H])([H])[H])C([H])([H])[H]
17,17,1,[H]C(=O)OC1([H])OC([H])([H])C([H])=C1C([H])([H])[H]
18,18,1,[H]OC1(C([H])([H])[H])C(=O)N([H])C([H])([H])OC1([H])[H]
16,16,1,[H]N=C1C([H])=C([H])C2([H])C(=O)C([H])([H])C12[H]
23,22,0,
19,19,1,[H]OC([H])(C([H])([H])[H])C1(C([H])=O)N([H])C([H])([H])N1[H]
22,22,1,[H]N1C2([H])C3([H])C([H])([H])C2([H])C1(C([H])([H])C([H])([H])[H])C3([H])[H]
18,18,1,[H]C(=O)C([H])([H])OC([H])([H])C1=C([H])N([H])C1([H])[H]
17,16,0,
19,19,1,[H]C(=O)C1([H])C([H])([H])C1([H])OC([H])([H])OC([H])([H])[H]
19,19,1,[H]OC12C3([H])OC([H])([H])C1([H])C([H])(C([H])([H])[H])C32[H]
17,16,0,
16,16,1,[H]OC1([H])C(=O)C([H])(OC([H])([H])[H])C1([H])[H]
20,20,1,[H]OC([H])([H])C([H])(OC([H])([H])[H])C1=NC([H])([H])C1([H])[H]
14,14,1,[H]C(=O)C([H])([H])C1=NC([H])([H])OC1=O
23,23,1,[H]OC([H])(C([H])([H])C([H])([H])[H])C([H])(C(=O)C([H])([H])[H])C([H])([H])[H]
16,16,1,[H]C1=C([H])C2(OC([H])([H])C2([H])[H])C(=O)N1[H]
14,14,1,[H]N1C2([H])C3([H])C4([H])OC(=O)C14C23[H]
16,16,1,[H]ON=C1C([H])=C([H])C(=O)C1([H])C([H])([H])[H]
19,19,1,[H]Oc1c([H])c(N([H])C([H])([H])[H])n(C([H])([H])[H])c1[H]
21,21,1,[H]C1=NC2(C([H])([H])N1[H])C([H])(C([H])([H])[H])C2([H])C([H])([H])[H]
23,23,1,[H]N1C([H])(C([H])([H])C([H])([H])[H])C1([H])C([H])(C([H])([H])[H])C([H])([H])[H]
20,20,1,[H]OC1(C([H])([H])[H])C([H])([H])C([H])([H])C1([H])OC([H])([H])[H]
18,18,1,[H]OC1([H])C([H])([H])C([H])([H])C12OC([H])([H])C2([H])[H]
21,21,1,[H]C1=NC([H])([H])N(C([H])([H])[H])C([H])([H])C2([H])C([H])([H])C12[H]
18,18,1,[H]OC1([H])C([H])([H])C1([H])C([H])(OC#N)C([H])([H])[H]
15,15,1,[H]OC([H])(C([H])([H])[H])C([H])([H])OC([H])=O
18,18,1,[H]C#CC([H])([H])OC1([H])N([H])C([H])([H])C1([H])O[H]
14,14,1,[H]N1C(=O)OC([H])([H])C1([H])C([H])([H])[H]
19,19,1,[H]C1([H])OC2([H])C([H])([H])C([H])([H])C2([H])C([H])([H])C1=O
15,15,1,[H]C#CC1([H])C2([H])OC3([H])C([H])(O2)C13[H]
19,19,1,[H]C#CC1(C([H])([H])[H])C([H])([H])C2([H])OC1([H])C2([H])[H]
15,15,1,[H]N=C([H])N(C#N)N(C([H])=O)C([H])([H])[H]
19,19,1,[H]C1=NC2([H])C([H])(O1)N([H])C([H])([H])C([H])([H])C2([H])[H]
19,19,1,[H]C(=O)C([H])([H])OC([H])([H])N1C([H])([H])N([H])C1([H])[H]
19,19,1,[H]C(=O)C([H])([H])C1([H])OC([H])([H])C([H])=C1C([H])([H])[H]
21,21,1,[H]OC1([H])C([H])([H])C([H])([H])N([H])C([H])([H])C1([H])C([H])([H])[H]
15,15,1,[H]ON=C1C([H])=NC(=NC([H])([H])[H])N1[H]
17,17,1,[H]ON=C1C(OC([H])([H])[H])=C([H])N1C([H])([H])[H]
16,16,1,[H]N([H])C12C(=O)C([H])(C([H])([H])N1[H])C2([H])[H]
20,20,1,[H]N1C([H])([H])C1([H])C1([H])C([H])([H])C1([H])C#CC([H])([H])[H]
16,15,0,[H]C([H])(O)OC1(C([H])([H])[H])C([H])([H])C1([H])[H]
20,20,1,[H]C1=C(C([H])([H])[H])C2(N3C([H])([H])C13[H])C([H])([H])C2([H])[H]
16,15,0,[H]OC1([H])C([H])([H])C([H])([H])C([H])([H])C1([H])O
18,18,1,[H]OC1([H])C2([H])OC3(C([H])([H])[H])C([H])(N2[H])C13[H]
18,18,1,[H]C1=C([H])C2(C([H])([H])[H])C([H])([H])C2([H])C1([H])C#N
16,16,1,[H]N1C([H])([H])C12C([H])([H])C([H])(C#N)C2([H])[H]
15,14,0,
21,21,1,[H]C([H])([H])C12C([H])([H])C1(C([H])([H])[H])C2([H])C1([H])OC1([H])[H]
16,16,1,[H]N=C([H])C1(C([H])([H])O[H])N([H])C(=O)N1[H]
10,10,1,[H]N=c1nnc(F)nn1[H]
16,16,1,[H]C(=O)N1C(=O)C([H])([H])OC([H])([H])C1([H])[H]
19,19,1,[H]C(=O)C([H])([H])C([H])([H])C(=O)C1([H])C([H])([H])C1([H])[H]
27,27,1,[H]N(C([H])([H])[H])C([H])([H])C([H])(N([H])C([H])([H])C([H])([H])C([H])([H])[H])C([H])([H])[H]
22,22,1,[H]C([H])([H])C1=NC([H])([H])C([H])(C2([H])C([H])([H])C2([H])[H])C1([H])[H]
17,17,1,[H]C(=O)C([H])([H])N([H])C([H])([H])C(=O)C([H])([H])[H]
17,17,1,[H]C1=NC([H])([H])N([H])C([H])=C([H])C2([H])OC12[H]
15,15,1,[H]C(=O)C1([H])C2([H])OC3([H])C([H])(O2)C31[H]
14,14,1,[H]N=c1oc([H])nc([H])c1C([H])([H])[H]
16,16,1,[H]C([H])([H])N1C([H])([H])OC([H])([H])C1([H])C#N
12,12,1,[H]ON=C(C(=O)C#N)C([H])([H])[H]
17,15,0,
19,19,1,[H]N1C([H])([H])C12C([H])([H])N1C([H])([H])C12OC([H])([H])[H]
11,11,1,[H]N=c1onc(F)c([H])c1[H]
13,13,1,[H]C#CC(=O)C1([H])OC1([H])C#C[H]
16,16,1,[H]C#Cc1nc(N([H])[H])c([H])n1C([H])([H])[H]
19,19,1,[H]C([H])([H])C1([H])OC(C([H])([H])[H])(C([H])([H])[H])C1([H])[H]
17,17,1,[H]C([H])([H])N=C1C2([H])N3C2([H])C2([H])C1([H])C32[H]
21,20,0,[H]N([H])C12C(OC1([H])C([H])([H])[H])C([H])([H])C([H])([H])C2([H])[H]
19,19,1,[H]C([H])([H])C12OC3([H])C4([H])C([H])(C([H])([H])C41[H])C32[H]
19,19,1,[H]C1=C([H])C2([H])N(C1([H])[H])C([H])([H])C2([H])C([H])([H])[H]
19,19,1,[H]C([H])([H])C12C([H])([H])C1([H])C1([H])C3([H])OC3([H])C12[H]
18,18,1,[H]N1C([H])([H])C(=O)C1([H])N(C([H])([H])[H])C([H])([H])[H]
14,10,0,
22,21,0,[H]C([H])([H])C#CC([H])([H])C([H])([H])C(O)(C([H])([H])[H])C([H])([H])[H]
19,19,1,[H]OC1([H])C2=C([H])C([H])(OC([H])([H])[H])C2([H])C1([H])[H]
18,17,0,
16,16,1,[H]OC1([H])C(=O)C2([H])C([H])=C([H])N([H])C12[H]
16,16,1,[H]N([H])C1([H])C(=O)OC2([H])C([H])([H])OC12[H]
19,19,1,[H]N([H])C1([H])C([H])([H])C1([H])C([H])(C#N)OC([H])([H])[H]
16,16,1,[H]N=C([H])C([H])(C#N)C([H])([H])C([H])([H])C#N
16,16,1,[H]C([H])([H])C(C#N)=NC1([H])C([H])([H])C1([H])[H]
22,19,0,[H]C([H])C([H])(C1([H])OC1([H])[H])C1(C([H])([H])[H])C([H])C1([H])[H]
21,21,1,[H]C([H])([H])C1(N2C([H])([H])C([H])([H])C2([H])[H])C([H])([H])C1([H])[H]
14,14,1,[H]C(=O)C([H])([H])Oc1nn([H])nc1[H]
18,18,1,[H]C(=O)C(=O)C1([H])C([H])([H])N([H])C([H])([H])C1([H])[H]
14,14,1,[H]N=C1OC(=O)C(=N[H])N1C([H])([H])[H]
16,16,1,[H]OC([H])([H])N1C(=O)C([H])(N([H])[H])N=C1[H]
21,21,1,[H]C#CC([H])(C([H])([H])[H])C1([H])C([H])([H])C1(O[H])C([H])([H])[H]
17,17,1,[H]N1C(=O)C([H])([H])N([H])C1([H])C#CC([H])([H])[H]
20,20,1,[H]C1=C([H])C([H])(C([H])([H])[H])C([H])([H])C([H])=C1C([H])([H])[H]
20,20,1,[H]ON=C(C([H])([H])[H])C1([H])C([H])([H])C([H])(O[H])C1([H])[H]
14,14,1,[H]C1=C([H])C([H])(C#N)C([H])=C([H])C1=O
14,14,1,[H]C#CC1([H])C(=N[H])C([H])=C([H])N1[H]
23,23,1,[H]OC([H])([H])C1=C(C([H])([H])[H])C([H])([H])C([H])(C([H])([H])[H])C1([H])[H]
22,20,0,
18,18,1,[H]C1=C([H])C23N([H])C([H])([H])C([H])([H])C12OC3([H])[H]
19,19,1,[H]OC([H])(C([H])([H])[H])C1([H])OC12C([H])([H])OC2([H])[H]
18,18,1,[H]OC([H])([H])N([H])c1nc([H])n(C([H])([H])[H])c1[H]
17,17,1,[H]C(=O)C1=NC2([H])N(C2([H])[H])C1([H])C([H])([H])[H]
14,14,1,[H]c1nc2c(o1)C([H])([H])C(=O)C2([H])[H]
21,21,1,[H]C1([H])OC([H])([H])C([H])(C([H])([H])[H])C([H])([H])C([H])([H])C1=O
13,13,1,[H]C([H])([H])C([H])([H])C(=O)C(F)(F)F
16,16,1,[H]C#CC([H])([H])C1([H])OC([H])([H])OC1([H])[H]
20,20,1,[H]C1=C([H])C2(N([H])C2([H])[H])C([H])([H])C2([H])C([H])([H])C12[H]
16,16,1,[H]c1oc(=O)n([H])c1C([H])([H])OC([H])([H])[H]
21,21,1,[H]OC([H])([H])C([H])([H])C([H])([H])C([H])(O[H])N([H])C([H])([H])[H]
20,20,1,[H]OC1([H])C([H])([H])N2C([H])([H])C([H])([H])C([H])=C([H])C21[H]
16,16,1,[H]C#CC1(O[H])C2([H])N3C([H])([H])C3([H])C12[H]
25,25,1,[H]C([H])([H])C([H])([H])OC1(C([H])([H])[H])C([H])([H])C([H])([H])C1([H])C([H])([H])[H]
17,17,1,[H]C([H])([H])OC12N3C([H])([H])N4C([H])(C41[H])C32[H]
14,14,1,[H]OC1([H])C(=O)C(=O)C([H])=NC1([H])[H]
17,17,1,[H]C1=C([H])C2(OC2([H])[H])C2([H])N([H])N2C1([H])[H]
15,15,1,[H]C(=NC([H])([H])C([H])([H])[H])OC(=O)C#N
14,14,1,[H]ON=C1N([H])C2([H])C([H])([H])C12C#N
21,18,0,[H]OC([H])([H])C([H])(C1C([H])C([H])N1C([H])([H])[H])C([H])([H])[H]
18,18,1,[H]Oc1nc(C([H])([H])C([H])([H])C([H])([H])[H])oc1[H]
16,15,0,[H]C1=NC2C([H])([H])C([H])([H])OC23N1C3([H])[H]
19,19,1,[H]C1=C([H])C2(OC2([H])[H])C2([H])C([H])([H])C2([H])C1([H])[H]
23,23,1,[H]C1([H])OC([H])(C([H])([H])[H])C(C([H])([H])[H])(C([H])([H])C([H])([H])[H])O1
12,12,1,[H]C(=O)n1c([H])c([H])c([H])c1[H]
19,19,1,[H]C#CC1(OC([H])([H])[H])C([H])=C([H])C([H])([H])C1([H])[H]
20,20,1,[H]C1([H])OC2([H])N(C1([H])[H])C1(C2([H])[H])C([H])([H])C1([H])[H]
16,16,1,[H]N=c1c(=O)n([H])c(C([H])([H])[H])c([H])n1[H]
16,16,1,[H]C1([H])C2([H])C3([H])OC3([H])C3([H])C1([H])C23[H]
13,13,1,[H]C1=NC([H])([H])N([H])c2nnoc21
23,23,1,[H]OC([H])([H])C1([H])C([H])([H])C2(C([H])([H])[H])C([H])([H])C1([H])C2([H])[H]
20,20,1,[H]C1=C(C(=O)C([H])([H])[H])N([H])C([H])(C([H])([H])[H])C1([H])[H]
21,21,1,[H]N1C([H])([H])C1([H])C1=NC([H])([H])C([H])(C([H])([H])[H])C1([H])[H]
19,18,0,[H]C([H])([H])C1([H])OC([H])(C([H])([H])C([H])([H])O)C1([H])[H]
17,16,0,[H]OC([H])(C(C([H])=O)N1OC1([H])[H])C([H])([H])[H]
23,23,1,[H]C([H])([H])C(=O)C([H])([H])C1(C([H])([H])[H])C([H])([H])C1([H])C([H])([H])[H]
16,16,1,[H]N1C(C#N)(C#N)C1(C([H])([H])[H])C([H])([H])[H]
20,20,1,[H]C1=C([H])C2([H])C([H])([H])C2([H])N2C([H])([H])C1([H])C2([H])[H]
19,19,1,[H]C1([H])N2C([H])([H])C3([H])N4C([H])([H])C3([H])C24C1([H])[H]
20,20,1,[H]C([H])([H])N1C([H])([H])OC2([H])C1([H])C1([H])C([H])([H])C21[H]
14,14,1,[H]OC1(C#N)N([H])C1([H])N([H])C([H])=O
17,17,1,[H]OC12C(=O)N([H])C([H])([H])C([H])(N1[H])C2([H])[H]
16,16,1,[H]C#CC([H])([H])C([H])([H])C(=O)C([H])([H])C#N
20,19,0,
15,15,1,[H]C#CC12OC1([H])C([H])(C([H])=O)C2([H])[H]
21,21,1,[H]N1N2C([H])(C([H])([H])C([H])([H])[H])C3(C([H])([H])[H])C1([H])C23[H]
21,21,1,[H]OC([H])(OC([H])([H])[H])C1([H])N([H])C1([H])C([H])([H])N([H])[H]
23,23,1,[H]C([H])([H])C([H])([H])C12C3([H])C([H])([H])C([H])(C([H])([H])[H])C1([H])C32[H]
15,15,1,[H]C(=O)C1([H])C2([H])C3([H])C(=O)C2([H])C13[H]
20,20,1,[H]OC1([H])N([H])C2(C([H])(C([H])([H])[H])C([H])([H])[H])OC12[H]
19,17,0,
21,20,0,
19,19,1,[H]C1=C([H])C23OC2(C([H])([H])C3([H])[H])C1([H])C([H])([H])[H]
11,11,1,[H]C(=Nc1nnon1)N([H])[H]
18,18,1,[H]N1C([H])([H])C2=NC([H])([H])C3(N([H])C3([H])[H])C21[H]
13,13,1,[H]N=C(OC(=O)C([H])([H])[H])C([H])=O
15,14,0,[H]N=C1OC([H])([H])C([H])([H])C([H])(O)C1=O
17,16,0,[H]OC1([H])C2([H])C([H])N3C4([H])C([H])([H])C32C14[H]
16,16,1,[H]C(=O)C1([H])C([H])(C#N)C2([H])C([H])([H])C12[H]
16,14,0,[H]C1=C([H])C([H])([H])N2NC(N([H])[H])C([H])=C12
12,12,1,[H]c1nn([H])c2oc(=O)n([H])c12
19,19,1,[H]OC([H])(C#CC1([H])C([H])([H])OC1([H])[H])C([H])([H])[H]
18,18,1,[H]C1=C([H])C(C([H])([H])[H])=NC([H])(C([H])([H])[H])C1=O
17,17,1,[H]N(C(=O)C1([H])OC2([H])N([H])C12[H])C([H])([H])[H]
15,14,0,[H]C1N=NC([H])([H])C(N([H])[H])=C1N([H])[H]
16,16,1,[H]C#CC12C3([H])N([H])C1([H])C2(O[H])C3([H])[H]
18,18,1,[H]N1C([H])([H])C(=O)C2([H])OC1([H])C2([H])C([H])([H])[H]
24,23,0,[H]C([H])([H])OC([H])(C([H])([H])[H])C([H])([H])C([H])(O)C([H])([H])C([H])([H])[H]
19,18,0,[H]OC12C(C([H])=NC([H])([H])[H])C1([H])C([H])([H])C2([H])[H]
21,21,1,[H]C([H])([H])C([H])([H])C12OC([H])([H])C3([H])C([H])([H])C1([H])C32[H]
14,14,1,[H]OC1([H])N([H])C(=O)C1([H])OC([H])=O
19,19,1,[H]C1([H])OC1([H])C12OC1([H])C([H])([H])C([H])([H])C2([H])[H]
19,19,1,[H]C(=O)N1N2C([H])([H])C([H])([H])C1(C([H])([H])[H])C2([H])[H]
16,16,1,[H]OC([H])([H])C12C([H])([H])OC1([H])C2([H])C#N
18,18,1,[H]OC1(C([H])(OC([H])=O)N([H])[H])C([H])([H])C1([H])[H]
19,19,1,[H]OC1(C([H])=O)C([H])([H])C1(O[H])C([H])([H])C([H])([H])[H]
20,20,1,[H]C1=C([H])C2([H])C3([H])N(C1([H])[H])C([H])([H])C23C([H])([H])[H]
18,18,1,[H]C1=NC([H])([H])OC([H])=C([H])C([H])([H])C([H])([H])O1
25,25,1,[H]N(C([H])([H])[H])C1([H])N(C([H])([H])C([H])(C([H])([H])[H])C([H])([H])[H])C1([H])[H]
18,18,1,[H]C1=C(C([H])([H])[H])C2([H])N([H])C2([H])C([H])([H])C1=O
21,21,1,[H]OC([H])([H])C1([H])C2([H])C([H])=C([H])C([H])([H])C21C([H])([H])[H]
11,11,1,[H]C#Cc1noc(N([H])[H])n1
18,17,0,
21,21,1,[H]C([H])([H])C(=O)C([H])([H])C([H])([H])C#CC([H])([H])C([H])([H])[H]
23,23,1,[H]C([H])([H])OC([H])([H])C12C([H])([H])C1(C([H])([H])[H])C2([H])C([H])([H])[H]
20,20,1,[H]OC([H])([H])C([H])([H])C([H])(OC([H])([H])C#N)C([H])([H])[H]
14,14,1,[H]C#Cc1nc(C([H])([H])O[H])c([H])o1
17,17,1,[H]N=C1OC2([H])C([H])(N1[H])C1([H])C([H])([H])C21[H]
15,15,1,[H]Oc1nn([H])c(N([H])C([H])([H])[H])c1[H]
18,18,1,[H]N1C([H])([H])C(=O)OC2([H])C1([H])C2([H])C([H])([H])[H]
15,15,1,[H]N=C1C(=O)C2(N1[H])C([H])([H])C2([H])O[H]
15,15,1,[H]C([H])([H])C12N3C4([H])C(=O)N1C2([H])C34[H]
20,20,1,[H]N1C([H])([H])C2(C([H])([H])[H])C(=O)C([H])([H])C([H])([H])C12[H]
19,19,1,[H]C([H])([H])N1C([H])([H])C(=O)C1(C([H])([H])[H])C([H])([H])[H]
21,21,1,[H]C([H])([H])OC1([H])C2(C([H])([H])[H])C3([H])C2([H])C13C([H])([H])[H]
19,19,1,[H]C1=C([H])C([H])([H])C2([H])C(C([H])([H])[H])=NC2([H])N1[H]
18,18,1,[H]OC([H])([H])C1([H])N2C([H])([H])N([H])C([H])([H])C21[H]
13,13,1,[H]C(=O)C1([H])C(=O)OC([H])([H])C1=O
23,23,1,[H]C([H])([H])C1([H])OC2([H])C([H])([H])C([H])([H])C([H])([H])C1([H])C2([H])[H]
21,21,1,[H]N(C(=O)N([H])C1([H])C([H])([H])C1([H])C([H])([H])[H])C([H])([H])[H]
21,21,1,[H]OC1([H])C([H])([H])C([H])(C([H])([H])OC([H])([H])[H])C1([H])O[H]
20,20,1,[H]OC([H])([H])C1([H])C([H])=C([H])C([H])([H])C2([H])N([H])C12[H]
18,17,0,
17,17,1,[H]C([H])([H])N1N=NC2([H])N3C1([H])C3([H])C2([H])[H]
11,11,1,[H]N=c1nnn([H])c(=O)n1[H]
15,15,1,[H]Oc1c([H])c([H])n(C([H])([H])C#N)c1[H]
21,21,1,[H]C([H])([H])C([H])([H])C12C([H])([H])C3([H])C4([H])C3([H])C1([H])C42[H]
20,20,1,[H]OC1([H])C2([H])N([H])C2([H])C([H])([H])C12C([H])([H])C2([H])[H]
18,18,1,[H]C1=C([H])C([H])([H])C2([H])OC3(C([H])([H])[H])N1C23[H]
20,20,1,[H]OC1([H])C([H])([H])C([H])([H])C2([H])N([H])C2([H])C1([H])O[H]
14,14,1,[H]N=C([H])N1C(=O)C([H])(C#N)C1([H])[H]
17,17,1,[H]OC12C([H])([H])C34C([H])([H])C([H])(OC13[H])C24[H]
12,12,1,[H]N=C(n1nnnn1)C([H])([H])[H]
19,19,1,[H]OC1([H])C2([H])OC1([H])C([H])(C([H])([H])[H])OC2([H])[H]
12,12,1,[H]C12OC(=O)C(C#N)(O1)C2([H])[H]
21,21,1,[H]OC([H])([H])C([H])(OC([H])([H])C(=O)C([H])([H])[H])C([H])([H])[H]
17,17,1,[H]C(=O)C([H])([H])C1([H])C([H])([H])C1([H])C([H])([H])[H]
16,15,0,[H]C1OC([H])(C([H])([H])[H])C(=O)N([H])C1([H])[H]
16,16,1,[H]C#CC([H])([H])N1C(=O)C([H])=C([H])C1([H])[H]
16,16,1,[H]OC1([H])C2([H])OC1([H])C([H])([H])OC2([H])[H]
19,19,1,[H]OC1([H])C([H])=C(C([H])=O)C([H])(C([H])([H])[H])C1([H])[H]
18,18,1,[H]C([H])([H])C1([H])N2C1([H])N=NC1([H])C([H])([H])C21[H]
11,11,1,[H]c1nc2n([H])c([H])nn2n1
15,15,1,[H]C#CC([H])([H])n1c([H])c([H])n([H])c1=O
16,16,1,[H]C(=O)N([H])c1nn(C([H])([H])[H])c([H])c1[H]
16,16,1,[H]OC12C([H])=C([H])C([H])(C#N)C1([H])C2([H])[H]
18,18,1,[H]C1=NC2([H])C([H])([H])C([H])([H])C2(OC([H])([H])[H])O1
17,16,0,[H]C1=NC([H])N=C2N1C([H])(C([H])([H])[H])C2([H])[H]
20,20,1,[H]OC12C([H])([H])N([H])C([H])=C([H])C1([H])C2([H])C([H])([H])[H]
16,16,1,[H]c1c(N([H])[H])c(N([H])[H])c([H])n([H])c1=O
18,18,1,[H]OC1([H])C(C#CC([H])([H])[H])=C([H])N([H])C1([H])[H]
16,16,1,[H]C1=NC2(C(=O)C([H])([H])[H])C([H])([H])C2([H])O1
17,17,1,[H]N=C1N([H])C(=O)C([H])(OC([H])([H])[H])C1([H])[H]
17,17,1,[H]OC([H])([H])C1([H])C([H])([H])N=C([H])OC1([H])[H]
23,23,1,[H]N1C([H])([H])C([H])([H])C([H])(C2(C([H])([H])[H])N([H])C2([H])[H])C1([H])[H]
18,18,1,[H]C#CC(O[H])(OC([H])=NC([H])([H])[H])C([H])([H])[H]
21,21,1,[H]C1([H])OC([H])(C2([H])C([H])([H])C([H])([H])C([H])([H])C2([H])[H])O1
17,17,1,[H]C([H])([H])N(C([H])([H])C#N)C([H])([H])C([H])([H])[H]
18,17,0,[H]C([H])([H])C12C([H])([H])C3([H])OC1([H])C([H])(O)C32[H]
23,23,1,[H]C1=C([H])C2([H])C([H])([H])C2([H])C([H])([H])C([H])([H])C([H])([H])C1([H])[H]
17,17,1,[H]C#CC([H])([H])OC(=NC([H])([H])[H])C([H])=N[H]
18,18,1,[H]C([H])([H])C12OC([H])([H])C([H])(C1([H])[H])C2([H])C#N
15,14,0,[H]Oc1noc(C([H])([H])O)c1C([H])([H])[H]
16,16,1,[H]OC1([H])C2([H])C(=O)OC1([H])C([H])([H])N2[H]
19,19,1,[H]C([H])(C#N)C([H])([H])C1([H])C([H])([H])C([H])([H])C1([H])[H]
20,20,1,[H]C1=C(C([H])([H])[H])C([H])([H])C([H])([H])OC1=NC([H])([H])[H]
19,19,1,[H]OC([H])(C#CC([H])([H])[H])N([H])C([H])([H])C([H])([H])[H]
19,18,0,[H]OC1([H])C([H])=C([H])C([H])([H])N2C([H])C1([H])C2([H])[H]
16,16,1,[H]N=C1OC2([H])C3([H])OC([H])([H])C2([H])C13[H]
16,16,1,[H]c1noc(C2([H])OC2([H])[H])c1C([H])([H])[H]
15,15,1,[H]C1([H])OC(=O)C2([H])N(C1([H])[H])C2([H])[H]
19,19,1,[H]C1=C([H])C([H])(C([H])([H])[H])C([H])([H])N2C([H])([H])C12[H]
19,18,0,[H]OC1([H])C([H])=C([H])C([H])([H])C([H])=C1N([H])C([H])[H]
17,17,1,[H]OC12C([H])([H])OC1([H])C([H])([H])C1([H])OC12[H]
19,19,1,[H]N=C(OC(=O)N([H])[H])C([H])([H])C([H])([H])C([H])([H])[H]
17,17,1,[H]C(=O)N([H])C1([H])N([H])C([H])([H])C2([H])OC12[H]
16,16,1,[H]OC12C([H])([H])C34N([H])C1([H])C23OC4([H])[H]
23,23,1,[H]C([H])([H])C([H])([H])OC([H])([H])C1([H])C([H])([H])C12C([H])([H])C2([H])[H]
19,19,1,[H]C(=O)C12C([H])([H])C([H])([H])C1([H])C1([H])C([H])([H])C12[H]
21,21,1,[H]N1C2([H])C([H])(C([H])([H])N3C([H])([H])C3([H])[H])C12C([H])([H])[H]
17,17,1,[H]N1C([H])([H])C2([H])C3([H])C1([H])C([H])([H])C23C#N
18,18,1,[H]C([H])([H])N1C(=O)OC2([H])C1([H])C2([H])C([H])([H])[H]
14,14,1,[H]N=C1C([H])(C#N)N=C([H])OC1([H])[H]
16,16,1,[H]OC1([H])C2([H])C(O[H])(C([H])([H])[H])C12O[H]
16,16,1,[H]C(=O)C(=O)C([H])(C(=O)N([H])[H])C([H])([H])[H]
20,20,1,[H]C(=O)N([H])C([H])(C([H])([H])[H])C([H])([H])C(=O)C([H])([H])[H]
16,16,1,[H]C1=C([H])C([H])([H])C([H])([H])C([H])([H])OC1=O
15,15,1,[H]N=C1C([H])(O[H])C([H])([H])C1([H])C([H])=O
21,21,1,[H]OC([H])([H])C#CC([H])([H])C([H])([H])C([H])([H])C([H])([H])O[H]
17,17,1,[H]c1nn(C([H])([H])C([H])([H])[H])c(=O)c([H])c1[H]
17,17,1,[H]C(=O)N1C([H])(C([H])([H])[H])C1(C#N)C([H])([H])[H]
20,19,0,[H]C(OC1([H])C([H])([H])C1([H])[H])C(=O)C([H])([H])C([H])([H])[H]
14,12,0,[H]C(=O)C1=C([H])C(C([H])=O)C([H])N1[H]
20,20,1,[H]N1C([H])([H])C([H])(C([H])([H])[H])N2C([H])([H])C2([H])C1([H])[H]
21,21,1,[H]N1C(=O)N([H])C([H])(C([H])([H])[H])C([H])([H])C([H])([H])C1([H])[H]
16,16,1,[H]c1c([H])c([H])c2c(c1[H])C([H])([H])C2([H])[H]
17,17,1,[H]N1C2([H])N3N([H])C2([H])C3([H])C1([H])C([H])([H])[H]
25,25,1,[H]C([H])([H])C([H])([H])C1([H])C([H])([H])C2([H])C([H])([H])C2([H])C1([H])C([H])([H])[H]
20,20,1,[H]N1C2([H])C([H])([H])C2(C([H])([H])[H])C2([H])OC12C([H])([H])[H]
25,25,1,[H]C([H])([H])C(=O)C([H])([H])C([H])([H])C([H])(C([H])([H])[H])C([H])([H])C([H])([H])[H]
18,18,1,[H]N1C(=O)C2([H])C([H])([H])C12C([H])([H])OC([H])([H])[H]
19,19,1,[H]OC1([H])C2([H])C3([H])C([H])([H])OC([H])([H])C12C3([H])[H]
18,18,1,[H]C(=O)C12C([H])([H])N3C([H])([H])C1([H])C32C([H])([H])[H]
17,17,1,[H]OC1([H])C([H])([H])C2=C([H])N=NC2([H])C1([H])[H]
23,23,1,[H]N([H])C1([H])C([H])([H])OC([H])([H])N(C([H])([H])[H])C([H])([H])C1([H])[H]
23,23,1,[H]C1=C([H])C([H])(C([H])([H])C([H])([H])[H])C(C([H])([H])[H])=C([H])C1([H])[H]
17,17,1,[H]C(=O)C1([H])N2C1([H])N1C([H])([H])C([H])([H])C12[H]
21,21,1,[H]OC([H])([H])C1(C([H])([H])[H])C([H])([H])C(=O)C([H])([H])C1([H])[H]
15,12,0,[H]OC1C(C([H])([H])[H])C(C([H])([H])[H])N1[H]
17,17,1,[H]N1C([H])([H])C2([H])C(=O)C3([H])N2C13C([H])([H])[H]
19,19,1,[H]C([H])([H])C12C(=O)C([H])([H])C([H])([H])OC1([H])C2([H])[H]
19,19,1,[H]OC([H])(C([H])([H])[H])C1([H])C([H])([H])C2([H])OC21O[H]
23,23,1,[H]C([H])([H])C1(C([H])([H])[H])C2([H])C3([H])C2(C([H])([H])[H])C31C([H])([H])[H]
21,21,1,[H]C(=O)OC([H])([H])C([H])(OC([H])([H])C([H])([H])[H])C([H])([H])[H]
15,15,1,[H]c1nn([H])c([H])c([H])c1=NC([H])([H])[H]
17,17,1,[H]OC([H])(C#N)C12N(C([H])([H])C1([H])[H])C2([H])[H]
13,12,0,[H]C1=C([H])C([H])(C#N)C(=O)C1([H])O
18,18,1,[H]N([H])C1(N([H])[H])C(=O)C2([H])N([H])C1([H])C2([H])[H]
16,16,1,[H]C#CC([H])(OC([H])([H])[H])C(=O)C([H])=N[H]
21,21,1,[H]C1=C(C([H])([H])[H])C2(N([H])C2([H])[H])C([H])(N([H])[H])C1([H])[H]
16,16,1,[H]OC1([H])C([H])=C([H])C([H])(C#N)OC1([H])[H]
19,19,1,[H]c1c2c(c([H])n1C([H])([H])[H])C([H])([H])C([H])([H])N2[H]
21,21,1,[H]C#CC1=C([H])C([H])([H])C1([H])C([H])([H])C([H])([H])C([H])([H])[H]
19,19,1,[H]C1=C([H])C2([H])C([H])([H])C3(OC3([H])[H])C2([H])C1([H])[H]
21,21,1,[H]C#CC12C([H])([H])C1([H])C([H])([H])C2([H])C([H])([H])C([H])([H])[H]
19,19,1,[H]ON=C1C([H])([H])C([H])(C([H])([H])C([H])([H])[H])C1([H])[H]
14,13,0,[H]C(C(=O)C#N)N([H])C(=O)C([H])([H])[H]
21,21,1,[H]C([H])([H])C([H])([H])C1([H])OC2([H])C([H])([H])OC21C([H])([H])[H]
25,25,1,[H]OC([H])([H])C([H])(O[H])C([H])([H])C([H])(C([H])([H])[H])C([H])([H])C([H])([H])[H]
20,20,1,[H]OC1([H])C([H])=C([H])C2([H])N([H])C2(C([H])([H])[H])C1([H])[H]
16,15,0,
20,20,1,[H]OC1([H])C2([H])C([H])=C([H])C([H])(C([H])([H])[H])N([H])C12[H]
23,23,1,[H]N=C1N(C([H])(C([H])([H])[H])C([H])([H])[H])C([H])([H])C([H])([H])C1([H])[H]
18,16,0,[H]C1([H])C2C3C([H])([H])C([H])([H])C2([H])C2([H])N1C32[H]
23,22,0,
23,23,1,[H]C([H])([H])C([H])([H])C12OC([H])(C([H])([H])C([H])([H])C1([H])[H])C2([H])[H]
18,18,1,[H]Oc1c([H])nc(N(C([H])([H])[H])C([H])([H])[H])n1[H]
17,17,1,[H]C(=O)N1C([H])=C([H])C2([H])N([H])C2([H])C1([H])[H]
16,15,0,
19,19,1,[H]C([H])([H])C([H])([H])C12C(=O)OC([H])([H])C1([H])C2([H])[H]
22,22,1,[H]C1=NC([H])([H])C2([H])C([H])([H])C2(C([H])([H])[H])C1([H])C([H])([H])[H]
16,16,1,[H]c1noc([H])c1C1([H])OC1([H])C([H])([H])[H]
19,19,1,[H]OC1([H])C([H])([H])C12OC1([H])C([H])([H])C1([H])C2([H])[H]
15,15,1,[H]C#CC1=C([H])C([H])(N([H])[H])N=C([H])O1
16,16,1,[H]C([H])([H])C1([H])C(=O)C2([H])C([H])([H])OC12[H]
17,17,1,[H]C(=O)C1(C([H])([H])[H])OC1([H])N([H])C([H])([H])[H]
15,14,0,[H]C([H])(O)C#CC1=NC([H])([H])C([H])([H])O1
14,14,1,[H]C1=NC2([H])C(=O)C([H])([H])OC2([H])O1
15,15,1,[H]C([H])([H])C#CC1([H])C([H])([H])OC1([H])[H]
21,21,1,[H]OC([H])([H])C1([H])C2([H])OC([H])([H])C2([H])C1([H])C([H])([H])[H]
19,19,1,[H]OC([H])([H])C1([H])N(C(=O)N([H])C([H])([H])[H])C1([H])[H]
17,14,0,[H]C(=O)C1C([H])C([H])([H])C2([H])NC12C([H])([H])[H]
15,15,1,[H]OC1([H])C2([H])N=C([H])C(=O)N([H])C21[H]
18,18,1,[H]N=C1C2([H])C([H])([H])C1(OC([H])([H])O[H])C2([H])[H]
21,21,1,[H]OC1([H])C([H])([H])C1([H])C1([H])C([H])([H])OC([H])([H])C1([H])[H]
16,16,1,[H]c1nc([H])n([H])c1C(=O)N([H])C([H])([H])[H]
15,15,1,[H]C#CC1([H])C([H])(C#N)N2C([H])([H])C21[H]
21,21,1,[H]C([H])([H])C1([H])C2([H])OC3([H])C2([H])C([H])([H])C31C([H])([H])[H]
21,21,1,[H]C([H])([H])OC1([H])C(=O)C([H])(C([H])([H])[H])C([H])([H])C1([H])[H]
16,16,1,[H]Oc1c([H])c([H])c(=O)n(C([H])([H])[H])c1[H]
19,19,1,[H]N=C([H])C([H])([H])C(C#N)(O[H])C([H])([H])C([H])([H])[H]
13,13,1,[H]c1onnc1N([H])C(=O)N([H])[H]
19,19,1,[H]OC([H])([H])C([H])(N=C(C#N)C([H])([H])[H])C([H])([H])[H]
18,18,1,[H]OC12N(C(=O)C([H])([H])[H])C([H])([H])C1([H])C2([H])[H]
19,19,1,[H]N=C1C([H])([H])C([H])([H])N2C([H])([H])C([H])(O[H])C12[H]
23,23,1,[H]C(=NC([H])([H])[H])C1(C([H])([H])N([H])[H])C([H])([H])C([H])([H])C1([H])[H]
21,21,1,[H]C([H])([H])OC1([H])C2([H])C([H])([H])C3([H])C1([H])C([H])([H])C23[H]
16,15,0,[H]C#CC([H])(O)C([H])(OC([H])([H])[H])C([H])=O
11,11,1,[H]C(=O)N([H])c1nc([H])no1
21,21,1,[H]N([H])C1([H])C2([H])C([H])([H])C2([H])C([H])([H])C12N([H])C2([H])[H]
14,10,0,
19,19,1,[H]C(=O)C([H])(OC([H])([H])[H])C1([H])OC1([H])C([H])([H])[H]
16,15,0,
15,15,1,[H]C(=O)N(c1nc([H])n([H])n1)C([H])([H])[H]
22,22,1,[H]N([H])C([H])([H])C([H])([H])C([H])([H])C([H])(C([H])([H])[H])C([H])([H])[H]
17,16,0,[H]C1=C([H])C([H])([H])C2([H])C(=O)C(N2[H])C1([H])[H]
17,17,1,[H]OC1([H])C2([H])OC3([H])C([H])=C([H])C1([H])C32[H]
14,14,1,[H]N=c1c(O[H])c(F)c([H])c([H])n1[H]
19,19,1,[H]C([H])([H])C12C(=O)C3([H])C([H])([H])C3([H])C1([H])C2([H])[H]
24,24,1,[H]N1C([H])(C([H])([H])[H])C2([H])C([H])([H])C12C([H])([H])C([H])([H])C([H])([H])[H]
12,11,0,[H]OC1=NNC([H])=NN([H])C1=O
16,16,1,[H]C([H])([H])N=C1N2C3([H])C([H])([H])C1([H])C23[H]
19,19,1,[H]OC1([H])C([H])([H])C2([H])OC2([H])C1([H])OC([H])([H])[H]
18,18,1,[H]C([H])=C1C2([H])N3C1([H])C1(C([H])([H])[H])C3([H])C21[H]
16,15,0,[H]C1OC([H])([H])C1([H])C1([H])C(=O)OC1([H])[H]
18,18,1,[H]C1([H])N2C(=O)C3([H])C([H])([H])C([H])([H])C3([H])C21[H]
20,18,0,
15,15,1,[H]N1C(=O)C([H])([H])N([H])C1=NC([H])([H])[H]
20,20,1,[H]N(C([H])([H])C([H])([H])C#N)C([H])(C([H])([H])[H])C([H])([H])[H]
16,14,0,
20,20,1,[H]OC([H])([H])C([H])(OC([H])(C#N)C([H])([H])[H])C([H])([H])[H]
21,21,1,[H]OC1([H])OC([H])([H])C12C([H])([H])C2([H])C([H])([H])C([H])([H])[H]
17,17,1,[H]N1C([H])(C([H])([H])[H])C12C([H])([H])C1([H])OC12[H]
14,14,1,[H]C1=C2C(=O)C3([H])C([H])([H])C1([H])C23[H]
17,17,1,[H]C(=O)C1([H])C([H])([H])N2C([H])([H])C2([H])C1([H])[H]
19,19,1,[H]ON=C1C([H])([H])C2([H])N([H])C2([H])C1([H])C([H])([H])[H]
23,23,1,[H]C1=C(C([H])([H])[H])C([H])(C([H])([H])[H])C12C([H])([H])C([H])([H])C2([H])[H]
19,19,1,[H]C(=O)C([H])([H])C1([H])OC([H])([H])C12C([H])([H])C2([H])[H]
19,19,1,[H]N1C2([H])OC2([H])C([H])([H])C1([H])C([H])([H])C([H])([H])[H]
19,18,0,[H]OC([H])(C([H])([H])O)C([H])([H])C([H])([H])OC([H])([H])[H]
19,19,1,[H]C1=C([H])C([H])([H])C(=O)C(C([H])([H])C([H])([H])[H])=C1[H]
18,18,1,[H]C#CC1([H])C2([H])N(C([H])([H])O[H])C1([H])C2([H])[H]
18,18,1,[H]C1=NC([H])([H])C23C([H])([H])C2([H])C3(C([H])([H])[H])O1
17,17,1,[H]C1=C2N([H])C2([H])C([H])(OC([H])([H])[H])C1([H])[H]
19,19,1,[H]N1C([H])([H])C([H])(OC([H])([H])[H])C([H])([H])C1([H])C#N
20,17,0,[H]C#CC(N(C([H])([H])[H])C([H])([H])[H])C([H])([H])C#N
16,16,1,[H]OC12C3([H])C([H])([H])C([H])([H])C1(C#N)C32[H]
20,20,1,[H]OC([H])([H])C1([H])C([H])=C([H])C([H])([H])C2([H])N([H])C12[H]
19,19,1,[H]N(C([H])([H])[H])C12N([H])C([H])(C1([H])[H])C21OC1([H])[H]
17,16,0,[H]OC1([H])C([H])(O)C([H])(O[H])C2([H])N([H])C12[H]
16,16,1,[H]N=C([H])OC(=N[H])OC([H])([H])C([H])([H])[H]
17,17,1,[H]OC([H])(C([H])([H])[H])C1([H])C([H])([H])OC1([H])[H]
25,25,1,[H]C([H])([H])C(=O)C([H])(C([H])([H])C([H])([H])[H])C([H])(C([H])([H])[H])C([H])([H])[H]
19,19,1,[H]OC12C3([H])C([H])([H])OC([H])(C([H])([H])[H])C1([H])C32[H]
16,16,1,[H]c1nc(C([H])([H])[H])nc(=NC([H])([H])[H])o1
16,16,1,[H]c1oc([H])c(C([H])([H])[H])c1OC([H])([H])[H]
16,16,1,[H]C#CC1([H])N([H])C2(C([H])=O)C([H])([H])C12[H]
19,19,1,[H]OC1([H])C([H])([H])C2([H])C([H])(O[H])C([H])([H])OC12[H]
19,19,1,[H]C1([H])OC2([H])C([H])([H])C3([H])OC3([H])C2([H])C1([H])[H]
22,22,1,[H]C1=NC([H])([H])C([H])([H])C1([H])OC([H])(C([H])([H])[H])C([H])([H])[H]
20,20,1,[H]OC1([H])C2([H])N3C([H])([H])C1([H])C3([H])C2([H])C([H])([H])[H]
19,19,1,[H]C(=O)C([H])(C([H])([H])[H])C1([H])C([H])([H])C1([H])C([H])=O
23,23,1,[H]C([H])([H])OC([H])(C([H])([H])[H])C1([H])C([H])([H])C12C([H])([H])C2([H])[H]
21,21,1,[H]C([H])([H])OC12C([H])([H])C([H])([H])OC1([H])C2([H])C([H])([H])[H]
16,16,1,[H]N1C([H])(C([H])([H])[H])C(=O)C2([H])N([H])C12[H]
19,19,1,[H]C1=NC2([H])C([H])([H])N3C([H])([H])C1([H])C3([H])C2([H])[H]
17,17,1,[H]C([H])([H])OC1([H])C([H])(C#N)N2C([H])([H])C21[H]
17,17,1,[H]C(=O)N1C([H])([H])C23C([H])([H])N([H])C2([H])C13[H]
22,22,1,[H]N1C([H])(C([H])([H])[H])C1([H])C1([H])C([H])([H])C2([H])C([H])([H])C21[H]
16,16,1,[H]C(=O)C1([H])C(=O)OC([H])([H])C([H])([H])N1[H]
13,13,1,[H]C1=NC([H])([H])C(=O)C([H])=NC1=O
20,20,1,[H]OC1([H])C([H])(C([H])([H])[H])C1([H])C([H])([H])C([H])([H])C#N
20,19,0,[H]C([H])([H])C1([H])OC([H])([H])C([H])(O)C([H])(C([H])([H])[H])O1
20,20,1,[H]C1([H])OC([H])([H])C2(N3C([H])([H])C3([H])C2([H])[H])C1([H])[H]
25,25,1,[H]C([H])([H])C1([H])C([H])(C([H])([H])[H])C1([H])C1(C([H])([H])[H])C([H])([H])C1([H])[H]
16,14,0,
21,21,1,[H]C(=O)C1([H])C([H])(C([H])([H])[H])C([H])([H])C2([H])C([H])([H])C12[H]
13,13,1,[H]OC([H])(C#N)C([H])([H])N([H])C#N
19,19,1,[H]C([H])([H])C1([H])C([H])([H])C12OC([H])([H])C([H])([H])C2=O
21,21,1,[H]C([H])([H])N1C([H])([H])C(C([H])([H])[H])(C([H])([H])C#N)C1([H])[H]
24,24,1,[H]C([H])([H])N1C([H])([H])C2([H])C([H])([H])C([H])([H])C([H])([H])C1([H])C2([H])[H]
19,18,0,[H]C#CC(=NC([H])([H])[H])C([H])(C([H])([H])[H])C([H])([H])O
24,24,1,[H]C([H])([H])C(=NC([H])(C([H])([H])[H])C([H])([H])[H])OC([H])([H])C([H])([H])[H]
20,20,1,[H]C1=C([H])C([H])([H])C([H])(C#N)C([H])([H])C([H])([H])C1([H])[H]
19,19,1,[H]N=C1OC([H])([H])C2(N([H])C2([H])C([H])([H])[H])C1([H])[H]
16,16,1,[H]OC([H])([H])C#CC([H])(O[H])C([H])([H])C#N
20,20,1,[H]N=C1C(=O)C([H])([H])C([H])([H])C([H])([H])C1([H])C([H])([H])[H]
21,21,1,[H]OC1([H])C([H])([H])C([H])=C([H])C12C([H])([H])C2([H])C([H])([H])[H]
22,22,1,[H]N1C([H])([H])C1([H])C(=O)C([H])([H])C([H])([H])C([H])([H])C([H])([H])[H]
19,19,1,[H]C1([H])OC2([H])C([H])([H])C1([H])C1(OC1([H])[H])C2([H])[H]
15,15,1,[H]OC1([H])C([H])([H])N=C([H])C1([H])C([H])=O
23,23,1,[H]C1([H])OC2([H])C([H])([H])C([H])(C([H])([H])C([H])([H])C1([H])[H])C2([H])[H]
23,23,1,[H]C([H])([H])C([H])([H])C1(C2([H])C([H])([H])C2([H])[H])OC1([H])C([H])([H])[H]
13,13,1,[H]OC1([H])C(=O)C(=O)N([H])C1([H])[H]
25,25,1,[H]C([H])([H])C1([H])C([H])([H])C([H])([H])C([H])(C([H])([H])[H])C12C([H])([H])C2([H])[H]
15,15,1,[H]N1C(=O)C2([H])OC([H])([H])C12C([H])([H])[H]
19,19,1,[H]C1=C(C(=O)C([H])([H])[H])C2([H])C([H])([H])C2([H])C1([H])[H]
18,18,1,[H]C1=C(N([H])[H])C(C([H])([H])[H])=C([H])C([H])([H])C1=O
19,19,1,[H]OC1([H])C2([H])C([H])([H])C1(O[H])C2([H])OC([H])([H])[H]
19,19,1,[H]OC([H])([H])C12N([H])C([H])=NC1([H])C([H])([H])C2([H])[H]
20,19,0,[H]C([H])([H])C12C([H])([H])C3([H])C([H])([H])C1([H])C2([H])C3([H])O
19,18,0,[H]C1=C([H])N([H])C2([H])C1OC2([H])C([H])([H])C([H])([H])[H]
18,18,1,[H]c1nn(C([H])([H])C([H])([H])C([H])([H])[H])c(=O)n1[H]
19,19,1,[H]OC([H])([H])C([H])(O[H])C([H])([H])N([H])C(=O)N([H])[H]
20,20,1,[H]C1=C(C([H])([H])[H])C2([H])C([H])([H])C2([H])N=C1C([H])([H])[H]
14,14,1,[H]C1=C([H])C([H])([H])C([H])([H])C(=O)C1=O
17,17,1,[H]C([H])([H])C1([H])C2([H])N3C4([H])C3([H])C1([H])C42[H]
17,17,1,[H]C([H])([H])N1C([H])([H])C2([H])OC2([H])C1([H])C#N
17,17,1,[H]c1nc2c(o1)N(C([H])([H])[H])C([H])([H])C2([H])[H]
15,14,0,[H]C1OC([H])([H])C2([H])C([H])([H])C(=O)C12[H]
21,21,1,[H]C1=C([H])C([H])([H])C([H])([H])C([H])([H])OC([H])([H])OC1([H])[H]
18,18,1,[H]N=C([H])C([H])(C(=N[H])C([H])([H])[H])C([H])([H])C#N
23,23,1,[H]OC1([H])C([H])([H])N(C([H])([H])C([H])([H])[H])C1(N([H])[H])C([H])([H])[H]
17,16,0,
21,21,1,[H]N([H])N1C([H])([H])C2(OC2([H])C([H])([H])C([H])([H])[H])C1([H])[H]
17,17,1,[H]c1oc(N(C([H])([H])[H])C([H])([H])[H])c([H])c1[H]
23,23,1,[H]C1=C(C([H])([H])[H])C([H])(C([H])([H])[H])C2([H])C([H])([H])C1([H])C2([H])[H]
23,23,1,[H]N=C(N([H])C([H])([H])[H])N(N(C([H])([H])[H])C([H])([H])[H])C([H])([H])[H]
19,19,1,[H]C1([H])OC2(C(=O)C1([H])[H])C([H])([H])C([H])([H])C2([H])[H]
21,21,1,[H]N(C([H])([H])C(=O)C1([H])N([H])C1([H])[H])C([H])([H])C([H])([H])[H]
20,20,1,[H]C(=O)C([H])(C([H])([H])C([H])([H])[H])C([H])([H])C([H])([H])C#N
22,22,1,[H]C([H])([H])C1([H])C([H])([H])C12C([H])([H])C([H])([H])C([H])([H])C2([H])[H]
20,20,1,[H]N1C([H])([H])C1([H])C12C([H])([H])C3([H])C([H])([H])C1([H])C32[H]
19,18,0,[H]C1=C([H])C2(N([H])C2([H])[H])C([H])([H])C1OC([H])([H])[H]
13,12,0,
22,22,1,[H]N1C([H])([H])C2(C([H])([H])[H])C1([H])OC([H])(C([H])([H])[H])C2([H])[H]
19,19,1,[H]N(C([H])([H])[H])C12C3([H])N4C([H])(C3([H])[H])C1([H])C42[H]
22,21,0,[H]N1C([H])([H])C([H])([H])N([H])C(O)(C([H])([H])[H])C([H])([H])C1([H])[H]
16,16,1,[H]C1=NC2([H])C([H])(OC([H])([H])[H])C2([H])N1[H]
18,18,1,[H]C1=C(C([H])([H])[H])N=C(C([H])([H])[H])C(=O)C1([H])[H]
20,20,1,[H]N([H])C(=O)C1([H])C2([H])C([H])([H])C([H])(C([H])([H])[H])C12[H]
10,10,1,[H]N([H])c1nnc(=O)on1
11,11,1,[H]c1c(C#N)noc(=O)c1[H]
18,18,1,[H]N([H])C(=O)C1([H])N2C([H])([H])C1([H])C2([H])N([H])[H]
21,21,1,[H]C1=C([H])C2([H])C([H])([H])C2([H])OC([H])([H])C([H])([H])C1([H])[H]
23,23,1,[H]C#CC([H])(C([H])([H])[H])C([H])([H])C([H])([H])C([H])([H])OC([H])([H])[H]
21,21,1,[H]OC([H])([H])C1([H])C(=O)C([H])([H])C([H])([H])C1([H])C([H])([H])[H]
15,15,1,[H]C(=O)OC([H])([H])C([H])([H])C([H])([H])C#N
20,20,1,[H]C([H])([H])C1([H])C(=O)N(C2([H])C([H])([H])C2([H])[H])C1([H])[H]
16,16,1,[H]C(=O)C1([H])C(=O)C(=O)OC1([H])C([H])([H])[H]
14,9,0,
14,14,1,[H]C1([H])OC2([H])C3([H])N1C([H])([H])C23[H]
15,15,1,[H]C1=C(C#N)C([H])([H])C([H])([H])C1([H])C#N
17,17,1,[H]C([H])([H])C12C(=O)OC3([H])C1([H])C([H])([H])C32[H]
18,18,1,[H]N([H])C12N(C([H])([H])[H])C([H])([H])OC1([H])C2([H])[H]
20,20,1,[H]OC12C([H])=C([H])C([H])([H])N(C1([H])[H])C2([H])C([H])([H])[H]
21,21,1,[H]C([H])([H])C1([H])OC2([H])C([H])([H])C([H])([H])C3([H])C1([H])C23[H]
18,18,1,[H]N=C([H])OC(=O)C1([H])C([H])([H])C1([H])C([H])([H])[H]
20,20,1,[H]C1=C([H])C([H])([H])C2(N([H])C2([H])[H])C([H])([H])OC1([H])[H]
13,12,0,[H]C(=O)C([H])([H])N([H])C(C#N)C#N
19,18,0,[H]C([H])C1([H])N2C1([H])C1([H])C3([H])C([H])([H])C2([H])C31[H]
23,23,1,[H]N1C([H])([H])C2(N([H])C([H])([H])C2([H])[H])C1(C([H])([H])[H])C([H])([H])[H]
19,19,1,[H]C1=NC([H])([H])OC1([H])C([H])(C([H])([H])[H])C([H])([H])[H]
17,17,1,[H]OC1([H])N2C3([H])N([H])C4([H])C3([H])C4([H])C21[H]
18,18,1,[H]C#CC1([H])C2([H])N([H])C([H])([H])C12C([H])([H])O[H]
25,25,1,[H]N(C([H])([H])N1C([H])([H])C1([H])[H])C([H])(C([H])([H])[H])C([H])([H])C([H])([H])[H]
17,17,1,[H]C1([H])N2C3([H])C([H])([H])C3([H])C3([H])C2([H])C13[H]
15,15,1,[H]C#CC([H])([H])C#CC([H])([H])N([H])C#N
22,22,1,[H]OC1(C([H])([H])C([H])([H])OC([H])([H])C([H])([H])[H])N([H])C1([H])[H]
17,17,1,[H]OC([H])([H])N([H])C(=O)C([H])([H])C([H])([H])O[H]
19,19,1,[H]N=C(N1C([H])(O[H])C2([H])C([H])([H])C12[H])C([H])([H])[H]
15,13,0,[H]C1=C2C([H])([H])C([H])N3C2([H])C3([H])C1[H]
19,19,1,[H]OC12N(C([H])([H])C1([H])[H])C([H])([H])C1([H])N([H])C12[H]
20,20,1,[H]OC([H])([H])C([H])([H])C1([H])C([H])([H])C([H])([H])C1([H])C#N
15,13,0,[H]C1([H])C(O)=C(N=N)C2([H])C([H])([H])C12[H]
19,19,1,[H]C#CC(=O)C([H])(C([H])([H])O[H])C([H])([H])C([H])([H])[H]
19,19,1,[H]N=C([H])C1([H])OC12C([H])([H])N([H])C([H])([H])C2([H])[H]
27,24,0,[H]C(C([H])([H])C([H])([H])[H])C([H])(OC([H])([H])N([H])C([H])([H])[H])C([H])([H])[H]
18,18,1,[H]OC1([H])N(C([H])([H])[H])C([H])([H])C1(C#N)N([H])[H]
22,20,0,[H]C([H])([H])C1C([H])([H])C2([H])NC2([H])C1([H])C([H])([H])C([H])([H])[H]
19,19,1,[H]OC12C([H])([H])N([H])C1([H])C([H])([H])C21N([H])C1([H])[H]
18,18,1,[H]Oc1c(N([H])[H])c(C([H])([H])[H])c(N([H])[H])n1[H]
21,21,1,[H]N=C([H])OC([H])([H])C([H])([H])C([H])=NC([H])([H])C([H])([H])[H]
19,19,1,[H]N1C([H])([H])C2([H])C([H])([H])C3([H])OC3(N([H])[H])C12[H]
23,23,1,[H]OC([H])([H])C([H])([H])C([H])(OC([H])([H])[H])C([H])(O[H])C([H])([H])[H]
16,16,1,[H]OC1([H])C([H])([H])N(C([H])([H])[H])C1([H])C#N
18,17,0,
26,26,1,[H]N1C([H])([H])C([H])([H])C(C([H])([H])[H])(C([H])([H])[H])C([H])(C([H])([H])[H])C1([H])[H]
14,14,1,[H]OC1([H])C(=O)N([H])C(=O)OC1([H])[H]
15,15,1,[H]c1nn([H])c2c1nc([H])n2C([H])([H])[H]
16,15,0,
13,13,1,[H]c1c(C([H])([H])[H])nc(F)oc1=O
18,18,1,[H]OC1(C#N)OC1(C([H])([H])[H])C([H])([H])C([H])([H])[H]
18,18,1,[H]OC1([H])C([H])([H])C2([H])C3([H])N4C1([H])C4([H])C32[H]
17,17,1,[H]N=C1OC([H])([H])C(O[H])(C([H])([H])[H])C1=N[H]
18,18,1,[H]C(=O)C([H])([H])OC1([H])N([H])C([H])([H])OC1([H])[H]
17,17,1,[H]C1([H])OC2([H])N3C1([H])C([H])([H])C3([H])C2([H])[H]
20,20,1,[H]OC([H])([H])C(C#N)(N([H])C([H])([H])[H])N([H])C([H])([H])[H]
19,15,0,[H]C1=C([H])C([H])C(C2([H])C([H])([H])C2([H])[H])C([H])C1[H]
17,17,1,[H]N1C(=O)C2([H])C([H])([H])C([H])([H])C12C([H])([H])[H]
18,18,1,[H]C#CC([H])([H])N([H])C([H])([H])C([H])([H])C([H])([H])[H]
19,19,1,[H]C([H])([H])C12C3([H])C4([H])OC([H])([H])C3([H])C1([H])C42[H]
19,19,1,[H]OC1([H])C2([H])N3N2C([H])([H])C1([H])C([H])([H])C3([H])[H]
21,21,1,[H]C([H])([H])N1C(=O)C([H])(C([H])([H])[H])N(C([H])([H])[H])C1([H])[H]
16,14,0,
18,18,1,[H]OC(=O)C12N([H])C1([H])C([H])([H])C([H])([H])C2([H])[H]
18,18,1,[H]C1=C([H])C([H])(C(=O)N([H])[H])C([H])([H])OC1([H])[H]
21,21,1,[H]OC([H])([H])C12C([H])([H])C1([H])C([H])([H])OC2([H])C([H])([H])[H]
14,13,0,[H]OC([H])([H])C1([H])OC12C(=N)C2([H])[H]
23,23,1,[H]OC([H])([H])C1(C([H])([H])[H])C([H])([H])C1([H])C([H])([H])N([H])C([H])=O
15,15,1,[H]C#CC12C([H])(O[H])C(=O)C1([H])C2([H])[H]
23,23,1,[H]C([H])([H])C1([H])OC([H])([H])C([H])([H])C([H])([H])OC([H])([H])C1([H])[H]
17,17,1,[H]C([H])([H])C#CC12C([H])([H])C1([H])C1([H])OC12[H]
23,23,1,[H]OC1([H])C([H])=C(C([H])([H])[H])C([H])([H])C([H])(C([H])([H])[H])C1([H])[H]
21,21,1,[H]C([H])([H])C([H])([H])C12OC3([H])C([H])([H])C1([H])C([H])([H])C32[H]
19,19,1,[H]C([H])([H])C12C([H])([H])N(C1([H])[H])C1([H])C([H])([H])C12[H]
20,20,1,[H]C1([H])N=C(C([H])([H])[H])C([H])([H])OC([H])(C([H])([H])[H])O1
22,22,1,[H]C(=O)N1C([H])([H])C([H])([H])C([H])([H])C([H])(C([H])([H])[H])C1([H])[H]
18,18,1,[H]N([H])C1([H])C(=O)OC12C([H])([H])C([H])([H])C2([H])[H]
18,18,1,[H]N=C1N([H])C([H])([H])C1(O[H])C([H])([H])C([H])([H])[H]
14,14,1,[H]C1=NC([H])([H])C([H])(C#N)C([H])([H])O1
18,18,1,[H]OC12C3([H])N=C([H])C1([H])C2([H])C([H])([H])C3([H])[H]
14,14,1,[H]Oc1nc([H])nnc1C([H])([H])O[H]
21,20,0,[H]C([H])N([H])C([H])(C([H])(C#N)N([H])[H])C([H])([H])C([H])([H])[H]
20,20,1,[H]N([H])N=C1OC([H])([H])C([H])([H])C([H])([H])N1C([H])([H])[H]
20,20,1,[H]C(=O)C1(OC([H])([H])[H])C([H])([H])N(C([H])([H])[H])C1([H])[H]
19,19,1,[H]N1C2([H])C([H])([H])C34C([H])([H])N([H])C3(C4([H])[H])C12[H]
19,19,1,[H]N=C1N2C([H])([H])C([H])([H])C3(C([H])([H])[H])C1([H])C23[H]
18,18,1,[H]OC([H])([H])N1C([H])([H])C1([H])C(=O)OC([H])([H])[H]
22,22,1,[H]N1C([H])(C([H])([H])[H])C([H])([H])C2([H])C([H])([H])OC([H])([H])C12[H]
20,20,1,[H]N1C([H])([H])C2([H])N([H])C2([H])C2([H])N([H])C([H])([H])C12[H]
19,19,1,[H]OC#CC([H])([H])C([H])([H])C([H])([H])C([H])([H])C([H])=O
18,18,1,[H]C1([H])N2C([H])([H])N1C1(C([H])([H])[H])C([H])([H])C21[H]
16,16,1,[H]OC([H])(c1c([H])c([H])nn1[H])C([H])([H])[H]
19,18,0,[H]OC([H])(C([H])([H])[H])C1(C([H])=O)C([H])C([H])([H])N1[H]
19,19,1,[H]C([H])([H])C([H])(C#N)C1=NC([H])([H])C([H])([H])C1([H])[H]
19,19,1,[H]C([H])([H])N1C([H])([H])OC([H])([H])C12C([H])([H])C2([H])[H]
19,19,1,[H]N1C([H])([H])C2([H])C1([H])OC([H])([H])C([H])([H])C2([H])[H]
19,19,1,[H]OC([H])([H])C12OC1([H])C([H])(C([H])([H])[H])C([H])=C2[H]
15,15,1,[H]C#CC12OC(=N[H])C([H])([H])N1C2([H])[H]
13,11,0,
14,14,1,[H]C([H])([H])OC1(C#N)C(=O)OC1([H])[H]
16,16,1,[H]ON=C1N([H])C([H])([H])C1([H])C(=O)N([H])[H]
12,12,1,[H]N([H])C(=O)N([H])c1nnno1
20,20,1,[H]N=C1C([H])([H])OC([H])([H])C([H])([H])C1([H])OC([H])([H])[H]
17,17,1,[H]C#CC1([H])C([H])=C([H])C([H])(O[H])OC1([H])[H]
17,17,1,[H]N=C1OC([H])([H])N=C([H])C([H])=C([H])C1([H])[H]
19,19,1,[H]C#CC12OC1(C([H])([H])[H])C([H])([H])C2([H])C([H])([H])[H]
15,15,1,[H]C([H])([H])C12C3=NC4([H])N1C4([H])C2([H])O3
21,21,1,[H]OC1([H])C([H])=C([H])C2(C([H])([H])[H])C([H])([H])C([H])([H])C12[H]
19,17,0,[H]C1C([H])([H])C2([H])NC2([H])C12N([H])C([H])([H])C2([H])[H]
22,22,1,[H]N([H])C1([H])C([H])([H])C1(C([H])([H])[H])C1([H])C([H])([H])OC1([H])[H]
21,21,1,[H]N(C([H])([H])[H])C1([H])C2([H])N3C1([H])C3(C([H])([H])[H])C2([H])[H]
19,19,1,[H]N=C1N([H])C(=NC([H])([H])[H])N(C([H])([H])[H])C1([H])[H]
13,13,1,[H]C1=NC([H])([H])c2c1oc([H])c2[H]
20,19,0,
19,19,1,[H]N1C2([H])C1(C([H])([H])[H])C1([H])C([H])([H])C21C([H])([H])[H]
15,14,0,[H]C1([H])C([H])([H])C2(C#N)OC1([H])C2([H])O
17,17,1,[H]N=C1C(=O)C2(C([H])([H])[H])C([H])([H])C2([H])N1[H]
20,20,1,[H]C1=C([H])C([H])([H])C2([H])N([H])C2([H])C([H])([H])OC1([H])[H]
14,14,1,[H]OC([H])(C#N)C1([H])C(=O)OC1([H])[H]
19,19,1,[H]N1C([H])([H])C(=O)C([H])(C([H])([H])[H])C1([H])C([H])([H])[H]
18,18,1,[H]ON=C1C([H])([H])OC2([H])C([H])([H])C2([H])C1([H])[H]
18,18,1,[H]OC1([H])C2=C([H])C([H])([H])C([H])([H])C3([H])N2C13[H]
19,19,1,[H]OC1(C([H])([H])C([H])([H])[H])C2([H])OC3([H])C2([H])C31[H]
18,18,1,[H]C1=C(C#N)C([H])([H])C2([H])C([H])([H])C2([H])C1([H])[H]
21,21,1,[H]C([H])([H])C1([H])C([H])([H])C2([H])C3([H])C([H])([H])OC3([H])C12[H]
18,18,1,[H]N1C([H])([H])C2([H])C1([H])OC1([H])C([H])([H])OC12[H]
14,14,1,[H]N=c1nc(F)c(C([H])([H])[H])nn1[H]
18,17,0,
17,16,0,
16,16,1,[H]OC(C#N)(C([H])=O)C([H])(O[H])C([H])([H])[H]
18,18,1,[H]OC([H])(C#N)C([H])([H])C(=O)C([H])([H])C([H])([H])[H]
19,19,1,[H]N1N(C2([H])C3([H])OC([H])([H])C([H])([H])C32[H])C1([H])[H]
20,20,1,[H]C1=C([H])C2([H])N3C([H])([H])C2([H])C([H])(C([H])([H])[H])C13[H]
15,15,1,[H]c1nc2n(c1[H])C([H])([H])C([H])([H])N2[H]
20,20,1,[H]C(=O)C12N([H])C([H])([H])C1([H])C([H])([H])C2([H])C([H])([H])[H]
13,11,0,[H]C1=NN(C([H])([H])C([H])([H])[H])NN1
19,19,1,[H]OC([H])([H])N([H])C1(O[H])C([H])([H])C1([H])C([H])([H])[H]
19,19,1,[H]C([H])([H])C1([H])C2([H])OC1(C([H])([H])[H])C([H])([H])C2=O
17,17,1,[H]c1nn([H])c([H])c(C([H])([H])C([H])([H])[H])c1=O
14,14,1,[H]C(=O)N1C([H])=NC([H])([H])C([H])=C1[H]
20,20,1,[H]N1C([H])(C([H])([H])[H])C([H])([H])C(=O)C2([H])C([H])([H])C12[H]
20,20,1,[H]C(=O)C1([H])N([H])C([H])([H])C([H])([H])OC([H])([H])C1([H])[H]
19,19,1,[H]N1C2([H])C1([H])C1([H])C([H])([H])C1([H])C2([H])C([H])([H])[H]
21,21,1,[H]OC([H])([H])C1([H])N([H])C2([H])N(C2([H])[H])C1([H])C([H])([H])[H]
24,24,1,[H]C([H])([H])C([H])([H])C1([H])N2C([H])([H])C([H])([H])C2([H])C([H])([H])C1([H])[H]
15,14,0,[H]C(=O)C1N([H])C2([H])C([H])([H])C3([H])OC132
20,20,1,[H]C([H])([H])C(=NN(C([H])([H])[H])C([H])([H])[H])C([H])([H])C#N
17,17,1,[H]C1=C(C#CC([H])([H])[H])C([H])([H])C(=O)C1([H])[H]
22,22,1,[H]C([H])([H])N1C([H])([H])C12C([H])([H])OC([H])(C([H])([H])[H])C2([H])[H]
18,18,1,[H]c1c(OC([H])([H])[H])nn(C([H])([H])[H])c1N([H])[H]
17,17,1,[H]C1=C([H])C([H])([H])n2c1nc([H])c2C([H])([H])[H]
14,14,1,[H]c1oc(F)c(C([H])([H])[H])c(=O)c1[H]
17,17,1,[H]C1=C([H])C2([H])OC2([H])C([H])([H])C(=O)C1([H])[H]
18,18,1,[H]C#CC1([H])C([H])([H])C(=N[H])C2([H])C([H])([H])C12[H]
13,13,1,[H]N1C2([H])C(=O)C1([H])C2([H])N([H])[H]
18,17,0,[H]C([H])([H])C=C=C=C1C([H])([H])OC1([H])C([H])([H])[H]
19,19,1,[H]C1=C([H])C2(C([H])([H])[H])C3([H])OC([H])(C1([H])[H])C32[H]
18,18,1,[H]OC1([H])C([H])([H])C2([H])N([H])C2([H])C1([H])C([H])=O
14,14,1,[H]C(=O)N1C([H])([H])C2([H])N([H])C12C#N
18,18,1,[H]OC([H])(c1onc([H])c1[H])C([H])([H])C([H])([H])[H]
21,20,0,
23,23,1,[H]OC([H])([H])C1([H])C([H])([H])OC1([H])C([H])(C([H])([H])[H])C([H])([H])[H]
16,16,1,[H]N=C1N([H])C([H])=C([H])C1([H])N([H])C([H])=O
23,21,0,
15,13,0,
21,21,1,[H]C1=C([H])C([H])([H])C2([H])C(=C1[H])C2([H])C([H])([H])C([H])([H])[H]
14,14,1,[H]c1c([H])c2oc(N([H])[H])nn2c1[H]
16,15,0,[H]N1C(=O)NN(C([H])([H])[H])C([H])([H])C1([H])[H]
19,19,1,[H]C([H])([H])C12OC3([H])C([H])([H])C1([H])OC([H])([H])C32[H]
16,16,1,[H]C1=C(C#N)C([H])([H])N=C(C([H])([H])[H])N1[H]
18,18,1,[H]OC(C([H])([H])[H])(C([H])([H])[H])C([H])([H])C(=O)C#N
17,15,0,[H]C1=C([H])N([H])C(N([H])[H])C1C(=O)C([H])([H])[H]
20,20,1,[H]OC([H])(C([H])([H])OC([H])([H])[H])C1([H])C([H])([H])C1([H])[H]
17,17,1,[H]C([H])([H])C1([H])OC12C(=O)C1([H])C([H])([H])C12[H]
14,12,0,[H]C1OC2=NC(=O)C([H])C21C([H])([H])[H]
17,17,1,[H]C#CC1=NC([H])([H])C([H])(OC([H])([H])[H])N1[H]
18,18,1,[H]C#CC([H])(C([H])=NC([H])([H])[H])C1([H])OC1([H])[H]
18,18,1,[H]OC(C#N)(C([H])([H])[H])C([H])(C([H])=O)C([H])([H])[H]
18,18,1,[H]N=C1OC2([H])C1([H])C([H])([H])C2([H])C([H])([H])O[H]
14,14,1,[H]C1=C([H])C2([H])N([H])C2(C#N)C1([H])[H]
13,13,1,[H]Oc1noc([H])c1C(=O)N([H])[H]
13,12,0,[H]N1C([H])(C#N)C1([H])C([H])(O)C#N
18,17,0,[H]C(=O)C12C([H])([H])C([H])(O)C([H])([H])C1([H])C2([H])[H]
15,15,1,[H]Oc1c(C([H])([H])[H])c([H])n([H])c1O[H]
16,16,1,[H]N=c1n([H])nnn1C1([H])C([H])([H])C1([H])[H]
20,20,1,[H]C1=C([H])C2([H])N([H])C2(C([H])([H])C([H])([H])[H])C([H])=C1[H]
20,20,1,[H]C1=C([H])C2(C([H])([H])[H])C([H])([H])C1([H])C21N([H])C1([H])[H]
18,18,1,[H]OC([H])([H])C#CC1(OC([H])([H])[H])N([H])C1([H])[H]
18,18,1,[H]C1=C2C([H])(C(=O)C1([H])[H])N([H])C([H])([H])C2([H])[H]
13,11,0,
16,16,1,[H]C([H])([H])C1([H])OC2([H])C(=O)C1([H])C2([H])[H]
21,21,1,[H]OC([H])([H])C1([H])C([H])=C([H])C([H])(C([H])([H])[H])OC1([H])[H]
21,21,1,[H]OC([H])([H])N([H])C1([H])N2C([H])([H])C([H])([H])C([H])([H])C21[H]
20,19,0,[H]C#CC1(C([H])([H])O)C([H])([H])C1([H])C([H])([H])C([H])([H])[H]
15,13,0,[H]C1=C(C([H])([H])[H])C([H])([H])C(N=N)=C1O
14,14,1,[H]N=c1oc([H])c(N([H])[H])nc1O[H]
20,20,1,[H]OC([H])([H])C1([H])OC([H])(C2([H])N([H])C2([H])[H])C1([H])[H]
14,14,1,[H]N1c2ooc(=O)c2C([H])([H])C1([H])[H]
17,15,0,
17,17,1,[H]ON=C1C([H])([H])N(C(=O)C([H])([H])[H])C1([H])[H]
16,16,1,[H]OC1([H])C(C([H])=O)=C([H])C([H])([H])C1([H])[H]
15,15,1,[H]C#CC([H])([H])C#CC(=N[H])C([H])([H])[H]
15,15,1,[H]N=C(C#CC([H])=O)N([H])OC([H])([H])[H]
13,13,1,[H]N=C([H])n1nc(N([H])[H])c(=O)o1
15,15,1,[H]N=C(C#N)N(N([H])C([H])=O)C([H])([H])[H]
17,17,1,[H]C([H])([H])C#CC12C([H])([H])C3([H])C1([H])OC32[H]
13,13,1,[H]c1nc(N([H])[H])nn1C([H])([H])[H]
21,21,1,[H]OC1([H])N(C([H])([H])[H])C([H])(C([H])([H])[H])C([H])([H])C1([H])[H]
15,15,1,[H]N1C2([H])N3C(=O)OC([H])(C13[H])C2([H])[H]
18,18,1,[H]N=C1OC2(C([H])([H])OC([H])([H])C2([H])[H])C1([H])[H]
23,23,1,[H]C([H])([H])N1C2([H])N(C([H])([H])C([H])([H])C([H])([H])[H])C([H])([H])C12[H]
15,14,0,[H]C([H])([H])C([H])([H])C1([H])OC(=O)C1=O
19,19,1,[H]C1=C([H])C2([H])C3([H])OC([H])(C1([H])[H])C([H])([H])C32[H]
18,18,1,[H]OC1([H])C2([H])OC([H])([H])C(=NC([H])([H])[H])C12[H]
21,21,1,[H]C1=C([H])C([H])([H])C2([H])N([H])C([H])(C([H])([H])[H])N2C1([H])[H]
18,17,0,[H]OC1([H])C([H])([H])C([H])([H])C2([H])OC2([H])C1([H])O
19,19,1,[H]C(=O)C1(C([H])([H])[H])C(=O)C([H])([H])C1([H])C([H])([H])[H]
17,16,0,[H]OC12C(N([H])[H])C([H])=C([H])C1([H])OC2([H])[H]
12,12,1,[H]C#Cc1onc([H])c(=O)c1[H]
15,15,1,[H]C(=O)C12N3C([H])([H])C3([H])C1([H])C2([H])[H]
19,19,1,[H]C#CC1([H])N(C([H])([H])[H])N2C([H])(C([H])([H])[H])C21[H]
17,17,1,[H]C(=O)C#CC([H])(C#CC([H])([H])[H])C([H])([H])[H]
18,18,1,[H]N1C([H])([H])C23OC1([H])C2([H])C([H])([H])OC3([H])[H]
19,19,1,[H]C1([H])OC2([H])C([H])([H])C2([H])C2([H])OC2([H])C1([H])[H]
18,18,1,[H]OC([H])([H])C1([H])C([H])([H])C1(O[H])C([H])([H])O[H]
20,20,1,[H]OC([H])([H])C([H])([H])C([H])(O[H])C([H])([H])OC([H])([H])[H]
21,21,1,[H]C1=C([H])C2([H])C3([H])C1([H])C3([H])C2(C([H])([H])[H])C([H])([H])[H]
21,21,1,[H]OC1([H])C([H])([H])C2([H])C([H])([H])C2([H])C12C([H])([H])C2([H])[H]
23,23,1,[H]C([H])([H])C1([H])C([H])([H])C([H])([H])C2([H])OC2([H])C1([H])C([H])([H])[H]
18,18,1,[H]N=C1N([H])C2([H])C3([H])N1C([H])(C([H])([H])[H])C23[H]
11,11,1,[H]c1noc(=O)nc([H])c1=O
16,16,1,[H]OC([H])([H])C1([H])c2nnc([H])n2C1([H])[H]
19,19,1,[H]OC([H])([H])C([H])([H])C1(C([H])=O)OC([H])([H])C1([H])[H]
16,16,1,[H]N=C1OC([H])([H])OC(C([H])([H])O[H])=C1[H]
23,23,1,[H]C([H])([H])OC(C(=O)C([H])([H])C([H])([H])[H])(C([H])([H])[H])C([H])([H])[H]
19,19,1,[H]N1C(=O)C(C([H])([H])[H])(C([H])([H])C([H])([H])[H])C1([H])[H]
19,19,1,[H]C1([H])C([H])([H])C2([H])C1([H])C(=O)C21C([H])([H])C1([H])[H]
23,23,1,[H]OC([H])([H])C12C([H])([H])C1([H])C([H])(C([H])([H])[H])C2([H])C([H])([H])[H]
23,23,1,[H]OC1([H])C([H])([H])C([H])([H])C([H])(C([H])([H])[H])C1(O[H])C([H])([H])[H]
18,18,1,[H]C([H])([H])OC1(C#N)C([H])([H])C12C([H])([H])C2([H])[H]
16,14,0,[H]OC1=C([H])C([H])C(N([H])[H])C([H])=C1O[H]
21,21,1,[H]C(=O)C1(C2([H])C([H])([H])C2([H])[H])C([H])([H])C([H])([H])C1([H])[H]
15,15,1,[H]N1C(=O)C2(C#N)C([H])([H])C2([H])C1([H])[H]
20,20,1,[H]C1=C([H])C([H])([H])C([H])(C#N)C([H])([H])C([H])([H])C1([H])[H]
17,17,1,[H]C(=O)C#CC([H])([H])C([H])([H])C#CC([H])([H])[H]
14,14,1,[H]C(=O)c1nn([H])c(C([H])([H])[H])c1[H]
18,18,1,[H]N([H])C12C([H])([H])N3C([H])([H])C1([H])C3([H])C2([H])[H]
17,17,1,[H]c1c2c(n([H])c1[H])N([H])C([H])(C([H])([H])[H])O2
18,18,1,[H]C#CC1([H])C2([H])N=C([H])C([H])(C([H])([H])[H])C12[H]
23,23,1,[H]OC([H])(C([H])([H])C([H])([H])[H])C1([H])OC([H])(C([H])([H])[H])C1([H])[H]
21,21,1,[H]N1C([H])([H])C([H])([H])C23C([H])([H])N(C([H])([H])C2([H])[H])C13[H]
16,15,0,
13,13,1,[H]C(C#N)=C1C(=O)N([H])C([H])=C1[H]
14,12,0,
19,19,1,[H]N=C1OC([H])(C([H])(C([H])([H])[H])C([H])([H])[H])C1([H])[H]
18,17,0,[H]OC1([H])C([H])=NC([H])(C([H])([H])O)C([H])([H])N1[H]
21,21,1,[H]C(=O)N([H])C([H])([H])C([H])([H])C([H])(C([H])([H])[H])C([H])([H])[H]
10,8,0,[H]c1nc2c(o1)=NNNN=2
17,17,1,[H]N1C([H])([H])C(=O)C2=NC([H])([H])C([H])([H])C21[H]
15,15,1,[H]C([H])([H])C#CC([H])(C#N)OC([H])([H])[H]
18,18,1,[H]N1C2([H])C([H])([H])C(=O)C2([H])C12C([H])([H])C2([H])[H]
23,23,1,[H]OC1([H])C(C([H])([H])[H])(C([H])([H])[H])C([H])([H])C12C([H])([H])C2([H])[H]
21,21,1,[H]N1C2([H])C([H])([H])C3(N([H])C3([H])C([H])([H])[H])C12C([H])([H])[H]
20,20,1,[H]N1C(=O)C([H])([H])C2(C([H])([H])C2([H])[H])C1([H])C([H])([H])[H]
20,20,1,[H]N=C1C([H])([H])C2(C([H])([H])O[H])C([H])([H])C([H])([H])C12[H]
20,20,1,[H]N=C([H])C1(C([H])=O)C([H])([H])C1(C([H])([H])[H])C([H])([H])[H]
13,13,1,[H]c1onnc1N1C([H])([H])C1([H])[H]
16,16,1,[H]OC1([H])C([H])([H])N([H])C(=O)C12OC2([H])[H]
18,18,1,[H]N(C(=O)C1([H])OC1([H])[H])C([H])([H])OC([H])([H])[H]
19,19,1,[H]C(=O)C1(C2([H])OC2([H])C([H])([H])[H])C([H])([H])C1([H])[H]
14,14,1,[H]Oc1c([H])c([H])c(N([H])[H])oc1=O
21,21,1,[H]N([H])C1=NC([H])([H])C(C([H])([H])[H])(C([H])([H])[H])OC1([H])[H]
14,14,1,[H]N1C2([H])C([H])(C#N)C3([H])C1([H])C23[H]
18,18,1,[H]OC([H])([H])C([H])([H])N1C([H])([H])C2([H])N([H])C12[H]
21,21,1,[H]OC(OC([H])([H])[H])(C([H])([H])[H])C([H])([H])C(=O)C([H])([H])[H]
17,17,1,[H]C1([H])OC([H])([H])C2([H])C([H])([H])C(=O)OC12[H]
21,21,1,[H]C(=C1C([H])([H])C([H])([H])C1([H])C([H])([H])[H])C1([H])OC1([H])[H]
21,21,1,[H]C#CC1([H])C(C([H])([H])[H])=C([H])C([H])([H])C([H])([H])C1([H])[H]
19,18,0,[H]C([H])([H])C(=O)C(N=O)C([H])([H])C([H])([H])C([H])([H])[H]
18,18,1,[H]N1C([H])([H])C(=O)C([H])([H])C(=O)C1([H])C([H])([H])[H]
21,21,1,[H]C1=C(C([H])([H])[H])C([H])(C([H])([H])[H])C1([H])C1([H])OC1([H])[H]
21,21,1,[H]C1=C(C([H])([H])[H])C2([H])C3([H])C([H])([H])C([H])(C1([H])[H])C23[H]
12,10,0,[H]N([H])C1=C(N([H])[H])N([H])NN1
18,18,1,[H]N=C([H])N(C([H])=NC([H])=O)C([H])([H])C([H])([H])[H]
16,16,1,[H]N=C1ON2C1([H])C(=N[H])C([H])([H])C2([H])[H]
20,20,1,[H]C([H])([H])C([H])([H])C1([H])C(=O)C2([H])N1C([H])([H])C2([H])[H]
10,8,0,[H]N1N=NC2=NNNC2=N1
15,15,1,[H]C(=O)n1nc(N([H])[H])c([H])c1N([H])[H]
16,16,1,[H]OC1(C([H])([H])C([H])([H])[H])C(=O)OC1([H])[H]
16,16,1,[H]C#CC([H])(C([H])=O)C([H])([H])C([H])([H])C#N
18,18,1,[H]C(=O)C([H])([H])n1c([H])c([H])c([H])c1C([H])([H])[H]
20,20,1,[H]N1C(=O)C2([H])C([H])(C1([H])[H])C2([H])C([H])([H])C([H])([H])[H]
20,20,1,[H]C([H])(C#N)C1([H])OC([H])([H])C([H])([H])C([H])([H])C1([H])[H]
11,11,1,[H]C#Cc1nc(C#N)oc1[H]
20,20,1,[H]OC1([H])C2([H])N3C([H])([H])C([H])(C2([H])[H])C31C([H])([H])[H]
23,23,1,[H]N([H])C(=O)C([H])([H])N([H])C([H])(C([H])([H])[H])C([H])([H])C([H])([H])[H]
21,21,1,[H]N([H])C1([H])C([H])([H])C2([H])N(C2([H])[H])C12C([H])([H])C2([H])[H]
16,16,1,[H]N1C([H])([H])C12C([H])([H])C1([H])OC(=O)C12[H]
20,20,1,[H]C([H])([H])C12N3C([H])(C1([H])[H])C1([H])C([H])([H])C2([H])C31[H]
21,21,1,[H]C([H])([H])OC(C#N)(N(C([H])([H])[H])C([H])([H])[H])C([H])([H])[H]
14,14,1,[H]N=c1c(F)c([H])nnn1C([H])([H])[H]
16,16,1,[H]N1C([H])([H])C2(C#N)C1([H])C2([H])C([H])([H])[H]
18,17,0,[H]C1=C([H])C([H])([H])N2C1C([H])(C([H])([H])[H])C2([H])[H]
19,19,1,[H]OC([H])([H])N1C2([H])C(C([H])([H])[H])=NC([H])([H])C12[H]
19,19,1,[H]C1([H])OC(=O)C([H])([H])C([H])([H])C2([H])C([H])([H])C12[H]
19,19,1,[H]OC([H])([H])C1([H])C2([H])C([H])([H])C12C1([H])OC1([H])[H]
19,19,1,[H]OC1([H])C([H])([H])N([H])C(C#N)(C([H])([H])[H])C1([H])[H]
18,18,1,[H]N1C(=O)N(C([H])([H])[H])C1(C([H])([H])[H])C([H])([H])[H]
21,21,1,[H]C1=C(C([H])([H])[H])C([H])(C([H])([H])[H])C([H])(C([H])([H])[H])N1[H]
15,15,1,[H]c1noc2c(C([H])([H])[H])c([H])n([H])c12
21,21,1,[H]OC([H])([H])C1(O[H])C([H])([H])C1(C([H])([H])[H])C([H])([H])O[H]
19,19,1,[H]c1c(N([H])C([H])([H])[H])oc(C([H])([H])[H])c1N([H])[H]
17,17,1,[H]C1=NC([H])(C([H])([H])OC([H])([H])[H])C(=O)N1[H]
17,17,1,[H]OC1([H])C(=O)C([H])([H])C2([H])OC2([H])C1([H])[H]
17,17,1,[H]N=C(Oc1c([H])c([H])c([H])n1[H])C([H])([H])[H]
20,20,1,[H]C([H])([H])C([H])([H])C(=O)OC([H])([H])C([H])([H])C([H])([H])[H]
23,23,1,[H]C1=C(C2([H])C([H])([H])C2([H])[H])C([H])([H])C([H])(C([H])([H])[H])C1([H])[H]
17,17,1,[H]c1nc(C2(C([H])([H])[H])N([H])C2([H])[H])n([H])n1
15,15,1,[H]C([H])([H])OC1(C#N)C([H])([H])C1([H])C#N
15,14,0,
21,21,1,[H]N=C(OC1(C([H])([H])[H])C([H])([H])C1([H])[H])N([H])C([H])([H])[H]
20,20,1,[H]C1([H])N2C1([H])C1([H])C([H])([H])C2([H])C12C([H])([H])C2([H])[H]
13,13,1,[H]N=C1N([H])C(=O)C2([H])N([H])C12[H]
21,21,1,[H]C1=C([H])C([H])(C([H])([H])[H])C2(C([H])([H])OC2([H])[H])C1([H])[H]
14,14,1,[H]c1nn(C([H])([H])[H])c(=O)c(=O)n1[H]
19,15,0,[H]OC([H])C([H])([H])N1C([H])C(=O)C1([H])[H]
20,20,1,[H]C#CC([H])(N([H])[H])C([H])(OC([H])([H])[H])C([H])([H])O[H]
14,14,1,[H]C#CC1([H])OC(=O)N2C([H])([H])C21[H]
21,21,1,[H]C([H])([H])C1(C([H])([H])[H])C2([H])C3([H])C4([H])C3([H])C4([H])C21[H]
21,21,1,[H]OC1([H])C2([H])N(C([H])([H])[H])C([H])(N([H])C([H])([H])[H])C12[H]
19,19,1,[H]C(=O)C12C([H])([H])C3([H])C([H])([H])C1(C([H])([H])[H])C32[H]
13,11,0,
22,22,1,[H]C([H])([H])C([H])([H])C1(C([H])([H])[H])C([H])([H])OC([H])([H])C1([H])[H]
16,15,0,[H]OC1([H])N(C(=O)O)C([H])([H])C1([H])N([H])[H]
23,23,1,[H]C([H])([H])C([H])(C([H])([H])C1([H])C([H])([H])C1([H])[H])C1([H])OC1([H])[H]
21,21,1,[H]C(=O)OC1([H])C([H])([H])C1(C([H])([H])[H])C([H])([H])C([H])([H])[H]
15,15,1,[H]C1([H])C([H])([H])C2(C#N)OC1([H])C2([H])[H]
19,19,1,[H]OC1([H])C([H])([H])C2=C3C([H])([H])C3([H])C([H])([H])C21[H]
16,16,1,[H]N([H])C12C(=O)C([H])([H])C1([H])C1([H])OC12[H]
18,17,0,[H]OC([H])(C([H])([H])[H])C1(O)C([H])([H])C1([H])C([H])=O
20,20,1,[H]OC([H])([H])C1(C([H])([H])[H])OC([H])([H])C1([H])C([H])([H])[H]
20,20,1,[H]C1([H])N=C2C([H])([H])C([H])(C([H])([H])OC1([H])[H])C2([H])[H]
18,18,1,[H]C#CC([H])([H])C1([H])N(N([H])C([H])=N[H])C1([H])[H]
16,16,1,[H]N=C([H])OC([H])([H])c1nc([H])c([H])n1[H]
21,21,1,[H]C(=O)C([H])([H])C1([H])C([H])([H])C([H])([H])OC1([H])C([H])([H])[H]
25,25,1,[H]OC([H])(C([H])([H])[H])C1(C([H])([H])[H])C([H])([H])C([H])([H])C([H])([H])C1([H])[H]
17,17,1,[H]OC1(C([H])([H])[H])C(=O)C2([H])N([H])C2([H])N1[H]
17,17,1,[H]C([H])([H])C1=NC2([H])C3([H])C4([H])N1C4([H])C23[H]
19,19,1,[H]C#CC([H])(OC([H])(C([H])=O)C([H])([H])[H])C([H])([H])[H]
14,14,1,[H]c1nc2n(c1[H])C1([H])C([H])([H])C21[H]
14,13,0,[H]C(=O)NN([H])C([H])([H])C([H])([H])C#N
14,14,1,[H]N=C(C#COC([H])=O)C([H])([H])O[H]
20,20,1,[H]OC1=C(N([H])[H])C([H])(C([H])([H])C([H])([H])[H])C([H])=C1[H]
18,18,1,[H]OC([H])(OC([H])=O)C([H])([H])N=C([H])C([H])([H])[H]
19,19,1,[H]N([H])C1([H])OC([H])(C#N)C([H])([H])C1([H])C([H])([H])[H]
18,18,1,[H]C#CC([H])([H])C(O[H])(C([H])([H])[H])C([H])([H])C#N
18,15,0,[H]C1N([H])C23C([H])([H])NC([H])([H])C2([H])C([H])C13[H]
21,21,1,[H]C([H])([H])OC1(C([H])([H])[H])C([H])([H])C1([H])C1([H])OC1([H])[H]
18,17,0,
18,17,0,
18,18,1,[H]C1=C([H])C2([H])C([H])([H])N([H])C23OC([H])([H])C13[H]
21,21,1,[H]C([H])([H])OC([H])([H])C([H])([H])N1C([H])([H])C1([H])C([H])([H])[H]
11,10,0,
19,19,1,[H]OC([H])([H])C([H])(C([H])([H])[H])C([H])(C([H])=O)C([H])=O
21,21,1,[H]OC12C([H])([H])C([H])([H])C3([H])C([H])([H])C1([H])C3([H])C2([H])[H]
18,18,1,[H]N=C(N([H])C(=O)C([H])([H])[H])N1C([H])([H])C1([H])[H]
23,23,1,[H]N([H])C(OC([H])([H])[H])(N1C([H])([H])C1([H])C([H])([H])[H])C([H])([H])[H]
19,19,1,[H]OC([H])([H])C([H])(O[H])C1(O[H])C([H])=C([H])C1([H])[H]
16,16,1,[H]C#CC(C#N)(N([H])[H])C([H])([H])C([H])([H])[H]
19,19,1,[H]N1C([H])(C#N)C([H])([H])C2([H])C([H])([H])C1([H])C2([H])[H]
20,19,0,
17,17,1,[H]C(=O)C1([H])OC1([H])C([H])([H])C(=O)C([H])([H])[H]
13,12,0,[H]C1=C(C#N)C(=O)C([H])(O)C1([H])[H]
14,14,1,[H]C#CC1(O[H])C(=N[H])C(=O)C1([H])[H]
23,23,1,[H]OC([H])(C(=O)C([H])([H])[H])C([H])([H])C([H])([H])C([H])([H])C([H])([H])[H]
18,16,0,
16,16,1,[H]C#CC(=NC([H])([H])C#C[H])C([H])([H])O[H]
17,16,0,[H]OC([H])([H])C1(O[H])C(C([H])=O)N([H])C1([H])[H]
17,17,1,[H]OC([H])([H])C1=C([H])C2([H])C([H])([H])C2([H])C1=O
16,16,1,[H]c1c(C([H])([H])OC([H])([H])[H])nn([H])c1[H]
16,16,1,[H]C(=O)C12OC([H])([H])C1([H])C1([H])N2C1([H])[H]
25,25,1,[H]OC([H])([H])C1(C([H])([H])[H])C([H])([H])C([H])([H])C1([H])C([H])([H])C([H])([H])[H]
15,14,0,[H]C#CC1([H])N(C([H])([H])[H])C(=O)C1([H])O
16,15,0,
15,15,1,[H]c1onc2c1OC([H])(C([H])([H])[H])N2[H]
16,16,1,[H]C#CC([H])([H])C(=O)N([H])C([H])([H])C#C[H]
16,16,1,[H]N=C1C([H])=C([H])C2(C([H])=O)C([H])([H])C12[H]
18,18,1,[H]c1nc(C([H])([H])C([H])([H])[H])c([H])n1C([H])([H])[H]
17,17,1,[H]C1=C([H])C2([H])N([H])C2([H])C(C([H])([H])[H])=C1[H]
19,19,1,[H]c1c(C([H])([H])[H])c([H])n2c1N([H])C([H])([H])C2([H])[H]
14,14,1,[H]N=C1OC([H])([H])C(=O)C1([H])N([H])[H]
10,6,0,
19,19,1,[H]OC([H])([H])C1=NC([H])(OC([H])([H])[H])C([H])([H])N1[H]
23,23,1,[H]N1C([H])([H])C1([H])C([H])([H])C1([H])C([H])([H])C1([H])N([H])C([H])([H])[H]
25,25,1,[H]N([H])C(=NC([H])([H])C([H])([H])C([H])([H])[H])C([H])(C([H])([H])[H])C([H])([H])[H]
19,19,1,[H]N=C1C([H])([H])C([H])([H])C1([H])N=C([H])OC([H])([H])[H]
17,17,1,[H]C1=C(C([H])([H])[H])C([H])([H])N([H])C(=O)C1([H])[H]
23,23,1,[H]C([H])([H])C([H])([H])N1C([H])([H])C([H])(C([H])([H])[H])C1([H])C([H])([H])[H]
21,21,1,[H]C1=C([H])C2([H])C(C([H])([H])[H])(C1([H])[H])C21C([H])([H])C1([H])[H]
15,15,1,[H]C(=O)C(=O)N([H])N([H])C(=O)C([H])([H])[H]
22,22,1,[H]OC([H])([H])C([H])([H])C([H])(OC([H])([H])[H])N1C([H])([H])C1([H])[H]
12,12,1,[H]N=C([H])Oc1nnnnc1[H]
21,21,1,[H]OC([H])([H])C1([H])OC([H])([H])C([H])([H])C([H])(C([H])([H])[H])O1
22,22,1,[H]C1=C([H])C2([H])C([H])([H])N([H])C2(C([H])([H])C([H])([H])[H])C1([H])[H]
19,19,1,[H]OC([H])([H])C1([H])OC([H])(C(=O)C([H])([H])[H])C1([H])[H]
21,20,0,[H]N1C([H])([H])C2([H])C([H])([H])C([H])(C([H])(O)C([H])([H])[H])C12[H]
18,18,1,[H]C([H])([H])C1([H])C([H])([H])C2(C#N)C([H])([H])OC12[H]
20,20,1,[H]C1=C([H])C2(N=C1C([H])([H])C([H])([H])[H])C([H])([H])C2([H])[H]
20,20,1,[H]C1([H])OC([H])([H])C2(C([H])([H])[H])C3([H])N1C2([H])C3([H])[H]
20,20,1,[H]OC12C([H])([H])C([H])([H])N=C([H])C([H])([H])C1([H])C2([H])[H]
16,16,1,[H]c1c2c(nn1[H])OC([H])(C([H])([H])[H])N2[H]
19,19,1,[H]C([H])([H])C12C([H])([H])C3([H])OC([H])([H])C1([H])OC32[H]
16,16,1,[H]OC([H])([H])C1=C([H])C2([H])OC2([H])C1([H])[H]
23,23,1,[H]C(=O)OC([H])([H])C([H])(C([H])([H])[H])C([H])(C([H])([H])[H])C([H])([H])[H]
15,14,0,
17,17,1,[H]C(=O)C([H])([H])C1([H])C2([H])C(=O)C1([H])C2([H])[H]
18,18,1,[H]N([H])C([H])([H])C12OC3([H])OC1([H])C([H])([H])C32[H]
21,21,1,[H]N([H])C([H])([H])C1([H])C2([H])N3C([H])(C([H])([H])C2([H])[H])C31[H]
20,20,1,[H]OC1(C([H])([H])N([H])[H])C([H])([H])C1(C([H])=O)C([H])([H])[H]
16,12,0,
17,15,0,
18,18,1,[H]N=C([H])N1C([H])([H])C(=N[H])OC1([H])C([H])([H])[H]
17,17,1,[H]C1([H])OC2([H])C3([H])C4([H])OC([H])(C4([H])[H])C123
21,21,1,[H]OC([H])([H])C([H])(C(=O)OC([H])([H])C([H])([H])[H])C([H])([H])[H]
22,22,1,[H]C([H])([H])OC([H])([H])C(=O)N(C([H])([H])[H])C([H])([H])C([H])([H])[H]
16,16,1,[H]C1=C(C([H])([H])C([H])([H])[H])C(=O)N([H])C1=O
15,15,1,[H]N1C2([H])C3([H])OC4([H])C3([H])C4([H])C12[H]
17,17,1,[H]C([H])([H])C1([H])N2C([H])([H])C3([H])OC1([H])C23[H]
18,18,1,[H]OC1([H])C([H])([H])C([H])=C(C([H])([H])[H])C1([H])C#N
19,19,1,[H]C#CC([H])([H])C1(C([H])([H])[H])N([H])C(=N[H])C1([H])[H]
16,16,1,[H]N1N2C3([H])C1([H])C([H])(C([H])([H])[H])C23C#N
15,15,1,[H]c1nc(C([H])([H])OC([H])([H])[H])oc1[H]
18,18,1,[H]N([H])C1([H])C(=O)OC2([H])C([H])([H])C([H])([H])C12[H]
22,22,1,[H]OC([H])([H])C1([H])N2C([H])([H])C([H])([H])C1(C([H])([H])[H])C2([H])[H]
25,22,0,[H]OC([H])(C([H])([H])[H])C(C([H])[H])(C([H])([H])[H])C1([H])N([H])C1([H])[H]
16,16,1,[H]c1nc([H])n(C([H])(C#N)C([H])([H])[H])c1[H]
15,15,1,[H]OC12OC3([H])C(=O)C1([H])C3([H])C2([H])[H]
19,19,1,[H]C1([H])C([H])([H])C23OC1([H])C21C([H])([H])C3([H])C1([H])[H]
16,16,1,[H]Oc1oc(C([H])([H])[H])c(N([H])[H])c1O[H]
13,11,0,[H]Oc1c([H])c2c(n1[H])NNN2[H]
23,23,1,[H]C([H])([H])C([H])([H])C1([H])C([H])([H])C12C1([H])C([H])([H])C2([H])C1([H])[H]
15,15,1,[H]Oc1nn2c(c1[H])C1([H])C([H])([H])C21[H]
21,21,1,[H]C([H])([H])OC([H])([H])C1(C([H])([H])[H])C(=O)C([H])([H])C1([H])[H]
15,15,1,[H]N=c1c(O[H])c([H])c([H])c(O[H])n1[H]
18,18,1,[H]C(=O)C1(C([H])([H])[H])C([H])([H])C1([H])C(=O)N([H])[H]
18,18,1,[H]N=C1OC([H])([H])C2([H])C([H])([H])C([H])(O[H])C12[H]
15,15,1,[H]OC([H])([H])C([H])([H])c1nc([H])n([H])n1
19,19,1,[H]C1([H])C2([H])OC3([H])C1([H])C1([H])C([H])([H])C3([H])C21[H]
15,13,0,
13,13,1,[H]C(=O)N([H])c1oc([H])c([H])c1[H]
17,17,1,[H]N([H])C(=O)C1([H])C2([H])C([H])([H])C1([H])C2([H])[H]
19,19,1,[H]N1C2([H])C([H])([H])N3C([H])([H])OC([H])(C3([H])[H])C12[H]
17,17,1,[H]N=C([H])C1(O[H])C([H])([H])C1(O[H])C([H])([H])[H]
19,19,1,[H]C([H])([H])OC([H])([H])N1N2C3([H])C([H])([H])C2([H])C13[H]
16,14,0,
21,21,1,[H]C1=C([H])C2([H])C(C([H])([H])[H])(C1([H])[H])C21C([H])([H])C1([H])[H]
15,15,1,[H]OC([H])([H])C(=O)C1([H])C([H])([H])C1([H])[H]
16,16,1,[H]N(C([H])([H])[H])C1(C#N)C([H])([H])OC1([H])[H]
20,20,1,[H]OC1([H])N2C([H])(C([H])([H])[H])C([H])=C([H])C2([H])C1([H])[H]
16,16,1,[H]C#CC([H])([H])OC1([H])C(=O)N([H])C1([H])[H]
20,20,1,[H]C1([H])N2C3(C([H])([H])C3([H])[H])C3([H])C([H])([H])C23C1([H])[H]
23,23,1,[H]C1=C([H])C2([H])C([H])(C1([H])[H])C2([H])C([H])([H])C([H])([H])C([H])([H])[H]
18,18,1,[H]OC1([H])C([H])([H])C2([H])N3C2([H])C2([H])C3([H])C12[H]
14,14,1,[H]C(=O)C([H])([H])OC([H])([H])C(=O)C#N
19,19,1,[H]OC([H])([H])C([H])(O[H])C([H])([H])C([H])([H])OC([H])=O
19,19,1,[H]C#CC1([H])OC([H])([H])C1=C(C([H])([H])[H])C([H])([H])[H]
17,17,1,[H]N=C(N([H])C([H])([H])[H])C1([H])N([H])C1([H])C#N
22,22,1,[H]C(=O)N([H])C([H])([H])OC(C([H])([H])[H])(C([H])([H])[H])C([H])([H])[H]
21,21,1,[H]C([H])([H])OC1([H])C2([H])C([H])([H])C3([H])C2([H])C13C([H])([H])[H]
14,14,1,[H]Oc1c([H])c([H])c([H])n1C([H])([H])[H]
20,20,1,[H]OC1([H])C([H])([H])C([H])(O[H])C1([H])C1([H])N([H])C1([H])[H]
13,13,1,[H]c1nc2c([H])nc([H])c([H])n2n1
14,10,0,
20,20,1,[H]C([H])([H])C12OC([H])([H])C([H])([H])N3C([H])(C1([H])[H])C32[H]
12,10,0,
19,19,1,[H]OC1(C([H])([H])[H])C2([H])C(=O)C1(C([H])([H])[H])C2([H])[H]
20,20,1,[H]C1=C([H])N2C([H])([H])C2([H])C([H])([H])C(C([H])([H])[H])=C1[H]
18,18,1,[H]C(=O)C12N3C([H])([H])C([H])(C31[H])C2([H])C([H])([H])[H]
16,16,1,[H]C([H])([H])C(=O)N1C(=O)C2([H])C([H])([H])C12[H]
18,18,1,[H]C1=NC([H])([H])C([H])([H])C12OC([H])([H])OC2([H])[H]
19,19,1,[H]C#CC([H])([H])C([H])([H])C([H])(C([H])([H])[H])C([H])([H])[H]
16,16,1,[H]c1nc2n(c1[H])C(C([H])([H])[H])=C2N([H])[H]
21,21,1,[H]C([H])([H])OC([H])([H])C([H])([H])C1([H])C(=O)C([H])([H])C1([H])[H]
20,20,1,[H]OC([H])(C([H])([H])[H])C1([H])C([H])([H])C12C([H])([H])C2([H])[H]
19,19,1,[H]C1=C([H])C([H])([H])C(C2([H])N([H])C2([H])[H])=C([H])N1[H]
21,21,1,[H]C(=O)N([H])C1([H])C([H])([H])C1([H])N(C([H])([H])[H])C([H])([H])[H]
23,23,1,[H]OC([H])([H])C([H])(C([H])([H])[H])C1([H])C([H])([H])C([H])([H])C1([H])O[H]
19,19,1,[H]OC([H])(C([H])([H])[H])C1(N([H])[H])C([H])([H])C1([H])C#N
21,21,1,[H]N=C1N(C([H])([H])C([H])([H])C([H])([H])[H])C2([H])C([H])([H])C12[H]
17,17,1,[H]C([H])([H])C1=C(C([H])([H])[H])C2([H])OC2([H])C1=O
18,18,1,[H]C(=O)C1(C([H])=O)N([H])C1(C([H])([H])[H])C([H])([H])[H]
18,18,1,[H]OC1(C([H])=O)C(C([H])([H])[H])=C([H])N([H])C1([H])[H]
12,11,0,[H]C1=C(F)OC(N([H])[H])C(F)=N1
20,20,1,[H]C([H])([H])C12N(C1([H])[H])C1([H])C([H])([H])C([H])([H])OC12[H]
16,16,1,[H]C1=C([H])C2([H])OC([H])([H])C2([H])C(=O)N1[H]
27,27,1,[H]N(C([H])([H])[H])C([H])([H])C([H])(N([H])[H])C(C([H])([H])[H])(C([H])([H])[H])C([H])([H])[H]
14,14,1,[H]C#CC([H])([H])OC([H])(C#N)N([H])[H]
19,19,1,[H]N1OC2(C1([H])[H])C([H])([H])C([H])([H])N1C([H])([H])C12[H]
16,16,1,[H]C#CC([H])([H])N=C([H])C(=O)OC([H])([H])[H]
20,20,1,[H]C#CC(C([H])([H])[H])(C([H])([H])O[H])C1([H])N([H])C1([H])[H]
23,23,1,[H]C([H])([H])C1([H])C([H])([H])C2(C([H])([H])[H])OC([H])([H])C([H])([H])C12[H]
12,12,1,[H]c1noc([H])c1OC([H])([H])[H]
16,16,1,[H]C([H])([H])C1([H])C(=O)OC1([H])C([H])([H])C#N
19,19,1,[H]C([H])([H])C12C([H])([H])C3([H])C4([H])OC1([H])C2([H])C43[H]
16,16,1,[H]OC1(C([H])=O)C([H])([H])C1(O[H])C([H])([H])[H]
14,14,1,[H]N=c1c(=NN([H])[H])oc([H])nn1[H]
21,21,1,[H]C([H])([H])C([H])([H])C1([H])C2([H])C3([H])C1([H])C1([H])C2([H])C31[H]
19,19,1,[H]C([H])([H])C12OC([H])([H])C1([H])C2([H])C1([H])OC1([H])[H]
15,15,1,[H]N=C([H])N1C(=N[H])N=C([H])OC1([H])[H]
15,15,1,[H]N=C([H])Oc1nc(N([H])[H])n([H])c1[H]
17,17,1,[H]C1=NC2([H])C3([H])OC([H])([H])C2([H])N1C3([H])[H]
19,19,1,[H]OC([H])(C([H])([H])[H])C1(C([H])([H])[H])C(=O)OC1([H])[H]
16,16,1,[H]C1([H])C(=O)OC2([H])C([H])([H])C([H])([H])C12[H]
23,23,1,[H]OC([H])([H])C1(C([H])([H])[H])C([H])([H])OC1([H])C([H])([H])C([H])([H])[H]
15,15,1,[H]OC([H])([H])C1([H])C([H])(C#N)C1([H])O[H]
19,19,1,[H]OC([H])([H])C12C([H])=C([H])C([H])(O[H])C1([H])C2([H])[H]
18,18,1,[H]C([H])([H])C1([H])OC([H])([H])C2([H])N1C21OC1([H])[H]
21,21,1,[H]C([H])([H])N1C([H])([H])C([H])(C([H])([H])C([H])([H])[H])C1([H])C#N
16,16,1,[H]C1=C(C(=O)N([H])[H])C2([H])OC1([H])C2([H])[H]
18,18,1,[H]OC12C3([H])OC([H])([H])C1(C([H])([H])[H])N([H])C32[H]
20,20,1,[H]OC1([H])C([H])([H])C2([H])N=C([H])C1([H])C([H])([H])C2([H])[H]
19,17,0,
14,10,0,[H]N([H])C1NNNC(C([H])([H])[H])=C1F
25,25,1,[H]OC([H])(C([H])([H])[H])C([H])([H])C1([H])C([H])([H])C1([H])C([H])([H])C([H])([H])[H]
16,16,1,[H]Oc1nc([H])c(C([H])([H])C([H])([H])[H])n1[H]
16,16,1,[H]C#CC([H])([H])C(=O)C1([H])C([H])=NC1([H])[H]
22,21,0,[H]OC1([H])C([H])N(C([H])([H])[H])C([H])([H])C([H])([H])N([H])C1([H])[H]
16,16,1,[H]c1oc(N([H])[H])c(C([H])([H])[H])c(=O)c1[H]
19,19,1,[H]C1=C([H])C2(C([H])([H])[H])C([H])([H])C1([H])C1([H])OC12[H]
19,19,1,[H]C(=O)N(C([H])([H])[H])C([H])(C([H])([H])[H])C([H])([H])C#N
18,18,1,[H]C#CC1([H])N2C([H])([H])C([H])=C([H])C21C([H])([H])[H]
16,16,1,[H]C1([H])N2C([H])([H])C3([H])C([H])([H])C3([H])C21[H]
19,19,1,[H]OC1([H])C([H])([H])C2([H])C(=O)C1([H])C([H])([H])C2([H])[H]
19,19,1,[H]C([H])([H])C1([H])C2([H])OC(=O)C([H])([H])C([H])([H])C21[H]
17,17,1,[H]C1=C(C([H])([H])[H])C([H])([H])C2([H])OC1([H])C2=O
17,17,1,[H]OC1([H])C2([H])N([H])C1([H])C2([H])C([H])([H])C#N
23,23,1,[H]N1N(C([H])([H])C2(C([H])([H])[H])C([H])([H])C2([H])C([H])([H])[H])C1([H])[H]
18,18,1,[H]OC([H])([H])C1=C([H])C([H])([H])N(C([H])([H])[H])C1=O
15,15,1,[H]C#CC1([H])N([H])C2(C#N)C([H])([H])C12[H]
16,16,1,[H]OC([H])([H])C1(C#N)C(=O)C([H])([H])C1([H])[H]
15,15,1,[H]C#CC12C([H])([H])N3C([H])(C1([H])[H])C32[H]
17,17,1,[H]N1C([H])([H])C12C(=O)C([H])(C([H])([H])[H])C2([H])[H]
15,14,0,[H]C#CC1(NO[H])N([H])C([H])=NC1([H])[H]
16,16,1,[H]C([H])([H])C1([H])OC([H])(C([H])([H])C#N)C1=O
19,18,0,[H]N([H])C(C(=O)C1(C([H])([H])[H])OC1([H])[H])C([H])([H])[H]
21,21,1,[H]N(C([H])([H])[H])C1([H])C2([H])N3C1([H])C3(C([H])([H])[H])C2([H])[H]
17,16,0,[H]OC1([H])C2OC([H])=NC2(C([H])([H])[H])C1([H])[H]
22,22,1,[H]N(C(=O)N([H])C([H])(C([H])([H])[H])C([H])([H])N([H])[H])C([H])([H])[H]
23,23,1,[H]OC([H])([H])C([H])([H])C([H])([H])OC([H])([H])OC([H])([H])C([H])([H])[H]
15,15,1,[H]N=C1OC2(C3([H])ON13)C([H])([H])C2([H])[H]
17,17,1,[H]C(=O)C12C(C([H])([H])[H])=NC([H])([H])C1([H])N2[H]
14,13,0,[H]C1N([H])C2([H])C(=O)OC3([H])N1C32[H]
20,20,1,[H]N([H])C(=O)N([H])C1([H])N([H])C1([H])C([H])([H])C([H])([H])[H]
15,15,1,[H]C(=O)C12OC1([H])C([H])([H])C21OC1([H])[H]
17,17,1,[H]C(=O)OC1([H])C(=O)N2C([H])([H])C([H])([H])C21[H]
17,17,1,[H]C(=O)C1([H])C([H])([H])C1([H])OC(=O)C([H])([H])[H]
22,22,1,[H]OC([H])([H])C1(N([H])[H])OC([H])([H])C1([H])C([H])([H])C([H])([H])[H]
20,20,1,[H]OC([H])([H])C([H])(O[H])C(C#N)(C([H])([H])[H])C([H])([H])[H]
21,21,1,[H]N1C2([H])C3([H])C([H])([H])C2(N([H])C([H])([H])C([H])([H])[H])C13[H]
16,16,1,[H]OC([H])([H])C([H])(OC([H])([H])[H])C(=O)C#N
26,26,1,[H]C([H])([H])N1C([H])([H])C([H])([H])C([H])([H])C([H])([H])C1([H])C([H])([H])C([H])([H])[H]
19,19,1,[H]C#CC([H])(C([H])([H])[H])C([H])([H])C([H])([H])C([H])([H])[H]
17,17,1,[H]C([H])([H])OC(=O)C(=O)C1([H])C([H])([H])C1([H])[H]
19,19,1,[H]OC1([H])C([H])([H])OC2(C1([H])[H])C([H])([H])C2([H])O[H]
16,16,1,[H]C1=NN([H])N=C([H])C1([H])C#CC([H])([H])[H]
17,17,1,[H]N=C1C(C([H])([H])[H])=NC([H])([H])C12OC2([H])[H]
21,21,1,[H]N(C([H])([H])[H])C1(C([H])([H])[H])C2([H])N3C2([H])C31C([H])([H])[H]
25,25,1,[H]N([H])C1([H])C([H])([H])C([H])([H])N([H])C(C([H])([H])[H])(C([H])([H])[H])C1([H])[H]
19,19,1,[H]C#CC1([H])N(C([H])([H])C([H])([H])[H])C([H])([H])C1([H])[H]
16,16,1,[H]C1=C(C([H])([H])[H])C([H])([H])c2oc([H])nc21
25,25,1,[H]C([H])([H])OC1([H])C([H])([H])C([H])(C([H])(C([H])([H])[H])C([H])([H])[H])C1([H])[H]
21,21,1,[H]OC1([H])C([H])([H])OC([H])([H])C([H])([H])OC1([H])C([H])([H])[H]
20,20,1,[H]C1=C([H])C([H])(C([H])([H])[H])C(C([H])([H])C([H])([H])[H])=C1[H]
12,12,1,[H]N1C2([H])C([H])([H])C12C(F)(F)F
27,27,1,[H]C([H])([H])C1([H])C([H])([H])C([H])([H])C(C([H])([H])[H])(C([H])([H])[H])C([H])([H])C1([H])[H]
15,13,0,[H]C1=C([H])C(N([H])[H])C([H])=C([H])C1C#N
22,22,1,[H]N1C([H])([H])C([H])([H])C2([H])OC([H])(C([H])([H])[H])C12C([H])([H])[H]
18,18,1,[H]OC([H])(C([H])([H])[H])C1([H])C([H])([H])N2C(=O)C21[H]
20,20,1,[H]N([H])C([H])(C([H])([H])[H])C1([H])N2C([H])([H])C2([H])C1([H])[H]
21,21,1,[H]C1([H])OC([H])([H])C([H])(C([H])([H])C([H])([H])C([H])([H])[H])C1=O
16,16,1,[H]OC1=C(C(=O)N([H])[H])C([H])([H])C([H])=C1[H]
20,20,1,[H]N1N2C1([H])N([H])C([H])(C([H])([H])OC([H])([H])[H])C2([H])[H]
16,16,1,[H]C#CC([H])([H])N1OC([H])(C([H])=O)C1([H])[H]
19,19,1,[H]OC1([H])C2([H])C3([H])C1([H])C(O[H])(C([H])([H])[H])C23[H]
22,22,1,[H]N1C([H])([H])C2([H])C3([H])C([H])([H])C([H])([H])C([H])([H])C23C1([H])[H]
22,22,1,[H]C([H])([H])C1([H])C([H])([H])C1([H])N=C1C([H])([H])C([H])([H])C1([H])[H]
20,20,1,[H]C#CN([H])C([H])(C([H])([H])C([H])([H])[H])C1([H])OC1([H])[H]
18,18,1,[H]C1([H])C([H])(C#N)C2([H])C([H])([H])C3([H])C1([H])C23[H]
21,21,1,[H]C([H])([H])N1C([H])([H])C([H])(C([H])([H])C([H])([H])C#N)C1([H])[H]
17,17,1,[H]N([H])C12OC(C([H])([H])[H])=NC([H])([H])C1([H])O2
19,19,1,[H]C#CC1([H])OC(C([H])([H])[H])=C([H])C([H])([H])C1([H])[H]
17,17,1,[H]C1([H])OC12C([H])([H])N1C([H])([H])C2([H])C1([H])[H]
20,20,1,[H]N1C([H])([H])C1([H])C#CC([H])([H])C([H])([H])OC([H])([H])[H]
22,22,1,[H]C1([H])N2C([H])([H])C3([H])C([H])([H])C([H])([H])C([H])(C1([H])[H])C23[H]
19,19,1,[H]N1C2([H])N3C4([H])C([H])(C13C([H])([H])[H])C24C([H])([H])[H]
13,12,0,
19,19,1,[H]C([H])([H])C12C([H])([H])C3([H])OC([H])([H])C1([H])C2([H])O3
15,15,1,[H]N=C1OC(=NO[H])C([H])=C([H])C1([H])[H]
18,18,1,[H]C(=O)N1C2([H])C([H])([H])C3(C([H])([H])[H])C1([H])C23[H]
17,17,1,[H]C(=O)N([H])C1=C([H])C([H])([H])C2([H])N([H])C12[H]
14,14,1,[H]n1c(C([H])([H])C([H])([H])[H])noc1=O
18,18,1,[H]N([H])C1(C([H])([H])[H])C([H])([H])C2([H])OC(=O)C21[H]
16,16,1,[H]C1=NC2([H])C([H])([H])OC2([H])OC([H])([H])O1
17,17,1,[H]C([H])([H])N=C1C([H])([H])N(C([H])([H])[H])C1([H])[H]
21,21,1,[H]C1([H])OC([H])([H])C2([H])C([H])([H])C([H])([H])C2(C([H])([H])[H])O1
19,19,1,[H]C([H])([H])C1([H])C([H])([H])C(=O)OC12C([H])([H])C2([H])[H]
19,19,1,[H]C(=O)C1([H])C([H])(C([H])([H])[H])C1(C([H])=O)C([H])([H])[H]
17,17,1,[H]OC1([H])C([H])([H])N2C([H])([H])C2([H])C1([H])O[H]
15,15,1,[H]C1=NC([H])([H])C([H])([H])C(=O)C1([H])C#N
23,23,1,[H]N1C([H])([H])C12N(C([H])([H])[H])C([H])([H])C([H])([H])C([H])([H])C2([H])[H]
17,17,1,[H]C#CC([H])([H])c1oc([H])c(C([H])([H])[H])c1[H]
15,15,1,[H]N1C2([H])C([H])([H])C([H])(C([H])([H])[H])C12[H]
20,20,1,[H]N([H])C([H])(C#N)C([H])([H])C([H])(C([H])([H])[H])C([H])([H])[H]
16,16,1,[H]N1C(=O)C([H])([H])OC1([H])C(=O)C([H])([H])[H]
21,21,1,[H]OC([H])(C(=O)C([H])([H])[H])C([H])([H])OC([H])([H])C([H])([H])[H]
19,19,1,[H]OC1([H])C2([H])OC2([H])C1(O[H])C([H])([H])C([H])([H])[H]
21,21,1,[H]OC([H])([H])C12N([H])C([H])(C([H])([H])C([H])([H])[H])N1C2([H])[H]
19,19,1,[H]C([H])([H])C12OC1([H])C([H])([H])C1([H])OC1([H])C2([H])[H]
22,22,1,[H]N1C2([H])C([H])([H])C([H])(C([H])([H])[H])C([H])(OC([H])([H])[H])C12[H]
17,17,1,[H]C(=O)C1([H])C(=O)C([H])([H])C([H])([H])OC1([H])[H]
20,20,1,[H]C(=O)OC([H])([H])C([H])([H])C([H])([H])C([H])([H])ON([H])[H]
17,17,1,[H]C1=NC2([H])N3C([H])([H])OC2([H])C([H])([H])C13[H]
19,19,1,[H]C1=NC([H])([H])C([H])=C1C([H])([H])C([H])([H])C([H])([H])[H]
16,15,0,[H]OC([H])([H])C(=O)OC([H])C1([H])OC1([H])[H]
18,18,1,[H]N([H])C(=O)C([H])(N([H])C([H])([H])C#N)C([H])([H])[H]
12,12,1,[H]N1C2([H])C3([H])OC2([H])C13C#N
17,17,1,[H]C(=O)C1([H])OC([H])(C([H])([H])[H])N=C([H])N1[H]
11,10,0,[H]C1([H])C(=O)C([H])(O)C1([H])[H]
13,13,1,[H]N=c1nc(O[H])n([H])c(=O)n1[H]
21,21,1,[H]OC12C([H])([H])C3(C([H])([H])[H])C([H])(C([H])([H])[H])C1([H])C23[H]
22,21,0,[H]C([H])([H])C1([H])C([H])(C([H])([H])O)C2([H])C([H])([H])C([H])([H])C12[H]
15,15,1,[H]OC1([H])C(=O)C(=O)C1(O[H])C([H])([H])[H]
16,16,1,[H]C#CC12C3([H])C([H])=C([H])N([H])C1([H])C32[H]
23,23,1,[H]C([H])([H])C1([H])C([H])([H])C1([H])C1([H])C([H])([H])C2([H])C([H])([H])C21[H]
20,20,1,[H]C1=C([H])C([H])([H])N2C([H])([H])C2([H])C(C([H])([H])[H])=C1[H]
19,19,1,[H]C#CC([H])(O[H])C1([H])OC([H])([H])C([H])([H])C1([H])[H]
8,8,1,[H]N([H])c1nnon1
15,15,1,[H]C#CC12C(=N[H])OC1([H])N([H])C2([H])[H]
16,16,1,[H]C#CC([H])([H])C([H])([H])C(=N[H])OC([H])=O
17,17,1,[H]OC12C3([H])C4([H])OC3([H])C1(C([H])([H])[H])C42[H]
22,19,0,[H]OC1(C([H])([H])C(C([H])([H])[H])C([H])([H])C([H])[H])OC1([H])[H]
9,9,1,[H]N([H])C([H])(C#N)C#N
17,17,1,[H]C([H])([H])C1([H])C([H])([H])OC([H])([H])C1([H])C#N
15,14,0,
21,21,1,[H]C#CC1([H])OC(C([H])([H])[H])(C([H])([H])C([H])([H])[H])C1([H])[H]
23,22,0,
19,19,1,[H]C([H])([H])C1([H])OC2(C([H])([H])[H])OC3([H])C1([H])C32[H]
19,19,1,[H]C1=C([H])C2([H])C([H])(C1=O)C2([H])C([H])([H])C([H])([H])[H]
16,14,0,
20,20,1,[H]C1=NC([H])(C([H])([H])[H])N([H])C(C([H])([H])C([H])([H])[H])=N1
21,21,1,[H]C(=O)C([H])([H])C([H])([H])C([H])([H])N([H])C([H])=NC([H])([H])[H]
20,20,1,[H]C#CC([H])(OC([H])([H])[H])OC([H])(N([H])[H])C([H])([H])[H]
17,17,1,[H]C1([H])C2([H])C3([H])OC4([H])C3([H])C3([H])C4([H])C123
14,14,1,[H]OC1([H])C(=O)N([H])C12N([H])C2([H])[H]
18,18,1,[H]N([H])C1(C#N)C([H])([H])N2C([H])(C([H])([H])[H])C21[H]
18,18,1,[H]N1C([H])(C#N)C([H])(C([H])([H])[H])C1([H])C([H])([H])[H]
16,16,1,[H]C1=C([H])N([H])C(=O)C1=NN([H])C([H])([H])[H]
19,19,1,[H]N1C2([H])N([H])C34C([H])([H])C([H])([H])C([H])(C13[H])C24[H]
20,19,0,[H]C1([H])C([H])([H])C2([H])C1([H])C1([H])C([H])([H])C([H])([H])C21O
18,18,1,[H]N=C1OC2([H])C1([H])OC2(C([H])([H])[H])C([H])([H])[H]
21,21,1,[H]OC1(C([H])([H])[H])N2C([H])([H])N(C1([H])[H])C2([H])C([H])([H])[H]
16,16,1,[H]N1C2([H])OC3([H])C([H])(C(=O)C2([H])[H])C13[H]
18,18,1,[H]OC([H])(N(C([H])=O)C([H])([H])[H])C([H])([H])C([H])=O
16,16,1,[H]C([H])([H])OC1([H])C(=O)OC([H])([H])C1([H])[H]
17,15,0,
15,13,0,[H]C1=C(N([H])C(=O)C([H])([H])[H])N([H])NN1
14,14,1,[H]C1=NC2([H])C3([H])C1=NC([H])([H])C23[H]
17,15,0,[H]C1=NC([H])C(C([H])([H])C([H])([H])[H])C(F)=C1[H]
22,22,1,[H]C(=O)C([H])(N([H])C([H])([H])OC([H])([H])[H])C([H])([H])C([H])([H])[H]
18,18,1,[H]N1C2([H])C([H])([H])N([H])C(C#N)(C([H])([H])[H])C12[H]
16,16,1,[H]C(=O)OC([H])(C#N)C1([H])C([H])([H])C1([H])[H]
20,16,0,
16,16,1,[H]N=C1C(=O)C([H])([H])N=C1N([H])C([H])([H])[H]
16,16,1,[H]OC1(C([H])=O)C([H])([H])C1([H])C([H])([H])C#N
20,20,1,[H]N1C([H])([H])C12N([H])C([H])(C([H])([H])C([H])([H])[H])C2([H])[H]
23,23,1,[H]C([H])([H])N=C(C([H])([H])[H])C([H])(C([H])([H])[H])C([H])([H])C([H])([H])[H]
21,21,1,[H]N1C([H])([H])C2(C([H])([H])[H])C([H])(C([H])([H])[H])C12C([H])([H])[H]
20,20,1,[H]N1C(=O)C([H])(C([H])([H])[H])C2([H])C1([H])C2([H])C([H])([H])[H]
19,18,0,[H]C([H])OC12C([H])([H])C([H])([H])C1([H])C([H])([H])C2([H])[H]
19,19,1,[H]OC([H])([H])C1([H])OC([H])([H])N2C([H])([H])N([H])C21[H]
18,18,1,[H]c1nc2n(c1[H])C([H])([H])C([H])(C([H])([H])[H])N2[H]
20,20,1,[H]OC([H])([H])C([H])(C([H])([H])[H])C([H])(O[H])C(=O)N([H])[H]
22,22,1,[H]C#CC([H])([H])N([H])C([H])(C([H])([H])[H])C([H])([H])C([H])([H])O[H]
21,21,1,[H]OC([H])([H])C12C([H])([H])C([H])(O[H])C1([H])C2([H])C([H])([H])[H]
18,16,0,
14,14,1,[H]N=C1OC2([H])C1([H])N1C([H])([H])C12[H]
22,22,1,[H]C([H])([H])C([H])([H])OC([H])([H])C(C#N)(C([H])([H])[H])C([H])([H])[H]
19,19,1,[H]C1([H])OC2([H])C1([H])OC2([H])C1([H])C([H])([H])C1([H])[H]
13,11,0,[H]C#CC1C(O[H])C([H])=C([H])N1[H]
18,17,0,[H]C(=O)C1([H])C([H])(C([H])([H])[H])C2([H])C([H])(O)C12[H]
16,16,1,[H]C#CC([H])([H])C([H])([H])C([H])([H])C(=O)C#N
23,23,1,[H]C([H])([H])C([H])([H])C([H])([H])OC1([H])C2([H])C([H])([H])C1([H])C2([H])[H]
19,19,1,[H]C1=C([H])C2([H])OC1([H])OC2(C([H])([H])[H])C([H])([H])[H]
19,19,1,[H]OC1([H])C([H])([H])C2([H])C([H])([H])C12C([H])([H])C([H])=O
12,12,1,[H]c1c(N([H])[H])noc(=O)c1[H]
19,18,0,[H]OC12C([H])([H])C([H])([H])C1([H])C2(O)N([H])C([H])([H])[H]
18,18,1,[H]OC1([H])N([H])C([H])(C([H])([H])[H])C1(C#N)N([H])[H]
21,21,1,[H]C([H])([H])C([H])(C#N)C([H])([H])C([H])([H])N1C([H])([H])C1([H])[H]
19,19,1,[H]OC1([H])C([H])([H])C2(C([H])=O)C([H])([H])C([H])([H])C12[H]
14,14,1,[H]Oc1nc([H])c(N([H])[H])n1C([H])=O
20,20,1,[H]OC12C([H])([H])C([H])=C([H])N(C([H])([H])C1([H])[H])C2([H])[H]
20,20,1,[H]C([H])([H])C#CC([H])([H])N1C([H])([H])OC([H])([H])C1([H])[H]
19,19,1,[H]N1C2([H])N3C([H])([H])OC([H])([H])C1([H])C3([H])C2([H])[H]
22,22,1,[H]N([H])C([H])([H])C1(C([H])([H])C([H])([H])[H])C2([H])OC1([H])C2([H])[H]
16,16,1,[H]OC([H])(C#N)C(=O)C([H])(O[H])C([H])([H])[H]
17,17,1,[H]C1=C2C([H])([H])OC2([H])C2([H])C([H])([H])OC12[H]
21,21,1,[H]OC([H])([H])C12OC([H])([H])C1([H])C2(C([H])([H])[H])C([H])([H])[H]
18,18,1,[H]C1=NC([H])(C([H])([H])C([H])([H])[H])C([H])([H])N1C#N
15,13,0,[H]c1noc2c1N(C([H])([H])[H])C([H])C2[H]
14,14,1,[H]OC1([H])OC1([H])C([H])([H])C([H])([H])[H]
17,17,1,[H]OC12C([H])([H])C3([H])N([H])C([H])([H])C1([H])C32[H]
18,18,1,[H]OC(=O)C([H])([H])C([H])([H])C([H])([H])OC([H])([H])[H]
16,16,1,[H]C#CC12N([H])C3([H])C([H])([H])C1(O[H])C32[H]
14,14,1,[H]C1=C([H])C(N([H])[H])=C([H])N([H])N=N1
18,18,1,[H]C(=O)C([H])([H])C1([H])C([H])=C([H])C2([H])N([H])C21[H]
21,21,1,[H]C#CC([H])(O[H])C([H])(O[H])C([H])([H])C([H])([H])C([H])([H])[H]
19,19,1,[H]OC([H])([H])C([H])([H])OC([H])([H])C([H])(O[H])C([H])=O
14,14,1,[H]N=C([H])c1c(O[H])n([H])c(=O)n1[H]
20,20,1,[H]C([H])([H])C1([H])N2C3([H])C([H])([H])C4([H])C1([H])C2([H])C34[H]
16,16,1,[H]C([H])([H])C12N3C(=O)C([H])(OC31[H])C2([H])[H]
18,18,1,[H]C1([H])N=C2C3([H])C([H])([H])OC3([H])C2([H])C1([H])[H]
16,16,1,[H]C(=O)OC1([H])C([H])([H])C(=O)C1([H])N([H])[H]
22,22,1,[H]C([H])(C#N)C([H])([H])C([H])([H])C([H])([H])C1([H])C([H])([H])C1([H])[H]
18,18,1,[H]C(=O)C([H])([H])C([H])([H])C([H])([H])OC(=O)N([H])[H]
19,19,1,[H]C1=C2C([H])([H])OC([H])([H])C3([H])C1([H])C([H])([H])C23[H]
23,23,1,[H]C([H])([H])C1([H])C([H])([H])C2([H])C3([H])C([H])([H])C1([H])C([H])([H])C23[H]
21,20,0,[H]OC1([H])C2([H])NC([H])([H])C([H])([H])C1(C([H])([H])[H])C2([H])[H]
15,14,0,
19,18,0,[H]C(=O)N=C(C(N([H])[H])C([H])([H])[H])N([H])C([H])([H])[H]
19,19,1,[H]C#CC([H])([H])C([H])([H])C([H])(C#C[H])OC([H])([H])[H]
19,19,1,[H]OC([H])(c1c([H])c([H])c(N([H])[H])n1[H])C([H])([H])[H]
19,18,0,[H]OC1C([H])([H])C2([H])C([H])([H])C([H])([H])C1([H])C2([H])[H]
16,16,1,[H]OC([H])([H])C12C3([H])OC4([H])N(C41[H])C32[H]
20,20,1,[H]OC([H])([H])C([H])([H])C1=NC([H])([H])C(C([H])([H])[H])=C1[H]
20,20,1,[H]OC([H])([H])C1([H])N2OC1([H])C([H])(C([H])([H])[H])C2([H])[H]
19,19,1,[H]C([H])([H])c1onnc1C([H])([H])C([H])([H])C([H])([H])[H]
19,19,1,[H]N=C(C([H])([H])[H])C1([H])N([H])C1([H])C(=O)C([H])([H])[H]
21,21,1,[H]C(=O)C([H])(N([H])[H])N([H])C1(C([H])([H])[H])C([H])([H])C1([H])[H]
17,17,1,[H]ON=C1C([H])([H])C([H])([H])OC1([H])C([H])([H])[H]
16,16,1,[H]N(c1nc(C([H])([H])[H])nn1[H])C([H])([H])[H]
16,15,0,[H]C([H])([H])OC12C3OC1([H])OC3([H])C2([H])[H]
21,21,1,[H]N=C([H])N([H])C([H])([H])C1([H])C([H])(O[H])C1([H])C([H])([H])[H]
18,17,0,[H]C1C([H])([H])OC([H])([H])OC([H])([H])C12OC2([H])[H]
21,21,1,[H]OC1([H])C2([H])C([H])(C([H])([H])[H])C([H])([H])C([H])([H])C12O[H]
21,21,1,[H]C([H])([H])N1N(C2(C([H])([H])[H])C([H])([H])OC2([H])[H])C1([H])[H]
13,13,1,[H]C12C(=O)C3([H])C4([H])N1C2([H])C34[H]
12,12,1,[H]Oc1c([H])oc(=O)c([H])c1F
20,20,1,[H]OC1([H])C([H])(C([H])([H])[H])C1(C#N)C([H])([H])C([H])([H])[H]
18,18,1,[H]OC1([H])C2([H])C([H])([H])C3([H])N([H])C2(O[H])C13[H]
19,19,1,[H]OC([H])([H])C1([H])C2([H])C([H])=C([H])C21C([H])([H])O[H]
18,18,1,[H]C1=C([H])C2([H])OC3([H])C([H])(N([H])C23[H])C1([H])[H]
18,18,1,[H]C1([H])N=C(C([H])([H])C(=O)C([H])([H])[H])C([H])([H])O1
17,17,1,[H]C(=O)C1([H])OC([H])([H])C([H])([H])C([H])([H])C1=O
17,17,1,[H]C(=O)C([H])([H])C12N([H])C([H])(C1([H])[H])C2([H])[H]
21,21,1,[H]OC([H])([H])C1([H])C([H])([H])C([H])([H])OC([H])([H])C1([H])O[H]
19,19,1,[H]OC1([H])C([H])([H])OC2([H])C3([H])C([H])([H])C3([H])C12[H]
20,20,1,[H]C1=C([H])C2(C([H])([H])C([H])([H])[H])ON2C([H])([H])C1([H])[H]
19,18,0,[H]OC1(C([H])([H])C([H])([H])[H])C([H])(O)C2([H])N([H])C21[H]
21,21,1,[H]C1([H])OC([H])([H])C2([H])C3([H])C([H])([H])C2(C1([H])[H])C3([H])[H]
18,18,1,[H]N=C1N([H])C(=O)C(C([H])([H])[H])(C([H])([H])[H])N1[H]
21,21,1,[H]OC1([H])N(C([H])([H])[H])C([H])([H])C2([H])N([H])C([H])([H])C12[H]
14,13,0,
22,22,1,[H]C(=O)N([H])C1([H])C([H])(C([H])([H])[H])C1(C([H])([H])[H])C([H])([H])[H]
16,15,0,
23,23,1,[H]C([H])([H])OC([H])([H])OC([H])([H])C([H])([H])C([H])([H])OC([H])([H])[H]
18,18,1,[H]OC([H])([H])C1([H])N([H])C1([H])C([H])([H])OC([H])=O
21,21,1,[H]C(=O)N([H])C1(C([H])([H])[H])N([H])C1([H])C([H])([H])C([H])([H])[H]
17,17,1,[H]OC([H])([H])C1=NN([H])C1([H])C1([H])OC1([H])[H]
20,19,0,
16,16,1,[H]C1=C2C([H])([H])OC2(C([H])([H])[H])N([H])C1=O
19,19,1,[H]OC12N([H])C(C([H])([H])[H])=NC1(C([H])([H])[H])C2([H])[H]
15,15,1,[H]N=C(C#N)C([H])(OC([H])([H])[H])C([H])=O
17,17,1,[H]C1=NC([H])([H])C([H])(C([H])([H])[H])C([H])(C#N)O1
25,25,1,[H]C([H])([H])C([H])([H])C1([H])C([H])(C([H])([H])[H])C2([H])C([H])([H])C12C([H])([H])[H]
15,15,1,[H]C#CC1(C([H])=O)OC([H])([H])C1([H])O[H]
19,18,0,[H]OC([H])C1([H])OC2([H])C([H])([H])N(C([H])([H])[H])C12[H]
19,19,1,[H]C(=C(C#N)C([H])([H])[H])N1C([H])([H])C1([H])C([H])([H])[H]
19,19,1,[H]N1C([H])([H])C1([H])C1([H])OC([H])([H])N2C([H])([H])C21[H]
17,17,1,[H]N1C([H])([H])C2([H])OC3([H])C1([H])C23C([H])([H])[H]
18,18,1,[H]N([H])C1=NC2([H])N(C1([H])OC([H])([H])[H])C2([H])[H]
19,19,1,[H]OC([H])([H])C1([H])C([H])(O[H])C([H])([H])C2([H])OC21[H]
20,20,1,[H]OC([H])([H])C12N([H])C3([H])C1([H])C3(C([H])([H])[H])C2([H])[H]
21,21,1,[H]ON=C1N(C([H])([H])C([H])([H])[H])C([H])([H])C1([H])C([H])([H])[H]
16,16,1,[H]N([H])C1(C([H])([H])[H])C(=O)OC(=O)C1([H])[H]
21,21,1,[H]N=C([H])N1C([H])([H])C1(C([H])([H])[H])C1([H])C([H])([H])C1([H])[H]
17,17,1,[H]N1C([H])(C#N)C1([H])C([H])([H])C1([H])OC1([H])[H]
21,21,1,[H]OC12C([H])([H])C3([H])C([H])(C([H])([H])[H])C([H])([H])C1([H])C32[H]
15,15,1,[H]C(=O)C1=NC([H])([H])C([H])([H])C1([H])C#N
10,10,1,[H]N=c1nnonc1C#N
21,21,1,[H]OC1([H])OC2(C([H])([H])[H])C([H])([H])C([H])([H])C1([H])C2([H])[H]
17,16,0,[H]C=C1C([H])([H])C12C([H])([H])OC([H])([H])C2([H])[H]
12,9,0,
18,18,1,[H]N=C1C([H])(C([H])([H])[H])C2([H])OC3([H])C1([H])C23[H]
17,17,1,[H]N([H])C(=O)C1([H])N([H])C([H])([H])C2([H])OC12[H]
22,22,1,[H]OC([H])([H])C1([H])C([H])([H])C(C([H])([H])[H])=NC1([H])C([H])([H])[H]
20,19,0,[H]C1OC([H])([H])C1([H])N([H])C1([H])C([H])([H])N([H])C1([H])[H]
18,18,1,[H]C([H])([H])C1([H])N2C3([H])OC4([H])C2([H])C34C1([H])[H]
21,21,1,[H]N=C1C([H])([H])C([H])([H])C1([H])C([H])([H])C([H])([H])C([H])([H])[H]
21,20,0,[H]ON=C(C(OC([H])([H])[H])C([H])([H])C([H])([H])[H])C([H])([H])[H]
23,23,1,[H]C([H])([H])C#CC([H])(OC([H])([H])C([H])([H])C([H])([H])[H])C([H])([H])[H]
15,11,0,
19,19,1,[H]C#CC(C([H])([H])[H])(C([H])([H])[H])C([H])(O[H])C([H])=O
18,18,1,[H]OC([H])(C([H])([H])C#N)C([H])([H])C#CC([H])([H])[H]
20,20,1,[H]OC([H])([H])C([H])([H])C1([H])C([H])([H])C1(C([H])=O)N([H])[H]
23,23,1,[H]N1C([H])([H])C([H])([H])C([H])([H])C([H])([H])C1([H])C([H])([H])C([H])([H])[H]
18,17,0,[H]OC12OC([H])([H])C1([H])C2(C([H])([H])[H])C([H])([H])O
17,15,0,[H]C1NN([H])C2=C1C([H])([H])C2([H])OC([H])([H])[H]
23,23,1,[H]C1([H])OC2([H])C([H])([H])C([H])(C([H])([H])C([H])([H])C1([H])[H])C2([H])[H]
20,20,1,[H]OC1([H])C([H])([H])C([H])(OC([H])([H])[H])C12N([H])C2([H])[H]
17,17,1,[H]C#CC12OC([H])(C([H])([H])[H])OC1([H])C2([H])[H]
18,18,1,[H]C#CC12N3C1(C([H])([H])[H])C([H])([H])C32C([H])([H])[H]
16,16,1,[H]C1=C([H])C([H])([H])C([H])=C2N1C(=O)C2([H])[H]
14,13,0,
17,17,1,[H]OC([H])(C([H])=O)C([H])(OC([H])([H])[H])C([H])=O
19,19,1,[H]N1C([H])([H])C([H])([H])C2(C([H])([H])[H])OC2([H])C1([H])[H]
16,16,1,[H]OC12C3([H])OC1([H])C2(O[H])C3([H])N([H])[H]
22,22,1,[H]N1C([H])([H])C([H])([H])OC2(C([H])([H])C1([H])[H])C([H])([H])C2([H])[H]
17,17,1,[H]C(=O)C1([H])C(=O)C([H])([H])OC([H])([H])C1([H])[H]
16,16,1,[H]C#CC([H])(N([H])[H])C1([H])OC1([H])C([H])=O
19,19,1,[H]OC([H])([H])C1=NC2([H])N([H])C([H])([H])C2([H])C1([H])[H]
24,24,1,[H]C([H])([H])N1C([H])(C([H])([H])[H])C2(C([H])([H])C([H])([H])[H])C([H])([H])C12[H]
18,18,1,[H]N=C1OC2([H])C1([H])C2([H])C([H])([H])C([H])([H])O[H]
25,25,1,[H]C(=NC([H])([H])C([H])([H])[H])N([H])C([H])([H])C([H])([H])C([H])([H])C([H])([H])[H]
22,22,1,[H]C([H])([H])C([H])([H])C1([H])C2([H])N3C1([H])C3(C([H])([H])[H])C2([H])[H]
16,14,0,[H]C#CC1C(N([H])[H])N=C(C([H])([H])[H])N1[H]
20,20,1,[H]ON=C(C#CC([H])([H])[H])C([H])(C([H])([H])[H])C([H])([H])[H]
12,12,1,[H]N=C(OC([H])([H])C#N)C([H])=O
21,21,1,[H]OC1([H])C([H])([H])C1(C([H])([H])C([H])=O)C([H])([H])C([H])([H])[H]
18,17,0,[H]OC1([H])C([H])=C([H])C([H])(OC([H])([H])[H])C1([H])O
17,17,1,[H]C(=O)OC1([H])C2([H])OC([H])([H])C([H])([H])C12[H]
17,17,1,[H]N=C(OC([H])([H])[H])C(=NO[H])C([H])([H])O[H]
23,23,1,[H]C([H])([H])C([H])([H])C([H])([H])C1([H])C2([H])OC([H])([H])C21C([H])([H])[H]
23,23,1,[H]OC([H])([H])C1(C([H])([H])[H])C([H])(O[H])C([H])([H])C1([H])C([H])([H])[H]
23,23,1,[H]C([H])([H])OC([H])([H])C1([H])C2([H])C([H])([H])C([H])([H])C1([H])C2([H])[H]
16,16,1,[H]N([H])C([H])([H])C12N3C(=O)C1([H])N([H])C32[H]
23,23,1,[H]N([H])C([H])([H])C([H])(OC([H])([H])[H])C([H])([H])C([H])([H])C([H])([H])[H]
16,16,1,[H]C1=NC(C#N)(N([H])C([H])([H])[H])C([H])([H])O1
17,17,1,[H]N1C([H])([H])N2C([H])([H])N3C([H])([H])C3([H])C12[H]
25,25,1,[H]OC([H])([H])C([H])(OC([H])([H])[H])C([H])([H])C([H])([H])C([H])([H])C([H])([H])[H]
17,17,1,[H]OC1([H])C([H])=C([H])C2([H])N(C1([H])[H])C2([H])[H]
17,17,1,[H]C([H])([H])C12C3([H])C(=O)C14C([H])([H])C2([H])C34[H]
14,14,1,[H]C1=NC(C#N)(OC([H])([H])[H])C([H])=N1
19,19,1,[H]C(=O)OC1([H])C([H])([H])C1([H])C([H])([H])OC([H])([H])[H]
17,16,0,[H]C1=C([H])C(C([H])=C([H])N([H])[H])N=C1N([H])[H]
16,16,1,[H]C1=NC2([H])C([H])([H])C([H])([H])C3([H])N1C23[H]
14,14,1,[H]C#CC1([H])C2([H])OC(=N[H])C12O[H]
20,20,1,[H]c1oc(N([H])C([H])([H])C([H])([H])C([H])([H])[H])c([H])c1[H]
17,17,1,[H]N1C(=O)C(=O)N([H])C([H])(C([H])([H])[H])C1([H])[H]
22,22,1,[H]N([H])C1([H])C2(C([H])([H])[H])OC1(C([H])([H])[H])C2([H])C([H])([H])[H]
20,20,1,[H]OC([H])([H])C([H])([H])N([H])C([H])=NC([H])([H])C([H])([H])[H]
13,13,1,[H]C1=C([H])C([H])=C([H])C([H])([H])C1=O
19,19,1,[H]C(=O)C1([H])N(C([H])([H])[H])C2([H])N([H])C12C([H])([H])[H]
19,19,1,[H]N1C2([H])C([H])([H])C3([H])N4C([H])(C3([H])[H])C1([H])C42[H]
21,21,1,[H]N1C([H])([H])C23N([H])C([H])(C([H])([H])C([H])([H])C2([H])[H])C13[H]
23,23,1,[H]C1=C([H])C2([H])C([H])(C([H])([H])[H])C1([H])C2([H])C([H])([H])C([H])([H])[H]
21,21,1,[H]OC(C1=C([H])C([H])([H])OC1([H])[H])(C([H])([H])[H])C([H])([H])[H]
17,17,1,[H]C1=C(C#N)C2(C([H])([H])[H])N(C1([H])[H])C2([H])[H]
20,20,1,[H]C([H])([H])C1([H])N2C([H])([H])C3([H])OC3([H])C([H])([H])C21[H]
16,16,1,[H]OC1(C([H])([H])[H])N2N3C2([H])C2([H])N1C32[H]
18,18,1,[H]OC([H])(OC([H])=NC([H])([H])C([H])([H])[H])C([H])=O
19,19,1,[H]OC([H])([H])C12OC([H])([H])C1(OC([H])([H])[H])C2([H])[H]
17,17,1,[H]C([H])([H])C12ON(C([H])([H])C1([H])[H])C2([H])C#N
20,20,1,[H]C([H])([H])C1([H])C([H])([H])N2C3([H])OC([H])([H])C3([H])C21[H]
13,13,1,[H]c1nc([H])c2nc([H])c([H])n2n1
15,15,1,[H]C(=NC([H])([H])[H])N([H])c1nnoc1[H]
16,16,1,[H]N1N2C([H])([H])C(=O)C1([H])C([H])([H])C2([H])[H]
21,21,1,[H]OC([H])([H])C1(OC([H])([H])[H])N(C([H])([H])[H])C1([H])N([H])[H]
14,14,1,[H]C1([H])N2C3([H])N4C([H])(C23[H])C41C#N
19,19,1,[H]OC([H])([H])C1(O[H])C([H])([H])C1([H])C([H])([H])N([H])[H]
17,17,1,[H]N=c1c(C([H])([H])[H])c([H])c([H])c(O[H])n1[H]
17,17,1,[H]C(=O)C([H])([H])C1([H])OC([H])([H])C1([H])N([H])[H]
17,16,0,[H]N1C([H])([H])C2C([H])([H])OC([H])([H])C(=O)C21[H]
19,19,1,[H]OC([H])([H])C12C3([H])C([H])([H])C4([H])C([H])(C41[H])C32[H]
18,18,1,[H]C([H])([H])OC12C3([H])N4C([H])([H])C4([H])C1([H])C32[H]
19,19,1,[H]N1C([H])([H])C2([H])N3C([H])([H])C1(OC([H])([H])[H])C32[H]
19,19,1,[H]C([H])([H])C12OC3([H])C1([H])C2([H])C31C([H])([H])C1([H])[H]
20,20,1,[H]C([H])([H])C([H])([H])C1(C#N)OC([H])(C([H])([H])[H])C1([H])[H]
23,22,0,[H]OC1(C([H])([H])[H])C(C([H])([H])[H])C1([H])N([H])C([H])([H])C([H])([H])[H]
12,10,0,
22,22,1,[H]C1=NC([H])([H])C2([H])C([H])([H])C([H])([H])C2([H])C([H])([H])C1([H])[H]
17,17,1,[H]OC12C(=NC([H])([H])[H])C3([H])N([H])C1([H])C32[H]
17,17,1,[H]OC1([H])C([H])([H])OC2([H])C3([H])OC3([H])C12[H]
16,16,1,[H]N([H])C1([H])N(C2([H])OC2([H])[H])C1([H])C#N
13,13,1,[H]N=c1onc(F)c(N([H])[H])c1[H]
22,21,0,[H]OC([H])(C([H])([H])C([H])([H])[H])C1(C([H])([H])O)C([H])([H])C1([H])[H]
25,25,1,[H]C([H])([H])C([H])([H])C([H])([H])C1([H])C([H])([H])OC([H])([H])C([H])([H])C1([H])[H]
19,19,1,[H]C(=O)C([H])([H])C1([H])N([H])C1([H])C([H])([H])C([H])([H])[H]
20,20,1,[H]C1=C([H])C([H])([H])C2([H])N([H])C2(C([H])([H])[H])C([H])=C1[H]
15,15,1,[H]C1([H])OC([H])([H])C([H])(C#N)C1([H])C#N
23,22,0,
17,17,1,[H]C#CC1([H])C2([H])C([H])=C3C([H])([H])C1([H])C32[H]
21,21,1,[H]OC1([H])C2([H])C(O[H])(C([H])([H])C([H])([H])[H])C12C([H])([H])[H]
15,15,1,[H]OC([H])([H])C#CC(=O)N([H])C([H])([H])[H]
20,20,1,[H]c1nc(N([H])C([H])([H])[H])n(C([H])([H])[H])c1C([H])([H])[H]
18,18,1,[H]OC12C([H])([H])N(C(=O)C([H])([H])[H])C1([H])C2([H])[H]
19,19,1,[H]OC1([H])C([H])([H])C2([H])C([H])([H])C3([H])C4([H])C3([H])C124
12,12,1,[H]Oc1nc(N([H])[H])oc1O[H]
21,21,1,[H]C#CC1([H])C([H])([H])C([H])([H])C([H])(O[H])C1([H])C([H])([H])[H]
21,21,1,[H]C(=O)OC([H])([H])C(OC([H])([H])[H])(C([H])([H])[H])C([H])([H])[H]
16,16,1,[H]OC([H])([H])C12C([H])=C([H])C1(O[H])C2([H])[H]
12,12,1,[H]N=c1oc(=O)oc(O[H])c1[H]
19,19,1,[H]C([H])([H])C1([H])C2([H])C(=O)C3([H])C2([H])C([H])([H])C31[H]
17,11,0,
15,15,1,[H]C1([H])OC([H])([H])C2([H])N(C1=O)C2([H])[H]
23,23,1,[H]C([H])([H])OC([H])([H])C([H])([H])C([H])(C(=O)C([H])([H])[H])C([H])([H])[H]
18,18,1,[H]OC1([H])N([H])C2(C([H])=O)C([H])([H])C([H])([H])C12[H]
19,19,1,[H]Oc1c([H])c([H])nn1C([H])(C([H])([H])[H])C([H])([H])[H]
18,18,1,[H]OC1([H])C2([H])N(C([H])([H])[H])C(=O)C([H])([H])C12[H]
25,25,1,[H]OC([H])([H])C1(C([H])([H])C([H])(C([H])([H])[H])C([H])([H])[H])C([H])([H])C1([H])[H]
21,21,1,[H]OC([H])([H])C1([H])OC(C([H])([H])[H])(C([H])([H])[H])C1([H])O[H]
16,16,1,[H]C#CC1([H])N2C3([H])C([H])=C([H])C1([H])C23[H]
23,23,1,[H]C1=C([H])C2(C([H])([H])C2([H])[H])C([H])(C([H])([H])[H])C([H])([H])C1([H])[H]
18,18,1,[H]C#CC([H])(O[H])C12C([H])([H])N([H])C1([H])C2([H])[H]
15,15,1,[H]OC1([H])C(=O)N([H])C1(C#N)C([H])([H])[H]
20,20,1,[H]OC1(C2([H])C([H])([H])C2([H])[H])C(C([H])([H])[H])=NC1([H])[H]
14,14,1,[H]C#CC([H])([H])Oc1oc([H])nc1[H]
23,23,1,[H]OC([H])([H])C1([H])C([H])([H])C(C([H])([H])[H])(C([H])([H])[H])C1([H])O[H]
17,17,1,[H]C1=C(N([H])[H])C([H])(C([H])([H])[H])C([H])([H])C1=O
13,13,1,[H]c1onc(N([H])C([H])([H])[H])c1[H]
20,20,1,[H]C1=C([H])C2([H])C3([H])C([H])(C([H])([H])[H])C([H])([H])C23N1[H]
21,21,1,[H]C#CC1([H])C([H])([H])C1([H])C([H])(C([H])([H])[H])C([H])([H])O[H]
21,20,0,[H]C1OC([H])([H])C1(C([H])([H])[H])C([H])(C([H])([H])[H])C([H])([H])[H]
17,16,0,[H]C#CC([H])(C(=NO[H])C([H])([H])[H])C([H])O[H]
16,16,1,[H]N=C1N2C([H])([H])OC([H])([H])C1([H])C2([H])[H]
19,19,1,[H]OC([H])([H])C1([H])OC([H])([H])C2(OC2([H])[H])C1([H])[H]
15,13,0,[H]OC1=NC([H])C(N([H])[H])C(O[H])=C1[H]
20,20,1,[H]N=C(C([H])([H])[H])C1([H])OC2([H])C([H])([H])C12C([H])([H])[H]
13,13,1,[H]N1C2([H])C(=O)C3([H])OC3([H])C12[H]
15,13,0,
19,19,1,[H]C1=C([H])C2([H])C([H])(C([H])([H])[H])C3([H])OC1([H])C32[H]
23,23,1,[H]C1=C(C([H])([H])[H])C2(C([H])([H])[H])C([H])([H])C2([H])C([H])([H])C1([H])[H]
21,21,1,[H]OC1([H])C(=O)C(C([H])([H])[H])(C([H])([H])C([H])([H])[H])C1([H])[H]
21,21,1,[H]C([H])([H])N1C2([H])C1([H])C1(C([H])([H])[H])N(C([H])([H])[H])C21[H]
22,22,1,[H]N1C2([H])C1([H])C1(C([H])(C([H])([H])[H])C([H])([H])[H])C([H])([H])C21[H]
15,14,0,[H]C1=NC(=O)N([H])N=C(C([H])([H])[H])C1[H]
22,22,1,[H]C([H])([H])C12N3C([H])([H])C3([H])C([H])([H])C([H])([H])C1([H])C2([H])[H]
17,16,0,
17,17,1,[H]OC1([H])C2([H])N(C([H])=O)C([H])([H])C1([H])N2[H]
23,23,1,[H]OC([H])([H])C([H])([H])C([H])(OC([H])([H])[H])C([H])([H])OC([H])([H])[H]
20,18,0,[H]C1C2([H])OC([H])([H])C2(NC([H])([H])[H])C1([H])C([H])([H])[H]
21,21,1,[H]C1=C([H])C2([H])OC([H])([H])C2([H])C([H])(C([H])([H])[H])C1([H])[H]
16,16,1,[H]N=C(C#N)OC([H])([H])C([H])([H])C([H])([H])[H]
20,20,1,[H]OC([H])(C([H])([H])[H])C1([H])C2([H])C([H])=C([H])N([H])C21[H]
22,22,1,[H]C1=C(C([H])([H])[H])C([H])([H])C([H])([H])C([H])([H])C2([H])N([H])C12[H]
23,23,1,[H]C([H])([H])C([H])([H])C1([H])OC([H])([H])C([H])(C([H])([H])[H])OC1([H])[H]
19,19,1,[H]OC1([H])C2([H])OC([H])(C([H])([H])[H])C1(C([H])([H])[H])O2
13,13,1,[H]C(=O)c1c([H])c([H])c([H])oc1=O
20,20,1,[H]C#CC([H])([H])N([H])C1(C([H])([H])O[H])C([H])([H])C1([H])[H]
18,18,1,[H]C([H])([H])C([H])(C#N)C12OC1([H])C([H])([H])C2([H])[H]
18,18,1,[H]c1nc(C([H])([H])[H])c([H])n([H])c1=NC([H])([H])[H]
18,18,1,[H]OC(=O)C1([H])C([H])([H])C([H])([H])C1([H])C([H])([H])[H]
17,17,1,[H]C#CC([H])([H])C1([H])C([H])([H])C1([H])OC([H])=O
16,16,1,[H]C#CC([H])(OC([H])=O)C([H])([H])C([H])([H])[H]
13,11,0,
17,17,1,[H]C(=O)C1([H])C([H])([H])C2(C([H])([H])[H])N([H])C12[H]
14,14,1,[H]C(=O)C1([H])OC([H])([H])C1([H])N([H])[H]
19,19,1,[H]OC([H])([H])C([H])([H])C1=C([H])C([H])([H])C([H])([H])C1=O
21,21,1,[H]OC([H])([H])C12C([H])([H])C1([H])C([H])(O[H])C2([H])C([H])([H])[H]
16,16,1,[H]N=C1N=C([H])OC1([H])C([H])([H])C([H])([H])[H]
23,23,1,[H]C([H])([H])C1([H])OC([H])([H])C([H])(C([H])([H])[H])C2([H])C([H])([H])C12[H]
18,18,1,[H]C([H])([H])C#CC1([H])C([H])([H])C([H])([H])C1([H])C#N
17,17,1,[H]C(=O)C1([H])N([H])C([H])(C#N)C1([H])C([H])([H])[H]
19,19,1,[H]C1([H])OC2([H])C([H])([H])C3(C([H])([H])OC3([H])[H])C12[H]
19,19,1,[H]N1C2([H])C([H])([H])C([H])([H])C([H])(C([H])([H])[H])C12C#N
21,21,1,[H]C([H])([H])C12OC13C([H])([H])C3([H])C([H])([H])C([H])([H])C2([H])[H]
20,20,1,[H]N1C([H])([H])C(=NC([H])([H])C([H])([H])[H])C([H])([H])C1([H])[H]
14,13,0,
15,15,1,[H]N([H])C(=O)N1C([H])([H])C1([H])C([H])([H])[H]
22,22,1,[H]N1C2([H])C([H])([H])OC([H])(C([H])([H])C([H])([H])[H])C12C([H])([H])[H]
18,18,1,[H]C#CC([H])(O[H])C([H])([H])OC([H])([H])C([H])([H])[H]
20,20,1,[H]OC([H])([H])C12C([H])([H])C([H])([H])N3C([H])(C1([H])[H])C32[H]
20,19,0,[H]C1N([H])C2([H])C3([H])N([H])C([H])(C1([H])C([H])([H])[H])C23[H]
12,12,1,[H]C([H])([H])C1(C#N)OC1([H])C#N
21,21,1,[H]C(=NC([H])([H])[H])C1([H])C([H])(C([H])([H])[H])C1([H])C([H])([H])[H]
18,18,1,[H]C1=NC2([H])N(C([H])([H])[H])C3([H])N1C3([H])C2([H])[H]
14,13,0,
14,12,0,
23,23,1,[H]C([H])([H])N1C([H])([H])N2C([H])([H])C([H])(C([H])([H])[H])C2([H])C1([H])[H]
17,17,1,[H]C(=O)C1([H])C([H])=C([H])OC(C([H])([H])[H])=C1[H]
19,19,1,[H]OC12C([H])([H])C3([H])C([H])([H])C([H])([H])C1([H])C32O[H]
19,18,0,[H]C1OC([H])([H])C1([H])C#CC([H])(N([H])[H])C([H])([H])[H]
12,12,1,[H]C1=C([H])c2nc([H])oc2C1=O
14,14,1,[H]C1([H])C2([H])N3C1([H])C3(C#N)C2([H])[H]
20,20,1,[H]C(C(=O)N([H])[H])=C1C([H])([H])C([H])([H])C1([H])C([H])([H])[H]
18,18,1,[H]OC1([H])C([H])=C([H])C([H])(C#N)C([H])([H])C1([H])[H]
19,19,1,[H]C([H])([H])N(C([H])([H])[H])C12C(=O)C([H])([H])N1C2([H])[H]
20,19,0,[H]OC1([H])C([H])OC2([H])C1([H])C2([H])C([H])([H])C([H])([H])[H]
14,14,1,[H]C(=O)c1oc(=O)n([H])c1C([H])([H])[H]
17,17,1,[H]C12OC([H])([H])C([H])([H])C([H])(C1=O)C([H])([H])O2
16,16,1,[H]C([H])([H])C12C3([H])OC1([H])C2([H])C3([H])C#N
19,19,1,[H]OC1(C([H])([H])[H])C([H])=C([H])C(=O)C1([H])C([H])([H])[H]
14,14,1,[H]c1c(N([H])[H])oc(=O)n1C([H])([H])[H]
20,20,1,[H]C(=O)OC1(C([H])([H])[H])N([H])C([H])([H])C1([H])C([H])([H])[H]
16,14,0,
19,19,1,[H]OC([H])([H])C([H])([H])C([H])([H])C1([H])OC([H])([H])N1[H]
16,16,1,[H]C([H])([H])N=C1C([H])([H])OC([H])([H])C1([H])[H]
22,22,1,[H]OC([H])([H])N([H])C([H])([H])C([H])(C(=O)C([H])([H])[H])C([H])([H])[H]
20,20,1,[H]c1oc(N([H])C([H])([H])[H])c([H])c1C([H])([H])C([H])([H])[H]
18,18,1,[H]N([H])C12C3([H])C1([H])C31C([H])([H])C3([H])C([H])([H])C321
18,18,1,[H]N=C1C(=O)C2([H])C([H])([H])C2([H])C1([H])C([H])([H])[H]
17,17,1,[H]OC1([H])C(=O)C([H])(OC([H])([H])[H])C([H])=C1[H]
21,21,1,[H]N1C([H])([H])C1([H])C1([H])C2([H])N([H])C1(C([H])([H])[H])C2([H])[H]
19,19,1,[H]C1=NC([H])([H])C([H])(C([H])([H])[H])C([H])([H])C([H])([H])O1
16,16,1,[H]C1([H])OC([H])(C#N)C([H])([H])C2([H])OC12[H]
14,14,1,[H]C(=O)N([H])c1onnc1C([H])([H])[H]
19,19,1,[H]C1=C([H])C2([H])C3([H])C([H])([H])C2(OC([H])([H])[H])C13[H]
19,19,1,[H]C1=NC([H])(C([H])([H])[H])C2([H])C1([H])C1([H])N([H])C12[H]
18,18,1,[H]OC1([H])C([H])([H])C(=O)C([H])([H])N2C([H])([H])C21[H]
18,16,0,[H]C1=NN([H])C([H])C1C([H])([H])C([H])([H])C([H])([H])[H]
20,20,1,[H]C([H])([H])OC12C([H])([H])C3([H])C1([H])N(C([H])([H])[H])C32[H]
21,21,1,[H]C([H])([H])C1([H])OC2(C([H])([H])OC2([H])[H])C1([H])C([H])([H])[H]
16,16,1,[H]N=C([H])c1c(C([H])([H])[H])c([H])n([H])c1[H]
20,20,1,[H]C([H])([H])C12N3C1([H])C([H])([H])C21C([H])([H])C([H])([H])C31[H]
12,12,1,[H]C(=O)c1noc([H])c([H])c1=O
18,18,1,[H]C#CC1([H])N([H])C1([H])C1([H])C([H])([H])C1([H])O[H]
20,20,1,[H]C1([H])N2C3([H])C2([H])C2([H])C([H])([H])C2([H])C([H])([H])C13[H]
17,17,1,[H]C#CC(=NO[H])N([H])C([H])([H])C([H])([H])O[H]
19,19,1,[H]OC([H])(C1=C([H])C([H])([H])C([H])([H])C1=O)C([H])([H])[H]
16,16,1,[H]OC1([H])C(=O)N=C([H])C([H])=C([H])C1([H])[H]
18,18,1,[H]N1N(C([H])([H])C([H])([H])C(=O)C([H])([H])[H])C1([H])[H]
21,21,1,[H]OC([H])([H])C([H])([H])C1=C(C([H])([H])[H])C([H])=C([H])C1([H])[H]
23,23,1,[H]N1C([H])([H])C([H])(C([H])([H])[H])C1(C([H])([H])[H])C([H])([H])C([H])([H])[H]
19,19,1,[H]OC1([H])C([H])([H])C2([H])N([H])C12N1C([H])([H])C1([H])[H]
21,21,1,[H]N1C([H])([H])C2(N3C([H])([H])C3([H])C2([H])C([H])([H])[H])C1([H])[H]
18,18,1,[H]C#CC([H])([H])C([H])([H])N1C(=O)C([H])([H])C1([H])[H]
18,18,1,[H]C1=NC([H])([H])C23C([H])=C([H])C12C([H])([H])C3([H])[H]
15,15,1,[H]N=C1N=C2OC([H])([H])C2(C([H])([H])[H])O1
16,16,1,[H]C1=C([H])C([H])([H])N([H])c2nn([H])c([H])c21
18,18,1,[H]N1C(C([H])([H])C([H])([H])[H])=NC2([H])C([H])([H])C12[H]
23,23,1,[H]OC1(C([H])([H])[H])C([H])([H])C1([H])OC([H])(C([H])([H])[H])C([H])([H])[H]
25,25,1,[H]C([H])([H])OC([H])([H])C1([H])C([H])([H])C([H])([H])C([H])([H])C1([H])C([H])([H])[H]
20,20,1,[H]OC1([H])C2([H])C([H])([H])C1(N([H])[H])C21C([H])([H])C1([H])[H]
19,19,1,[H]C#CN([H])C12C([H])([H])N([H])C([H])(C1([H])[H])C2([H])[H]
16,15,0,
21,21,1,[H]OC1([H])C2([H])OC([H])([H])C12C([H])(C([H])([H])[H])C([H])([H])[H]
15,13,0,
20,20,1,[H]OC1([H])C2([H])C([H])([H])C3(C([H])([H])[H])N([H])C3([H])C12[H]
20,20,1,[H]C([H])([H])N1C2=NC([H])([H])C([H])([H])N2C([H])([H])C1([H])[H]
16,16,1,[H]C#CC1=C([H])C([H])(C([H])([H])O[H])C1([H])[H]
23,23,1,[H]C1=C([H])C2(C([H])([H])C2([H])[H])C([H])([H])C([H])(C([H])([H])[H])C1([H])[H]
19,18,0,[H]C#CC([H])(C([H])([H])[H])C(O)(C([H])([H])[H])C([H])([H])[H]
13,13,1,[H]N=C([H])Oc1nc(N([H])[H])no1
12,9,0,[H]C1=NOC([H])=C2C1NNN2[H]
20,20,1,[H]C([H])([H])OC([H])([H])N1C(=O)C([H])([H])C([H])([H])C1([H])[H]
22,22,1,[H]C([H])([H])C([H])(C([H])([H])[H])C([H])([H])C1([H])C([H])([H])C1([H])C#N
23,23,1,[H]OC1([H])C([H])([H])C2([H])C([H])([H])C2([H])C1(C([H])([H])[H])C([H])([H])[H]
15,15,1,[H]OC([H])([H])C1([H])c2oc([H])nc2N1[H]
22,22,1,[H]N1C([H])([H])C1([H])C([H])(C([H])([H])[H])C([H])([H])C#CC([H])([H])[H]
15,15,1,[H]C(=O)C12C([H])([H])C3([H])C(=O)C1([H])C32[H]
16,15,0,
19,18,0,
22,22,1,[H]C([H])([H])C1=NC2([H])C([H])([H])C([H])(C2([H])[H])C1([H])C([H])([H])[H]
19,19,1,[H]N1C2([H])C([H])([H])C([H])([H])OC([H])([H])C([H])([H])C12[H]
20,20,1,[H]N=C1OC([H])([H])C1(O[H])C([H])([H])C([H])([H])C([H])([H])[H]
20,20,1,[H]OC1(C([H])([H])[H])C([H])([H])C([H])([H])C1([H])C([H])([H])C#N
18,18,1,[H]OC1([H])C2([H])OC2([H])C12N([H])C([H])([H])C2([H])[H]
14,13,0,[H]C(=O)C([H])=C([H])C([H])=C([H])C(=O)O
16,16,1,[H]N=C1OC2([H])C([H])([H])C2([H])C12OC2([H])[H]
19,19,1,[H]OC([H])([H])C1(O[H])C2([H])C([H])([H])C3([H])C2([H])C31[H]
15,15,1,[H]OC([H])(C(F)(F)F)C([H])([H])C([H])([H])[H]
15,15,1,[H]ON=C1C(=O)N2C([H])([H])C2([H])C1([H])[H]
14,12,0,
20,20,1,[H]C([H])([H])C(=O)C1([H])N(C([H])([H])[H])C12C([H])([H])C2([H])[H]
21,21,1,[H]C#CC12C([H])([H])C([H])(C([H])([H])[H])C([H])([H])C1([H])C2([H])[H]
20,19,0,[H]C([H])([H])C([H])([H])C1(O)C([H])([H])C2([H])C([H])([H])OC21[H]
17,17,1,[H]C(=O)C([H])([H])C1([H])C([H])=NC([H])([H])C1([H])[H]
17,16,0,[H]C([H])([H])C1(C([H])([H])O)C(=O)N2C([H])([H])C21[H]
19,19,1,[H]OC([H])([H])C1([H])C(O[H])(C([H])=O)C1([H])C([H])([H])[H]
18,18,1,[H]C(=O)OC([H])([H])C12N(C1([H])[H])C2([H])C([H])([H])[H]
21,21,1,[H]C([H])([H])C([H])([H])C12C3([H])C([H])([H])C4([H])C3([H])C1([H])C42[H]
14,14,1,[H]C1=NC2([H])OC1([H])C([H])=C([H])C2=O
20,20,1,[H]N(C1=NC([H])([H])C([H])(C([H])([H])[H])C1([H])[H])C([H])([H])[H]
18,18,1,[H]C1=NC2([H])C3([H])C([H])(N([H])[H])C2([H])C3([H])N1[H]
14,14,1,[H]C([H])(C#N)OC(=O)C(=O)C([H])([H])[H]
15,15,1,[H]C#CC12C(=O)OC1([H])C([H])([H])C2([H])[H]
19,19,1,[H]C([H])(C#N)OC(C([H])([H])[H])(C([H])([H])[H])C([H])([H])[H]
20,20,1,[H]OC([H])([H])C1([H])C(=O)C([H])([H])N1C([H])([H])C([H])([H])[H]
18,18,1,[H]C([H])([H])N1C([H])([H])C(=O)C12C([H])([H])OC2([H])[H]
19,19,1,[H]C(=O)OC1([H])C([H])([H])C([H])([H])C2([H])C([H])([H])C12[H]
18,18,1,[H]OC1([H])C2([H])C([H])([H])C3([H])C([H])([H])C2([H])C13[H]
25,25,1,[H]OC1([H])C([H])([H])C(C([H])([H])[H])(C([H])(C([H])([H])[H])C([H])([H])[H])C1([H])[H]
19,19,1,[H]C([H])([H])N1C([H])([H])C2([H])C([H])([H])C1([H])C2([H])C#N
18,18,1,[H]C([H])([H])C1([H])C([H])([H])C12C(=O)C([H])([H])C2([H])[H]
15,15,1,[H]OC1([H])C2([H])OC([H])([H])C12C([H])([H])[H]
20,20,1,[H]C1=C2C([H])([H])OC([H])([H])C2([H])N([H])C1([H])C([H])([H])[H]
22,22,1,[H]OC12N([H])C([H])([H])C([H])(C1([H])[H])C([H])([H])C2([H])C([H])([H])[H]
14,13,0,[H]OC1(C(=O)O)N([H])C([H])([H])C1([H])[H]
18,18,1,[H]N=C1OC([H])(C([H])=O)C1([H])C([H])([H])C([H])([H])[H]
21,21,1,[H]C([H])([H])C1([H])OC1([H])C1([H])C2([H])C([H])([H])C([H])([H])C21[H]
15,15,1,[H]N=c1c(C([H])([H])O[H])c([H])nnn1[H]
19,19,1,[H]OC([H])(N([H])C([H])=O)C1([H])N([H])C1([H])C([H])([H])[H]
13,13,1,[H]Oc1c([H])oc2nc([H])n([H])c12
18,18,1,[H]ON=C(N(C([H])([H])[H])C([H])([H])C#N)C([H])([H])[H]
21,21,1,[H]N1C([H])([H])C([H])([H])C2(C([H])([H])[H])C([H])([H])C1([H])C2([H])[H]
18,18,1,[H]C([H])([H])N1C2([H])C3([H])C(=O)C([H])([H])C2([H])C13[H]
21,21,1,[H]C([H])([H])OC([H])([H])C([H])([H])C1([H])C(=O)C([H])([H])C1([H])[H]
23,23,1,[H]OC12C([H])([H])C([H])([H])C1([H])C2(C([H])([H])[H])C([H])([H])C([H])([H])[H]
20,20,1,[H]C#CC1([H])N=C([H])C([H])([H])C1([H])C([H])([H])C([H])([H])[H]
21,21,1,[H]C#CC([H])([H])C1([H])C([H])(C([H])([H])[H])OC1([H])C([H])([H])[H]
18,18,1,[H]N1C2([H])C1(C([H])([H])[H])C(=O)C1([H])C([H])([H])C12[H]
13,13,1,[H]N=C(OC([H])=O)C([H])(C#N)O[H]
18,17,0,[H]OC1([H])C([H])([H])C2([H])OC([H])([H])C12C([H])([H])O
22,22,1,[H]C#CC([H])([H])C([H])(N1C([H])([H])C([H])([H])C1([H])[H])C([H])([H])[H]
25,22,0,[H]C([H])C1([H])C([H])(C([H])([H])C([H])([H])[H])C1([H])C([H])([H])C([H])([H])[H]
19,19,1,[H]N1C(=O)C2([H])N([H])C2([H])C([H])([H])C1([H])C([H])([H])[H]
16,16,1,[H]C1=NC([H])([H])C([H])(C([H])([H])[H])OC(=O)O1
14,14,1,[H]N=c1c([H])nc([H])c([H])c(F)c1[H]
14,14,1,[H]C1([H])OC2([H])N(C1([H])[H])C2([H])C#N
25,22,0,[H]C([H])([H])C(C([H])([H])C([H])([H])[H])C1(C([H])([H])[H])C([H])([H])C1([H])[H]
14,14,1,[H]C([H])([H])OC1([H])C2([H])OC1([H])C2=O
18,18,1,[H]C([H])([H])C([H])(C#N)C1([H])C([H])([H])C(=O)C1([H])[H]
15,15,1,[H]OC1([H])C(=O)C([H])([H])C1([H])C([H])([H])[H]
20,20,1,[H]C([H])([H])N1C([H])([H])C1([H])C(=O)OC([H])([H])C([H])([H])[H]
15,14,0,[H]N1C2([H])C3(OC3([H])[H])C3OC([H])([H])C312
21,21,1,[H]C([H])([H])OC1([H])C2([H])C([H])([H])C([H])([H])OC12C([H])([H])[H]
17,17,1,[H]N=C1C(=NC([H])([H])[H])OC([H])([H])C1([H])O[H]
17,17,1,[H]C#CC1([H])N2C([H])([H])C3([H])N([H])C1([H])C23[H]
16,16,1,[H]N=C1C([H])=C([H])C([H])([H])C2([H])N1C2([H])[H]
19,19,1,[H]C([H])([H])C12N3C([H])(C([H])([H])C([H])([H])C31[H])C2([H])[H]
21,21,1,[H]C([H])([H])C1([H])C(=O)C([H])([H])C12C([H])([H])C([H])([H])C2([H])[H]
15,15,1,[H]C(=O)C([H])([H])OC(=O)C1([H])OC1([H])[H]
18,17,0,[H]C([H])([H])C12C(OC1([H])[H])C1([H])OC2([H])C1([H])[H]
18,18,1,[H]N1C([H])(C#N)C2([H])N(C2([H])[H])C1([H])C([H])([H])[H]
16,16,1,[H]C#CC1([H])C([H])([H])C([H])([H])C1([H])N([H])[H]
20,20,1,[H]OC1([H])C2([H])N([H])C1([H])C(O[H])(C([H])([H])[H])C2([H])[H]
17,17,1,[H]C(=O)C([H])([H])C1=C([H])C2([H])OC1([H])C2([H])[H]
15,15,1,[H]c1nc(OC([H])([H])[H])nnc1N([H])[H]
20,20,1,[H]OC1([H])C([H])([H])C12C1([H])N([H])C([H])([H])C2([H])C1([H])[H]
15,15,1,[H]OC12N([H])C1([H])C(=O)C([H])([H])C2([H])[H]
17,17,1,[H]N=C1N([H])C2([H])C([H])([H])N(C([H])([H])[H])C12[H]
18,18,1,[H]C1=NC([H])([H])OC1([H])C(=O)C([H])([H])C([H])([H])[H]
18,18,1,[H]ON=C(N1N=C([H])C([H])([H])C1([H])[H])C([H])([H])[H]
15,14,0,
22,22,1,[H]N1C([H])([H])C([H])([H])C([H])(N2C([H])([H])C2([H])N([H])[H])C1([H])[H]
18,18,1,[H]N([H])C1=C(C([H])([H])C([H])([H])[H])N([H])C1([H])C#N
18,17,0,[H]C(=O)C1OC([H])(C([H])([H])[H])C12C([H])([H])C2([H])[H]
18,18,1,[H]C#CC1([H])C(OC([H])([H])[H])=NC([H])([H])C1([H])[H]
23,23,1,[H]C([H])([H])C([H])(C([H])([H])[H])C1([H])C2([H])OC([H])([H])C([H])([H])C21[H]
19,19,1,[H]OC1([H])C([H])([H])C([H])([H])C2([H])C([H])([H])C(=O)C12[H]
23,23,1,[H]C([H])([H])C([H])(C([H])([H])[H])C12C3([H])C([H])([H])C1([H])C2([H])C3([H])[H]
20,20,1,[H]N=C1OC([H])(C([H])([H])C([H])([H])C([H])([H])[H])C1([H])O[H]
20,20,1,[H]OC1([H])C2([H])C([H])([H])C([H])([H])C([H])([H])C1([H])C2([H])[H]
17,17,1,[H]N1C([H])([H])C([H])([H])C2(OC2([H])C#N)C1([H])[H]
18,18,1,[H]C#CC([H])(C(=O)N1C([H])([H])C1([H])[H])C([H])([H])[H]
21,21,1,[H]C([H])([H])C([H])([H])C12C3([H])OC1([H])C([H])([H])C2([H])C3([H])[H]
19,19,1,[H]C([H])([H])C12OC3([H])C4([H])C3([H])C1([H])C([H])([H])C42[H]
25,25,1,[H]N([H])C([H])([H])C([H])(C([H])([H])[H])C1([H])N(C([H])([H])[H])C([H])([H])C1([H])[H]
27,27,1,[H]C([H])([H])C([H])([H])C1([H])C([H])([H])C1(C([H])([H])[H])C([H])(C([H])([H])[H])C([H])([H])[H]
20,20,1,[H]OC1([H])C2([H])OC([H])([H])C([H])([H])N2C1([H])C([H])([H])[H]
19,19,1,[H]C#CC([H])([H])C1(C2([H])OC2([H])[H])C([H])([H])C1([H])[H]
16,16,1,[H]C#CC1([H])C2([H])OC([H])([H])C([H])([H])C12[H]
15,15,1,[H]C#CC1([H])OC([H])([H])C(=N[H])N=C1[H]
16,16,1,[H]N=C(OC([H])=O)C([H])([H])C#CC([H])([H])[H]
19,19,1,[H]C([H])([H])OC1([H])C([H])([H])C([H])([H])C1([H])C([H])([H])[H]
11,11,1,[H]C([H])([H])Oc1noc(=O)o1
14,14,1,[H]c1nc2n(c1[H])C([H])([H])N([H])C2=O
16,16,1,[H]Oc1c([H])c([H])nn1C([H])([H])C([H])([H])[H]
16,16,1,[H]C1([H])OC(=O)N2C1([H])C1([H])C([H])([H])C21[H]
16,16,1,[H]C1=NC([H])=C(C([H])([H])C([H])([H])[H])C1([H])[H]
15,15,1,[H]N=C1OC([H])=NC1([H])C#CC([H])([H])[H]
17,17,1,[H]N=C([H])C(=O)C([H])(C#N)C([H])([H])C([H])([H])[H]
18,18,1,[H]C([H])([H])OC1([H])C(=O)C([H])([H])C([H])([H])C1([H])[H]
14,14,1,[H]N=C1N([H])C([H])([H])C2(C#N)OC12[H]
17,17,1,[H]C1=C([H])C2([H])OC1([H])C21C([H])([H])OC1([H])[H]
14,14,1,[H]N([H])c1nc(=O)onc1C([H])([H])[H]
21,21,1,[H]C([H])([H])OC1([H])OC2([H])C([H])(C([H])([H])[H])C([H])([H])C12[H]
22,22,1,[H]N1C([H])([H])C1([H])C12C([H])([H])C([H])([H])C([H])([H])C1([H])C2([H])[H]
22,22,1,[H]N1C([H])([H])OC([H])([H])C2([H])C([H])([H])C([H])([H])C12C([H])([H])[H]
18,18,1,[H]OC([H])(C(=O)N([H])C(=O)C([H])([H])[H])C([H])([H])[H]
18,18,1,[H]C1([H])C(=O)C2([H])C3([H])N1C([H])([H])C2([H])C3([H])[H]
18,18,1,[H]N=C1N([H])C2([H])N3C([H])(C([H])([H])[H])C1([H])C32[H]
19,19,1,[H]C(=O)C1([H])C([H])([H])OC([H])([H])OC1([H])C([H])([H])[H]
17,17,1,[H]OC1([H])C([H])([H])C2([H])C3([H])C(=O)C1([H])C32[H]
16,16,1,[H]N=C([H])C([H])(C#N)N([H])C(=O)C([H])([H])[H]
15,15,1,[H]N=C1OC([H])([H])C2([H])OC2([H])C1=N[H]
18,18,1,[H]C([H])([H])C12C([H])([H])C1([H])OC21C([H])([H])C1([H])[H]
23,23,1,[H]C(=C1C([H])([H])OC([H])([H])C([H])(C([H])([H])[H])C1([H])[H])C([H])([H])[H]
19,19,1,[H]C1=NC([H])([H])C([H])([H])C([H])(N2C([H])([H])C2([H])[H])O1
14,14,1,[H]Oc1c([H])c2n([H])c([H])nn2c1[H]
15,15,1,[H]C(=O)C12C3([H])OC4([H])C3([H])C1([H])C42[H]
13,13,1,[H]c1oc(=O)n([H])c(=O)c1N([H])[H]
22,22,1,[H]N=C([H])C1([H])OC1(C([H])([H])[H])C([H])([H])C([H])([H])C([H])([H])[H]
13,12,0,
16,16,1,[H]N=c1c([H])c(OC([H])([H])[H])c([H])nn1[H]
20,20,1,[H]N([H])C(=O)C1([H])C([H])([H])C2(C([H])([H])[H])C([H])([H])C12[H]
18,18,1,[H]C#CC([H])(O[H])C([H])([H])C([H])(C#N)C([H])([H])[H]
19,19,1,[H]OC([H])([H])C12C([H])([H])C3([H])OC1([H])C2([H])C3([H])[H]
11,9,0,[H]N=C1N2NNN=C2C1([H])[H]
18,17,0,
18,18,1,[H]OC([H])([H])N([H])C(=O)N([H])C([H])=NC([H])([H])[H]
15,15,1,[H]C1([H])OC(=O)OC2([H])C([H])([H])C2([H])O1
17,17,1,[H]C([H])([H])C1([H])OC([H])([H])C1(C#N)C([H])([H])[H]
18,18,1,[H]N1C2(C([H])([H])[H])C(=O)C3([H])C([H])([H])C([H])([H])C132
18,18,1,[H]C#CC([H])([H])C12N([H])C1([H])C([H])([H])C2([H])O[H]
15,14,0,[H]c1nc2c(n1[H])C([H])(O)C([H])([H])N2[H]
19,19,1,[H]C1([H])OC23N1C([H])([H])C([H])([H])C([H])([H])N2C3([H])[H]
19,19,1,[H]N1C([H])([H])C2([H])C([H])([H])C2([H])C1(C#N)C([H])([H])[H]
23,23,1,[H]OC([H])(C([H])([H])[H])C1(O[H])C([H])([H])C1([H])C([H])([H])C([H])([H])[H]
21,21,1,[H]c1nc(C([H])([H])[H])n([H])c1C([H])([H])C([H])([H])C([H])([H])[H]
18,18,1,[H]N1C([H])([H])C([H])([H])C([H])(C([H])([H])[H])C1([H])C#N
20,20,1,[H]C([H])([H])C12OC([H])(C1([H])[H])C2(C([H])([H])[H])C([H])([H])[H]
11,11,1,[H]Oc1c([H])c([H])c([H])n1[H]
15,15,1,[H]N1C([H])([H])C1([H])C(=O)C#CC([H])([H])[H]
25,22,0,[H]C([H])C(=NC([H])(C([H])[H])C([H])(C([H])([H])[H])C([H])([H])[H])C([H])([H])[H]
19,19,1,[H]C([H])([H])C(=O)C(=O)C([H])([H])C1([H])C([H])([H])C1([H])[H]
21,21,1,[H]OC1([H])OC([H])([H])C1([H])C([H])([H])OC([H])([H])C([H])([H])[H]
16,16,1,[H]OC1([H])C(=O)N(C([H])([H])[H])C1([H])C([H])=O
16,14,0,
20,20,1,[H]C1=C([H])C([H])(C#N)C([H])(C([H])([H])[H])C([H])([H])C1([H])[H]
14,10,0,
18,17,0,
20,20,1,[H]OC([H])([H])C1([H])C([H])=C(C([H])([H])[H])C12N([H])C2([H])[H]
23,23,1,[H]OC([H])([H])C(C([H])([H])[H])(C([H])([H])[H])C1([H])OC([H])([H])C1([H])[H]
18,18,1,[H]C#CC1([H])C([H])([H])C(=O)N(C([H])([H])[H])C1([H])[H]
17,17,1,[H]c1nc(=O)c(C([H])([H])[H])c(C([H])([H])[H])n1[H]
25,25,1,[H]OC([H])([H])C([H])(O[H])C([H])([H])C(C([H])([H])[H])(C([H])([H])[H])C([H])([H])[H]
21,21,1,[H]C1=C2C([H])([H])C3([H])C([H])([H])C1([H])C2(C([H])([H])[H])C3([H])[H]
15,11,0,[H]C1=C([H])C(N([H])[H])C(C#N)C([H])C1[H]
16,16,1,[H]C(=O)C([H])([H])C1=NC([H])([H])C2([H])OC12[H]
18,18,1,[H]C1=C([H])C([H])([H])C2(C([H])([H])[H])OC2([H])C1([H])[H]
18,17,0,
20,19,0,[H]OC([H])([H])C1C([H])(OC([H])([H])[H])OC([H])([H])C1([H])[H]
20,20,1,[H]N1C([H])([H])C1([H])C([H])(C([H])([H])[H])C([H])([H])C([H])([H])[H]
19,19,1,[H]C1=C([H])C([H])([H])N([H])C(=O)C([H])([H])N1C([H])([H])[H]
16,16,1,[H]C1=NC(C([H])([H])[H])(C([H])([H])[H])N=C1C#N
14,14,1,[H]C(=O)C1(C([H])([H])[H])N=C([H])C1([H])[H]
12,10,0,[H]OC1=C([H])N(C([H])([H])[H])NN1
19,18,0,[H]C(=O)C([H])N(C([H])([H])[H])C1([H])OC([H])([H])C1([H])[H]
13,13,1,[H]N1C2(C#N)C(=O)OC([H])([H])C12[H]
14,14,1,[H]ON=C1C(=O)C(N([H])[H])=C([H])N1[H]
21,21,1,[H]C([H])([H])C1([H])C2([H])OC([H])([H])C2([H])C2([H])C([H])([H])C12[H]
20,20,1,[H]OC1([H])C([H])([H])C([H])=C(C([H])([H])[H])C([H])([H])C1([H])[H]
16,14,0,[H]C#CC1C([H])([H])C2([H])NC2(O[H])C1([H])[H]
16,15,0,
22,19,0,[H]C(C([H])([H])[H])C1([H])OC2(C([H])([H])[H])C([H])C2([H])C1([H])[H]
15,15,1,[H]C1=C2C3([H])OC([H])([H])C2(N=N1)C3([H])[H]
18,18,1,[H]N=C1C([H])=NC2([H])C([H])([H])N([H])C([H])([H])C12[H]
13,13,1,[H]C12OC([H])([H])C([H])(O1)C(=O)C2=O
18,18,1,[H]OC([H])(C([H])=O)C([H])([H])C([H])([H])C(=O)N([H])[H]
21,21,1,[H]C(=O)C12C([H])([H])C([H])([H])C([H])(C1([H])[H])C2([H])C([H])([H])[H]
15,15,1,[H]C([H])([H])C12C([H])(C#N)N3OC1([H])C32[H]
20,20,1,[H]OC12C([H])([H])OC([H])(C([H])([H])[H])N([H])C1([H])C2([H])[H]
20,20,1,[H]N=C1OC([H])([H])C([H])([H])C([H])([H])C1([H])C([H])([H])O[H]
18,17,0,[H]OC1C2([H])C(=O)C([H])([H])C2([H])C1([H])C([H])([H])[H]
23,23,1,[H]N([H])C1([H])N2C([H])([H])C([H])([H])C([H])(C([H])([H])[H])C([H])([H])C21[H]
19,19,1,[H]C([H])([H])C1([H])OC([H])([H])C([H])(C2([H])OC2([H])[H])O1
19,19,1,[H]N=C1N([H])C([H])([H])C([H])([H])C1([H])C(=O)C([H])([H])[H]
15,15,1,[H]N=c1n(C([H])([H])[H])c([H])nc(=O)n1[H]
16,16,1,[H]C(=O)C1([H])C([H])([H])C1([H])OC([H])([H])C#N
17,17,1,[H]OC1([H])N=C([H])N2C([H])([H])C([H])=C([H])C21[H]
21,21,1,[H]OC1([H])C([H])([H])C([H])([H])OC12C([H])([H])C2([H])C([H])([H])[H]
19,19,1,[H]C#CC1([H])C([H])([H])C([H])([H])C1(O[H])OC([H])([H])[H]
9,9,1,[H]N=C([H])C(=O)C([H])=O
17,17,1,[H]C(=O)C1(C#N)N([H])C1([H])C([H])([H])C([H])([H])[H]
22,22,1,[H]C([H])([H])N1C([H])([H])C([H])([H])C2(OC2([H])C([H])([H])[H])C1([H])[H]
20,19,0,[H]N(C([H])([H])O)C([H])(C([H])([H])[H])C([H])([H])OC([H])([H])[H]
22,22,1,[H]C(=O)C([H])([H])N=C([H])C([H])(C([H])([H])[H])C([H])([H])C([H])([H])[H]
18,18,1,[H]C(=O)C1([H])OC([H])([H])OC([H])([H])C([H])([H])N1[H]
21,21,1,[H]C([H])([H])C([H])([H])OC1([H])C([H])([H])C2(C([H])([H])[H])OC12[H]
17,17,1,[H]N=C1C([H])=C([H])C([H])([H])C1([H])C([H])([H])C#N
22,22,1,[H]OC([H])([H])C1=C([H])C([H])([H])N(C([H])([H])C([H])([H])[H])C1([H])[H]
19,19,1,[H]N=C1N=C([H])C2(C([H])([H])C1([H])[H])C([H])([H])C2([H])[H]
18,18,1,[H]C(=O)C12N([H])C([H])([H])C([H])=C([H])C1([H])C2([H])[H]
15,14,0,[H]N=C([H])N=C(C([H])([H])[H])C([H])(O)C#N
17,17,1,[H]C(=O)C1=C([H])C([H])([H])C1([H])C([H])([H])C([H])=O
16,14,0,[H]OC([H])([H])C1([H])C([H])C(=O)C2([H])NC21[H]
16,16,1,[H]C(=O)C1(C([H])([H])[H])C([H])([H])OC1([H])C#N
17,16,0,[H]N([H])C1C(=NC([H])([H])[H])ON=C1C([H])([H])[H]
19,19,1,[H]C(=O)C([H])([H])C([H])([H])C(=O)C([H])([H])OC([H])([H])[H]
19,19,1,[H]N=C1N([H])C(=O)C(C([H])([H])[H])(C([H])([H])[H])C1([H])[H]
17,17,1,[H]OC1([H])N2N([H])C1([H])C21OC([H])([H])C1([H])[H]
14,12,0,
22,22,1,[H]N1C([H])([H])C1([H])C1([H])C2([H])C([H])([H])C21C([H])([H])C([H])([H])[H]
19,19,1,[H]C#CC1([H])N([H])C2(C([H])([H])[H])N(C([H])([H])[H])C12[H]
15,15,1,[H]C(=O)C1([H])OC2([H])OC3([H])C2([H])C13[H]
13,13,1,[H]C(=O)C([H])([H])N([H])c1nnon1
8,6,0,N=NC(=O)N=C(O)F
19,19,1,[H]OC1([H])C([H])([H])C23C([H])([H])C12C1([H])C([H])([H])C13[H]
24,24,1,[H]C([H])([H])C1=NC([H])(C([H])([H])C([H])([H])C([H])([H])[H])C1([H])C([H])([H])[H]
18,18,1,[H]OC([H])([H])C([H])([H])C([H])(OC([H])([H])[H])C([H])=O
15,15,1,[H]C([H])([H])C(=O)C([H])(C#N)C([H])([H])C#N
17,17,1,[H]OC1([H])C(=O)C([H])=C([H])C1([H])OC([H])([H])[H]
23,22,0,[H]N1C([H])([H])C([H])(C([H])([H])[H])C(OC([H])([H])[H])C1([H])C([H])([H])[H]
14,10,0,[H]C1NC2([H])NC3([H])C([H])([H])C3([H])C12
15,11,0,
18,18,1,[H]C([H])([H])C([H])([H])C1([H])OC2([H])C([H])([H])OC21[H]
13,13,1,[H]C1([H])N2C(=O)OC1([H])C2([H])C#N
19,19,1,[H]N=C1C([H])([H])C([H])([H])C([H])([H])C1([H])C(=O)N([H])[H]
21,21,1,[H]C#CC([H])([H])C1(O[H])C([H])([H])C([H])([H])C([H])([H])C1([H])[H]
16,16,1,[H]C([H])([H])C1([H])C([H])([H])C2([H])OC(=O)C21[H]
23,23,1,[H]OC([H])([H])C1(OC([H])([H])[H])C([H])([H])C([H])([H])C1([H])C([H])([H])[H]
23,23,1,[H]N1C([H])([H])C([H])([H])N([H])C2([H])C1([H])C2(C([H])([H])[H])C([H])([H])[H]
20,20,1,[H]c1c(OC([H])([H])C([H])([H])[H])c([H])n(C([H])([H])[H])c1[H]
20,20,1,[H]N=C1C([H])(C([H])([H])[H])C([H])(O[H])C1([H])C([H])([H])O[H]
23,23,1,[H]C([H])([H])C(=C1C([H])([H])C1([H])[H])C1(C([H])([H])[H])C([H])([H])C1([H])[H]
11,11,1,[H]Oc1c(C#N)oc(=O)n1[H]
20,20,1,[H]C(=NC([H])([H])[H])C12C([H])([H])C([H])([H])OC1([H])C2([H])[H]
19,19,1,[H]c1oc(C([H])(OC([H])([H])[H])C([H])([H])[H])c([H])c1[H]
23,23,1,[H]N1C([H])([H])C([H])([H])C([H])([H])N2C([H])(C([H])([H])[H])C12C([H])([H])[H]
25,25,1,[H]C([H])([H])N1C([H])([H])N(C([H])([H])C([H])([H])[H])C1(C([H])([H])[H])C([H])([H])[H]
19,19,1,[H]C([H])([H])N1C([H])([H])N2C(=O)C([H])([H])C2([H])C1([H])[H]
15,15,1,[H]ON=C1C([H])=C2N([H])C3([H])C1([H])C23[H]
19,18,0,
18,18,1,[H]C1=C([H])C2([H])C([H])([H])C3([H])OC2([H])C1([H])N3[H]
16,14,0,
18,18,1,[H]OC([H])(C([H])([H])C#N)C1(C([H])([H])[H])OC1([H])[H]
24,24,1,[H]C([H])([H])C([H])([H])C([H])([H])N1C2([H])C([H])([H])C([H])([H])C1([H])C2([H])[H]
18,17,0,[H]N=C([H])C(=O)C1N([H])C([H])(C([H])([H])[H])C1([H])[H]
21,21,1,[H]N1C2([H])N=C(C([H])([H])[H])C1([H])C2([H])C([H])([H])C([H])([H])[H]
19,19,1,[H]N1C([H])([H])C([H])([H])C1([H])C1(C#N)C([H])([H])C1([H])[H]
17,17,1,[H]C([H])([H])OC1([H])N2C([H])([H])C([H])(C#N)C21[H]
13,9,0,
17,16,0,[H]C([H])([H])C1([H])N2C(=O)C([H])([H])C2([H])C1([H])O
18,18,1,[H]OC1([H])C2([H])C([H])([H])C3([H])N4C2([H])C4([H])C13[H]
19,19,1,[H]OC([H])([H])N1C2([H])N3C([H])([H])C3([H])C([H])([H])C12[H]
18,18,1,[H]OC12C([H])([H])C([H])([H])C1([H])N([H])C1([H])OC12[H]
18,18,1,[H]OC([H])(C([H])([H])[H])C([H])(C#N)C(=O)C([H])([H])[H]
20,20,1,[H]C#CC1([H])N(C([H])([H])[H])C([H])([H])C1([H])OC([H])([H])[H]
19,19,1,[H]OC([H])([H])C([H])(N1C([H])([H])C1([H])C#N)C([H])([H])[H]
19,19,1,[H]C#CC1(C([H])([H])[H])C([H])([H])C1(C#C[H])C([H])([H])[H]
23,23,1,[H]C([H])([H])C12C([H])([H])C([H])([H])C([H])([H])C3([H])C1([H])C32C([H])([H])[H]
17,17,1,[H]OC1([H])C2([H])C3([H])N([H])C3(N([H])[H])C12O[H]
16,16,1,[H]c1c(C([H])([H])C([H])([H])[H])c(C#N)nn1[H]
23,22,0,[H]N=C([H])OC([H])C([H])(C([H])([H])C([H])([H])[H])C([H])([H])C([H])([H])[H]
25,25,1,[H]C([H])([H])C1([H])C([H])([H])OC([H])([H])C([H])([H])C([H])([H])C([H])([H])C1([H])[H]
18,18,1,[H]C(=O)C12N([H])C3([H])C([H])(C([H])([H])[H])C1([H])C32[H]
23,23,1,[H]OC1([H])C([H])([H])C(N([H])[H])(C([H])([H])C([H])([H])[H])C1([H])N([H])[H]
24,24,1,[H]OC1(C([H])([H])[H])N(C([H])([H])C([H])(C([H])([H])[H])C([H])([H])[H])C1([H])[H]
15,15,1,[H]N=C1OC(C([H])=O)=NC([H])([H])C1([H])[H]
18,18,1,[H]N([H])C1([H])C(=O)C([H])([H])OC2([H])C([H])([H])C12[H]
15,15,1,[H]OC1(C([H])([H])C#N)C([H])([H])C1([H])C#N
20,20,1,[H]C([H])([H])C([H])([H])C1([H])C2([H])OC3([H])N(C2([H])[H])C31[H]
17,16,0,[H]N(C(=O)C([H])([H])[H])C(=O)C([H])(O)C([H])([H])[H]
17,17,1,[H]OC1([H])OC([H])(C#N)N([H])C([H])([H])C1([H])[H]
18,18,1,[H]C1([H])C2([H])OC3([H])C([H])([H])C3([H])C([H])([H])C12[H]
22,22,1,[H]C(=O)C([H])([H])C1([H])N([H])C1(C([H])([H])[H])C([H])([H])C([H])([H])[H]
13,13,1,[H]N=c1oc([H])nc(F)c1N([H])[H]
24,24,1,[H]N1C([H])([H])C1([H])C([H])(C([H])([H])[H])C([H])([H])OC([H])([H])C([H])([H])[H]
21,20,0,[H]N1C([H])([H])C([H])([H])C([H])([H])OC1([H])C([H])([H])C([H])([H])O
13,13,1,[H]N=C1C(=O)C(=O)N([H])C([H])=C1[H]
15,15,1,[H]N1C(=O)OC([H])([H])OC1=NC([H])([H])[H]
18,18,1,[H]ON=C1C2([H])C3([H])C([H])([H])C1(C([H])([H])[H])C23[H]
15,15,1,[H]OC([H])([H])C1([H])C(=O)C2([H])N1C2([H])[H]
18,18,1,[H]C([H])([H])C1([H])C([H])([H])C([H])([H])C2([H])OC21C#N
21,21,1,[H]N([H])N([H])C([H])(C#CC1([H])C([H])([H])C1([H])[H])C([H])([H])[H]
16,16,1,[H]Oc1c(C([H])([H])C([H])([H])[H])oc(=O)n1[H]
18,18,1,[H]C1=NC([H])([H])C([H])(N([H])[H])C([H])([H])C([H])([H])O1
14,14,1,[H]C#Cc1nc(N([H])[H])c(N([H])[H])o1
18,18,1,[H]c1nc(N([H])[H])c(C([H])([H])C([H])([H])N([H])[H])o1
13,13,1,[H]N=C([H])OC([H])([H])C#CC([H])=O
23,23,1,[H]C([H])([H])N1C([H])(C([H])([H])[H])N2C([H])([H])C12C([H])([H])C([H])([H])[H]
20,19,0,[H]C1=C([H])C2([H])C([H])(C([H])([H])[H])C23C1C([H])([H])C3([H])[H]
17,15,0,[H]OC1=NC([H])=C([H])C(C([H])([H])[H])C1N([H])[H]
16,16,1,[H]C(=O)C1=C([H])C(C([H])([H])[H])=C([H])C1([H])[H]
18,18,1,[H]C(=O)OC([H])([H])C([H])(C([H])([H])[H])C([H])([H])C#N
21,21,1,[H]C1=C([H])C2(C([H])([H])[H])C([H])([H])C23C([H])([H])C([H])([H])C13[H]
15,15,1,[H]N1C(=O)N([H])C2([H])N(C1([H])[H])C2([H])[H]
19,19,1,[H]OC1([H])C([H])([H])C([H])=C([H])C2([H])OC2([H])C1([H])[H]
18,18,1,[H]C([H])([H])C#CN1C([H])([H])C1([H])C1([H])OC1([H])[H]
15,15,1,[H]C(=O)C1([H])N2C(=O)N([H])C1([H])C2([H])[H]
15,15,1,[H]C([H])([H])C1=NC2([H])C(=O)C1([H])C2([H])[H]
16,15,0,[H]OC12C(=O)C(C([H])([H])[H])(C1([H])[H])C2([H])O
18,18,1,[H]N(C1=NN(C([H])([H])[H])C(=O)C1([H])[H])C([H])([H])[H]
17,17,1,[H]N=C([H])OC1([H])C([H])([H])C12C([H])([H])C2([H])[H]
14,14,1,[H]Oc1nc(N([H])C([H])([H])[H])c([H])o1
18,17,0,[H]C1=NC([H])([H])N(C([H])([H])[H])C1C#CC([H])([H])[H]
23,23,1,[H]C([H])([H])N1C([H])([H])C([H])(C([H])([H])[H])C([H])([H])N2C([H])([H])C12[H]
18,18,1,[H]N([H])C(=O)N(C(=O)N([H])C([H])([H])[H])C([H])([H])[H]
16,16,1,[H]c1nc([H])c2c(n1)C([H])([H])N2C([H])([H])[H]
19,19,1,[H]OC([H])([H])C12N([H])N3C([H])([H])C([H])(C1([H])[H])C32[H]
16,16,1,[H]c1oc(C([H])([H])[H])c(N([H])[H])c(=O)c1[H]
20,19,0,[H]C([H])([H])OC([H])([H])C1([H])C([H])([H])OC([H])([H])C1([H])O
20,20,1,[H]C(=O)C([H])([H])N(C([H])([H])[H])C([H])([H])C([H])([H])C([H])=O
15,14,0,[H]C#CC([H])([H])C(O)(C#N)C([H])([H])O[H]
23,23,1,[H]OC1([H])C([H])=C(C([H])([H])[H])C([H])(C([H])([H])[H])C([H])([H])C1([H])[H]
18,18,1,[H]C1([H])C2([H])N3C2([H])C2([H])C3([H])C23C([H])([H])C13[H]
19,19,1,[H]OC([H])(C([H])([H])[H])C1([H])C(=O)OC([H])([H])C1([H])[H]
15,15,1,[H]ON=C1C([H])([H])C(=O)C2([H])N([H])C12[H]
22,22,1,[H]N(C([H])([H])[H])C1([H])N(C([H])([H])N2C([H])([H])C2([H])[H])C1([H])[H]
13,13,1,[H]N=C([H])C(=O)C(=O)C([H])([H])C#N
17,17,1,[H]OC([H])([H])C1([H])C([H])=C([H])N([H])C(=O)N1[H]
13,9,0,
18,18,1,[H]C1=C2OC([H])([H])C([H])(C([H])=C1[H])N2C([H])([H])[H]
17,16,0,[H]C([H])(O)N1C2([H])C([H])([H])C1([H])C1([H])OC12[H]
15,15,1,[H]OC1([H])c2c(nn([H])c2[H])OC1([H])[H]
20,19,0,[H]N(C(=O)N(C([H])([H])[H])C([H])(O)C([H])([H])[H])C([H])([H])[H]
17,17,1,[H]OC1([H])N([H])C([H])([H])C2([H])N1C(=O)C2([H])[H]
22,22,1,[H]C([H])([H])C1([H])C2([H])C([H])([H])N3C([H])([H])C1(C([H])([H])[H])C32[H]
20,20,1,[H]OC1([H])C(C([H])([H])[H])=C([H])C(C([H])([H])[H])=NC1([H])[H]
20,20,1,[H]OC1([H])N(C([H])([H])C([H])=O)C([H])(C([H])([H])[H])C1([H])[H]
17,17,1,[H]C(=NC([H])([H])[H])N([H])C1([H])C([H])([H])C1([H])[H]
19,18,0,[H]C1([H])N2C3([H])C([H])([H])C([H])(O)C1([H])C([H])([H])C23[H]
17,17,1,[H]OC(=O)C1([H])OC1([H])C([H])([H])C([H])([H])O[H]
21,21,1,[H]OC12C(C([H])([H])C([H])([H])[H])=C(C([H])([H])[H])C1([H])C2([H])[H]
17,17,1,[H]C([H])([H])C1(C2([H])OC2([H])[H])C(=O)OC1([H])[H]
18,18,1,[H]C1=C([H])C2([H])N(C([H])([H])[H])C3([H])C1([H])OC23[H]
21,21,1,[H]N([H])C1(C([H])([H])[H])N([H])C([H])([H])C1([H])C#CC([H])([H])[H]
21,21,1,[H]OC1([H])C2([H])C([H])([H])OC12C([H])(C([H])([H])[H])C([H])([H])[H]
16,16,1,[H]N([H])C(=O)C1([H])OC([H])([H])C(=O)C1([H])[H]
21,21,1,[H]OC([H])([H])C([H])(C([H])([H])[H])C1([H])OC([H])([H])C([H])=C1[H]
23,23,1,[H]C([H])([H])N1C([H])([H])N2C1([H])C2([H])C([H])(C([H])([H])[H])C([H])([H])[H]
13,13,1,[H]Oc1c([H])oc(N([H])[H])c1C#N
23,23,1,[H]C([H])([H])C1([H])OC([H])(C([H])([H])[H])C([H])([H])C([H])([H])OC1([H])[H]
18,18,1,[H]C1([H])OC([H])([H])C(C#N)(C([H])([H])[H])C([H])([H])O1
16,14,0,[H]C(=O)C1C([H])=C([H])C([H])([H])OC([H])N1[H]
16,16,1,[H]Oc1c(C([H])([H])O[H])nn([H])c1N([H])[H]
21,21,1,[H]C([H])([H])C12OC3([H])C([H])(C([H])([H])C([H])([H])C31[H])C2([H])[H]
19,19,1,[H]C#CC([H])([H])C1=C([H])C([H])([H])C([H])([H])C1([H])O[H]
16,16,1,[H]c1nn(C([H])([H])[H])nc1C1([H])OC1([H])[H]
20,20,1,[H]C([H])([H])C1([H])C2([H])C([H])([H])C1(C#N)C2([H])C([H])([H])[H]
18,18,1,[H]OC1([H])C2([H])OC3([H])C([H])(N2C([H])([H])[H])C13[H]
16,16,1,[H]C1=NC2([H])C([H])([H])OC3([H])C([H])(O1)C23[H]
17,17,1,[H]N=C([H])OC1(C([H])([H])[H])C(=N[H])OC1([H])[H]
15,15,1,[H]OC(=O)C([H])([H])C(=O)C([H])([H])C([H])=O
23,23,1,[H]C1=C([H])C([H])([H])C2(C([H])([H])[H])C([H])([H])C([H])([H])C2([H])C1([H])[H]
19,19,1,[H]OC12C([H])([H])C([H])([H])C1([H])C2([H])C(=O)C([H])([H])[H]
17,17,1,[H]c1c([H])c(OC([H])([H])C([H])([H])[H])n([H])c1[H]
18,18,1,[H]C([H])([H])N=C1C2([H])OC2([H])C12C([H])([H])C2([H])[H]
18,18,1,[H]OC1([H])C([H])([H])N2C([H])(C([H])([H])C([H])=O)C21[H]
15,15,1,[H]OC([H])([H])C1=C([H])C([H])([H])C([H])=C1[H]
17,17,1,[H]C1=NC2([H])C([H])=C([H])C([H])([H])C3([H])N1C23[H]
21,21,1,[H]C(=O)C([H])([H])C([H])(N([H])[H])C1([H])N(C([H])([H])[H])C1([H])[H]
15,15,1,[H]C1=NC2=NC([H])([H])C([H])([H])N2N=C1[H]
17,17,1,[H]N1C([H])([H])C12N1C(=O)C2(C([H])([H])[H])C1([H])[H]
18,18,1,[H]OC12C3([H])N4C1([H])C2(C([H])([H])[H])C43C([H])([H])[H]
16,16,1,[H]C1=C2OC3([H])C([H])([H])N4C1([H])C4([H])C23[H]
15,15,1,[H]N=C([H])OC1=C([H])C([H])([H])OC1=N[H]
25,25,1,[H]C([H])([H])C(=NC([H])([H])C([H])([H])[H])N(C([H])([H])[H])C([H])([H])C([H])([H])[H]
17,17,1,[H]OC([H])([H])C12OC3([H])C([H])([H])N1C3([H])N2[H]
11,11,1,[H]c1nc2c([H])nnnn2n1
20,20,1,[H]C(=O)C1([H])C([H])([H])C2([H])N([H])C1(C([H])([H])[H])C2([H])[H]
12,12,1,[H]OC([H])(C#CC([H])=O)C([H])=O
16,16,1,[H]C([H])([H])C(C#N)=NC1([H])C([H])([H])C1([H])[H]
18,18,1,[H]OC(C([H])=O)(N([H])C([H])([H])C([H])=O)C([H])([H])[H]
20,20,1,[H]C#CC([H])([H])N(C([H])([H])[H])C1([H])C([H])([H])C1([H])O[H]
15,15,1,[H]C1=C(N([H])C([H])([H])[H])C(=O)C(=O)N1[H]
20,20,1,[H]N1C([H])([H])C([H])([H])C(=O)C12C([H])([H])C([H])([H])C2([H])[H]
22,22,1,[H]OC([H])([H])C12N([H])C([H])([H])C([H])([H])C1(C([H])([H])[H])C2([H])[H]
25,25,1,[H]C1=C([H])C([H])([H])C([H])(C([H])([H])[H])C([H])(C([H])([H])[H])C([H])([H])C1([H])[H]
16,16,1,[H]c1nc(C2(C([H])([H])[H])N([H])C2([H])[H])no1
25,25,1,[H]OC([H])([H])C([H])(OC([H])([H])C([H])(C([H])([H])[H])C([H])([H])[H])C([H])([H])[H]
13,13,1,[H]N1C(=O)C([H])(C#N)C2([H])OC12[H]
19,19,1,[H]N1C([H])(C([H])([H])[H])C2([H])C([H])([H])C([H])([H])C12C#N
19,19,1,[H]OC([H])([H])C12C3([H])OC1(C([H])([H])[H])C2([H])C3([H])[H]
15,15,1,[H]C1([H])OC([H])([H])C2([H])OC1([H])C2([H])[H]
18,18,1,[H]N=C1OC2([H])C([H])([H])N(C([H])([H])[H])C2([H])N1[H]
13,13,1,[H]C1=NC([H])(C#N)N([H])C(=O)N1[H]
23,23,1,[H]OC([H])(C([H])([H])[H])C1(C([H])([H])[H])N([H])C([H])([H])C1([H])N([H])[H]
15,15,1,[H]C#CC([H])([H])c1c(O[H])nn([H])c1[H]
15,15,1,[H]C1([H])C([H])(C#N)C2([H])OC1([H])C2([H])[H]
21,20,0,[H]N1C2([H])C([H])(C([H])([H])O)C([H])([H])C12C([H])([H])C([H])([H])[H]
17,17,1,[H]OC1([H])C2([H])OC([H])([H])C3([H])OC1([H])C32[H]
23,23,1,[H]C([H])([H])C1([H])C([H])([H])C12C([H])([H])C1([H])C([H])([H])C([H])([H])C12[H]
18,18,1,[H]C1=C(C([H])([H])[H])C(=O)C2(N([H])C2([H])[H])C1([H])[H]
16,15,0,[H]N([H])C12C([H])(O)C1([H])C1([H])N3C1([H])C32[H]
22,22,1,[H]OC([H])([H])N(C([H])([H])[H])C1([H])C([H])([H])C1([H])OC([H])([H])[H]
17,17,1,[H]C1=C([H])C2(N([H])[H])C3([H])N4C1([H])C4([H])C32[H]
13,13,1,[H]C#CC([H])(O[H])c1onnc1[H]
20,20,1,[H]N1C([H])([H])C2=NC([H])([H])C([H])([H])N2C([H])([H])C1([H])[H]
19,19,1,[H]OC([H])(C#CC([H])([H])C([H])([H])C([H])=O)C([H])([H])[H]
14,14,1,[H]N([H])c1c(C([H])([H])C#N)nnn1[H]
19,18,0,[H]OC1([H])C2([H])C3N([H])C([H])([H])C3([H])C([H])([H])C12[H]
23,23,1,[H]OC1([H])C([H])([H])C([H])([H])OC([H])([H])C1([H])C([H])([H])C([H])([H])[H]
16,16,1,[H]N1C2=NC([H])([H])C(=O)N2C([H])([H])C1([H])[H]
20,20,1,[H]OC1(C2([H])C([H])([H])C2([H])[H])C([H])([H])C1([H])C([H])([H])[H]
15,15,1,[H]OC12C([H])([H])C3([H])C(=O)C1([H])C32O[H]
17,17,1,[H]OC1(C([H])([H])[H])N([H])C(=O)C([H])([H])C1([H])[H]
17,17,1,[H]C#CC12OC1([H])C(O[H])(C([H])([H])[H])C2([H])[H]
21,21,1,[H]C([H])([H])C1([H])C([H])([H])C2([H])C3([H])OC3([H])C12C([H])([H])[H]
15,15,1,[H]N([H])c1nc(C2([H])N([H])C2([H])[H])no1
18,18,1,[H]C([H])([H])Oc1onc(C([H])([H])[H])c1C([H])([H])[H]
17,17,1,[H]OC1([H])C([H])(N([H])[H])C1(O[H])C([H])([H])C#N
17,16,0,[H]N(C(=O)C([H])([H])O)C([H])([H])C1([H])OC1([H])[H]
19,19,1,[H]C(=O)C([H])([H])C12C3([H])C([H])([H])C1([H])C32C([H])([H])[H]
18,18,1,[H]C1=C(C([H])([H])[H])C2(C([H])([H])[H])C(=O)N([H])C12[H]
18,18,1,[H]OC1([H])C(C([H])([H])[H])=C([H])N([H])C(=O)C1([H])[H]
19,17,0,[H]C1=C(C([H])([H])[H])C([H])C(C([H])([H])[H])N=C1N([H])[H]
23,23,1,[H]OC([H])(C([H])=NC([H])([H])C([H])([H])C([H])([H])[H])C([H])([H])N([H])[H]
17,16,0,[H]C(=O)N1C([H])=C([H])C([H])(C([H])([H])O)C1([H])[H]
16,16,1,[H]OC([H])([H])C(=O)N=C1OC([H])([H])C1([H])[H]
14,10,0,
23,23,1,[H]C([H])([H])C1([H])C([H])([H])C23C([H])([H])C([H])([H])C([H])([H])C12C3([H])[H]
14,14,1,[H]c1nnoc1C(=O)C([H])([H])N([H])[H]
17,17,1,[H]c1oc(N([H])[H])c(C([H])([H])[H])c1C([H])([H])[H]
18,18,1,[H]C(=O)N([H])C1([H])C2([H])OC([H])([H])C1([H])C2([H])[H]
13,11,0,[H]C(N=N)=C(O)N([H])C(=O)N([H])[H]
13,9,0,
22,22,1,[H]C([H])([H])C1(C#N)C([H])([H])C([H])([H])C([H])([H])C([H])([H])C1([H])[H]
17,17,1,[H]C(=O)C1([H])C2([H])OC([H])([H])C3([H])C2([H])C13[H]
24,21,0,[H]OC([H])(C(=O)C([H])([H])C([H])([H])[H])C([H])(C([H])[H])C([H])([H])[H]
21,21,1,[H]C1([H])N2C([H])([H])C([H])([H])C3(N1C([H])([H])C3([H])[H])C2([H])[H]
17,17,1,[H]C1([H])OC2([H])C3([H])OC2([H])C12C([H])([H])C32[H]
17,17,1,[H]OC12C([H])([H])C([H])=C([H])C1([H])C2([H])C([H])=O
19,19,1,[H]C#CC([H])([H])C([H])([H])C1([H])C([H])([H])N([H])C1([H])[H]
16,16,1,[H]N=C([H])C([H])([H])C([H])(C#N)OC([H])([H])[H]
18,18,1,[H]C1([H])C(=O)C2([H])C([H])([H])C3(C([H])([H])[H])N1C23[H]
19,19,1,[H]OC([H])([H])C([H])(C(=O)C([H])=O)C([H])([H])C([H])([H])[H]
13,13,1,[H]C#CC12C(=O)OC1([H])OC2([H])[H]
21,21,1,[H]N1C2([H])C([H])([H])C([H])([H])C13C([H])([H])N(C([H])([H])[H])C23[H]
21,21,1,[H]OC([H])([H])C1([H])C([H])=C([H])C2([H])C([H])([H])C([H])([H])C12[H]
19,19,1,[H]C([H])([H])C([H])(C([H])([H])[H])C12OC3([H])OC1([H])C32[H]
19,19,1,[H]C1=C(C2([H])ON2C([H])([H])[H])N([H])C([H])([H])C1([H])[H]
18,18,1,[H]N([H])C1([H])OC1([H])C1([H])OC([H])([H])OC1([H])[H]
19,19,1,[H]C#CC([H])([H])C1([H])C([H])=C([H])C([H])([H])C1([H])O[H]
18,18,1,[H]N1C([H])([H])C1(C#N)N1C([H])([H])C1([H])C([H])([H])[H]
17,17,1,[H]C#CC([H])([H])C([H])([H])C#CC([H])([H])C([H])=O
18,18,1,[H]OC([H])([H])N([H])C(=O)C([H])([H])C1([H])OC1([H])[H]
19,19,1,[H]OC([H])([H])C12C3([H])C([H])([H])C1([H])C2([H])C3([H])O[H]
17,17,1,[H]C(=NC1([H])C([H])([H])OC1([H])[H])C(=O)N([H])[H]
21,21,1,[H]OC1([H])C2([H])N(C([H])([H])[H])C([H])([H])N2C([H])([H])C1([H])[H]
16,15,0,[H]OC12C([H])=C([H])C([H])C([H])=C1OC2([H])[H]
19,19,1,[H]OC1([H])N2C([H])([H])C([H])([H])C2(C([H])([H])[H])C1([H])[H]
17,17,1,[H]C([H])([H])C12C(=O)OC1([H])C([H])([H])OC2([H])[H]
22,22,1,[H]C1=C([H])C([H])([H])C2(C([H])([H])C([H])([H])[H])N([H])C2([H])C1([H])[H]
18,18,1,[H]C1=C2C3([H])N(C3([H])C1([H])[H])C1([H])C([H])([H])C21[H]
19,19,1,[H]C#CC1([H])OC([H])(C([H])([H])C([H])([H])[H])C([H])=C1[H]
21,21,1,[H]C1=C([H])C2([H])C([H])(C([H])([H])[H])OC2([H])C([H])([H])C1([H])[H]
23,23,1,[H]C([H])([H])C([H])([H])OC([H])([H])C1([H])OC1(C([H])([H])[H])C([H])([H])[H]
21,21,1,[H]OC1([H])C([H])([H])C1([H])C1([H])OC([H])([H])C([H])([H])C1([H])[H]
20,20,1,[H]C([H])([H])OC12C([H])([H])N3C1(C([H])([H])[H])C32C([H])([H])[H]
16,16,1,[H]OC12C(=O)N3C([H])([H])C1([H])C32C([H])([H])[H]
17,12,0,
19,19,1,[H]ON=C1C([H])=C(N([H])[H])C([H])(C([H])([H])[H])C1([H])[H]
18,17,0,[H]C([H])([H])C12C([H])([H])C1([H])C1([H])OC12C([H])([H])O
17,17,1,[H]N=C1OC([H])(OC([H])([H])[H])C2([H])N1C2([H])[H]
16,16,1,[H]OC12C([H])(N([H])[H])C3([H])C1([H])C32C([H])=O
21,20,0,[H]OC([H])([H])N([H])C([H])=C([H])C([H])([H])C([H])(O)C([H])([H])[H]
14,14,1,[H]C#CC(=O)C1(C([H])=N[H])OC1([H])[H]
18,18,1,[H]N1N2C([H])([H])C3([H])N([H])C34C([H])([H])C([H])([H])C124
19,19,1,[H]OC1([H])C2([H])C([H])([H])C1(C([H])([H])[H])C2([H])C([H])=O
19,19,1,[H]OC1([H])C([H])([H])N([H])C([H])([H])C1(O[H])C([H])([H])[H]
9,9,1,[H]C#Cc1nooc1=O
16,15,0,[H]OC1([H])C([H])([H])N2C([H])([H])C([H])(O)C21[H]
18,18,1,[H]OC1([H])C([H])([H])C([H])(C([H])([H])[H])C1([H])C([H])=O
19,19,1,[H]OC1([H])C([H])=C(N([H])[H])C(C([H])([H])[H])=NC1([H])[H]
20,20,1,[H]C1=NC([H])(C([H])([H])C([H])([H])[H])C(C([H])([H])[H])=NN1[H]
16,15,0,[H]OC12C([H])C3([H])C4([H])OC1([H])C2([H])C43[H]
19,19,1,[H]C([H])([H])C(=O)C1([H])C([H])([H])C2([H])OC1([H])C2([H])[H]
21,21,1,[H]N1C([H])([H])C2([H])C([H])([H])C1([H])C2(C([H])([H])[H])C([H])([H])[H]
17,16,0,
23,23,1,[H]C([H])([H])OC1([H])C([H])([H])C1(C([H])([H])[H])C1([H])C([H])([H])C1([H])[H]
19,19,1,[H]OC([H])([H])C([H])([H])C1([H])C([H])([H])C1(C#N)N([H])[H]
17,15,0,
15,15,1,[H]C#CC([H])([H])OC#CC([H])([H])C([H])=O
11,11,1,[H]ON=c1nc([H])onc1[H]
18,18,1,[H]C1=NC([H])([H])C(=O)C([H])([H])C([H])=C([H])C1([H])[H]
20,20,1,[H]N([H])C1([H])C([H])([H])C([H])([H])C23OC([H])([H])C12C3([H])[H]
18,18,1,[H]C([H])([H])OC1([H])C2([H])OC([H])([H])C([H])([H])C12[H]
25,25,1,[H]C([H])([H])C([H])([H])C([H])([H])C1([H])OC([H])(C([H])([H])[H])C1([H])C([H])([H])[H]
14,13,0,
17,17,1,[H]OC([H])([H])C([H])([H])OC(=O)N([H])C([H])([H])[H]
19,19,1,[H]N=C1OC([H])([H])C([H])([H])C([H])([H])C1=NC([H])([H])[H]
16,16,1,[H]N=C1C2([H])OC2([H])C2([H])C([H])(O[H])C12[H]
22,22,1,[H]C1=C(C([H])([H])[H])C([H])(C([H])([H])[H])C([H])([H])C([H])([H])C1([H])[H]
17,17,1,[H]N=C1N2C3([H])C4([H])C1([H])C2(C([H])([H])[H])C34[H]
19,19,1,[H]C([H])([H])N1C([H])([H])C([H])([H])C2([H])OC2([H])C1([H])[H]
17,17,1,[H]C1([H])OC(=O)C2([H])C3([H])C([H])([H])C2([H])C13[H]
17,17,1,[H]N1N(C([H])([H])[H])C([H])(C([H])([H])C#N)C1([H])[H]
15,15,1,[H]C(=O)OC1([H])C2([H])N=C([H])N([H])C21[H]
19,19,1,[H]C1=NC2(C([H])=C([H])N1C([H])([H])[H])C([H])([H])C2([H])[H]
23,23,1,[H]C1=C([H])C([H])(C([H])([H])C([H])([H])[H])C([H])=C([H])C([H])([H])C1([H])[H]
16,16,1,[H]N1C(=O)C(=O)C2([H])C([H])([H])C2([H])C1([H])[H]
19,19,1,[H]OC1([H])C([H])([H])OC([H])([H])C2([H])C([H])(O[H])C12[H]
16,16,1,[H]C(=O)N(C(=O)C([H])([H])[H])C1([H])OC1([H])[H]
18,16,0,[H]C1N([H])C23C4([H])C([H])C2(C1([H])[H])C([H])([H])C43[H]
17,17,1,[H]C1=C([H])N([H])C([H])([H])C([H])(C([H])([H])[H])C1=O
13,9,0,
15,15,1,[H]c1noc2c1c([H])c(C([H])([H])[H])n2[H]
17,17,1,[H]N=C1N2OC1([H])C1([H])C([H])([H])C21C([H])([H])[H]
20,20,1,[H]OC([H])([H])C(OC([H])([H])[H])(C(=O)N([H])[H])C([H])([H])[H]
11,11,1,[H]N=c1onc(F)oc1=N[H]
12,12,1,[H]N=c1c([H])c(F)c(F)nn1[H]
16,16,1,[H]C([H])([H])C12C(=O)C3([H])C([H])(C1([H])[H])C32[H]
23,23,1,[H]C1=C([H])C2(C([H])([H])[H])C([H])([H])C2(C([H])([H])C([H])([H])[H])C1([H])[H]
15,15,1,[H]c1nc(N([H])[H])c([H])c([H])c(=O)c1[H]
15,13,0,[H]OC1N=C([H])N(C([H])([H])[H])C1C([H])=O
21,20,0,[H]N([H])C(=O)C([H])(C([H])([H])[H])C(O)(C([H])([H])[H])C([H])([H])[H]
19,19,1,[H]C([H])([H])C1([H])OC2([H])N1C([H])(C([H])([H])[H])C2([H])[H]
21,21,1,[H]C([H])([H])C([H])([H])N1C([H])([H])C([H])([H])C([H])(C#N)C1([H])[H]
17,17,1,[H]C(=O)c1c(C([H])([H])[H])c([H])c(N([H])[H])n1[H]
17,17,1,[H]N1C([H])(C#N)C([H])([H])C(=O)C1([H])C([H])([H])[H]
15,15,1,[H]N=c1onc([H])n1C([H])([H])C([H])([H])[H]
18,18,1,[H]N1C([H])([H])C2([H])C3([H])C(=O)C1([H])C32C([H])([H])[H]
19,19,1,[H]OC1([H])C(=O)C([H])([H])C([H])([H])C([H])=C([H])C1([H])[H]
16,16,1,[H]C([H])([H])N1N2C3([H])C([H])(C#N)C1([H])C23[H]
19,19,1,[H]N([H])C1=C(C([H])([H])[H])N([H])C(=O)C1([H])C([H])([H])[H]
12,11,0,
21,21,1,[H]C([H])([H])C1([H])OC1([H])C([H])(C([H])([H])[H])C1([H])OC1([H])[H]
20,20,1,[H]C#CC([H])([H])C([H])(C1=NC([H])([H])C1([H])[H])C([H])([H])[H]
16,16,1,[H]N1C2(C(=O)C([H])([H])[H])C(=O)C([H])([H])C12[H]
15,15,1,[H]C1([H])OC2([H])C([H])([H])N3C2([H])C31C#N
19,19,1,[H]C1=C([H])C2([H])C3([H])C([H])([H])C2([H])C3([H])C([H])=C1[H]
18,17,0,[H]N(C([H])([H])[H])C([H])([H])C#CC([H])([H])C([H])([H])O
15,15,1,[H]C#Cc1c(O[H])c(N([H])[H])c([H])n1[H]
18,18,1,[H]C1([H])N2C3([H])C([H])([H])C3([H])C2([H])C2([H])OC12[H]
13,13,1,[H]N=C(C([H])=O)C(=O)C(=O)N([H])[H]
16,16,1,[H]OC1=C([H])C([H])([H])c2c([H])c([H])c([H])n21
18,18,1,[H]C#CC([H])([H])N([H])C1=NC([H])([H])C([H])([H])N1[H]
20,20,1,[H]OC([H])([H])C([H])([H])C1=C([H])C2([H])N(C1([H])[H])C2([H])[H]
17,17,1,[H]C#CC1([H])C([H])([H])C12OC21C([H])([H])C1([H])[H]
21,21,1,[H]OC([H])(C([H])(C#N)N([H])C([H])([H])[H])C([H])([H])C([H])([H])[H]
16,14,0,
15,15,1,[H]Oc1nc([H])oc1C([H])=NC([H])([H])[H]
14,14,1,[H]C#CC1([H])N=C([H])OC1([H])N([H])[H]
18,18,1,[H]OC1(C(=O)C([H])([H])C([H])([H])[H])C([H])([H])C1([H])[H]
17,15,0,[H]C1=NC2([H])C([H])=C(C([H])([H])[H])NC2([H])C1[H]
16,16,1,[H]C(=O)C([H])([H])N=C1OC([H])([H])OC1([H])[H]
15,15,1,[H]N(c1nonc1C([H])([H])[H])C([H])([H])[H]
18,18,1,[H]OC1([H])C([H])(N([H])[H])C2([H])OC([H])([H])C12O[H]
17,17,1,[H]N=C1N([H])C([H])([H])C2([H])OC([H])([H])C12O[H]
19,19,1,[H]OC([H])(C([H])([H])[H])C12C([H])([H])C1(O[H])C2([H])O[H]
18,18,1,[H]N1C2([H])C(=O)C([H])([H])C3([H])C([H])([H])C3([H])C12[H]
22,22,1,[H]OC([H])(C([H])([H])C([H])([H])[H])C([H])(O[H])C1([H])N([H])C1([H])[H]
23,23,1,[H]OC1(C([H])([H])C([H])([H])[H])C([H])([H])C2([H])C([H])([H])C([H])([H])C21[H]
16,16,1,[H]N1C(=O)C([H])([H])C([H])([H])N(C#N)C1([H])[H]
25,24,0,[H]N(C(C([H])([H])[H])C([H])(C([H])([H])[H])C1([H])C([H])([H])C1([H])[H])C([H])([H])[H]
20,20,1,[H]N1C([H])([H])C([H])([H])C2([H])C(=O)C([H])([H])C2([H])C1([H])[H]
17,17,1,[H]N1C2([H])C([H])([H])C2([H])C2([H])C([H])(C#N)C12[H]
19,17,0,[H]OC(C([H])([H])O)C([H])([H])C([H])([H])C([H])([H])N([H])[H]
11,11,1,[H]N([H])c1noc(=O)nc1F
20,20,1,[H]N1C([H])([H])C2([H])OC([H])([H])C([H])(C([H])([H])[H])OC12[H]
15,14,0,[H]OC([H])([H])c1onc([H])c1C([H])([H])O
19,19,1,[H]N([H])C1([H])C2([H])N([H])C2([H])C12C([H])([H])OC2([H])[H]
16,16,1,[H]C(=O)C1(C([H])([H])[H])OC([H])([H])C([H])([H])O1
14,14,1,[H]c1nn(C([H])([H])[H])c([H])c([H])c1=O
18,18,1,[H]C([H])([H])C1(C([H])([H])C#N)C2([H])OC1([H])C2([H])[H]
18,18,1,[H]N=C([H])C1([H])C([H])(O[H])C12OC([H])([H])C2([H])[H]
18,18,1,[H]OC1([H])C2([H])C([H])([H])C([H])([H])C1(C#N)C2([H])[H]
18,18,1,[H]C1=NC2([H])C(=C(C([H])([H])[H])C2([H])[H])C([H])([H])O1
17,17,1,[H]C(=O)C(=O)OC([H])([H])C1([H])C([H])([H])C1([H])[H]
17,17,1,[H]C#CC1([H])OC([H])([H])C12C([H])([H])OC2([H])[H]
20,20,1,[H]OC1([H])C(=O)C([H])([H])C1([H])N(C([H])([H])[H])C([H])([H])[H]
18,18,1,[H]C(=O)C1=C([H])C([H])([H])N2C([H])([H])C12C([H])([H])[H]
23,23,1,[H]C([H])([H])C1([H])C([H])([H])C1([H])C([H])([H])C1([H])OC([H])([H])C1([H])[H]
17,17,1,[H]C#CC([H])([H])C1([H])C(=O)C2([H])C([H])([H])C12[H]
14,13,0,[H]C(=O)N([H])C1=NNC([H])=NC1([H])[H]
15,15,1,[H]C1([H])C([H])([H])C([H])(C(=O)C#N)C1([H])[H]
19,19,1,[H]OC12C([H])(OC([H])([H])[H])OC1(C([H])([H])[H])C2([H])[H]
18,18,1,[H]C([H])([H])C12C(=O)C([H])([H])C1([H])C([H])([H])C2([H])[H]
13,11,0,[H]OC([H])(C#N)C1=C([H])N([H])NN1
18,17,0,[H]C([H])([H])C1([H])C2([H])OC2([H])C2([H])C([H])(O)C12[H]
20,20,1,[H]OC([H])([H])C1=C(N([H])[H])C([H])=C([H])C1([H])C([H])([H])[H]
16,16,1,[H]N([H])C1(C#N)C2([H])N3C([H])(C2([H])[H])C31[H]
17,17,1,[H]N=C(C#N)C([H])(OC([H])([H])[H])C([H])([H])O[H]
16,16,1,[H]N([H])N=C1C(=O)N2C([H])([H])C2([H])C1([H])[H]
17,15,0,
15,15,1,[H]OC1([H])C2(C#N)N([H])C3([H])C1([H])C32[H]
18,18,1,[H]C#CC([H])(O[H])C([H])([H])C([H])([H])OC([H])([H])[H]
16,16,1,[H]C1(C#N)OOC1([H])C1([H])C([H])([H])C1([H])[H]
14,14,1,[H]ON=C1C(=O)OC([H])([H])C([H])=C1[H]
20,20,1,[H]C1=C(C([H])([H])[H])C([H])([H])C([H])([H])C([H])([H])OC1([H])[H]
17,17,1,[H]OC([H])(C([H])([H])C#N)C1([H])C([H])([H])C1([H])[H]
20,20,1,[H]OC([H])([H])C([H])(C([H])=O)C([H])([H])N1C([H])([H])C1([H])[H]
18,18,1,[H]C1=C([H])C([H])([H])C([H])(C([H])([H])[H])OC(=O)N1[H]
18,18,1,[H]N=C1OC2([H])OC([H])([H])C12C([H])([H])C([H])([H])[H]
15,15,1,[H]c1oc(N([H])[H])c(C([H])([H])[H])c1C#N
18,18,1,[H]OC1([H])N2C3([H])C([H])([H])C4([H])C1([H])C4([H])C23[H]
16,16,1,[H]N=C1C(N([H])N=O)=C([H])C([H])([H])C1([H])[H]
20,20,1,[H]OC12N([H])C([H])(C([H])([H])OC1([H])[H])C2([H])C([H])([H])[H]
13,13,1,[H]c1nnc(C([H])([H])[H])n([H])c1=O
18,18,1,[H]N1C([H])(C([H])([H])[H])C2([H])C3([H])OC4([H])C3([H])C142
13,13,1,[H]C#CC1(C#CC([H])([H])[H])OC1=O
14,14,1,[H]C(=O)N1C(=O)OC([H])([H])C([H])=C1[H]
15,15,1,[H]Oc1c(N([H])C([H])=O)c([H])n([H])c1[H]
17,17,1,[H]N=C(C([H])([H])O[H])C1([H])C([H])([H])C1([H])O[H]
11,11,1,[H]Oc1nc(C([H])=O)oc1[H]
19,19,1,[H]C(=O)C([H])(C([H])=NC([H])([H])[H])C1([H])N([H])C1([H])[H]
18,18,1,[H]C(=O)N([H])C(=NC([H])([H])[H])C1([H])N([H])C1([H])[H]
18,18,1,[H]c1nc([H])c(N([H])N(C([H])([H])[H])C([H])([H])[H])o1
19,19,1,[H]OC([H])([H])C([H])(O[H])C1([H])C2([H])OC([H])([H])C21[H]
21,21,1,[H]C([H])([H])C12OC1(C([H])([H])[H])C1(C([H])([H])C1([H])[H])C2([H])[H]
20,20,1,[H]C([H])([H])OC1([H])OC([H])(C([H])([H])[H])C([H])([H])C1([H])[H]
14,14,1,[H]N1C(=O)C2([H])C(=O)C([H])([H])OC12[H]
23,23,1,[H]OC([H])([H])C([H])(C#CC([H])([H])[H])C([H])(C([H])([H])[H])C([H])([H])[H]
23,23,1,[H]N([H])C([H])([H])C(C([H])([H])[H])(C([H])([H])[H])C([H])([H])C([H])([H])C#N
18,18,1,[H]OC([H])([H])C(=NC([H])([H])[H])N([H])C([H])([H])C#N
20,20,1,[H]OC([H])(C([H])=O)C([H])(C([H])([H])[H])C1([H])N([H])C1([H])[H]
19,19,1,[H]N([H])C1=C(C([H])([H])C([H])([H])[H])N([H])C(=O)C1([H])[H]
10,10,1,[H]C(=O)Oc1nnoc1[H]
17,17,1,[H]N=C1N=C([H])C(=N[H])C([H])([H])N1C([H])([H])[H]
15,15,1,[H]C(=O)OC([H])([H])c1oc([H])c([H])c1[H]
17,17,1,[H]C1([H])C(=O)C2([H])C3([H])OC3([H])C([H])([H])C12[H]
19,19,1,[H]C(=O)C1([H])C([H])([H])N(C([H])([H])[H])C12N([H])C2([H])[H]
18,18,1,[H]C1=C([H])C([H])([H])OC([H])([H])OC1=NC([H])([H])[H]
18,18,1,[H]C(=O)OC([H])(C(=O)N([H])C([H])([H])[H])C([H])([H])[H]
22,22,1,[H]OC([H])(C([H])([H])[H])C1(C([H])([H])OC([H])([H])[H])N([H])C1([H])[H]
20,20,1,[H]OC1([H])N([H])C([H])([H])C([H])([H])C1([H])C1([H])OC1([H])[H]
20,20,1,[H]C([H])([H])OC(=O)C([H])([H])C([H])([H])N1C([H])([H])C1([H])[H]
18,18,1,[H]C1([H])OC([H])([H])C([H])([H])C([H])(C([H])([H])[H])C1=O
18,18,1,[H]C(=O)C12C3([H])N(C([H])([H])[H])C1([H])C2([H])C3([H])[H]
12,12,1,[H]C#COC([H])([H])C([H])([H])O[H]
19,19,1,[H]OC([H])([H])C12OC3([H])C([H])(C([H])([H])[H])C1([H])C32[H]
17,17,1,[H]C#CC([H])([H])C1(O[H])C(=N[H])N([H])C1([H])[H]
17,17,1,[H]C1(C#N)N2C1([H])C([H])([H])C1([H])C([H])([H])C21[H]
18,18,1,[H]C([H])([H])C1([H])C([H])(C#N)C([H])([H])C2([H])OC21[H]
17,17,1,[H]C(=O)N([H])C([H])([H])OC([H])([H])C([H])([H])C#N
19,19,1,[H]OC1(C([H])([H])[H])C2([H])C([H])=C([H])C3([H])C2([H])C31[H]
18,18,1,[H]Oc1c(C([H])([H])[H])c(O[H])n(C([H])([H])[H])c1[H]
21,20,0,[H]C([H])([H])C([H])([H])N1C2([H])C([H])([H])C1([H])C2(O)C([H])([H])[H]
19,19,1,[H]OC([H])([H])C1([H])C(=O)C([H])([H])C2([H])C([H])([H])C12[H]
20,19,0,
19,19,1,[H]OC([H])([H])C1(C([H])=O)C([H])([H])OC([H])([H])C1([H])[H]
12,10,0,[H]OC1=C(OC([H])=O)N([H])NN1
20,19,0,[H]OC1([H])C([H])C([H])([H])N2C([H])([H])C([H])([H])N([H])C21[H]
19,18,0,
17,17,1,[H]C(=NC([H])([H])C([H])([H])[H])n1c([H])nnc1[H]
22,22,1,[H]C([H])([H])C1(C2([H])C([H])([H])C2([H])[H])C([H])([H])C([H])([H])C1([H])[H]
23,23,1,[H]OC([H])([H])C([H])(O[H])C([H])([H])C([H])(O[H])C([H])([H])C([H])([H])[H]
17,17,1,[H]N=C1C(=O)N([H])C([H])([H])C1([H])OC([H])([H])[H]
17,17,1,[H]C([H])([H])C1([H])C(=O)OC2([H])C([H])([H])OC21[H]
19,19,1,[H]OC([H])([H])C12N3C([H])(N([H])C1([H])[H])C([H])([H])C32[H]
22,22,1,[H]OC([H])([H])C(OC([H])([H])[H])(C([H])([H])[H])C([H])([H])C([H])([H])[H]
18,18,1,[H]C([H])([H])C([H])([H])N=C1N2C([H])([H])C2([H])C1([H])[H]
19,19,1,[H]C([H])([H])C([H])([H])C1([H])C(C#N)=NC([H])([H])C1([H])[H]
17,17,1,[H]C([H])([H])C([H])(C#N)OC1([H])C([H])([H])C1([H])[H]
15,15,1,[H]OC12C(=O)C3([H])C1([H])C1([H])C3([H])C21[H]
18,18,1,[H]C1=NC([H])([H])C(C#N)(C([H])([H])[H])N1C([H])([H])[H]
17,17,1,[H]N1C2([H])C(=O)C3([H])N([H])C([H])(C2([H])[H])C13[H]
18,18,1,[H]C([H])([H])N1C2([H])C(=O)C3([H])C1([H])C3([H])C2([H])[H]
24,24,1,[H]C([H])([H])N1C([H])(C([H])([H])[H])C2(C([H])([H])C2([H])[H])C1([H])C([H])([H])[H]
21,21,1,[H]OC1([H])C([H])(O[H])C1([H])C(O[H])(C([H])([H])[H])C([H])([H])[H]
13,11,0,
15,15,1,[H]C([H])([H])C1([H])N(c2nnon2)C1([H])[H]
22,22,1,[H]N=C(N([H])C([H])([H])[H])C([H])([H])C([H])([H])N1C([H])([H])C1([H])[H]
19,19,1,[H]C(=O)OC1(C([H])([H])[H])C([H])([H])OC1([H])C([H])([H])[H]
15,13,0,[H]N1N=NC(C#N)C1C([H])([H])C([H])([H])[H]
15,15,1,[H]C1([H])OC1([H])C1([H])C([H])([H])OC1([H])[H]
15,14,0,
15,15,1,[H]N=C1OC2([H])N3C1([H])C([H])(O[H])C32[H]
17,17,1,[H]C(=O)C1([H])N([H])C12C([H])([H])C([H])([H])C2([H])[H]
20,20,1,[H]N(N1C([H])(C([H])([H])[H])C1([H])C([H])([H])[H])C([H])([H])C#N
12,12,1,[H]C(=O)n1nc([H])c(N([H])[H])n1
15,14,0,
19,18,0,[H]C1=NC([H])([H])OC1C([H])([H])C([H])=C([H])C([H])([H])[H]
21,21,1,[H]N1C2([H])C([H])([H])C3(C([H])([H])[H])N([H])C([H])([H])C2([H])C13[H]
17,17,1,[H]C#CC(C#C[H])(O[H])C1([H])C([H])([H])C1([H])[H]
14,14,1,[H]c1nn([H])nc1N([H])C(=O)N([H])[H]
18,18,1,[H]C1=NC2(C([H])([H])O1)C([H])([H])OC([H])([H])C2([H])[H]
18,18,1,[H]OC1([H])C2([H])C([H])([H])C3(C([H])([H])[H])C1([H])C23[H]
15,13,0,[H]OC1C(N=O)C([H])=C(C([H])([H])[H])N1[H]
21,21,1,[H]OC1([H])N([H])C2(C([H])([H])[H])N(C([H])([H])C1([H])[H])C2([H])[H]
16,16,1,[H]C1=C2C(=O)C([H])([H])C3([H])N(C1([H])[H])C23[H]
22,22,1,[H]OC([H])([H])C([H])([H])C([H])([H])C1([H])C([H])([H])C1([H])C([H])([H])[H]
19,19,1,[H]C([H])([H])C1([H])C2([H])C(=O)C3([H])C([H])([H])C2([H])C31[H]
15,15,1,[H]N=C(C(=NO[H])C([H])=O)C([H])([H])O[H]
26,26,1,[H]N1C([H])([H])C([H])([H])C([H])([H])C([H])(C([H])([H])[H])C([H])(C([H])([H])[H])C1([H])[H]
17,17,1,[H]C1=NC2([H])C([H])(OC([H])([H])[H])C3([H])N1C23[H]
22,22,1,[H]N(C([H])([H])C(=O)C([H])([H])[H])C([H])([H])C([H])([H])OC([H])([H])[H]
15,15,1,[H]OC12C(=O)C([H])([H])C3([H])C1([H])OC23[H]
25,25,1,[H]C([H])([H])C([H])([H])C([H])([H])C(=O)C([H])([H])C([H])(C([H])([H])[H])C([H])([H])[H]
20,20,1,[H]OC([H])([H])C1([H])N([H])C(=O)C([H])([H])C1([H])C([H])([H])[H]
20,20,1,[H]C#CC([H])(C(=O)N([H])[H])C([H])(C([H])([H])[H])C([H])([H])[H]
19,19,1,[H]N=C1OC([H])([H])N=C1C([H])([H])C([H])([H])C([H])([H])[H]
15,15,1,[H]C([H])([H])N=c1nnc(C([H])([H])[H])no1
23,23,1,[H]N1C2([H])N(C([H])([H])C([H])([H])C1([H])C([H])([H])[H])C2([H])C([H])([H])[H]
19,19,1,[H]N([H])C12C(=O)C([H])(C([H])([H])N1[H])C2([H])C([H])([H])[H]
15,15,1,[H]N=c1c([H])c(N([H])[H])n([H])c([H])c1F
17,15,0,
18,18,1,[H]C(=O)C1([H])C([H])([H])C2([H])OC1(C([H])([H])[H])N2[H]
17,17,1,[H]OC(C#N)(C([H])([H])C#N)C([H])([H])C([H])([H])[H]
16,16,1,[H]OC([H])([H])c1nc(OC([H])([H])[H])c([H])o1
20,20,1,[H]OC1([H])C([H])(C([H])([H])[H])C12N1C([H])([H])C2([H])C1([H])[H]
21,21,1,[H]C([H])([H])C12C([H])([H])C1([H])C([H])([H])C1([H])C([H])([H])OC12[H]
18,18,1,[H]OC([H])([H])C1=C([H])C([H])(C#N)C([H])([H])C1([H])[H]
15,15,1,[H]c1nc([H])c(OC([H])([H])C([H])([H])[H])o1
21,21,1,[H]C1=C([H])C2([H])C([H])([H])C1([H])OC2([H])C([H])([H])C([H])([H])[H]
18,18,1,[H]N=C1C([H])([H])C(=O)C([H])([H])C([H])=C([H])C1([H])[H]
18,18,1,[H]N1C2([H])C([H])([H])C3([H])OC([H])([H])OC3([H])C12[H]
19,19,1,[H]c1c2c(n([H])c1[H])C([H])(C([H])([H])[H])C([H])([H])N2[H]
21,21,1,[H]OC([H])([H])C(=O)C([H])([H])C(O[H])(C([H])([H])[H])C([H])([H])[H]
17,16,0,
21,21,1,[H]C([H])([H])C1=NC([H])(C([H])([H])N2C([H])([H])C2([H])[H])C1([H])[H]
17,17,1,[H]C(=O)N(N=O)C([H])([H])C([H])([H])OC([H])([H])[H]
16,16,1,[H]N=C1OC2([H])C3([H])C2([H])C2([H])C1([H])C32[H]
19,19,1,[H]C(=NC([H])([H])C([H])([H])ON([H])[H])N([H])C([H])([H])[H]
19,19,1,[H]C1=C([H])C2(N([H])[H])C([H])([H])C2(C([H])([H])[H])C1([H])[H]
16,16,1,[H]C(=O)C1([H])OC2([H])C([H])(C([H])([H])[H])C12[H]
16,16,1,[H]C#CC12N([H])C1([H])C([H])([H])C2([H])C([H])=O
14,14,1,[H]N([H])C1([H])OC1([H])C1([H])OC(=O)O1
20,20,1,[H]C([H])([H])C1=NC(=O)C([H])([H])C([H])(C([H])([H])[H])C1([H])[H]
20,19,0,
18,18,1,[H]C#CC1([H])C(=N[H])C([H])(O[H])C1([H])C([H])([H])[H]
14,14,1,[H]C([H])([H])N1C(=O)C(=O)C2([H])OC12[H]
17,17,1,[H]N=C([H])N=C(C([H])([H])[H])C([H])(C#N)N([H])[H]
20,20,1,[H]C#CC12N(C([H])([H])C([H])([H])C1([H])[H])C2([H])C([H])([H])[H]
19,19,1,[H]c1nc(C([H])([H])C([H])([H])OC([H])([H])[H])c([H])n1[H]
14,14,1,[H]N=c1nc([H])n(C([H])([H])[H])nc1F
13,13,1,[H]N([H])c1onc(C#N)c1N([H])[H]
20,20,1,[H]C#CC1([H])C2([H])N([H])C2([H])C1(C([H])([H])[H])C([H])([H])[H]
16,16,1,[H]C1=NC23C([H])([H])C4([H])N([H])C2(N1[H])C43[H]
17,13,0,
14,14,1,[H]N=C([H])n1nnc(O[H])c1N([H])[H]
13,13,1,[H]c1c(C#N)c(N([H])[H])c([H])n1[H]
20,20,1,[H]C#CC1(C2(C([H])([H])[H])N([H])C2([H])[H])C([H])([H])C1([H])[H]
16,16,1,[H]C#CC([H])(OC(=N[H])C([H])=O)C([H])([H])[H]
21,21,1,[H]OC([H])([H])C12C([H])([H])C([H])([H])C1([H])C([H])(O[H])C2([H])[H]
21,21,1,[H]N1C2([H])C([H])([H])C2([H])C12N(C([H])([H])[H])C2([H])C([H])([H])[H]
19,19,1,[H]C1=C(C([H])([H])[H])C(=O)OC1([H])C([H])([H])C([H])([H])[H]
18,18,1,[H]C([H])([H])N1C([H])([H])C1([H])OC([H])([H])C([H])([H])[H]
21,21,1,[H]C([H])([H])C([H])([H])C1([H])OC2(C([H])([H])[H])C([H])([H])OC12[H]
14,14,1,[H]OC([H])(C([H])=O)c1nc([H])c([H])o1
20,20,1,[H]N1C2([H])C([H])([H])C([H])([H])C([H])([H])C(=O)C12C([H])([H])[H]
18,18,1,[H]N=C1C(=O)OC(C([H])([H])[H])(C([H])([H])[H])C1([H])[H]
16,16,1,[H]OC12C([H])([H])C1([H])C1([H])N([H])C12C([H])=O
21,21,1,[H]C1([H])N2C([H])([H])C([H])([H])C3([H])N1C3([H])C([H])([H])C2([H])[H]
21,21,1,[H]C([H])([H])C12C([H])([H])C([H])([H])C13OC2([H])C([H])([H])C3([H])[H]
14,14,1,[H]N=C1N([H])C2([H])N([H])C([H])=NC12[H]
23,23,1,[H]N=C1OC(C([H])([H])C([H])([H])[H])(C([H])(C([H])([H])[H])C([H])([H])[H])O1
19,19,1,[H]OC([H])([H])C12N([H])C3([H])C1([H])C3(C([H])([H])[H])N2[H]
19,19,1,[H]C([H])([H])N1C2(C#N)C([H])([H])C([H])([H])C12C([H])([H])[H]
12,12,1,[H]C#Cc1oc([H])nc1C([H])=O
17,17,1,[H]N=C(C([H])=O)C([H])([H])C([H])(C#N)C([H])([H])[H]
21,21,1,[H]C1=C([H])C([H])(C([H])([H])[H])C([H])([H])C([H])([H])C([H])([H])C1=O
14,14,1,[H]C1=NC([H])([H])c2nonc2C1([H])[H]
19,19,1,[H]N(C([H])([H])C#N)C1([H])C([H])([H])C1([H])OC([H])([H])[H]
20,20,1,[H]N=C1OC([H])([H])C2(C([H])([H])C([H])([H])[H])C([H])([H])C12[H]
10,10,1,[H]c1c([H])n([H])c(=O)n1[H]
12,12,1,[H]Oc1oc(F)c([H])c(=O)c1[H]
15,15,1,[H]C1=NC(=O)N([H])C2([H])C([H])([H])OC12[H]
10,10,1,[H]c1nnoc(=O)c1C#N
20,20,1,[H]N1C2([H])C([H])([H])C([H])([H])C3(OC([H])([H])[H])C1([H])C23[H]
24,24,1,[H]C([H])([H])C1([H])C([H])([H])C([H])([H])N2C([H])([H])C([H])([H])C([H])([H])C21[H]
23,23,1,[H]C([H])([H])OC1(C([H])([H])[H])C2([H])C([H])([H])C([H])([H])C([H])([H])C21[H]
18,18,1,[H]N=C(C([H])([H])[H])C1([H])OC2([H])C([H])([H])C12O[H]
21,21,1,[H]OC1([H])N([H])C1(C([H])([H])[H])C1(C([H])([H])[H])N([H])C1([H])[H]
15,15,1,[H]C#CC12OC1([H])C1([H])C([H])([H])OC21[H]
17,17,1,[H]c1c(C2([H])OC2([H])C([H])([H])[H])nn([H])c1[H]
18,18,1,[H]N=C1C(=O)C([H])([H])C2(C1([H])[H])C([H])([H])C2([H])[H]
16,14,0,
19,19,1,[H]C#CC([H])([H])N1C([H])([H])N2C([H])([H])C12C([H])([H])[H]
16,16,1,[H]C1=NC2(OC([H])([H])C([H])([H])O2)C([H])([H])O1
19,19,1,[H]C(=O)N(C1=NC([H])([H])C1([H])C([H])([H])[H])C([H])([H])[H]
21,21,1,[H]C1([H])OC([H])([H])C([H])([H])OC([H])(C([H])([H])[H])C([H])([H])O1
16,15,0,[H]OC1([H])C2([H])OC3([H])C2([H])C13C([H])([H])O
14,14,1,[H]C(=O)OC(=O)N([H])C#CC([H])([H])[H]
17,14,0,
19,19,1,[H]OC([H])([H])C1(N([H])C([H])=O)C([H])([H])C1([H])N([H])[H]
19,19,1,[H]N=C(C([H])([H])O[H])C([H])([H])C1([H])C([H])([H])C1([H])[H]
15,14,0,
19,18,0,
19,19,1,[H]C#CC1([H])N(C([H])([H])C([H])([H])[H])C1([H])C([H])([H])[H]
17,17,1,[H]C1=NC([H])([H])C([H])([H])OC(=O)N1C([H])([H])[H]
19,19,1,[H]OC1([H])C(=O)C([H])([H])C2([H])C([H])(C([H])([H])[H])C12[H]
17,17,1,[H]C(=O)C([H])([H])N([H])C(=O)C([H])=NC([H])([H])[H]
19,19,1,[H]C([H])([H])C([H])([H])C([H])([H])OC([H])([H])C([H])([H])C#N
14,14,1,[H]C1=NC([H])(C([H])([H])[H])OC(=O)N1[H]
14,14,1,[H]N1C(=O)C(=O)C([H])(C([H])([H])[H])C1=O
14,14,1,[H]Oc1c(N([H])[H])oc(C([H])=O)c1[H]
17,17,1,[H]OC1([H])N2C([H])([H])C3([H])C1([H])C23C([H])([H])[H]
15,13,0,
13,12,0,[H]C1=NC2C(=NC([H])=C([H])N2[H])O1
19,19,1,[H]c1onc(C([H])([H])[H])c1C1(C([H])([H])[H])OC1([H])[H]
18,18,1,[H]C(=O)C1([H])C([H])([H])C2([H])C([H])(C([H])([H])[H])C12[H]
18,18,1,[H]C1([H])N2C3([H])C4([H])OC4([H])C([H])(C1([H])[H])C23[H]
14,14,1,[H]C(=O)c1c([H])nc(C([H])([H])[H])n1[H]
18,18,1,[H]C([H])([H])N=C1C([H])([H])OC2([H])OC1([H])C2([H])[H]
16,15,0,[H]C1=NC2([H])C(N=C([H])N([H])C2([H])[H])N1[H]
12,12,1,[H]c1nc([H])c(=O)oc(=O)c1[H]
13,13,1,[H]N=c1nc(C([H])([H])[H])oc(=O)o1
10,10,1,[H]c1nc(C(F)(F)F)no1
20,20,1,[H]c1nc(C([H])(C([H])([H])[H])C([H])([H])N([H])[H])c([H])n1[H]
17,17,1,[H]OC12C([H])([H])N3C1([H])C([H])([H])C32C([H])([H])[H]
23,23,1,[H]OC([H])([H])C12C([H])(C([H])([H])[H])C1([H])C2([H])C([H])([H])C([H])([H])[H]
17,17,1,[H]N1C(=O)C2([H])C([H])([H])C2([H])C1=NC([H])([H])[H]
19,18,0,
17,16,0,
20,20,1,[H]OC([H])([H])C1([H])C([H])(O[H])C2([H])N([H])C1([H])C2([H])[H]
19,19,1,[H]C1=C(C([H])([H])N([H])[H])C2([H])N3C1([H])C([H])([H])C32[H]
19,19,1,[H]OC([H])([H])C([H])([H])C([H])([H])OC(=O)OC([H])([H])[H]
15,15,1,[H]C(=O)C([H])([H])Oc1c([H])c([H])nn1[H]
19,18,0,[H]N1C2C3([H])C4([H])C2([H])C4([H])C3([H])C1([H])C([H])([H])[H]
18,18,1,[H]C(=O)N1C([H])([H])C([H])([H])C2([H])OC2([H])C1([H])[H]
17,17,1,[H]OC([H])([H])C(=O)C([H])([H])N([H])C([H])([H])C#N
21,21,1,[H]C1=NC([H])([H])C2(C([H])([H])[H])C([H])([H])N(C([H])([H])[H])C12[H]
15,11,0,
21,21,1,[H]OC([H])([H])C([H])([H])C1([H])C([H])(O[H])C1([H])OC([H])([H])[H]
21,21,1,[H]N=C([H])C([H])([H])C1([H])C([H])([H])C1(C([H])([H])[H])C([H])([H])[H]
20,20,1,[H]C1=C([H])C2([H])C([H])([H])N3C([H])(C1([H])[H])C32C([H])([H])[H]
15,15,1,[H]C1=NC2([H])C(=C1[H])C([H])([H])OC2([H])[H]
19,18,0,[H]C(=O)N(C([H])([H])[H])C1([H])C([H])([H])C1([H])C([H])([H])O
15,11,0,[H]C1=C([H])C(C(=O)C([H])([H])[H])NNC1[H]
22,22,1,[H]N([H])C1(C2([H])OC2([H])C([H])([H])C([H])([H])[H])C([H])([H])C1([H])[H]
17,17,1,[H]C(=O)C1([H])OC([H])(C([H])([H])[H])C2([H])OC12[H]
19,19,1,[H]C([H])([H])OC([H])([H])C1([H])OC2([H])C([H])([H])OC12[H]
15,15,1,[H]N=C1C([H])([H])C(=O)OC1([H])C([H])([H])[H]
17,15,0,
18,17,0,[H]C(=O)C1OC([H])(C([H])([H])[H])C([H])=C1C([H])([H])[H]
22,22,1,[H]N1C([H])([H])OC([H])([H])C([H])([H])C([H])([H])C1([H])OC([H])([H])[H]
17,17,1,[H]OC([H])([H])C12C([H])([H])OC1([H])C1([H])OC12[H]
23,23,1,[H]C1=C([H])C2(C([H])([H])[H])C([H])([H])C2(C([H])([H])[H])C1([H])C([H])([H])[H]
16,16,1,[H]Oc1nn([H])nc1C([H])(O[H])C([H])([H])[H]
16,16,1,[H]C#CC1([H])N2C([H])([H])C(=O)C2([H])C1([H])[H]
17,16,0,[H]OC([H])([H])C12N(C([H])([H])[H])NC1([H])C2([H])[H]
17,17,1,[H]OC1([H])N2C1([H])C(=O)N([H])C2([H])C([H])([H])[H]
19,19,1,[H]OC1([H])C2([H])OC1(C([H])([H])[H])C(C([H])([H])[H])=C2[H]
16,16,1,[H]N=C(C([H])=O)C1([H])OC([H])([H])C([H])([H])O1
19,19,1,[H]C#CC(N([H])[H])(N([H])C([H])=O)C([H])([H])C([H])([H])[H]
17,14,0,[H]OC12C([H])([H])NC(C1([H])[H])C2([H])C([H])([H])O
23,23,1,[H]OC([H])([H])C([H])(C([H])([H])[H])C12C([H])([H])C1(C([H])([H])[H])C2([H])[H]
21,21,1,[H]C1=C([H])C2([H])C([H])=C([H])C2([H])C([H])(C([H])([H])[H])C1([H])[H]
15,13,0,[H]C1C2=C(C(=O)C([H])([H])N2[H])N([H])C1[H]
15,15,1,[H]Oc1c([H])c(=O)c(N([H])[H])c([H])n1[H]
12,12,1,[H]N=c1oc(F)c([H])nc1O[H]
17,17,1,[H]OC([H])(C([H])([H])C([H])=O)C([H])([H])N([H])C#N
12,12,1,[H]C#Cc1nc(N([H])[H])nn1[H]
23,23,1,[H]OC([H])([H])C([H])([H])C1([H])C([H])([H])C([H])([H])OC1([H])C([H])([H])[H]
15,14,0,
11,11,1,[H]N=c1nnonc1N([H])[H]
18,18,1,[H]C([H])([H])C1([H])N2C3([H])C1([H])C(=O)C23C([H])([H])[H]
12,10,0,
19,19,1,[H]C1=C([H])C2([H])C([H])([H])C2([H])C(=O)C([H])([H])C1([H])[H]
14,14,1,[H]Oc1nn([H])c(=O)c([H])c1N([H])[H]
20,20,1,[H]C1([H])N2C3([H])C([H])([H])C4([H])C([H])([H])C([H])([H])C21C34[H]
20,20,1,[H]OC1([H])C([H])([H])N([H])C([H])([H])C2([H])OC12C([H])([H])[H]
23,23,1,[H]C#CC1([H])C([H])([H])C([H])([H])C([H])([H])C1([H])C([H])([H])C([H])([H])[H]
13,13,1,[H]c1noc(OC(=O)C([H])([H])[H])n1
21,21,1,[H]C#CC([H])([H])C1([H])C([H])([H])C1([H])C([H])([H])OC([H])([H])[H]
18,18,1,[H]c1c(N2N([H])C2([H])[H])c(C([H])([H])[H])c([H])n1[H]
23,23,1,[H]OC([H])([H])C([H])([H])C12C([H])([H])C([H])([H])C1([H])C([H])([H])C2([H])[H]
20,20,1,[H]C(=O)C1([H])N([H])C([H])([H])C([H])([H])OC([H])([H])C1([H])[H]
19,19,1,[H]OC1([H])C([H])=C([H])C2(C([H])([H])[H])OC1([H])C2([H])[H]
14,13,0,[H]N=C1C([H])=NC([H])([H])C(=O)C1O[H]
14,12,0,
19,19,1,[H]N(C([H])([H])[H])C([H])([H])C(=O)C1([H])C([H])([H])C1([H])[H]
19,19,1,[H]OC1([H])C([H])([H])C2([H])OC2(C([H])([H])[H])C1([H])O[H]
20,20,1,[H]OC1(C([H])(C([H])([H])[H])C([H])([H])[H])C([H])([H])C1([H])C#N
21,21,1,[H]N1C([H])([H])C1(C([H])([H])[H])C1([H])C([H])([H])N2C([H])([H])C21[H]
20,20,1,[H]C([H])([H])C1([H])C(=O)N(C2([H])C([H])([H])C2([H])[H])C1([H])[H]
19,19,1,[H]C(=O)C12C([H])([H])OC([H])([H])C1(C([H])([H])[H])C2([H])[H]
15,14,0,[H]C1([H])OC12C([H])([H])C1([H])C([H])(O)C12[H]
16,16,1,[H]c1nnc([H])c(C([H])([H])OC([H])([H])[H])n1
14,14,1,[H]C1([H])OC2([H])OC(=O)N3C1([H])C32[H]
15,15,1,[H]c1nc([H])n2c([H])c([H])c([H])c2c1[H]
20,20,1,[H]C([H])([H])OC1([H])C([H])([H])C2([H])N3C([H])(C2([H])[H])C31[H]
20,20,1,[H]C1=C([H])C2(N([H])C([H])([H])[H])C([H])([H])C3([H])C1([H])C23[H]
16,12,0,
13,13,1,[H]C1=C([H])C([H])([H])N([H])C(=O)N1[H]
14,14,1,[H]N([H])c1noc(N([H])C([H])([H])[H])n1
23,23,1,[H]C([H])([H])C(=O)C1([H])C([H])([H])C([H])([H])C1(C([H])([H])[H])C([H])([H])[H]
20,20,1,[H]C(=O)C1(C([H])([H])[H])C([H])([H])C([H])([H])N2C([H])([H])C21[H]
23,23,1,[H]OC1(C([H])([H])[H])C2([H])C([H])([H])C([H])(C([H])([H])C([H])([H])[H])C21[H]
17,15,0,[H]C1C2C(=NN1[H])C([H])([H])OC2([H])C([H])([H])[H]
17,17,1,[H]N1C(=O)C2([H])N(C([H])([H])[H])C3([H])C1([H])C23[H]
23,23,1,[H]C#CC([H])(C([H])([H])C([H])([H])[H])C([H])([H])C1([H])C([H])([H])C1([H])[H]
18,18,1,[H]C1=NC([H])(C([H])([H])C([H])([H])[H])C([H])([H])N1C#N
14,14,1,[H]OC([H])([H])C(C#N)(O[H])C([H])([H])[H]
19,18,0,
20,20,1,[H]N=C1C([H])([H])C([H])([H])C12C([H])([H])C1([H])C([H])([H])C12[H]
17,16,0,[H]C1([H])OC2([H])C([H])([H])N3C(OC32[H])C1([H])[H]
19,19,1,[H]OC([H])([H])C1([H])C2([H])N([H])C([H])([H])C1([H])C2([H])[H]
21,21,1,[H]OC([H])([H])C([H])([H])N1C([H])([H])C2(N([H])[H])C([H])([H])C12[H]
19,19,1,[H]C#CC1([H])N([H])C2([H])C([H])([H])C2([H])N1C([H])([H])[H]
20,20,1,[H]OC([H])([H])C12N(C1([H])[H])C([H])(OC([H])([H])[H])C2([H])[H]
13,11,0,
23,23,1,[H]OC1([H])C(C([H])([H])C([H])([H])[H])=C([H])C([H])([H])C1([H])C([H])([H])[H]
26,23,0,[H]C1C([H])([H])C([H])(C([H])([H])C([H])([H])C([H])([H])[H])OC1([H])C([H])([H])[H]
12,12,1,[H]C(=O)c1nc([H])oc1C([H])=O
17,17,1,[H]ON=C1C([H])([H])OC([H])([H])C12N([H])C2([H])[H]
14,14,1,[H]C#CC([H])(C#C[H])OC(=O)N([H])[H]
21,21,1,[H]C([H])([H])C1([H])C([H])([H])C2([H])C([H])([H])C3([H])OC1([H])C32[H]
15,15,1,[H]N([H])c1onc2c1OC([H])([H])C2([H])[H]
17,17,1,[H]N([H])C1(C#N)N([H])C([H])([H])N2C([H])([H])C21[H]
16,16,1,[H]N=C([H])OC([H])=C(C(=O)N([H])[H])N([H])[H]
20,20,1,[H]OC([H])([H])C1([H])C([H])(O[H])C12N([H])C2([H])C([H])([H])[H]
19,19,1,[H]C1=C([H])C2([H])OC([H])([H])C2([H])C([H])([H])OC1([H])[H]
13,12,0,[H]C#CC([H])(O)C(=O)N([H])C([H])=O
19,19,1,[H]C([H])([H])OC1(C([H])([H])[H])C2([H])C(=O)C1([H])C2([H])[H]
18,18,1,[H]C1=NC([H])([H])C1([H])OC(=O)C([H])([H])C([H])([H])[H]
18,18,1,[H]C([H])([H])N=C1OC([H])([H])OC([H])([H])OC1([H])[H]
16,16,1,[H]N1C2([H])C3([H])OC3([H])C3([H])OC([H])([H])C132
17,17,1,[H]C1=NC([H])(C([H])([H])[H])C2([H])N([H])C2([H])N1[H]
15,15,1,[H]c1c2c(nn1[H])N1C([H])([H])C1([H])N2[H]
21,21,1,[H]C1=C([H])C2([H])C3([H])C([H])([H])C([H])(C([H])([H])[H])C1([H])C23[H]
17,17,1,[H]N1C(=O)C([H])([H])C2([H])C1([H])C2([H])C([H])([H])[H]
17,17,1,[H]C([H])([H])C1([H])C(=O)C2(C1=O)C([H])([H])C2([H])[H]
20,20,1,[H]C1([H])OC2([H])N3C([H])([H])C([H])(C2([H])[H])C([H])([H])C31[H]
22,22,1,[H]N([H])C([H])(C(=O)OC([H])([H])[H])C([H])(C([H])([H])[H])C([H])([H])[H]
19,19,1,[H]N=C([H])C1(C([H])(C#N)C([H])([H])[H])C([H])([H])C1([H])[H]
19,19,1,[H]C#CC([H])([H])C([H])([H])C([H])([H])C([H])([H])OC([H])=O
17,17,1,[H]OC([H])([H])C(=O)C([H])([H])C([H])([H])OC([H])=O
19,19,1,[H]OC1([H])C2([H])OC([H])([H])C12C([H])([H])OC([H])([H])[H]
19,19,1,[H]OC([H])([H])C1(C([H])([H])N([H])C([H])([H])[H])OC1([H])[H]
16,16,1,[H]OC12C([H])([H])C3([H])C([H])([H])C1([H])C32O[H]
17,17,1,[H]C(=O)C([H])([H])C1([H])C(=O)C2([H])C([H])([H])C12[H]
16,16,1,[H]OC1(C([H])([H])C([H])=O)C(=O)N([H])C1([H])[H]
14,14,1,[H]Oc1nc([H])nc([H])c1C([H])([H])[H]
18,18,1,[H]C1=C(C2([H])N([H])C2([H])[H])C(=O)C([H])([H])C1([H])[H]
20,20,1,[H]OC1([H])C(=O)N([H])C1([H])C([H])(C([H])([H])[H])C([H])([H])[H]
16,14,0,
18,18,1,[H]C#CC([H])([H])C12C([H])([H])N(O[H])C1([H])C2([H])[H]
17,17,1,[H]N([H])C(=O)C12OC([H])([H])C1([H])C([H])([H])N2[H]
18,18,1,[H]N=C([H])OC1=C(C([H])([H])[H])C([H])([H])C([H])=C1[H]
18,18,1,[H]C1=NC([H])(C([H])([H])C([H])([H])[H])N([H])C(=O)N1[H]
14,14,1,[H]N([H])C(=O)C(=O)N1C([H])([H])C1([H])[H]
22,22,1,[H]C([H])([H])C([H])([H])C12N3C([H])(C([H])([H])C3([H])C1([H])[H])C2([H])[H]
15,15,1,[H]N=c1onc(O[H])c(C([H])([H])[H])c1[H]
17,17,1,[H]OC([H])([H])C1(C#N)N2C([H])([H])C2([H])C1([H])[H]
21,21,1,[H]C1=C([H])C2(C([H])([H])[H])C([H])([H])C([H])([H])OC2([H])C1([H])[H]
23,23,1,[H]OC([H])([H])C([H])([H])C([H])([H])C(O[H])(OC([H])([H])[H])C([H])([H])[H]
21,21,1,[H]C1=C2N(C([H])([H])C2([H])[H])C([H])(C([H])([H])[H])N([H])C1([H])[H]
19,19,1,[H]OC1([H])C2([H])C([H])([H])C([H])([H])C3([H])C([H])([H])OC132
20,20,1,[H]N1C([H])([H])C([H])([H])N(C([H])([H])[H])C1([H])C([H])([H])C#N
15,15,1,[H]OC1([H])C(=O)N=C([H])C([H])([H])C1([H])[H]
16,16,1,[H]C(=O)C([H])(C([H])([H])[H])C([H])([H])C(=O)C#N
18,18,1,[H]C([H])([H])C1=C2C(=NOC2([H])[H])C([H])([H])C1([H])[H]
18,18,1,[H]Oc1oc(C([H])([H])[H])nc1C([H])([H])C([H])([H])[H]
20,19,0,
19,19,1,[H]C([H])([H])C(=O)C1([H])N(C([H])([H])[H])C2([H])N1C2([H])[H]
18,18,1,[H]C(=O)C1([H])OC([H])([H])C2([H])N([H])C2([H])C1([H])[H]
14,14,1,[H]N([H])C(=O)C([H])([H])N([H])C(=O)C#N
23,23,1,[H]C1=C2C([H])([H])C([H])([H])C([H])([H])C2([H])C1(C([H])([H])[H])C([H])([H])[H]
21,21,1,[H]OC([H])([H])C1([H])C2([H])OC([H])(C([H])([H])[H])C([H])([H])C21[H]
19,19,1,[H]c1nc([H])c(N([H])C([H])(C([H])([H])[H])C([H])([H])[H])o1
17,17,1,[H]C(=O)N=C([H])C([H])([H])OC([H])=NC([H])([H])[H]
19,19,1,[H]OC([H])([H])C1([H])N([H])C12C([H])([H])C([H])([H])C2([H])[H]
17,17,1,[H]N=C1C2([H])OC1([H])C2([H])C([H])=NC([H])([H])[H]
13,11,0,[H]C1=NC(=O)C(N([H])[H])=C([H])NN1
17,17,1,[H]C(=O)N1C2([H])C([H])([H])C([H])([H])C12C([H])([H])[H]
20,20,1,[H]OC([H])([H])C([H])([H])C1([H])N([H])C1([H])C1([H])OC1([H])[H]
16,16,1,[H]OC([H])([H])C12C3([H])OC1([H])C1([H])N3C12[H]
16,16,1,[H]C#CC12OC(=N[H])C1([H])C([H])([H])C2([H])[H]
18,18,1,[H]c1oc(C2(C([H])([H])[H])N([H])C2([H])[H])c([H])c1[H]
19,19,1,[H]C1=C([H])C2([H])C([H])([H])C1([H])C([H])([H])C1([H])OC12[H]
20,19,0,
16,12,0,
20,20,1,[H]N1C([H])([H])C1([H])C1([H])OC([H])([H])OC1([H])C([H])([H])[H]
17,17,1,[H]C(=O)C1([H])OC([H])([H])C([H])([H])C([H])([H])C1=O
15,15,1,[H]N([H])C12C(=O)C1(C([H])([H])[H])OC2([H])[H]
25,25,1,[H]N(C([H])([H])[H])C1(C([H])([H])[H])N([H])C1([H])C([H])([H])C([H])([H])C([H])([H])[H]
18,18,1,[H]OC([H])([H])C1([H])C(=NC([H])([H])[H])C1([H])C([H])=O
17,17,1,[H]C#CC1(N([H])[H])OC([H])(C([H])([H])[H])C1([H])[H]
18,18,1,[H]N=C1OC2(C([H])([H])O[H])C([H])([H])C12C([H])([H])[H]
20,20,1,[H]C#CC1(C([H])([H])[H])N([H])C([H])([H])C([H])=C([H])C1([H])[H]
17,17,1,[H]OC1([H])C2([H])OC1([H])C21C([H])([H])OC1([H])[H]
19,19,1,[H]C(=O)C1([H])C2([H])C([H])([H])OC([H])([H])C([H])([H])C12[H]
19,19,1,[H]N1C([H])([H])C2([H])C3([H])N4C([H])(C3([H])[H])C([H])([H])C142
18,18,1,[H]OC12N(C([H])([H])[H])C(=O)C([H])(C1([H])[H])C2([H])[H]
13,9,0,
17,17,1,[H]C1=NC([H])([H])C([H])=C(C2([H])OC2([H])[H])N1[H]
17,17,1,[H]N1C(=O)C([H])([H])C12N([H])C1([H])C([H])([H])C12[H]
17,17,1,[H]N1C([H])([H])C(=O)C([H])([H])C2([H])C([H])([H])C12[H]
16,12,0,[H]C(=O)C1C(C([H])([H])[H])NNN1C([H])([H])[H]
18,18,1,[H]N=C1OC([H])([H])C([H])([H])C2(O[H])C([H])([H])C12[H]
19,19,1,[H]C(=O)C([H])([H])OC(C([H])=O)(C([H])([H])[H])C([H])([H])[H]
19,19,1,[H]N1C2([H])C(=NC([H])([H])[H])OC([H])([H])C([H])([H])C12[H]
16,16,1,[H]C(=O)N([H])N(C(=O)C([H])([H])[H])C([H])([H])[H]
17,17,1,[H]C(=O)C1([H])N2C([H])([H])C([H])([H])C2([H])C1([H])[H]
19,19,1,[H]C1([H])OC([H])([H])C2([H])OC([H])(OC1([H])[H])C2([H])[H]
13,13,1,[H]N1C(=O)C(=O)C2([H])C([H])([H])C12[H]
16,16,1,[H]C1([H])OC(C#N)(C([H])([H])C([H])([H])[H])C1=O
12,12,1,[H]N1C([H])([H])N([H])C1(C#N)C#N
18,18,1,[H]OC1([H])C2([H])N([H])C3([H])C([H])([H])OC13C2([H])[H]
16,16,1,[H]OC([H])([H])C([H])(C([H])([H])[H])C([H])([H])O[H]
18,18,1,[H]N1C2([H])C3([H])OC4([H])C([H])([H])C2([H])C4([H])C13[H]
19,19,1,[H]C([H])([H])C12C3([H])C4([H])C5([H])C4([H])C1([H])C2([H])C53[H]
21,21,1,[H]C(=O)N([H])C1([H])C([H])([H])N(C([H])([H])[H])C1([H])C([H])([H])[H]
24,24,1,[H]OC([H])(C([H])([H])OC([H])([H])[H])C([H])(C([H])([H])[H])C([H])([H])N([H])[H]
18,18,1,[H]c1nc(C([H])([H])C2([H])C([H])([H])C2([H])[H])c([H])o1
17,15,0,
13,13,1,[H]OC1(C#N)C([H])([H])C1([H])C([H])=O
20,20,1,[H]OC([H])([H])C1([H])OC1([H])C([H])(C([H])([H])[H])C([H])([H])[H]
21,21,1,[H]N=C(C([H])([H])C([H])=O)C([H])([H])N(C([H])([H])[H])C([H])([H])[H]
18,18,1,[H]N=C1C(=O)C([H])(C([H])([H])O[H])C1([H])C([H])([H])[H]
16,16,1,[H]C1=C2C3([H])N4C2([H])C4([H])C3([H])OC1([H])[H]
20,19,0,[H]C([H])([H])C([H])([H])C12OC1([H])C(O)(C([H])([H])[H])C2([H])[H]
17,17,1,[H]c1c([H])c2n(c1[H])C(C([H])([H])[H])=NC2([H])[H]
16,15,0,
17,17,1,[H]N1C(=O)OC([H])([H])N2C([H])([H])C2([H])C1([H])[H]
20,20,1,[H]OC([H])([H])C([H])(OC([H])([H])C([H])([H])[H])C(=O)N([H])[H]
15,13,0,
18,18,1,[H]OC1([H])C([H])([H])C(O[H])(N([H])C([H])=O)C1([H])[H]
17,17,1,[H]C1([H])C(=O)N2C([H])([H])C2([H])C2([H])N1C2([H])[H]
19,19,1,[H]OC([H])([H])N([H])C1([H])C([H])([H])C1(C#N)C([H])([H])[H]
19,19,1,[H]N=C1N2C([H])([H])C([H])([H])C2(C([H])([H])O[H])C1([H])[H]
13,13,1,[H]C(=O)N(C([H])=O)C([H])([H])C([H])=O
17,17,1,[H]C1=NC2([H])C3([H])C(C([H])([H])[H])=NC1([H])C23[H]
11,11,1,[H]C#CC([H])(C#C[H])C#C[H]
21,21,1,[H]C1=C([H])C2([H])C([H])([H])C2(OC([H])([H])[H])C([H])([H])C1([H])[H]
17,17,1,[H]C(=O)C1([H])OC([H])([H])C2(C([H])([H])[H])OC12[H]
18,18,1,[H]OC1([H])C([H])([H])C(=O)C([H])(C([H])([H])[H])C1([H])[H]
11,11,1,[H]C#CC(=N[H])C(=O)N([H])[H]
19,19,1,[H]C1=NC([H])([H])C([H])(C([H])([H])OC([H])([H])[H])C1([H])[H]
15,15,1,[H]N([H])C([H])(C#N)C1([H])N([H])C1([H])C#N
17,15,0,[H]C1=C2C3([H])C([H])OC3([H])C2([H])C([H])([H])C1[H]
14,12,0,[H]OC1OC(C([H])([H])[H])=NC1C([H])=O
15,15,1,[H]N([H])c1nc(F)c(N([H])C([H])([H])[H])o1
21,21,1,[H]N([H])C1([H])N(C([H])([H])[H])C([H])(C([H])([H])[H])C2([H])OC12[H]
17,17,1,[H]C#CC([H])([H])N([H])C#CC1([H])N([H])C1([H])[H]
14,14,1,[H]OC1(C#N)C([H])([H])C1([H])OC([H])=O
19,19,1,[H]c1c(OC([H])([H])[H])c(N([H])[H])n(C([H])([H])[H])c1[H]
15,15,1,[H]N1C(=O)C(=O)C2([H])N([H])C2([H])C1([H])[H]
21,21,1,[H]OC1([H])C([H])([H])N=C([H])N(C([H])([H])[H])C([H])([H])C1([H])[H]
20,19,0,
18,18,1,[H]C(=O)C1([H])N([H])C2([H])C([H])([H])OC([H])([H])C12[H]
19,19,1,[H]OC([H])([H])C([H])(c1nn([H])c([H])c1[H])C([H])([H])[H]
14,14,1,[H]C#CC1([H])C([H])([H])N2C([H])([H])C21[H]
25,25,1,[H]N([H])C([H])(C([H])([H])C([H])([H])[H])C([H])([H])C1([H])N([H])C1([H])C([H])([H])[H]
14,12,0,[H]C1=C([H])C([H])([H])C2=NC([H])C([H])N21
21,21,1,[H]OC([H])([H])C([H])(O[H])C([H])(OC([H])([H])[H])C([H])([H])O[H]
18,18,1,[H]N=C([H])C1(C(=O)C([H])([H])[H])C([H])=C([H])C1([H])[H]
14,14,1,[H]OC([H])(C#N)C([H])([H])N([H])C([H])=O
17,17,1,[H]OC1([H])C(C#N)(O[H])C1([H])N([H])C([H])([H])[H]
17,17,1,[H]C([H])=C1N2C([H])([H])C2([H])C2([H])C([H])([H])C12[H]
13,12,0,[H]C([H])([H])OC1([H])C([H])([H])C1([H])O
21,20,0,[H]N([H])C1C([H])([H])C([H])([H])C1(N([H])[H])C([H])([H])C([H])([H])[H]
21,20,0,[H]N1C([H])(C([H])([H])[H])C([H])(C([H])([H])O)C2([H])C([H])([H])C12[H]
17,16,0,[H]C1=NC([H])([H])C2C([H])([H])OC2([H])C([H])([H])O1
19,18,0,
20,20,1,[H]C([H])([H])C1([H])C(=O)C([H])(N2C([H])([H])C2([H])[H])C1([H])[H]
19,19,1,[H]OC12N3C([H])([H])C1([H])C(N([H])[H])(C([H])([H])[H])C32[H]
19,19,1,[H]C1=NC2([H])C([H])([H])C2(N(C([H])([H])[H])C([H])([H])[H])O1
14,14,1,[H]C1(C#N)OC2([H])C([H])([H])C2([H])C1=O
18,18,1,[H]OC([H])([H])C1(C([H])([H])C#N)OC([H])([H])C1([H])[H]
16,16,1,[H]C1=C([H])C2([H])C3([H])C(=O)C1([H])C2([H])N3[H]
22,21,0,[H]C(=O)C([H])(O)C([H])(C([H])([H])[H])C([H])(C([H])([H])[H])C([H])([H])[H]
18,18,1,[H]OC1([H])C([H])=C([H])C2([H])C([H])([H])C([H])([H])C12[H]
20,20,1,[H]OC([H])([H])C1(C([H])([H])O[H])N(C([H])([H])[H])OC1([H])[H]
20,20,1,[H]C1=C([H])C2(N([H])C2([H])[H])C([H])([H])N([H])C([H])([H])N1[H]
15,15,1,[H]C#CC1(OC([H])([H])[H])C(=O)OC1([H])[H]
21,21,1,[H]C([H])([H])C1([H])OC1([H])C([H])([H])C1([H])C([H])([H])OC1([H])[H]
16,16,1,[H]c1nn([H])c(=O)c(N([H])[H])c1C([H])([H])[H]
20,20,1,[H]OC12C3([H])N([H])C1([H])C([H])([H])C2([H])C([H])([H])C3([H])[H]
14,14,1,[H]N([H])c1nnc(F)c(C([H])([H])[H])n1
19,19,1,[H]N1N=NC(C([H])([H])[H])(C([H])([H])[H])C1=NC([H])([H])[H]
16,16,1,[H]OC1([H])C(=O)C2([H])N3C1([H])C3([H])C2([H])[H]
21,21,1,[H]N(N(C([H])([H])[H])C1([H])N([H])C1([H])[H])C([H])([H])C([H])([H])[H]
16,16,1,[H]C#CC([H])(OC([H])([H])[H])C([H])(C#N)O[H]
21,21,1,[H]C([H])([H])C12C([H])([H])C([H])([H])C34C([H])(C([H])([H])C13[H])C24[H]
21,19,0,[H]N([H])C12C(C([H])([H])[H])C([H])([H])C(=O)C1C([H])([H])C2([H])[H]
16,16,1,[H]C(=NC1([H])C([H])([H])C1([H])[H])C(=O)N([H])[H]
16,16,1,[H]OC12N(C1([H])C([H])=O)C1([H])C([H])([H])C12[H]
15,15,1,[H]N1C(=O)OC2([H])C1=NC([H])([H])C2([H])[H]
18,18,1,[H]N=C([H])N(N=C([H])C(=O)C([H])([H])[H])C([H])([H])[H]
18,17,0,[H]c1nc(C([H])([H])C([H])(O)C([H])([H])[H])c([H])n1[H]
16,14,0,[H]C#CC([H])([H])N1NNC(C([H])([H])[H])=C1[H]
20,19,0,
18,18,1,[H]C([H])([H])C(=O)C12N3C([H])([H])C([H])(C1([H])[H])C32[H]
21,21,1,[H]C([H])([H])C1([H])C([H])([H])C12C([H])([H])C1([H])OC2([H])C1([H])[H]
16,16,1,[H]C1([H])OC2=NC(=O)C([H])([H])C2([H])C1([H])[H]
15,15,1,[H]c1nc2c([H])c(C([H])([H])[H])n([H])c2o1
12,12,1,[H]C(=O)N1C(=O)OC([H])([H])C1=O
11,11,1,[H]N=C1OC(=O)OC([H])([H])O1
18,18,1,[H]C([H])([H])N1C([H])([H])C2([H])OC3([H])C([H])(O2)C13[H]
16,16,1,[H]C#CC(C#CC([H])([H])O[H])=NC([H])([H])[H]
18,18,1,[H]N1C2([H])C([H])([H])C3([H])C2([H])C2([H])OC([H])([H])C123
16,15,0,[H]OC1([H])C2([H])C(=O)C([H])([H])C1([H])C2([H])O
19,19,1,[H]OC([H])([H])C1(O[H])C(N([H])[H])=NC([H])([H])C1([H])[H]
20,20,1,[H]N1C(=O)C([H])([H])C(C([H])([H])[H])(C([H])([H])[H])OC1([H])[H]
20,20,1,[H]N=C1OC([H])([H])C(N([H])[H])(C([H])([H])[H])C([H])([H])N1[H]
20,20,1,[H]OC12C([H])([H])C([H])(N3C([H])([H])C3([H])[H])C1([H])C2([H])[H]
20,20,1,[H]OC([H])([H])C(C([H])([H])[H])(C([H])([H])[H])C([H])([H])C([H])=O
18,16,0,
16,12,0,
25,25,1,[H]C([H])([H])C([H])([H])C12C([H])([H])C([H])(C([H])([H])[H])C1(C([H])([H])[H])C2([H])[H]
19,19,1,[H]OC12C([H])([H])C([H])=C([H])C([H])([H])OC1([H])C2([H])[H]
17,17,1,[H]ON=C1C(=O)C([H])([H])N(C([H])([H])[H])C1([H])[H]
14,12,0,[H]N=C([H])C1C(=O)C([H])(O)C1([H])O[H]
16,15,0,
18,18,1,[H]C([H])([H])N=C1OC(=O)C([H])(C([H])([H])[H])C1([H])[H]
22,22,1,[H]N([H])C1([H])OC2(C([H])([H])C([H])([H])C1([H])[H])C([H])([H])C2([H])[H]
21,21,1,[H]C([H])([H])C1=C2C([H])([H])C([H])([H])C2([H])OC1([H])C([H])([H])[H]
22,22,1,[H]OC1([H])N(C([H])([H])[H])C1([H])C(O[H])(C([H])([H])[H])C([H])([H])[H]
17,17,1,[H]C#CC1([H])C([H])([H])C1(OC([H])([H])[H])C([H])=O
16,15,0,[H]C1OC2([H])C(=O)OC([H])([H])C2([H])C1([H])[H]
23,23,1,[H]N1C([H])([H])C([H])([H])C([H])([H])C([H])([H])C12N([H])C2([H])C([H])([H])[H]
19,19,1,[H]C([H])([H])C(=O)C([H])([H])N1C([H])([H])C1([H])C([H])([H])[H]
21,21,1,[H]C#CC([H])(O[H])C([H])(C([H])([H])[H])C([H])([H])OC([H])([H])[H]
17,17,1,[H]OC1([H])C(=O)C([H])([H])C2([H])OC12C([H])([H])[H]
18,18,1,[H]C1=C([H])C2(C([H])([H])C([H])([H])[H])OC1([H])C2([H])[H]
19,19,1,[H]C1([H])OC2(C1([H])[H])C1([H])C([H])([H])C3([H])C1([H])C32[H]
14,14,1,[H]N=C([H])Oc1noc(N([H])[H])c1[H]
14,11,0,
17,17,1,[H]C([H])([H])C([H])([H])C1([H])OC([H])([H])C([H])([H])O1
18,18,1,[H]N1C2([H])C([H])([H])OC(=O)C([H])([H])C([H])([H])C12[H]
19,18,0,[H]OC1(C([H])([H])[H])C([H])(N([H])[H])C1([H])N([H])[H]
17,17,1,[H]C#CC([H])([H])C1=C([H])C(=O)C([H])([H])C1([H])[H]
21,21,1,[H]C1=C([H])C2(OC([H])([H])C([H])([H])[H])C([H])([H])C2([H])C1([H])[H]
18,18,1,[H]C1=C([H])C([H])([H])OC([H])(C([H])([H])[H])C(=O)N1[H]
18,18,1,[H]OC([H])([H])C1(O[H])C([H])([H])C([H])([H])C1([H])O[H]
20,20,1,[H]OC1([H])C([H])([H])C2([H])N([H])C([H])([H])C([H])([H])C12O[H]
14,14,1,[H]C(=O)N([H])c1nnn([H])c1N([H])[H]
18,18,1,[H]OC([H])([H])N1C([H])([H])C1(C([H])([H])[H])C([H])([H])[H]
21,21,1,[H]C(=NN1C([H])([H])C1([H])C([H])([H])[H])OC([H])([H])C([H])([H])[H]
18,18,1,[H]C([H])([H])C12N3C([H])([H])C4([H])N(N4C31[H])C2([H])[H]
12,12,1,[H]C#Cc1c([H])nc(=O)oc1[H]
19,19,1,[H]C1([H])C(=O)C2([H])C([H])([H])C3(C([H])([H])C3([H])[H])C12[H]
13,13,1,[H]C(=O)C1(C#N)N([H])C(=O)C1([H])[H]
18,18,1,[H]N([H])N([H])C([H])([H])c1oc(=O)oc1C([H])([H])[H]
24,24,1,[H]N1C([H])([H])C([H])([H])C2([H])C([H])([H])C([H])([H])C2(C([H])([H])[H])C1([H])[H]
16,15,0,[H]C1=NC23C(N1[H])C([H])([H])OC2([H])C3([H])[H]
18,18,1,[H]C([H])([H])C12N3C([H])(C(=O)C31[H])C([H])([H])C2([H])[H]
21,21,1,[H]C1=C([H])C([H])([H])C2(C([H])([H])[H])N([H])C1([H])N2C([H])([H])[H]
20,20,1,[H]C1=C([H])C2(C([H])([H])C2([H])[H])C2([H])N(C([H])([H])[H])C12[H]
18,18,1,[H]c1nonc1N([H])C([H])(C([H])([H])[H])C([H])([H])[H]
14,12,0,[H]C#CC1N=C(C([H])([H])[H])C([H])=NN1
16,16,1,[H]N=C1C([H])([H])C(=O)C12C([H])([H])C2([H])O[H]
18,18,1,[H]C1=C([H])C(=O)N([H])C([H])(C([H])([H])[H])C([H])([H])O1
15,15,1,[H]C#CC1(C#C[H])C([H])([H])C1([H])C([H])=O
17,17,1,[H]C([H])([H])C(=O)C1([H])C(=O)OC([H])([H])C1([H])[H]
19,17,0,
17,17,1,[H]OC1(C#N)C(C([H])([H])[H])=C([H])C([H])([H])N1[H]
17,17,1,[H]OC12C(C([H])([H])[H])=NC1([H])C1([H])N([H])C21[H]
20,20,1,[H]OC([H])([H])C([H])([H])C(=O)C([H])([H])C([H])=NC([H])([H])[H]
20,20,1,[H]C1([H])N2C1([H])C([H])([H])C13C([H])([H])C([H])([H])C1([H])C23[H]
17,17,1,[H]OC1([H])C2(OC([H])([H])[H])OC3([H])C1([H])C32[H]
23,23,1,[H]C([H])([H])C1([H])OC([H])([H])C([H])([H])C([H])(C([H])([H])[H])C([H])([H])O1
15,15,1,[H]C1([H])C(=O)C2([H])OC3([H])N1C([H])([H])N23
17,17,1,[H]C([H])([H])C#CC12C(=O)C1([H])C([H])([H])C2([H])[H]
15,13,0,[H]C#CC1N=C([H])C(N([H])[H])C([H])=C1[H]
18,18,1,[H]OC12N([H])C1([H])C1(C([H])([H])[H])OC1([H])C2([H])[H]
16,16,1,[H]C#CC1(O[H])C([H])(C#N)C1([H])C([H])([H])[H]
16,16,1,[H]OC([H])([H])C([H])([H])OC(=O)C([H])([H])C#N
16,16,1,[H]N1C([H])([H])C2([H])OC(=O)C3([H])C1([H])C23[H]
17,17,1,[H]C([H])([H])C1([H])C2([H])OC3([H])C([H])(C2=O)C31[H]
20,20,1,[H]N(C#N)C([H])(C([H])([H])[H])C1([H])N(C([H])([H])[H])C1([H])[H]
21,21,1,[H]OC([H])([H])C1([H])C([H])([H])C2([H])OC2([H])C1([H])C([H])([H])[H]
16,16,1,[H]C(=O)C([H])([H])N=C1C([H])([H])C2([H])OC12[H]
16,16,1,[H]OC([H])([H])C12OC(=O)C([H])([H])N1C2([H])[H]
19,19,1,[H]OC1([H])C(C([H])([H])[H])=C([H])C2([H])OC2([H])C1([H])[H]
18,18,1,[H]OC12N(C1([H])[H])C([H])([H])C1([H])C([H])([H])OC21[H]
18,16,0,[H]N1N=C(N(C([H])([H])[H])C([H])([H])C([H])([H])[H])NN1
22,22,1,[H]C1=NC(C([H])([H])[H])=C([H])C([H])(C([H])([H])[H])C([H])([H])C1([H])[H]
17,17,1,[H]OC1([H])OC([H])(C#CC([H])([H])[H])C([H])=C1[H]
17,17,1,[H]OC1([H])C2([H])OC([H])([H])OC([H])([H])C12O[H]
17,17,1,[H]C([H])([H])OC12OC([H])([H])OC1([H])OC2([H])[H]
19,19,1,[H]C(=O)C12C([H])([H])C([H])([H])C1([H])C1([H])C([H])([H])C12[H]
14,14,1,[H]OC([H])([H])C1=C([H])C([H])=NC1([H])[H]
22,22,1,[H]C#CC(O[H])(C([H])([H])[H])C([H])(N([H])C([H])([H])[H])C([H])([H])[H]
16,16,1,[H]C(=O)C1([H])C2([H])C([H])([H])C([H])([H])C12C#N
14,14,1,[H]c1c2c(c(=O)n([H])c1[H])C([H])([H])O2
19,19,1,[H]C([H])([H])OC1([H])C(=O)C([H])([H])C([H])([H])OC1([H])[H]
21,21,1,[H]C([H])([H])C([H])([H])C1([H])C([H])([H])C23OC([H])([H])C2([H])C13[H]
17,16,0,[H]N1C2N=C(C([H])([H])[H])C1([H])C([H])([H])C2([H])[H]
15,15,1,[H]OC1([H])C([H])([H])N=C2N([H])C(=O)C21[H]
20,20,1,[H]C1([H])C(=O)C(C([H])([H])[H])(C([H])([H])[H])C2([H])N1C2([H])[H]
19,19,1,[H]C1([H])OC([H])([H])C1=NC([H])(C([H])([H])[H])C([H])([H])[H]
19,19,1,[H]N1C([H])([H])C2(N([H])C2([H])C([H])([H])[H])C2([H])OC12[H]
22,22,1,[H]OC([H])(C([H])([H])[H])C1([H])C([H])=C([H])N([H])C([H])([H])C1([H])[H]
17,17,1,[H]ON=C(C1=NC([H])([H])C([H])([H])O1)C([H])([H])[H]
24,24,1,[H]OC1([H])C([H])([H])N([H])C([H])(C([H])(C([H])([H])[H])C([H])([H])[H])C1([H])[H]
15,15,1,[H]OC1([H])C([H])=C([H])C2([H])C(=O)OC12[H]
22,22,1,[H]OC1([H])C2([H])N(C([H])([H])C([H])([H])[H])C([H])([H])C([H])([H])C12[H]
17,17,1,[H]C1=NC([H])([H])OC1([H])C([H])(C#N)C([H])([H])[H]
14,14,1,[H]C(=O)C([H])([H])C1([H])OC([H])([H])C1=O
18,18,1,[H]N1C2([H])C3([H])C(=O)C([H])(C3([H])[H])C12C([H])([H])[H]
15,14,0,[H]OC12C3([H])C([H])=C([H])C1(O)C2([H])N3[H]
17,17,1,[H]C(=O)c1oc(C([H])([H])[H])c(C([H])([H])[H])c1[H]
20,20,1,[H]N1C2([H])C3([H])C([H])([H])OC2(C([H])([H])[H])C13C([H])([H])[H]
19,19,1,[H]C1=C([H])C2([H])N(C([H])([H])[H])C([H])([H])C2([H])C1([H])[H]
18,18,1,[H]N=C1OC([H])([H])C([H])(C([H])(O[H])C([H])([H])[H])O1
18,18,1,[H]N=C(C([H])=O)C([H])([H])C1([H])OC1([H])C([H])([H])[H]
16,15,0,[H]C1=C([H])C2([H])OC(C1=O)C([H])([H])C2([H])[H]
16,16,1,[H]C([H])([H])OC([H])([H])C1([H])C([H])([H])C1([H])[H]
15,15,1,[H]c1nc(C(=O)N([H])[H])n([H])c1N([H])[H]
16,16,1,[H]OC12C(=O)OC1([H])C([H])(N([H])[H])C2([H])[H]
13,11,0,
23,23,1,[H]OC([H])([H])N([H])C1(C([H])([H])[H])C([H])(N([H])[H])C1([H])C([H])([H])[H]
15,15,1,[H]C1=NC(N([H])[H])=C([H])C(=O)OC1([H])[H]
13,12,0,[H]C1([H])OC(=O)C2([H])OC([H])([H])C12
15,15,1,[H]C([H])([H])N=C1OC([H])([H])OC1([H])C#N
18,18,1,[H]C1=C([H])C2(OC([H])([H])[H])C3([H])N1C([H])([H])C23[H]
17,17,1,[H]N=C1N=C(N([H])[H])N([H])C([H])(C([H])([H])[H])O1
17,17,1,[H]OC1([H])C([H])(OC([H])=O)C1(O[H])C([H])([H])[H]
18,18,1,[H]C(C(=O)OC([H])([H])[H])=C([H])C1([H])N([H])C1([H])[H]
17,16,0,
20,20,1,[H]N1C([H])([H])C1(C(=O)C1([H])C([H])([H])C1([H])[H])C([H])([H])[H]
18,12,0,[H]CNC(C#N)C([H])([H])C(C([H])[H])C([H])([H])[H]
21,21,1,[H]C([H])([H])OC1([H])C([H])([H])C2([H])OC([H])([H])C([H])([H])C12[H]
21,21,1,[H]OC12C([H])=C([H])C([H])(C1([H])[H])C([H])([H])C2([H])C([H])([H])[H]
15,15,1,[H]N([H])C(=O)C([H])([H])OC(=O)C([H])([H])[H]
22,22,1,[H]N(C(=O)C([H])([H])[H])C1([H])C([H])([H])C1([H])C([H])([H])C([H])([H])[H]
15,15,1,[H]OC([H])([H])C1(O[H])C([H])=NC1([H])C#N
15,15,1,[H]C1=C([H])C([H])([H])c2c([H])nc([H])nc21
22,22,1,[H]C([H])([H])C1([H])OC([H])([H])C([H])([H])N2C([H])([H])C21C([H])([H])[H]
21,21,1,[H]N([H])C([H])([H])C1=NC2(C1([H])[H])C([H])([H])C2([H])C([H])([H])[H]
15,15,1,[H]C1([H])N(C(F)(F)F)C2([H])C([H])([H])C12[H]
22,22,1,[H]N(C([H])([H])C([H])([H])[H])C12C([H])([H])C3([H])C([H])([H])C1([H])C32[H]
18,18,1,[H]C#CC([H])(C([H])([H])[H])C([H])(O[H])C(=O)N([H])[H]
16,16,1,[H]N=C1OC2([H])C([H])(O1)C2(O[H])C([H])([H])[H]
18,18,1,[H]OC([H])([H])C1([H])C([H])=C2C3([H])N([H])C3([H])C21[H]
18,17,0,[H]N1NC2=C(C1([H])[H])C([H])(C([H])([H])[H])OC2([H])[H]
18,16,0,
18,18,1,[H]C([H])([H])C([H])([H])C1([H])C([H])([H])C2(C#N)OC21[H]
18,18,1,[H]C(=O)C(=O)N([H])C([H])([H])C1([H])C([H])([H])C1([H])[H]
21,21,1,[H]C1=C([H])C2([H])N([H])C([H])([H])N(C([H])([H])[H])C2([H])C1([H])[H]
18,18,1,[H]N1C([H])([H])C1([H])C12C([H])([H])OC3([H])C1([H])C32[H]
14,14,1,[H]c1nc(=O)c(OC([H])([H])[H])c([H])o1
19,19,1,[H]C(=O)OC1(C([H])([H])[H])C2([H])C([H])([H])C1([H])C2([H])[H]
18,18,1,[H]OC([H])([H])C1([H])C2([H])OC3([H])C([H])([H])N2C31[H]
25,25,1,[H]OC1([H])C([H])(C([H])([H])[H])C([H])([H])C1([H])C([H])([H])C([H])([H])C([H])([H])[H]
21,21,1,[H]N([H])C1([H])C2([H])N3C([H])([H])C3([H])C([H])(C([H])([H])[H])C12[H]
23,23,1,[H]C([H])([H])C([H])([H])C([H])([H])C(=O)OC([H])(C([H])([H])[H])C([H])([H])[H]
16,16,1,[H]C1=C2C([H])([H])C3([H])OC([H])([H])C1([H])C23[H]
17,17,1,[H]C1=C(C([H])([H])[H])C(=O)C([H])([H])N1C([H])([H])[H]
16,16,1,[H]C#CC1([H])N([H])C2([H])C([H])(C([H])=O)C12[H]
17,17,1,[H]OC([H])([H])C([H])(c1noc([H])c1[H])N([H])[H]
13,13,1,[H]N(C([H])([H])[H])C1([H])N([H])C1([H])[H]
14,14,1,[H]C#CC([H])([H])c1c([H])oc([H])c1[H]
13,11,0,[H]Nc1nnc([H])n1C([H])=C=O
19,19,1,[H]C1=C2C([H])([H])OC([H])([H])C([H])(C([H])([H])O1)C2([H])[H]
19,19,1,[H]N1C2([H])N([H])C([H])(C2([H])[H])C2([H])OC([H])([H])C12[H]
16,16,1,[H]C1=NC2([H])C([H])([H])OC2([H])C2([H])OC12[H]
23,22,0,
22,22,1,[H]N1C([H])([H])C12C([H])([H])C2([H])OC([H])(C([H])([H])[H])C([H])([H])[H]
19,19,1,[H]N=C1OC2([H])C([H])([H])C([H])([H])C([H])([H])C2([H])N1[H]
21,21,1,[H]OC([H])([H])C1([H])C([H])([H])C(=O)C([H])([H])C([H])([H])C1([H])[H]
16,16,1,[H]OC([H])([H])C1([H])OC(=O)N([H])C([H])=C1[H]
21,21,1,[H]C(=NC([H])([H])C([H])([H])C([H])([H])[H])C1([H])C([H])([H])C1([H])[H]
13,13,1,[H]C(=O)OC1([H])C(=O)C(=O)C1([H])[H]
18,17,0,[H]OC1([H])C2([H])C([H])([H])C1(O[H])C2([H])C([H])([H])O
17,17,1,[H]C1=NC2([H])C(=C([H])O1)N([H])C([H])([H])C2([H])[H]
16,16,1,[H]N=C1N(C([H])=O)C2([H])N(C1([H])[H])C2([H])[H]
18,18,1,[H]OC([H])([H])C12N3C([H])([H])C3([H])C1([H])C2([H])O[H]
15,12,0,
20,20,1,[H]C([H])([H])C([H])([H])C([H])([H])OC1([H])OC([H])([H])C1([H])[H]
19,19,1,[H]OC([H])([H])C([H])(OC([H])([H])[H])N([H])C(=O)N([H])[H]
15,15,1,[H]N=C1OC2(N=C([H])OC2([H])[H])C1([H])[H]
21,21,1,[H]C#CC1([H])OC1([H])C([H])(C([H])([H])[H])C([H])([H])C([H])([H])[H]
20,20,1,[H]N1C2([H])C1([H])C1(C([H])([H])[H])OC1([H])C2([H])C([H])([H])[H]
18,18,1,[H]C#CC1(OC([H])([H])C([H])([H])[H])C([H])=NC1([H])[H]
20,20,1,[H]OC1([H])C([H])([H])C2([H])C([H])(C([H])([H])[H])C12C([H])([H])[H]
21,21,1,[H]OC1([H])C([H])=C(C([H])([H])[H])C([H])([H])OC([H])([H])C1([H])[H]
21,21,1,[H]N=C(N(C([H])([H])[H])C([H])([H])C([H])=O)C([H])([H])C([H])([H])[H]
18,18,1,[H]OC([H])([H])C([H])(O[H])C1(C([H])([H])[H])OC1([H])[H]
25,25,1,[H]N([H])C([H])(C([H])([H])C([H])([H])[H])C1([H])N(C([H])([H])[H])C([H])([H])C1([H])[H]
21,20,0,[H]C1N([H])C2([H])C3([H])C([H])([H])C2(C1([H])[H])C3([H])C([H])([H])[H]
21,21,1,[H]N1C([H])([H])C([H])([H])C([H])(OC([H])([H])[H])C1([H])C([H])([H])[H]
16,16,1,[H]c1c(N([H])[H])n(C([H])([H])[H])c([H])nc1=O
17,17,1,[H]C#CC1=C([H])C([H])=C([H])C([H])(O[H])C1([H])[H]
15,15,1,[H]N=C1OC([H])([H])OC(=N[H])C([H])=C1[H]
25,24,0,[H]OC(C(N([H])C([H])([H])C([H])([H])[H])C([H])([H])[H])(C([H])([H])[H])C([H])([H])[H]
16,16,1,[H]N1C2([H])C3([H])N([H])C2(C([H])([H])[H])C13C#N
16,16,1,[H]C(=O)c1nc([H])c(C([H])([H])N([H])[H])n1[H]
14,14,1,[H]C(=O)N([H])c1nonc1C([H])([H])[H]
17,17,1,[H]C1([H])C(=O)C2([H])C3([H])OC2([H])C1([H])C3([H])[H]
18,18,1,[H]C1([H])C2=NC(=O)C([H])([H])C2([H])C([H])([H])C1([H])[H]
20,20,1,[H]OC([H])([H])C#CC([H])(N([H])[H])C1([H])C([H])([H])C1([H])[H]
15,15,1,[H]C1=C([H])C23OC([H])([H])C24C1([H])OC34[H]
17,17,1,[H]C#CC12C([H])([H])C3([H])OC1(C([H])([H])[H])C32[H]
18,18,1,[H]OC1([H])OC1(C([H])([H])[H])C([H])([H])C([H])([H])C#N
21,21,1,[H]C1=C([H])C2([H])C3([H])C([H])([H])C3([H])C2(C([H])([H])[H])C1([H])[H]
14,14,1,[H]C#CC1(O[H])OC([H])([H])OC1([H])[H]
19,19,1,[H]OC1([H])C([H])([H])OC1([H])C1([H])OC1([H])C([H])([H])[H]
18,18,1,[H]C1=C(C([H])([H])[H])C2(N([H])C2([H])[H])C([H])([H])C1=O
19,19,1,[H]OC1([H])C([H])([H])C([H])=C([H])C([H])([H])C2([H])OC12[H]
20,20,1,[H]N1C([H])([H])C23C1([H])OC([H])([H])C([H])([H])C2([H])C3([H])[H]
13,13,1,[H]N=C1OC2([H])C([H])([H])N([H])C12[H]
21,21,1,[H]ON=C(C([H])([H])[H])C([H])(C([H])([H])[H])C([H])([H])C([H])([H])[H]
16,15,0,
21,21,1,[H]C#CC1([H])C([H])([H])C([H])(O[H])C([H])(C([H])([H])[H])C1([H])[H]
16,16,1,[H]OC1([H])C([H])([H])C2([H])C([H])(C#N)C12O[H]
13,11,0,
22,22,1,[H]OC1([H])C([H])([H])C1([H])C1(C([H])([H])[H])N([H])C1([H])C([H])([H])[H]
22,22,1,[H]N([H])C([H])([H])OC([H])(C(=O)C([H])([H])C([H])([H])[H])C([H])([H])[H]
16,16,1,[H]OC([H])(C(=O)C([H])=O)C([H])([H])C([H])([H])[H]
16,13,0,[H]N([H])C1C(=O)N([H])C(N([H])[H])C1N([H])[H]
14,14,1,[H]Oc1nc(O[H])n([H])c1C([H])([H])[H]
16,16,1,[H]C#CC([H])([H])C([H])(O[H])C([H])(C#N)O[H]
23,23,1,[H]N1C([H])([H])C([H])([H])N2C1(C([H])([H])[H])C2(C([H])([H])[H])C([H])([H])[H]
18,18,1,[H]C1=C2N([H])C([H])([H])OC2([H])C([H])([H])OC1([H])[H]
18,18,1,[H]OC(C([H])([H])[H])(C([H])([H])[H])C([H])(C#N)N([H])[H]
11,11,1,[H]c1c(N([H])[H])noc1C#N
17,17,1,[H]N1C([H])([H])C([H])(C([H])([H])[H])C1([H])C(=O)C#N
19,17,0,
17,15,0,
14,14,1,[H]N=C(C(=O)C#N)C([H])([H])C([H])([H])[H]
19,19,1,[H]C1=NC([H])([H])C([H])(N2C([H])([H])C2([H])C([H])([H])[H])O1
16,14,0,
19,19,1,[H]N(c1nc(C([H])([H])[H])nn1[H])C([H])([H])C([H])([H])[H]
21,21,1,[H]N1N2C([H])([H])C([H])(C([H])([H])[H])OC([H])(C([H])([H])[H])C12[H]
13,13,1,[H]C(=O)Oc1noc(N([H])[H])c1[H]
22,22,1,[H]C([H])([H])C1([H])N2C([H])([H])C2(C2([H])C([H])([H])C2([H])[H])C1([H])[H]
15,14,0,[H]C1=NC2=C([H])C([H])([H])OC2=C([H])C1[H]
18,18,1,[H]OC12N3C4([H])C([H])([H])C([H])(C34[H])C1([H])C2([H])[H]
23,23,1,[H]N1C([H])([H])N2C([H])([H])C2(C([H])([H])C([H])([H])C([H])([H])[H])C1([H])[H]
18,17,0,[H]C#CC1([H])C([H])([H])C2(C([H])([H])[H])C([H])(O)C12[H]
16,16,1,[H]N=C1c2c(c([H])c([H])n2[H])N([H])C1([H])[H]
21,21,1,[H]N([H])C([H])([H])C1([H])OC([H])(C2([H])N([H])C2([H])[H])C1([H])[H]
17,17,1,[H]N=c1c(C([H])([H])[H])c(C([H])([H])[H])nnn1[H]
20,18,0,[H]C1C([H])([H])C2([H])NC2([H])C12C([H])([H])C2([H])C([H])([H])[H]
17,16,0,[H]C#CC1(C([H])([H])[H])C([H])([H])C(O[H])C1([H])[H]
16,16,1,[H]Oc1c([H])oc([H])c1N1C([H])([H])C1([H])[H]
18,18,1,[H]C1=NC([H])([H])C2=C([H])C([H])(O1)C2([H])C([H])([H])[H]
17,17,1,[H]C#CC1([H])OC2([H])C([H])([H])C([H])=C([H])C12[H]
14,14,1,[H]C1([H])N2C3([H])C4([H])C(=O)OC13C24[H]
15,14,0,[H]C([H])OC12C3([H])C4([H])C3([H])C1([H])C42[H]
17,17,1,[H]C([H])([H])C1(C([H])([H])[H])C([H])([H])OC1([H])C#N
12,12,1,[H]Oc1nc([H])n(C([H])=O)c1[H]
21,21,1,[H]OC([H])([H])C12OC([H])(C1([H])[H])C2(C([H])([H])[H])C([H])([H])[H]
20,20,1,[H]OC([H])(C([H])([H])[H])C1(N([H])C([H])=O)C([H])([H])C1([H])[H]
21,21,1,[H]OC1(C([H])([H])[H])C([H])([H])C12OC([H])([H])C2([H])C([H])([H])[H]
18,18,1,[H]C#CC([H])(C([H])([H])C#N)C([H])([H])OC([H])([H])[H]
18,18,1,[H]C1=C2C([H])([H])OC([H])([H])C23N([H])C3([H])C1([H])[H]
14,14,1,[H]C1=NC(=O)N([H])C([H])(C#N)C1([H])[H]
15,15,1,[H]OC([H])([H])N([H])c1c([H])nn([H])c1[H]
13,13,1,[H]C1=NC([H])(C#N)OC(=O)C1([H])[H]
18,18,1,[H]OC12C([H])([H])C([H])([H])C34N([H])C([H])(C13[H])C24[H]
15,15,1,[H]c1nc(C([H])([H])C([H])([H])C#N)oc1[H]
18,18,1,[H]OC([H])([H])N([H])C(=O)C(=O)C([H])([H])C([H])([H])[H]
17,17,1,[H]OC([H])([H])C([H])(C#N)OC([H])=NC([H])([H])[H]
21,21,1,[H]N1C([H])([H])C([H])([H])OC2([H])C1([H])N([H])C2([H])C([H])([H])[H]
18,18,1,[H]OC1([H])C([H])(C#N)C2([H])C([H])([H])C1([H])C2([H])[H]
17,17,1,[H]C(=O)N([H])C12C([H])([H])C3([H])C1([H])N([H])C32[H]
19,19,1,[H]C#CC([H])(OC([H])([H])C1([H])OC1([H])[H])C([H])([H])[H]
15,15,1,[H]N1c2c(noc2C([H])([H])[H])OC1([H])[H]
15,15,1,[H]C(=O)n1c([H])c(C([H])([H])[H])n([H])c1=O
19,19,1,[H]N1C([H])([H])C1([H])C1(C(=O)C([H])([H])[H])N([H])C1([H])[H]
17,17,1,[H]C(=O)c1c(C([H])([H])C([H])([H])[H])nc([H])n1[H]
19,19,1,[H]C1=C([H])C2([H])C(=O)C([H])(C1([H])[H])C([H])([H])C2([H])[H]
23,23,1,[H]OC1([H])C([H])([H])C([H])(O[H])C([H])([H])C([H])(C([H])([H])[H])C1([H])[H]
18,18,1,[H]OC12C([H])([H])C3(O[H])C1([H])N(C([H])([H])[H])C23[H]
14,14,1,[H]C1=NC([H])([H])C([H])([H])OC(=O)N1[H]
18,18,1,[H]C#CC1(O[H])C([H])([H])ON([H])C1([H])C([H])([H])[H]
25,25,1,[H]C(=NC([H])([H])C([H])(C([H])([H])[H])C([H])([H])[H])C([H])([H])C(=O)C([H])([H])[H]
15,15,1,[H]C(=O)C([H])([H])N([H])c1nc([H])c([H])o1
17,17,1,[H]ON=C(C([H])([H])[H])C1([H])OC([H])([H])C1([H])[H]
20,20,1,[H]C1=NC2(C([H])([H])C([H])=C([H])C1([H])[H])C([H])([H])C2([H])[H]
17,17,1,[H]C1([H])OC([H])([H])C2=C(C1=O)C([H])([H])C2([H])[H]
19,19,1,[H]C([H])([H])C1([H])C2(C([H])([H])[H])OC(=O)C12C([H])([H])[H]
16,16,1,[H]C(=O)Oc1c([H])c([H])c(C([H])([H])[H])n1[H]
19,19,1,[H]OC1(C([H])([H])C([H])([H])[H])C2([H])OC3([H])C2([H])C31[H]
19,19,1,[H]C([H])([H])C([H])([H])C1([H])C2([H])N3C([H])([H])C2([H])C31[H]
19,18,0,[H]OC1([H])C([H])([H])N([H])C([H])([H])C2(O)C([H])([H])C12[H]
21,21,1,[H]C(=O)C1([H])C([H])([H])C([H])([H])C1([H])C1([H])C([H])([H])C1([H])[H]
16,16,1,[H]C1([H])OC2([H])N(C(=O)OC2([H])[H])C1([H])[H]
23,23,1,[H]N1C(=NC([H])([H])[H])C([H])([H])C(C([H])([H])[H])(C([H])([H])[H])C1([H])[H]
20,20,1,[H]C#CC([H])(C([H])([H])N([H])C([H])=O)C([H])([H])C([H])([H])[H]
21,21,1,[H]C1=NC2(C([H])([H])C2([H])[H])C([H])(C([H])([H])[H])N([H])C1([H])[H]
19,19,1,[H]C1=C([H])C([H])([H])C([H])(OC([H])([H])[H])C(=O)C1([H])[H]
20,20,1,[H]OC1([H])C([H])(C([H])([H])[H])N=C2C([H])([H])C21C([H])([H])[H]
18,18,1,[H]OC([H])(C#N)C([H])([H])C1(C([H])([H])[H])OC1([H])[H]
17,17,1,[H]N1C(=O)C(N2OC2([H])[H])(C([H])([H])[H])C1([H])[H]
16,16,1,[H]C1=NC([H])([H])c2c([H])oc(C([H])([H])[H])c21
17,17,1,[H]C#CC([H])(C#N)C([H])([H])N1C([H])([H])C1([H])[H]
20,19,0,[H]OC1(C([H])([H])[H])C([H])C2([H])OC2([H])C1([H])C([H])([H])[H]
14,14,1,[H]C1([H])C2([H])C3([H])OC(=O)C3([H])C12[H]
23,22,0,[H]OC1([H])C([H])N([H])C([H])([H])C(C([H])([H])[H])(C([H])([H])[H])C1([H])[H]
20,20,1,[H]N=C1C([H])([H])C2(C([H])([H])OC([H])([H])C2([H])[H])C1([H])[H]
17,17,1,[H]C([H])([H])C12C([H])([H])C([H])([H])C1([H])C2([H])C#N
18,18,1,[H]C([H])([H])OC1([H])C(=O)N2C([H])([H])C([H])([H])C21[H]
17,16,0,[H]N=C([H])N([H])C([H])([H])OC([H])([H])C([H])O[H]
16,16,1,[H]N=C([H])Oc1c([H])nn(C([H])([H])[H])c1[H]
22,22,1,[H]OC1([H])C([H])([H])C([H])([H])C12N(C([H])([H])[H])C2([H])C([H])([H])[H]
19,19,1,[H]C1([H])OC2([H])C3([H])C([H])([H])C4([H])C1([H])C4([H])C23[H]
25,25,1,[H]OC([H])(C([H])([H])C([H])([H])[H])C([H])(C([H])([H])[H])C([H])([H])OC([H])([H])[H]
15,15,1,[H]OC1(C([H])=O)C(=O)OC([H])([H])C1([H])[H]
19,18,0,[H]C([H])([H])C([H])([H])C([H])(O)C1(C#N)C([H])([H])C1([H])[H]
17,17,1,[H]C1([H])OC2([H])C([H])([H])C2([H])C([H])([H])OC1=O
18,18,1,[H]C1([H])OC2([H])C([H])([H])C3([H])C4([H])N1C23C4([H])[H]
17,16,0,
21,21,1,[H]C([H])([H])OC1([H])C2([H])C([H])([H])C3([H])C([H])(C2([H])[H])C13[H]
19,19,1,[H]OC1([H])C2([H])C3([H])C([H])([H])C1(C([H])([H])[H])C32O[H]
18,18,1,[H]OC1([H])C2([H])C3([H])N=C(C([H])([H])[H])C3([H])C12[H]
19,19,1,[H]N([H])C1(C#N)C([H])(C([H])([H])[H])OC1([H])C([H])([H])[H]
20,20,1,[H]N(C(=O)C(=O)C([H])([H])C([H])([H])[H])C([H])([H])C([H])([H])[H]
17,16,0,[H]C([H])([H])C1([H])C([H])(O)C2([H])OC1([H])C2([H])[H]
20,19,0,[H]C([H])([H])C1([H])OC2([H])C(O)(C([H])([H])[H])C12C([H])([H])[H]
17,17,1,[H]OC([H])([H])C1=C([H])C([H])([H])C(C([H])=O)=C1[H]
18,18,1,[H]N1C([H])([H])C12C(=O)OC([H])([H])C([H])([H])C2([H])[H]
16,15,0,[H]C#CC1(O)C([H])(O[H])C1([H])OC([H])([H])[H]
19,19,1,[H]N1C(=O)C([H])([H])C1([H])C1(C([H])([H])[H])N([H])C1([H])[H]
20,20,1,[H]N1C([H])(OC([H])([H])[H])C([H])([H])OC2([H])C([H])([H])C12[H]
16,16,1,[H]N=C1OC(=O)C2(C([H])([H])[H])C([H])([H])C12[H]
21,21,1,[H]C1=C([H])C([H])(C([H])([H])[H])C([H])(C(=O)C([H])([H])[H])C1([H])[H]
23,23,1,[H]N1C([H])([H])C(=NC([H])([H])[H])C([H])([H])C1(C([H])([H])[H])C([H])([H])[H]
15,15,1,[H]C([H])([H])C1([H])C2([H])OC3([H])C2([H])C31[H]
14,13,0,
15,15,1,[H]N=C([H])OC1([H])OC([H])([H])C1([H])O[H]
18,17,0,[H]C1C2([H])N([H])C2([H])C2([H])C([H])([H])C1([H])C2([H])[H]
14,14,1,[H]N=C1OC2(C#N)N([H])C([H])([H])C12[H]
19,19,1,[H]N1C(=O)C([H])([H])C([H])(C([H])([H])[H])C1=NC([H])([H])[H]
14,14,1,[H]C([H])([H])C([H])([H])C([H])([H])C(=O)C#N
15,15,1,[H]C#Cc1c([H])oc([H])c1OC([H])([H])[H]
23,23,1,[H]OC([H])([H])C1([H])C([H])(C([H])([H])[H])C([H])([H])C2([H])C([H])([H])C21[H]
21,21,1,[H]N([H])C(C([H])([H])[H])(C([H])([H])[H])C([H])([H])C1([H])OC1([H])[H]
18,18,1,[H]N([H])C(=O)C1=NC([H])([H])C([H])([H])N([H])C1([H])[H]
15,11,0,
18,18,1,[H]c1c2c(nn1[H])C([H])([H])C([H])(C([H])([H])[H])N2[H]
19,19,1,[H]C#CC([H])([H])C([H])(C#C[H])C1([H])C([H])([H])C1([H])[H]
19,19,1,[H]OC1([H])C([H])([H])C12C([H])=C([H])C([H])([H])OC2([H])[H]
23,23,1,[H]OC([H])([H])C([H])(C([H])=O)C([H])(C([H])([H])[H])C([H])([H])C([H])([H])[H]
17,17,1,[H]C#CC(=O)C([H])([H])C([H])(C([H])=O)C([H])([H])[H]
21,21,1,[H]OC([H])([H])C([H])(C([H])([H])OC([H])([H])[H])C([H])([H])C([H])=O
19,19,1,[H]C1([H])OC2([H])OC([H])(O1)C([H])(C([H])([H])[H])C2([H])[H]
16,16,1,[H]N=C1N([H])C(=O)C1(N([H])[H])C([H])([H])O[H]
19,19,1,[H]N1C(=NC([H])([H])[H])C2([H])C([H])([H])OC12C([H])([H])[H]
17,17,1,[H]N=C(N([H])C([H])=O)C([H])([H])C(=O)C([H])([H])[H]
15,15,1,[H]C(=O)C#CC1([H])N([H])C12N([H])C2([H])[H]
18,18,1,[H]OC([H])([H])C([H])([H])N([H])c1c([H])oc([H])c1[H]
14,14,1,[H]C1([H])OC(=O)C([H])([H])C([H])([H])C1=O
17,17,1,[H]OC([H])([H])C12C(=O)C3([H])C([H])([H])C1([H])C32[H]
16,16,1,[H]C1([H])C2([H])OC3(C#N)C([H])([H])C3([H])C12[H]
12,12,1,[H]OC(C#N)(C#N)N([H])C([H])=O
18,18,1,[H]N1C(=O)OC([H])(C([H])([H])[H])C([H])([H])OC1([H])[H]
13,13,1,[H]N1C([H])([H])C2([H])OC(=O)C12C#N
23,23,1,[H]C1=C([H])C2([H])C([H])([H])C([H])([H])C([H])(C([H])([H])[H])C2([H])C1([H])[H]
19,19,1,[H]OC([H])(C([H])=O)C([H])([H])C([H])([H])C#CC([H])([H])[H]
11,11,1,[H]N=C1OC([H])([H])C([H])=C1[H]
16,16,1,[H]C1=NC(C([H])([H])[H])=NC([H])=C2N1C2([H])[H]
15,15,1,[H]C1=C([H])C2(OC1=O)C([H])([H])OC2([H])[H]
16,16,1,[H]N1C2(C#N)N(C([H])([H])[H])C3([H])C1([H])C23[H]
23,23,1,[H]OC1([H])C([H])([H])C2(C([H])([H])C([H])([H])C2([H])[H])C1([H])C([H])([H])[H]
15,10,0,
18,17,0,
17,17,1,[H]c1c([H])n(C([H])([H])[H])c(N([H])[H])c([H])c1=O
19,19,1,[H]ON=C1C([H])([H])C2(C([H])([H])[H])N([H])C1([H])C2([H])[H]
19,19,1,[H]C(=O)C([H])([H])C([H])([H])C1([H])OC2([H])C([H])([H])C12[H]
21,21,1,[H]OC([H])([H])C1([H])OC2([H])C([H])([H])C([H])([H])C12C([H])([H])[H]
16,16,1,[H]C1([H])OC2([H])N1C1([H])C3([H])C([H])([H])OC213
20,20,1,[H]C1=C([H])C([H])([H])C2(C([H])([H])C([H])([H])[H])OC2([H])N1[H]
20,20,1,[H]C([H])([H])c1nc(C([H])([H])[H])c(C([H])([H])C([H])([H])[H])o1
12,12,1,[H]c1noc([H])c1C([H])([H])C#N
20,20,1,[H]C([H])([H])N1C([H])([H])C2([H])C3([H])C([H])([H])OC([H])([H])C132
16,16,1,[H]OC([H])([H])C1(C#N)C2([H])C3([H])C2([H])C31[H]
18,17,0,[H]C#CC([H])(O[H])C(O[H])(C([H])O[H])C([H])([H])[H]
16,16,1,[H]Oc1c([H])c2n(c1[H])C([H])([H])C([H])=C2[H]
18,18,1,[H]C(=O)C1([H])N([H])C1([H])C1([H])OC([H])([H])C1([H])[H]
17,17,1,[H]C(=O)OC(C#N)(N([H])C([H])([H])[H])C([H])([H])[H]
19,19,1,[H]N1N=C2OC([H])([H])C([H])([H])C2([H])C([H])([H])C1([H])[H]
17,17,1,[H]C1=NC2([H])C3([H])N([H])C2(C([H])([H])O1)C3([H])[H]
19,19,1,[H]N1C([H])([H])C(=O)C(=NC([H])([H])[H])C1([H])C([H])([H])[H]
17,17,1,[H]C1([H])OC([H])(C([H])([H])[H])C2(C#N)N1C2([H])[H]
20,20,1,[H]OC1([H])C2([H])C([H])([H])C([H])(C([H])([H])[H])C1([H])C2([H])[H]
15,15,1,[H]c1nc(OC([H])([H])[H])c(N([H])[H])n1[H]
19,19,1,[H]OC1([H])C([H])(C([H])([H])[H])N2C([H])([H])N3C2([H])C31[H]
16,16,1,[H]OC([H])([H])N=C(C#CC([H])([H])[H])N([H])[H]
21,21,1,[H]OC1([H])C([H])([H])C([H])(O[H])C2(C([H])([H])[H])C([H])([H])C12[H]
16,16,1,[H]ON=C1C([H])([H])C2([H])OC2([H])C1([H])O[H]
17,17,1,[H]C#CC(=O)N(C([H])=NC([H])([H])[H])C([H])([H])[H]
14,14,1,[H]C12OC3([H])C([H])(C1=O)C1([H])N2C31[H]
16,15,0,
18,18,1,[H]N([H])C([H])([H])C12OC([H])(C([H])([H])C1=O)C2([H])[H]
17,17,1,[H]OC([H])([H])C([H])(OC([H])=O)N([H])C([H])([H])[H]
14,14,1,[H]c1nc(=O)n([H])c(C([H])([H])[H])c1[H]
18,18,1,[H]C#CC([H])(C#CC([H])([H])[H])C([H])([H])C([H])([H])[H]
23,23,1,[H]C([H])([H])C1([H])C([H])([H])C1(C([H])([H])[H])C1(C([H])([H])[H])OC1([H])[H]
17,17,1,[H]N=C1OC2([H])C([H])([H])C([H])([H])C2([H])C1([H])[H]
16,16,1,[H]ON=C1C([H])([H])C([H])(C([H])([H])[H])C1([H])[H]
19,19,1,[H]C([H])([H])C1([H])C(=O)C([H])([H])C([H])([H])C2([H])OC21[H]
18,18,1,[H]C1=NC2(C([H])([H])O1)C([H])([H])OC2([H])C([H])([H])[H]
19,19,1,[H]N1C(=O)C([H])(C2([H])N([H])C2([H])C([H])([H])[H])C1([H])[H]
20,20,1,[H]OC1(C([H])([H])[H])N([H])C([H])([H])C(=O)C([H])([H])C1([H])[H]
23,23,1,[H]OC([H])(C([H])([H])[H])C([H])(O[H])C([H])([H])C1([H])C([H])([H])C1([H])[H]
16,16,1,[H]N1C(=O)C2([H])C([H])([H])N([H])C2([H])C1([H])[H]
21,21,1,[H]C([H])([H])C1([H])C(=O)C2([H])C([H])([H])C([H])([H])C2([H])C1([H])[H]
23,23,1,[H]OC1([H])C([H])([H])C([H])([H])C([H])([H])C([H])([H])C12C([H])([H])C2([H])[H]
11,11,1,[H]c1nc(=O)onc1N([H])[H]
18,18,1,[H]C1=C(N([H])[H])OC([H])([H])C2(C([H])([H])[H])OC12[H]
14,13,0,
18,18,1,[H]OC1([H])C2([H])N([H])C2([H])C2([H])OC12C([H])([H])[H]
15,15,1,[H]N([H])c1onnc1N1C([H])([H])C1([H])[H]
12,12,1,[H]c1oc(=O)c([H])nc1N([H])[H]
20,20,1,[H]C([H])([H])C1([H])C([H])([H])C2(C#N)C([H])([H])C([H])([H])C12[H]
15,15,1,[H]ON=c1c([H])c([H])nc([H])c([H])c1[H]
20,20,1,[H]C1([H])OC([H])([H])C2([H])C([H])([H])C3([H])C([H])([H])N1C23[H]
21,21,1,[H]C1=NC2([H])N([H])C([H])([H])C2([H])C([H])(C([H])([H])[H])C1([H])[H]
17,17,1,[H]Oc1c(C([H])([H])[H])nnc(C([H])([H])[H])c1[H]
21,21,1,[H]OC([H])([H])C([H])(C([H])([H])[H])C([H])(O[H])C1([H])OC1([H])[H]
23,23,1,[H]N1C([H])([H])C([H])([H])C([H])(C([H])([H])[H])C12N(C([H])([H])[H])C2([H])[H]
16,16,1,[H]OC([H])([H])C([H])([H])OC([H])([H])C(=O)C#N
19,19,1,[H]OC12C3([H])OC1(C([H])([H])[H])C2(C([H])([H])[H])C3([H])[H]
15,14,0,[H]OC1([H])C([H])([H])N([H])C([H])([H])C1([H])O
17,17,1,[H]N1C2([H])C(=O)C3(N([H])C3([H])[H])C1([H])C2([H])[H]
20,20,1,[H]C1([H])C([H])([H])C23N4C([H])(C([H])([H])C2([H])[H])C43C1([H])[H]
20,20,1,[H]N(C([H])([H])[H])C1(C([H])([H])OC([H])([H])[H])N([H])C1([H])[H]
15,15,1,[H]C1([H])OC2([H])C([H])([H])C2(C([H])([H])[H])O1
20,20,1,[H]C([H])([H])C([H])([H])C1([H])OC([H])([H])C12C([H])([H])C2([H])[H]
21,21,1,[H]C([H])([H])C1([H])OC1([H])C1(C([H])([H])[H])OC1([H])C([H])([H])[H]
20,20,1,[H]OC([H])([H])C#CC([H])([H])C([H])([H])C([H])([H])C([H])([H])[H]
16,16,1,[H]C1([H])C([H])([H])C([H])(OC(=O)C#N)C1([H])[H]
15,13,0,
22,22,1,[H]OC([H])([H])C([H])([H])N=C([H])C([H])([H])C([H])([H])C([H])([H])O[H]
22,22,1,[H]N=C(OC([H])([H])C([H])([H])C([H])([H])O[H])C([H])([H])C([H])([H])[H]
16,16,1,[H]C1([H])OC([H])([H])C([H])(C(=O)C#N)C1([H])[H]
19,19,1,[H]C1=C(C([H])([H])[H])N([H])C(=NC([H])([H])[H])OC1([H])[H]
15,15,1,[H]C12OC1([H])C1([H])C([H])([H])C1([H])OC2=O
21,21,1,[H]N1C([H])([H])C([H])(OC([H])([H])[H])C2([H])N([H])C2([H])C1([H])[H]
20,20,1,[H]OC([H])([H])C([H])([H])C12N3C([H])(C1([H])[H])C32C([H])([H])[H]
19,19,1,[H]OC([H])([H])C12N=C([H])N([H])C1([H])C2([H])C([H])([H])[H]
17,17,1,[H]C1=C([H])C(C([H])([H])[H])(C([H])([H])[H])C(=O)N1[H]
11,11,1,[H]C(=O)OC([H])(C#N)C([H])=O
14,14,1,[H]Oc1nc(C([H])([H])[H])oc1C([H])=O
20,20,1,[H]C1([H])N2C([H])([H])C3(C([H])([H])C4([H])C([H])([H])C43[H])C21[H]
20,20,1,[H]OC1([H])C([H])([H])OC12C([H])(N([H])[H])C2([H])C([H])([H])[H]
21,20,0,[H]C([H])([H])C([H])(O)C([H])([H])C1(C([H])([H])[H])C([H])([H])C1([H])[H]
22,22,1,[H]N1C2([H])C([H])([H])C1(C([H])([H])[H])C([H])([H])C2([H])OC([H])([H])[H]
17,17,1,[H]C1=C([H])C2(OC(=O)C1([H])[H])C([H])([H])C2([H])[H]
16,15,0,
23,23,1,[H]C1([H])N(C([H])([H])C([H])([H])[H])C([H])(C([H])([H])[H])C2([H])N1C2([H])[H]
20,20,1,[H]C([H])([H])C1([H])C([H])([H])C([H])([H])C2([H])OC21C([H])([H])[H]
20,20,1,[H]OC1([H])C([H])([H])C([H])([H])C1([H])N(C([H])=O)C([H])([H])[H]
17,17,1,[H]OC12N([H])C1([H])C(C#N)(C([H])([H])[H])C2([H])[H]
18,18,1,[H]C1=NC2([H])C([H])([H])OC([H])([H])C2([H])C([H])([H])O1
20,19,0,[H]N(NC(=O)C([H])([H])[H])C([H])([H])C([H])([H])OC([H])([H])[H]
17,17,1,[H]OC([H])([H])C12OC3([H])C([H])([H])OC1([H])C32[H]
20,20,1,[H]N1C(=O)C([H])([H])C(C([H])([H])[H])=C1C([H])([H])C([H])([H])[H]
22,22,1,[H]N([H])C(=O)C1(C([H])([H])[H])C([H])([H])C([H])([H])C([H])([H])C1([H])[H]
12,12,1,[H]C(=O)C12N3OC3([H])C1([H])N2[H]
15,13,0,
21,21,1,[H]OC1([H])C([H])([H])C([H])([H])C23C([H])([H])C2(C([H])([H])[H])C13[H]
19,19,1,[H]OC1([H])C2([H])C3([H])C1([H])C1(C([H])([H])[H])C2([H])C31[H]
20,19,0,[H]N([H])C1=NC([H])([H])C([H])([H])C([H])([H])C([H])([H])C1([H])O
15,15,1,[H]C#CC1([H])N2C(=O)C1([H])N([H])C2([H])[H]
17,17,1,[H]N=C1OC([H])([H])C([H])(C([H])([H])C([H])=O)N1[H]
22,22,1,[H]C([H])([H])C1([H])C([H])([H])C([H])([H])C2(C([H])([H])[H])N3C([H])([H])C312
15,15,1,[H]C1([H])C2([H])OC1([H])C1([H])C(=O)OC21[H]
23,23,1,[H]C1=C(C([H])([H])[H])C([H])(C([H])([H])C([H])([H])[H])OC([H])([H])C1([H])[H]
13,13,1,[H]C1=C(C#N)C(=O)C2([H])N([H])C12[H]
23,23,1,[H]N1C(=NC([H])([H])[H])C([H])([H])C(C([H])([H])[H])(C([H])([H])[H])C1([H])[H]
16,16,1,[H]OC([H])([H])C12C([H])(C#N)OC1([H])C2([H])[H]
18,18,1,[H]N1C(=O)OC([H])([H])C1(OC([H])([H])[H])C([H])([H])[H]
19,19,1,[H]OC12C([H])([H])C([H])([H])C1([H])C([H])([H])C2([H])C([H])=O
20,20,1,[H]OC1([H])C([H])([H])C1([H])N([H])C([H])([H])C([H])([H])C([H])=O
18,18,1,[H]OC1([H])C([H])([H])C(C#N)=C([H])C1([H])C([H])([H])[H]
20,20,1,[H]C([H])([H])C1=NC([H])([H])C2(O1)C([H])([H])C([H])([H])C2([H])[H]
16,16,1,[H]C1([H])C(=O)C2([H])C([H])([H])C([H])(C#N)C12[H]
18,18,1,[H]C([H])([H])C1([H])OC2(C#N)C([H])([H])C1([H])C2([H])[H]
18,18,1,[H]N=C1OC([H])([H])C2([H])C1=C([H])C([H])([H])C2([H])[H]
20,20,1,[H]N=C1C([H])([H])C1([H])C([H])(OC([H])([H])[H])C([H])([H])O[H]
20,20,1,[H]C1=C([H])C([H])([H])C([H])(N([H])C2([H])OC2([H])[H])C1([H])[H]
15,15,1,[H]OC1([H])C2(O[H])C(=O)C3([H])C1([H])C32[H]
19,19,1,[H]OC([H])([H])C1(C([H])([H])C([H])([H])[H])N([H])C1([H])C#N
18,18,1,[H]C(=O)N([H])C([H])(OC([H])([H])[H])C(=O)C([H])([H])[H]
20,20,1,[H]OC([H])([H])C([H])(C([H])([H])[H])C([H])([H])OC(=O)N([H])[H]
20,20,1,[H]OC(=O)N(C([H])([H])[H])C1([H])C([H])([H])C([H])([H])C1([H])[H]
20,20,1,[H]OC1([H])C([H])([H])C1([H])OC1([H])N([H])C([H])([H])C1([H])[H]
21,20,0,[H]C([H])([H])C12C(N3C([H])([H])C3([H])[H])C([H])([H])C1([H])C2([H])[H]
14,13,0,[H]C1=NC(C#N)=NC([H])([H])C1N([H])[H]
21,21,1,[H]C1([H])OC([H])(C([H])([H])[H])C2([H])C([H])(O1)C2([H])C([H])([H])[H]
23,23,1,[H]C([H])([H])OC([H])([H])C1([H])C([H])([H])C([H])([H])OC([H])([H])C1([H])[H]
18,18,1,[H]OC12C(=O)C([H])([H])C1([H])N(C([H])([H])[H])C2([H])[H]
17,17,1,[H]C#CC1([H])C([H])([H])C2([H])C([H])([H])C12C#C[H]
20,20,1,[H]C([H])([H])OC12C([H])([H])C3([H])N(C3([H])[H])C1([H])C2([H])[H]
17,17,1,[H]OC1(C([H])([H])[H])C2([H])C([H])=C([H])C1([H])N2[H]
17,17,1,[H]OC([H])([H])OC(=O)C([H])([H])N([H])C([H])([H])[H]
19,18,0,[H]OC([H])C1(C([H])([H])[H])OC([H])=NC1([H])C([H])([H])[H]
24,24,1,[H]OC([H])([H])C([H])([H])C1([H])N(C([H])([H])C([H])([H])[H])C([H])([H])C1([H])[H]
11,10,0,[H]c1nc2[nH]nc-2n([H])c1[H]
17,17,1,[H]Oc1c([H])n([H])c(=O)n1C([H])([H])C([H])([H])[H]
20,20,1,[H]OC1([H])C([H])([H])C12N1C([H])(C([H])([H])[H])C12C([H])([H])[H]
21,21,1,[H]C1=C([H])C([H])([H])C([H])([H])OC([H])([H])C([H])=C1C([H])([H])[H]
20,20,1,[H]N1C2([H])OC3(C([H])([H])[H])C([H])(C([H])([H])[H])C1([H])C23[H]
23,23,1,[H]C([H])([H])C([H])([H])C([H])([H])C([H])([H])N1C([H])([H])C([H])([H])C1([H])[H]
18,18,1,[H]C1([H])C2([H])OC1([H])C1([H])C([H])([H])C([H])([H])C21[H]
21,21,1,[H]OC([H])([H])C(O[H])(C([H])([H])[H])C1([H])C([H])([H])OC1([H])[H]
21,21,1,[H]C([H])([H])C([H])([H])C([H])([H])C12C(=O)C([H])(C1([H])[H])C2([H])[H]
17,16,0,[H]ONC12C([H])([H])OC3([H])C1([H])C([H])([H])C32[H]
17,17,1,[H]C([H])([H])OC1([H])C2([H])OC([H])(C2=O)C1([H])[H]
23,23,1,[H]N1C([H])([H])C([H])([H])C2(C1([H])[H])C([H])([H])C2([H])N([H])C([H])([H])[H]
21,21,1,[H]C1=C([H])C([H])(C([H])([H])[H])C2(OC([H])([H])C2([H])[H])C1([H])[H]
21,21,1,[H]C(=O)C(N([H])[H])(C([H])([H])[H])C1(C([H])([H])[H])N([H])C1([H])[H]
23,23,1,[H]C1=C(C([H])([H])[H])C(C([H])([H])[H])(C([H])([H])[H])C([H])([H])OC1([H])[H]
20,20,1,[H]N1C([H])([H])C2([H])C([H])([H])C1([H])C(=O)C2([H])C([H])([H])[H]
16,16,1,[H]C1=C([H])C2([H])N3C([H])([H])C([H])(C1=O)C32[H]
19,19,1,[H]n1c(C([H])([H])[H])c(C([H])([H])C([H])([H])[H])n([H])c1=O
19,18,0,[H]C([H])([H])OC1([H])C([H])(C([H])([H])[H])C1(O)C([H])([H])[H]
25,25,1,[H]C([H])([H])C([H])([H])C([H])([H])C([H])([H])OC([H])([H])C1([H])C([H])([H])C1([H])[H]
21,21,1,[H]N1C([H])([H])C2([H])C3([H])N(C([H])([H])[H])C([H])([H])C2([H])C13[H]
14,14,1,[H]C(=O)c1oc(C([H])([H])[H])c([H])c1[H]
14,14,1,[H]C1([H])C([H])([H])C2([H])OC(=O)OC12[H]
17,16,0,[H]OC([H])(C1=C([H])N([H])C([H])C1=O)C([H])([H])[H]
14,14,1,[H]c1c(C([H])([H])[H])c(F)nc(=O)n1[H]
19,19,1,[H]C([H])([H])C#CC([H])([H])C12C([H])([H])OC1([H])C2([H])[H]
11,9,0,[H]C1=NON=C2NNC([H])=C12
18,18,1,[H]OC([H])([H])C(C#N)(C(=O)C([H])([H])[H])C([H])([H])[H]
19,19,1,[H]OC([H])([H])C1([H])C([H])([H])C([H])([H])C1([H])C([H])([H])[H]
21,21,1,[H]OC1([H])C2([H])C([H])([H])C1(C([H])([H])[H])C2([H])OC([H])([H])[H]
17,17,1,[H]C(=O)C1([H])C(=O)C([H])([H])OC([H])([H])C1([H])[H]
17,17,1,[H]C([H])([H])C1([H])OC2([H])N(C2([H])[H])C1([H])C#N
21,21,1,[H]N([H])C([H])(N([H])C(=O)OC([H])([H])C([H])([H])[H])C([H])([H])[H]
25,25,1,[H]C([H])([H])OC(C([H])([H])[H])(C([H])([H])[H])C1([H])C([H])([H])C1([H])C([H])([H])[H]
17,17,1,[H]OC([H])([H])C1([H])C([H])([H])C([H])([H])C1([H])C#N
15,15,1,[H]C#CC1(C#C[H])C(=O)C([H])([H])C1([H])[H]
17,17,1,[H]C#CC1([H])OC([H])([H])C2([H])C([H])([H])OC12[H]
18,18,1,[H]C1([H])C([H])([H])C2([H])N3C4([H])C1([H])OC4([H])C32[H]
17,17,1,[H]C1([H])OC([H])([H])C2(OC2([H])[H])C2([H])OC12[H]
21,21,1,[H]OC1(C([H])([H])OC([H])([H])[H])C([H])([H])OC([H])([H])C1([H])[H]
12,9,0,
18,18,1,[H]C1([H])N2C(=O)C3([H])C([H])([H])C([H])([H])C3([H])C21[H]
19,19,1,[H]C1=NC2([H])N(C([H])([H])[H])C([H])([H])C2([H])C([H])([H])O1
17,17,1,[H]OC12N3C([H])([H])C3([H])C([H])([H])C1([H])C2([H])[H]
21,21,1,[H]C1([H])OC([H])(C([H])([H])[H])OC([H])([H])C([H])(C([H])([H])[H])O1
20,20,1,[H]C([H])([H])C1([H])C2([H])OC([H])([H])C([H])([H])C([H])([H])C21[H]
20,20,1,[H]N1C2([H])C3([H])OC3(C([H])(C([H])([H])[H])C([H])([H])[H])C12[H]
17,16,0,[H]OC12C3([H])OC1(C([H])([H])[H])C2([H])C3N([H])[H]
16,16,1,[H]OC1([H])N(C([H])([H])[H])C(=O)C(=O)C1([H])[H]
20,20,1,[H]N=C1N2C([H])([H])C2([H])C(C([H])([H])[H])(C([H])([H])[H])N1[H]
17,13,0,
10,9,0,[H]C(=O)C([H])(O)C([H])([H])[H]
18,18,1,[H]C1([H])OC([H])([H])C2([H])C([H])([H])C(=O)N1C2([H])[H]
15,15,1,[H]c1nn(C([H])([H])[H])c(=O)nc1N([H])[H]
14,11,0,
20,20,1,[H]C(=O)N1C([H])(C([H])([H])[H])C12C([H])([H])C([H])([H])C2([H])[H]
21,21,1,[H]C1([H])C([H])([H])C1([H])C12C([H])([H])C3([H])C1([H])C([H])([H])C32[H]
17,17,1,[H]C1=NC([H])([H])N([H])C([H])([H])C(=O)C([H])=C1[H]
18,18,1,[H]OC1([H])C([H])([H])C2([H])OC([H])([H])N3C1([H])C32[H]
20,20,1,[H]N1C2(OC([H])([H])C([H])([H])C2([H])[H])C12C([H])([H])C2([H])[H]
18,18,1,[H]C(=O)OC1([H])C([H])([H])C2(C([H])([H])[H])N([H])C12[H]
17,17,1,[H]C1=NC([H])([H])C2([H])C([H])([H])C2(C#N)C1([H])[H]
23,20,0,[H]C([H])C1([H])C([H])([H])C([H])(C([H])([H])[H])C1(C([H])[H])C([H])([H])[H]
27,26,0,
25,25,1,[H]N1C([H])([H])N(C([H])(C([H])([H])[H])C([H])([H])[H])C([H])([H])C([H])([H])C1([H])[H]
20,20,1,[H]OC([H])([H])C12C([H])([H])N3C([H])(C1([H])[H])C32C([H])([H])[H]
16,16,1,[H]C([H])([H])C1=NC2(OC1=O)C([H])([H])C2([H])[H]
20,20,1,[H]OC([H])(C([H])([H])[H])C1([H])C([H])([H])C1([H])C([H])([H])C#N
17,17,1,[H]C(=O)C([H])(C(=O)C([H])([H])[H])C1([H])OC1([H])[H]
21,21,1,[H]OC1([H])C([H])([H])C([H])(O[H])C12C([H])([H])C([H])([H])C2([H])[H]
19,18,0,[H]C([H])([H])C1([H])N=C2C(O1)C([H])([H])C([H])([H])C2([H])[H]
23,22,0,[H]N(NC(=NC([H])([H])[H])C([H])([H])C([H])([H])[H])C([H])([H])C([H])([H])[H]
20,20,1,[H]C1([H])OC2([H])OC([H])([H])C([H])([H])C([H])([H])C([H])([H])N12
15,15,1,[H]C(=O)N([H])C(=O)C([H])([H])OC([H])([H])[H]
21,21,1,[H]C(=O)C([H])([H])C([H])(OC1([H])C([H])([H])C1([H])[H])C([H])([H])[H]
19,19,1,[H]OC1([H])C(=O)C2([H])C([H])([H])C([H])([H])C1([H])C2([H])[H]
22,22,1,[H]C1([H])C([H])([H])C([H])([H])C2([H])C([H])([H])C([H])([H])C2([H])C1([H])[H]
20,20,1,[H]C#CC([H])([H])C1([H])C([H])([H])C1([H])C([H])=NC([H])([H])[H]
22,22,1,[H]C([H])([H])C([H])([H])C1([H])OC(C([H])([H])[H])(C([H])([H])[H])C1([H])[H]
18,18,1,[H]OC1([H])C2([H])C(=O)C([H])([H])C([H])(N2[H])C1([H])[H]
18,18,1,[H]C(=O)C(=C([H])C#CC([H])([H])[H])C([H])([H])N([H])[H]
21,21,1,[H]N1C2([H])C3([H])N(C([H])([H])C3([H])[H])C([H])([H])C12C([H])([H])[H]
14,14,1,[H]c1nn([H])c(C#CC([H])([H])[H])c1[H]
20,20,1,[H]OC([H])([H])C1([H])C([H])([H])C1([H])N([H])C(=O)C([H])([H])[H]
21,21,1,[H]OC1(C([H])([H])[H])C([H])=C([H])C([H])([H])C2([H])C([H])([H])C12[H]
16,16,1,[H]ON=C1OC(=O)C([H])([H])C([H])([H])C1([H])[H]
16,16,1,[H]C([H])=C1C2([H])OC3([H])C([H])([H])C3([H])C12[H]
20,20,1,[H]C([H])([H])N1C([H])([H])C([H])([H])OC2([H])OC([H])([H])C12[H]
13,13,1,[H]c1nc([H])n2c1C1([H])N2C1([H])[H]
18,18,1,[H]C#CC([H])([H])N=C(C([H])=O)C([H])([H])C([H])([H])[H]
21,21,1,[H]C([H])([H])C([H])([H])C(=O)C12C([H])([H])C([H])(C1([H])[H])C2([H])[H]
27,27,1,[H]OC([H])([H])C([H])([H])C([H])([H])C([H])([H])C([H])([H])C([H])(C([H])([H])[H])C([H])([H])[H]
15,15,1,[H]C1([H])C(=O)C2([H])C([H])([H])C3([H])N1C23[H]
19,19,1,[H]C1=C(C([H])([H])[H])C(=NC([H])([H])[H])N2C([H])([H])C12[H]
19,19,1,[H]OC1([H])C(=O)C(C([H])([H])[H])(C([H])([H])[H])OC1([H])[H]
18,18,1,[H]C#CC([H])([H])N([H])C1(C([H])([H])[H])C(=O)C1([H])[H]
19,19,1,[H]C([H])([H])C([H])([H])N=C1C([H])([H])C1(C#N)C([H])([H])[H]
15,13,0,[H]C1=C(C([H])([H])C(=O)N([H])[H])N([H])NN1
18,17,0,[H]C#CC([H])(C([H])([H])[H])C([H])([H])OC([H])C([H])=O
13,13,1,[H]c1c(F)onc(C([H])([H])[H])c1=O
17,17,1,[H]Oc1c([H])oc(N([H])[H])c1N([H])C([H])([H])[H]
18,18,1,[H]N=C1OC2([H])C([H])(C([H])=C1[H])C2([H])C([H])([H])[H]
21,21,1,[H]OC12C([H])([H])C([H])=C([H])C([H])([H])C1([H])C2([H])C([H])([H])[H]
16,16,1,[H]C1=NC2([H])C3([H])C([H])([H])C([H])(C1=O)C23[H]
17,17,1,[H]OC([H])([H])c1oc(N([H])[H])nc1C([H])([H])[H]
17,17,1,[H]OC([H])([H])C([H])([H])C(=O)C([H])([H])C([H])([H])[H]
21,21,1,[H]C(=O)OC([H])([H])C([H])([H])C([H])([H])C([H])([H])OC([H])([H])[H]
18,18,1,[H]C1([H])OC([H])([H])C([H])([H])C2([H])C([H])([H])C2([H])O1
20,20,1,[H]N=C1C([H])=C([H])C([H])([H])C([H])([H])OC1([H])C([H])([H])[H]
20,19,0,[H]N=C1C([H])N(C([H])([H])[H])C1(C([H])([H])[H])C([H])([H])O[H]
20,20,1,[H]C(=NC([H])([H])[H])OC1([H])C([H])([H])C2([H])C([H])([H])C12[H]
23,23,1,[H]C1=C([H])C2(C([H])([H])C2([H])[H])C([H])([H])C1(C([H])([H])[H])C([H])([H])[H]
19,19,1,[H]OC1([H])C([H])(C([H])([H])[H])C2(C([H])=O)C([H])([H])C12[H]
15,15,1,[H]C(=O)C1=C([H])C([H])([H])C2([H])N([H])C12[H]
16,16,1,[H]N=C1C2([H])C1(O[H])C1([H])C([H])(O[H])C21[H]
16,16,1,[H]C1=NC([H])([H])C2([H])OC2(C([H])([H])[H])C1=O
19,19,1,[H]OC1([H])C([H])(O[H])C2([H])OC1([H])C2([H])C([H])([H])[H]
20,20,1,[H]C1=C([H])C2(N3C([H])([H])C1([H])C3([H])[H])C([H])([H])C2([H])[H]
16,16,1,[H]c1nc(N([H])C([H])([H])[H])nnc1N([H])[H]
18,18,1,[H]N1C2([H])C3([H])OC3(C([H])([H])OC([H])([H])[H])C12[H]
19,19,1,[H]C([H])([H])C12OC3([H])C([H])([H])C([H])([H])OC1([H])C32[H]
20,20,1,[H]C1([H])N(C23C([H])([H])C4([H])C([H])(C2([H])[H])C43[H])C1([H])[H]
14,12,0,[H]C1=NN([H])C2C([H])=NC([H])=C([H])C12
16,16,1,[H]N=C([H])OC([H])([H])C#CC1([H])OC1([H])[H]
27,27,1,[H]OC([H])([H])N([H])C([H])([H])C1(C([H])([H])[H])C([H])(C([H])([H])[H])C1([H])C([H])([H])[H]
15,15,1,[H]C1=C(C([H])([H])[H])C(=O)C(=O)OC1([H])[H]
18,18,1,[H]Oc1nn(C([H])([H])C([H])([H])[H])c(N([H])[H])c1[H]
17,17,1,[H]C(=O)C1=NC([H])([H])C([H])([H])C([H])([H])C1([H])[H]
21,21,1,[H]OC1([H])C2([H])C([H])([H])C2(C([H])([H])[H])C1(O[H])C([H])([H])[H]
19,19,1,[H]N1C2([H])C([H])([H])C3([H])N4C2([H])C4([H])C13C([H])([H])[H]
13,13,1,[H]OC1([H])C([H])([H])C(=O)C1([H])C#N
19,19,1,[H]N1C([H])([H])C(=O)C([H])([H])C2(N([H])C2([H])[H])C1([H])[H]
17,15,0,
16,16,1,[H]N=C(C([H])=O)C(O[H])(C([H])=O)C([H])([H])[H]
15,15,1,[H]C(=O)C(=O)N1C2([H])N([H])C([H])([H])C12[H]
14,14,1,[H]c1nc(F)c(=NC([H])([H])[H])n([H])n1
19,18,0,[H]C([H])([H])C12C([H])([H])N3C([H])(C1([H])[H])C3([H])C2([H])O
16,15,0,[H]N1C2([H])C([H])(O)C3([H])C2([H])C13C([H])([H])[H]
17,17,1,[H]N=c1c([H])c([H])nc([H])c(C([H])([H])[H])c1[H]
21,21,1,[H]OC([H])([H])C([H])([H])N(C([H])([H])[H])C([H])([H])C(=O)N([H])[H]
16,16,1,[H]C#CC1([H])OC1([H])C([H])([H])OC([H])([H])[H]
21,21,1,[H]C#CC([H])([H])C1([H])C([H])([H])C2([H])C([H])([H])C1([H])C2([H])[H]
18,18,1,[H]N1C2([H])C3([H])OC([H])([H])C3([H])C3([H])C1([H])C23[H]
17,17,1,[H]C1=C([H])C([H])([H])C([H])(C#N)C([H])=C1N([H])[H]
19,18,0,[H]N1C([H])([H])C=C2C([H])([H])C2([H])C2([H])C([H])([H])C12[H]
13,13,1,[H]c1c(C([H])([H])[H])nn([H])c1C#N
15,15,1,[H]C(=O)C([H])([H])OC1([H])C([H])([H])C1([H])[H]
15,14,0,
16,16,1,[H]c1nnc2c(c1[H])C([H])([H])C([H])([H])N2[H]
17,17,1,[H]OC12C(=O)C(O[H])(C([H])([H])C1([H])[H])C2([H])[H]
19,19,1,[H]C(=O)C12C([H])([H])C3([H])C1(C([H])([H])[H])C32C([H])([H])[H]
15,15,1,[H]C#CC1([H])N([H])C2([H])N([H])C(=O)C12[H]
22,19,0,[H]C1C([H])([H])C2([H])N(C([H])([H])[H])C([H])([H])C12C([H])([H])[H]
18,18,1,[H]C(=O)C(=C1C([H])([H])N2C([H])([H])C12[H])C([H])([H])[H]
17,17,1,[H]N1C2(C#N)C([H])([H])C1(OC([H])([H])[H])C2([H])[H]
19,19,1,[H]C#CC([H])([H])C12OC1(C([H])([H])[H])C([H])([H])C2([H])[H]
11,11,1,[H]c1nc(N([H])[H])n([H])c1[H]
19,19,1,[H]N=C([H])C(=O)C1([H])C([H])([H])N([H])C([H])([H])C1([H])[H]
18,18,1,[H]C(=O)C12N([H])C3([H])C([H])([H])C([H])(C1([H])[H])C32[H]
19,19,1,[H]C([H])([H])C12C(=O)C3([H])C([H])(C1([H])[H])C32C([H])([H])[H]
16,16,1,[H]C(=O)C1([H])C([H])=C(C([H])([H])[H])C(=O)N1[H]
19,18,0,[H]C(OC12C([H])([H])C1([H])N1C([H])([H])C12[H])C([H])([H])[H]
17,17,1,[H]c1nc2n(n1)C([H])([H])C([H])([H])C([H])([H])N2[H]
19,19,1,[H]C1=C([H])C([H])(OC([H])([H])C([H])([H])[H])C(=O)C1([H])[H]
20,19,0,[H]C1OC2([H])C([H])([H])C([H])([H])C3([H])C([H])([H])C([H])([H])C123
15,15,1,[H]c1c(C(=O)C([H])([H])[H])n([H])c(=O)n1[H]
18,18,1,[H]C(=O)C1([H])OC([H])([H])C12N([H])C([H])([H])C2([H])[H]
16,16,1,[H]C(=O)C1([H])C(=O)N([H])C([H])=C1C([H])([H])[H]
9,9,1,[H]C1=C([H])C(=O)OC1=O
14,14,1,[H]C(=O)n1nc(C([H])([H])[H])n([H])c1=O
18,18,1,[H]OC12C([H])=C([H])C([H])(N1[H])C2(O[H])C([H])([H])[H]
18,18,1,[H]N1C(=O)C([H])([H])OC1([H])C([H])([H])OC([H])([H])[H]
17,17,1,[H]N=C([H])N=C([H])C(=O)C1([H])C([H])([H])C1([H])[H]
13,13,1,[H]C#Cc1oc(C([H])=O)c([H])c1[H]
17,17,1,[H]OC([H])(C([H])([H])[H])C12OC1([H])C1([H])OC12[H]
19,19,1,[H]OC1([H])C([H])=C([H])C([H])=C([H])C1(O[H])C([H])([H])[H]
25,25,1,[H]C([H])([H])OC([H])([H])C([H])([H])C([H])([H])C([H])([H])OC([H])([H])C([H])([H])[H]
18,18,1,[H]C([H])([H])N1C([H])([H])C2([H])N3C([H])([H])C3([H])C12[H]
20,20,1,[H]N(C([H])([H])C#N)C1([H])N([H])C1([H])C([H])([H])C([H])([H])[H]
15,15,1,[H]N=C([H])N([H])c1nc(N([H])[H])n([H])n1
16,16,1,[H]C#CC1([H])C2([H])C(=O)C1([H])N2C([H])([H])[H]
23,23,1,[H]N(C(=NC([H])([H])C([H])([H])OC([H])([H])[H])C([H])([H])[H])C([H])([H])[H]
16,16,1,[H]C(=O)C12OC([H])(C([H])([H])C1([H])[H])C2([H])[H]
19,18,0,[H]C([H])([H])N1C([H])([H])C([H])([H])C([H])(O)C12OC2([H])[H]
19,19,1,[H]C([H])([H])N1C([H])([H])N2C(=O)C1([H])C([H])([H])C2([H])[H]
18,17,0,[H]C(=O)C1(C([H])([H])O)OC1([H])C([H])([H])C([H])([H])[H]
15,11,0,
19,19,1,[H]OC([H])([H])C([H])([H])C12OC([H])([H])C1([H])OC2([H])[H]
19,19,1,[H]OC([H])([H])C1(C([H])([H])[H])N=C([H])N2C([H])([H])C21[H]
18,18,1,[H]c1c(C2([H])N([H])C2([H])[H])nn(C([H])([H])[H])c1[H]
19,19,1,[H]c1c2c(n(C([H])([H])[H])c1[H])N([H])C([H])([H])C2([H])[H]
17,17,1,[H]N1C([H])([H])C2([H])OC3([H])N4C3([H])C1([H])C42[H]
19,19,1,[H]OC1([H])C2([H])N([H])C2([H])C12N(C([H])([H])[H])C2([H])[H]
11,11,1,[H]N=c1onnc([H])c1C#N
17,17,1,[H]N1C([H])([H])C1([H])C1(C#N)OC([H])([H])C1([H])[H]
20,20,1,[H]C([H])([H])C1=C(C([H])([H])C#N)C([H])([H])C1([H])C([H])([H])[H]
13,13,1,[H]C#CC([H])(C#N)N([H])OC([H])=O
22,22,1,[H]OC([H])([H])C1([H])N([H])C([H])([H])C1(O[H])C([H])([H])C([H])([H])[H]
19,19,1,[H]OC([H])([H])C([H])(O[H])C1(C([H])=O)C([H])([H])C1([H])[H]
13,11,0,[H]C1=NC([H])=C([H])C(N([H])[H])C1[H]
23,23,1,[H]N([H])C([H])(C([H])([H])[H])C1([H])C([H])([H])C2([H])N([H])C21C([H])([H])[H]
16,15,0,
18,18,1,[H]C#CC([H])([H])N([H])C1([H])C([H])([H])C2([H])OC21[H]
17,17,1,[H]C1([H])OC([H])([H])C(=O)C2([H])C([H])([H])C2([H])O1
18,18,1,[H]c1c(N([H])[H])c([H])n(C([H])([H])[H])c1C([H])([H])[H]
27,27,1,[H]C([H])([H])C([H])([H])C([H])([H])C([H])([H])C([H])([H])C([H])([H])C1([H])C([H])([H])C1([H])[H]
15,15,1,[H]N=C1C(=O)C([H])(O[H])C([H])([H])C1([H])[H]
16,16,1,[H]C12C(=O)C3([H])C([H])([H])C4([H])C1([H])N2C34[H]
22,22,1,[H]C([H])([H])C([H])(C([H])([H])[H])C12N3C([H])(C([H])([H])C31[H])C2([H])[H]
22,22,1,[H]N=C(C([H])([H])[H])C(N([H])[H])(C([H])([H])[H])C([H])([H])C([H])([H])[H]
21,21,1,[H]C1=C([H])C([H])([H])C2(C1([H])[H])C1([H])C([H])([H])C([H])([H])C12[H]
23,23,1,[H]C([H])([H])C1([H])OC2([H])C([H])(C([H])([H])[H])C2([H])C([H])([H])C1([H])[H]
19,19,1,[H]C(=O)C1([H])OC(C([H])([H])[H])=C(C([H])([H])[H])C1([H])[H]
17,17,1,[H]N1C2([H])OC([H])([H])OC2([H])N2C([H])([H])C12[H]
16,16,1,[H]C(=O)C1([H])C2([H])C([H])([H])C3([H])C1([H])C23[H]
20,20,1,[H]OC1([H])C([H])([H])C2=C([H])C([H])([H])C([H])([H])N2C1([H])[H]
18,17,0,
22,22,1,[H]C1=C([H])C2([H])C([H])(C1([H])[H])C2(C([H])([H])[H])C([H])([H])N([H])[H]
21,21,1,[H]OC1(C([H])([H])[H])C([H])([H])C([H])(C([H])=O)C1([H])C([H])([H])[H]
20,20,1,[H]C([H])([H])C1([H])OC2([H])C([H])([H])C1([H])N1C([H])([H])C12[H]
15,15,1,[H]N([H])C(=O)N([H])C([H])(C#N)C([H])([H])[H]
25,25,1,[H]OC([H])([H])C([H])([H])C([H])([H])C1([H])C([H])([H])C1([H])C([H])([H])C([H])([H])[H]
16,15,0,[H]OC([H])([H])C1(C([H])([H])O)C(=O)OC1([H])[H]
20,20,1,[H]N(C([H])([H])[H])C1([H])OC([H])(C(=O)C([H])([H])[H])C1([H])[H]
20,20,1,[H]C1=C(C([H])([H])C([H])([H])[H])C(=O)C([H])([H])N([H])C1([H])[H]
15,15,1,[H]N=c1c(=O)n([H])nc([H])n1C([H])([H])[H]
19,19,1,[H]C1=C([H])C2(N(C([H])([H])[H])C2([H])[H])C2([H])N([H])C12[H]
18,18,1,[H]OC1([H])C([H])([H])C(C#N)(O[H])C1([H])C([H])([H])[H]
20,20,1,[H]c1c(C([H])([H])OC([H])([H])C([H])([H])[H])c([H])n([H])c1[H]
14,14,1,[H]C#CC1(O[H])C([H])([H])C1(C#N)O[H]
21,21,1,[H]N1C([H])(C([H])([H])[H])C23C([H])([H])N(C([H])([H])[H])C12C3([H])[H]
23,23,1,[H]C([H])([H])C1([H])C2([H])C3([H])C([H])([H])C1(C([H])([H])[H])C32C([H])([H])[H]
20,20,1,[H]OC1([H])C([H])([H])C(=O)N([H])C([H])([H])C1([H])C([H])([H])[H]
18,18,1,[H]N1C([H])([H])OC(=O)C([H])([H])C2([H])C([H])([H])C12[H]
13,13,1,[H]c1noc2c1C(=O)N([H])C2([H])[H]
16,16,1,[H]N([H])C1([H])C(=O)C([H])(C([H])([H])[H])C1([H])[H]
19,18,0,[H]C1(O)OC([H])([H])C([H])([H])C2([H])N1C([H])([H])C2([H])[H]
16,16,1,[H]N=C(C([H])([H])[H])C1(C([H])([H])[H])OC1([H])[H]
20,20,1,[H]C([H])([H])C([H])([H])C([H])([H])C1([H])C2([H])OC([H])([H])C21[H]
18,18,1,[H]C([H])([H])C12C([H])([H])C1([H])C1([H])C([H])([H])OC12[H]
15,15,1,[H]C#CC([H])([H])N1C(=O)N=C([H])C1([H])[H]
17,15,0,[H]C([H])([H])C12NC(=O)C1([H])NC([H])([H])C2([H])[H]
22,22,1,[H]C(=O)C1(C([H])([H])C([H])([H])[H])N([H])C([H])([H])C1([H])C([H])([H])[H]
18,18,1,[H]C#CC([H])(C#C[H])N1C([H])([H])C1([H])C([H])([H])[H]
17,17,1,[H]C#CC1([H])C([H])([H])C([H])([H])C([H])([H])C1([H])[H]
17,17,1,[H]C1=C(N([H])[H])C(=O)C2([H])N(C1([H])[H])C2([H])[H]
22,21,0,[H]OC1C([H])([H])C2([H])C([H])(C([H])([H])[H])C2([H])C1([H])C([H])([H])[H]
16,16,1,[H]N=C([H])C([H])=C1C2([H])OC1([H])C([H])=C2[H]
17,17,1,[H]OC1([H])C2([H])N([H])C1(C([H])([H])C#N)C2([H])[H]
22,22,1,[H]C(=O)C([H])([H])C([H])([H])N1C([H])([H])C1([H])C([H])([H])C([H])([H])[H]
17,17,1,[H]N1C(=O)C2([H])C([H])(N3C([H])([H])C32[H])C1([H])[H]
21,21,1,[H]C#CC([H])([H])C1(C([H])([H])[H])C([H])([H])OC1([H])C([H])([H])[H]
17,17,1,[H]C#CC([H])([H])C1=NC([H])=NC1([H])C([H])([H])[H]
21,21,1,[H]C([H])([H])C([H])([H])C([H])([H])C#CC1([H])C([H])([H])OC1([H])[H]
16,16,1,[H]OC1(C#N)C2([H])C([H])([H])C3([H])C1([H])C23[H]
20,20,1,[H]N1C([H])(C([H])([H])[H])C12C([H])([H])C([H])([H])C1([H])OC12[H]
18,18,1,[H]C1([H])OC([H])(C2([H])OC2([H])[H])C([H])([H])C1([H])[H]
19,19,1,[H]C1=NC2(C([H])([H])[H])N([H])C([H])(C([H])=C1[H])C2([H])[H]
21,21,1,[H]C([H])([H])C1([H])C([H])([H])C(=O)C2(C([H])([H])C2([H])[H])C1([H])[H]
17,17,1,[H]N=C1N([H])C([H])([H])C2([H])N(C1([H])[H])C2([H])[H]
19,19,1,[H]OC([H])([H])C1(C([H])=O)C2([H])C([H])([H])C([H])([H])C21[H]
19,18,0,
22,22,1,[H]C([H])([H])OC1([H])C([H])([H])C([H])([H])N2C([H])([H])C21C([H])([H])[H]
21,21,1,[H]OC([H])(C([H])([H])[H])C1([H])C2([H])C([H])([H])C3([H])C2([H])C31[H]
18,18,1,[H]C#CC([H])(N([H])C([H])=O)C([H])([H])OC([H])([H])[H]
21,21,1,[H]N=C(C([H])([H])[H])C1([H])N([H])C2([H])C([H])([H])C2([H])C1([H])[H]
21,21,1,[H]OC1([H])C([H])([H])C2(OC([H])([H])C2([H])C([H])([H])[H])C1([H])[H]
16,16,1,[H]OC([H])([H])c1c(C([H])([H])[H])c([H])nn1[H]
15,15,1,[H]C1([H])OC23C([H])([H])C([H])([H])C2([H])C13[H]
16,16,1,[H]C1=C([H])C2([H])C([H])([H])N3C([H])(C1=O)C32[H]
17,16,0,[H]OC1([H])C([H])C2([H])C3([H])C1([H])C23C([H])([H])[H]
17,17,1,[H]C#CC1([H])N([H])C2([H])C([H])(N([H])[H])C12O[H]
22,22,1,[H]OC([H])([H])C12N([H])C([H])(C([H])([H])C1([H])C([H])([H])[H])C2([H])[H]
13,13,1,[H]C([H])([H])C1([H])OC1([H])C(=O)C#N
23,23,1,[H]OC1([H])C([H])([H])C([H])([H])C1([H])C1(C([H])([H])[H])C([H])([H])C1([H])[H]
19,19,1,[H]C([H])([H])C([H])([H])C12C(=O)C3([H])C1([H])C32C([H])([H])[H]
21,21,1,[H]C([H])([H])C1([H])OC12C([H])([H])OC([H])([H])C([H])([H])C2([H])[H]
25,25,1,[H]C(=O)C([H])(C([H])([H])[H])C([H])([H])C(C([H])([H])[H])(C([H])([H])[H])C([H])([H])[H]
21,21,1,[H]N1C(=O)N(C([H])([H])[H])C1([H])C([H])(C([H])([H])[H])C([H])([H])[H]
20,20,1,[H]C(=O)C([H])(C([H])([H])[H])C12N([H])C([H])([H])C1([H])C2([H])[H]
14,14,1,[H]c1c2oc(C([H])([H])[H])nc2nn1[H]
23,23,1,[H]C([H])([H])C1([H])C([H])([H])C2([H])OC([H])([H])C([H])([H])C1([H])C2([H])[H]
17,11,0,[H]C1C([H])C(N([H])[H])C([H])C([H])C1ON([H])[H]
19,19,1,[H]N1C(OC([H])([H])[H])=NC([H])([H])C12C([H])([H])C2([H])[H]
14,12,0,
16,16,1,[H]Oc1nn([H])c(=NC([H])([H])[H])c([H])c1[H]
14,14,1,[H]N=c1c(F)nn([H])nc1C([H])([H])[H]
16,16,1,[H]C#CC1=C([H])C([H])(O[H])C([H])([H])N=C1[H]
16,16,1,[H]OC12N3C([H])([H])C([H])(C(=O)C31[H])C2([H])[H]
17,17,1,[H]N=C1N([H])C23C([H])=C([H])C([H])(C2([H])[H])C13[H]
15,15,1,[H]c1nn([H])c(C([H])([H])N([H])[H])c1C#N
20,20,1,[H]C1([H])OC2([H])C([H])([H])C3([H])N(C3([H])[H])C([H])([H])C12[H]
17,17,1,[H]C1=C(C([H])([H])[H])C2([H])N([H])C(=O)N1C2([H])[H]
15,15,1,[H]ON=C1C([H])([H])C2([H])N([H])C12C([H])=O
23,23,1,[H]C([H])([H])C([H])([H])C([H])([H])OC([H])([H])C1([H])C([H])([H])OC1([H])[H]
18,18,1,[H]C1=C([H])C2(C([H])([H])C([H])([H])[H])C(=O)C2([H])N1[H]
25,25,1,[H]OC([H])([H])C([H])(C([H])([H])[H])C([H])([H])C1(C([H])([H])[H])C([H])([H])C1([H])[H]
19,19,1,[H]C([H])([H])C12OC([H])([H])C([H])([H])OC([H])([H])C1([H])O2
20,20,1,[H]C([H])([H])C1([H])C2([H])N3C2([H])C2(C([H])([H])[H])C3([H])C12[H]
17,17,1,[H]OC12C3([H])N([H])C1(C([H])([H])[H])C2([H])C3([H])[H]
23,23,1,[H]OC1([H])C([H])([H])C([H])([H])C([H])([H])C([H])([H])C1([H])OC([H])([H])[H]
18,18,1,[H]C#CC([H])(C([H])=O)C([H])([H])C1([H])N([H])C1([H])[H]
17,16,0,
17,16,0,[H]C1=C(C([H])([H])[H])C(N([H])[H])N2C([H])([H])C12[H]
20,20,1,[H]C(=NC([H])([H])[H])C([H])([H])OC1([H])C([H])([H])OC1([H])[H]
23,23,1,[H]N([H])C([H])([H])C12C([H])([H])C([H])([H])C1([H])N([H])C2([H])C([H])([H])[H]
17,17,1,[H]OC1([H])C2(O[H])C(O[H])(C([H])([H])[H])C12O[H]
17,17,1,[H]OC([H])(c1onnc1[H])C([H])([H])C([H])([H])[H]
20,20,1,[H]C#CC1([H])C([H])([H])N2C([H])(C([H])([H])C([H])([H])[H])C21[H]
16,16,1,[H]N=C1C([H])=C([H])C(=O)C([H])([H])OC1([H])[H]
16,16,1,[H]C([H])([H])C1([H])N2C(=O)C(=O)C21C([H])([H])[H]
15,15,1,[H]C#CC1([H])C(=NO[H])C([H])=C([H])N1[H]
19,19,1,[H]C([H])([H])C12C([H])([H])C3([H])OC4([H])C([H])(C31[H])C42[H]
16,14,0,[H]C1=C(N([H])[H])C(C#N)C([H])N1C([H])([H])[H]
20,20,1,[H]N1C([H])([H])C1(C([H])([H])[H])C1([H])OC([H])([H])OC1([H])[H]
19,16,0,
18,18,1,[H]C#CC1([H])C([H])([H])N2C([H])([H])OC([H])([H])C21[H]
18,18,1,[H]N=C(C#N)OC([H])(N([H])[H])C([H])([H])C([H])([H])[H]
16,16,1,[H]Oc1c([H])c([H])c(=O)n(C([H])([H])[H])c1[H]
21,21,1,[H]C([H])([H])OC1([H])C([H])([H])OC2(C([H])([H])[H])C([H])([H])C12[H]
16,15,0,
19,19,1,[H]N=C(C#N)C([H])([H])C1(C([H])([H])[H])C([H])([H])C1([H])[H]
13,13,1,[H]C12OC(=O)N3C4([H])N1C2([H])C34[H]
14,14,1,[H]N=c1oc(F)c(N([H])[H])c([H])c1[H]
20,20,1,[H]C1([H])C(=O)C([H])(C([H])([H])C([H])([H])[H])C2([H])N1C2([H])[H]
14,12,0,[H]OC1C([H])=NC(C([H])=O)C([H])=C1[H]
16,14,0,
19,19,1,[H]C([H])([H])C1([H])C2([H])C(=O)OC([H])([H])C([H])([H])C21[H]
16,16,1,[H]C(=O)OC1(C([H])([H])[H])C(=O)N([H])C1([H])[H]
21,21,1,[H]OC([H])([H])C1([H])C([H])([H])C2([H])C([H])([H])OC([H])([H])C12[H]
13,11,0,[H]N([H])C1=NNNN=C1C([H])([H])[H]
16,16,1,[H]N=C1OC2([H])C(=C1[H])C([H])([H])OC2([H])[H]
16,16,1,[H]N=C1C(=O)C([H])=NC([H])(C([H])([H])[H])N1[H]
19,19,1,[H]OC([H])(C([H])=O)C1([H])C([H])([H])C2([H])C([H])([H])C12[H]
15,15,1,[H]OC1([H])C(=O)N([H])C([H])=C([H])C1([H])[H]
23,23,1,[H]N([H])C([H])(C#N)C(C([H])([H])[H])(C([H])([H])[H])C([H])([H])C([H])([H])[H]
17,17,1,[H]C([H])([H])C(=O)C1(C(=O)C([H])([H])[H])OC1([H])[H]
16,16,1,[H]C1=C([H])N2C([H])([H])C2([H])C([H])([H])OC1=O
19,19,1,[H]OC([H])([H])C1([H])C([H])([H])C1([H])C(=O)OC([H])([H])[H]
17,17,1,[H]OC1([H])C(=O)C2([H])C1([H])C21C([H])([H])C1([H])[H]
19,19,1,[H]C1([H])C2=NC([H])(C([H])([H])[H])C3([H])N1C3([H])C2([H])[H]
13,13,1,[H]N1C2([H])C(=O)C3([H])OC2([H])C13[H]
15,15,1,[H]C(=O)C1([H])C(=O)OC([H])([H])OC1([H])[H]
13,13,1,[H]N=C1OC([H])([H])c2c([H])noc21
20,20,1,[H]N1C([H])([H])C1([H])N(C([H])([H])[H])C1([H])C([H])([H])C1([H])[H]
19,19,1,[H]N(C([H])([H])C(F)(F)F)C([H])(C([H])([H])[H])C([H])([H])[H]
18,18,1,[H]N1C([H])(C2([H])OC2([H])[H])C12OC2([H])C([H])([H])[H]
13,9,0,
18,18,1,[H]C1=C(C#N)C([H])([H])C2([H])C([H])([H])C2([H])C1([H])[H]
19,19,1,[H]C(=O)C1(C2([H])N([H])C2([H])[H])N([H])C1([H])C([H])([H])[H]
15,15,1,[H]C#CC1([H])C2([H])OC(=O)C12C([H])([H])[H]
23,23,1,[H]C([H])([H])C1([H])C2([H])C3([H])C([H])([H])C3([H])C([H])([H])C12C([H])([H])[H]
17,16,0,[H]OC1([H])C2C([H])([H])OC2([H])C2([H])N([H])C12[H]
16,16,1,[H]N=C([H])C([H])([H])N([H])C([H])([H])C([H])([H])[H]
15,14,0,[H]N=C(C(=O)C#N)C(N([H])[H])C([H])([H])[H]
19,19,1,[H]C(=O)C(N([H])C(=O)N([H])[H])(C([H])([H])[H])C([H])([H])[H]
22,22,1,[H]C#CC1([H])C([H])([H])C([H])([H])N(C([H])([H])[H])C([H])([H])C1([H])[H]
20,20,1,[H]C1=C([H])C([H])([H])C(N([H])[H])(C([H])([H])[H])C(=O)C1([H])[H]
20,19,0,[H]C1N([H])C([H])(C([H])([H])C#N)C1([H])C([H])([H])C([H])([H])[H]
20,20,1,[H]C1=C([H])C2([H])C([H])([H])C2([H])C([H])(C([H])([H])[H])C1([H])[H]
16,13,0,
20,20,1,[H]C#CC1(N([H])[H])C([H])(O[H])C([H])([H])C1([H])C([H])([H])[H]
16,16,1,[H]C(=O)N([H])C([H])([H])C1([H])OC1([H])C([H])=O
22,22,1,[H]N1C([H])([H])OC([H])([H])C12C([H])(C([H])([H])[H])C2([H])C([H])([H])[H]
15,15,1,[H]N=C1N(OC([H])=O)C([H])([H])C1([H])O[H]
22,22,1,[H]C1=C([H])C2(C([H])([H])[H])C([H])(N([H])[H])C2(C([H])([H])[H])C1([H])[H]
21,20,0,[H]C([H])([H])C([H])([H])C1([H])N2C([H])([H])C([H])([H])C2([H])C1([H])O
18,18,1,[H]N=C(OC([H])([H])[H])C1=C([H])C([H])([H])OC1([H])[H]
25,25,1,[H]C([H])([H])C([H])(C([H])([H])[H])C1([H])C([H])([H])C2([H])C([H])([H])C([H])([H])C21[H]
20,20,1,[H]N=C1C([H])=C([H])C([H])([H])C1([H])OC([H])([H])C([H])([H])[H]
21,19,0,
19,19,1,[H]OC1([H])C([H])([H])C2([H])C3=C([H])C([H])([H])C1([H])C32[H]
21,20,0,[H]C([H])([H])N1C([H])(O)C2(C([H])([H])[H])C([H])([H])C([H])([H])C12[H]
20,20,1,[H]N([H])C(=O)N([H])N([H])C([H])([H])C([H])([H])OC([H])([H])[H]
21,21,1,[H]C([H])([H])OC1([H])C([H])([H])C2([H])C([H])(OC([H])([H])[H])C12[H]
17,17,1,[H]N=C1OC2([H])C([H])(C([H])([H])[H])C2([H])C1([H])[H]
23,23,1,[H]C#CC([H])(C([H])([H])[H])C1(C([H])([H])[H])C([H])([H])C1([H])C([H])([H])[H]
21,21,1,[H]N=C1OC(C([H])([H])[H])(C([H])([H])C([H])([H])[H])C([H])([H])N1[H]
15,13,0,[H]OC1=C([H])C(N([H])[H])=NC([H])C1O[H]
19,19,1,[H]OC1([H])N2C([H])([H])C2([H])C2(N([H])C2([H])[H])C1([H])[H]
17,17,1,[H]OC([H])([H])C([H])(OC([H])=O)C([H])([H])C([H])=O
15,15,1,[H]Oc1c([H])c(C([H])=O)nn1C([H])([H])[H]
21,21,1,[H]OC1(C([H])([H])[H])N([H])C1([H])N1C([H])([H])C1([H])C([H])([H])[H]
19,19,1,[H]C1=C([H])C2(C([H])([H])N([H])[H])N3C1([H])C([H])([H])C32[H]
18,18,1,[H]C#CC([H])([H])N([H])C([H])([H])C([H])(C#C[H])O[H]
19,19,1,[H]OC1([H])C2([H])OC2([H])C2([H])C([H])([H])C1([H])C2([H])[H]
19,19,1,[H]OC12C([H])([H])C1([H])C1(C([H])([H])C([H])([H])[H])OC12[H]
21,21,1,[H]C1([H])C2([H])C([H])([H])C3([H])C1([H])C2([H])C31C([H])([H])C1([H])[H]
18,18,1,[H]OC(=O)C12C([H])([H])N(C([H])([H])[H])C1([H])C2([H])[H]
23,23,1,[H]OC([H])([H])C([H])([H])C([H])([H])C([H])(C([H])=O)C([H])([H])C([H])([H])[H]
18,18,1,[H]C1=NC([H])([H])C2([H])C([H])([H])OC2([H])C([H])([H])O1
19,19,1,[H]N1C([H])([H])OC23C([H])([H])N([H])C2(C1([H])[H])C3([H])[H]
18,17,0,[H]OC([H])([H])C([H])([H])C([H])(C=C=O)OC([H])([H])[H]
16,15,0,[H]C1=C([H])C([H])([H])C2(O)OC1([H])C([H])=C2[H]
15,15,1,[H]c1oc(N([H])[H])nc1N([H])C([H])([H])[H]
17,17,1,[H]C([H])([H])C1(C#N)C([H])([H])C1([H])C([H])([H])C#N
16,15,0,[H]C(=O)C1N2C([H])([H])C2([H])C2([H])N([H])C12[H]
22,21,0,[H]N([H])C(C([H])([H])[H])(C([H])([H])[H])C([H])(C([H])([H])[H])C([H])([H])O
20,20,1,[H]OC1([H])C([H])([H])C([H])(C([H])([H])[H])C1(C#N)C([H])([H])[H]
15,14,0,[H]OC([H])(C([H])(O)C#N)C([H])([H])C([H])=O
23,23,1,[H]C#CC([H])(O[H])C([H])(C([H])([H])[H])C([H])(C([H])([H])[H])C([H])([H])[H]
16,16,1,[H]OC1(C(=O)N([H])[H])C2([H])OC1([H])C2([H])[H]
12,11,0,[H]C1=C(N([H])[H])C(=O)NN=NO1
23,23,1,[H]C1=C(C([H])([H])[H])C([H])([H])C2([H])C([H])([H])C([H])(C1([H])[H])C2([H])[H]
21,21,1,[H]OC1([H])C([H])([H])OC2([H])C([H])([H])C1([H])C2([H])C([H])([H])[H]
17,17,1,[H]OC12C([H])([H])C([H])([H])C1([H])C1([H])N([H])C12[H]
19,19,1,[H]C1([H])OC2([H])C([H])([H])C3([H])C([H])(O1)C3([H])C2([H])[H]
15,13,0,
15,15,1,[H]Oc1c([H])c([H])noc1=NC([H])([H])[H]
15,15,1,[H]N=C1OC(=O)C2([H])N([H])C12C([H])([H])[H]
19,19,1,[H]C1=C([H])C2([H])N(C1([H])C([H])([H])[H])C2([H])C([H])([H])[H]
19,19,1,[H]C1=C([H])C2([H])OC3([H])C([H])([H])C23C([H])([H])C1([H])[H]
18,18,1,[H]C(=O)C1([H])N2C([H])([H])C2([H])C2([H])C([H])([H])C12[H]
15,15,1,[H]c1nc2c(o1)OC([H])([H])C2([H])N([H])[H]
17,17,1,[H]C1=NC2([H])C([H])([H])C3([H])C([H])([H])C(=N1)C23[H]
18,16,0,[H]C1C2([H])C([H])([H])C([H])([H])C1(O)C([H])([H])C2([H])[H]
23,23,1,[H]C([H])([H])C1([H])C([H])([H])OC([H])([H])C2([H])C([H])([H])C12C([H])([H])[H]
15,15,1,[H]c1oc(=O)nc(C([H])([H])[H])c1N([H])[H]
19,19,1,[H]OC1(C([H])([H])[H])C2([H])OC3([H])C([H])([H])C1([H])C32[H]
19,19,1,[H]N1C(C#N)(C([H])([H])C([H])([H])[H])C12C([H])([H])C2([H])[H]
19,19,1,[H]C1([H])N2C3([H])N4C1([H])C([H])([H])C4([H])C2([H])C3([H])[H]
14,14,1,[H]Oc1nc([H])nn1C(=O)C([H])([H])[H]
15,14,0,
25,25,1,[H]C1=C([H])C([H])(C([H])([H])C([H])([H])[H])C([H])(C([H])([H])[H])C1([H])C([H])([H])[H]
25,25,1,[H]C([H])([H])C([H])([H])OC1([H])C([H])(C([H])([H])[H])C1([H])C([H])([H])C([H])([H])[H]
13,9,0,
18,18,1,[H]OC1([H])C([H])([H])N([H])C([H])([H])C2([H])N([H])C12[H]
20,20,1,[H]N1C([H])([H])C23C([H])([H])C1([H])C2([H])C1([H])C([H])([H])C13[H]
19,19,1,[H]C(=O)C1([H])C2([H])OC([H])([H])C2([H])C1([H])C([H])([H])[H]
13,11,0,[H]C(=O)OC1=C(N([H])[H])NNN1[H]
23,23,1,[H]C(=O)C([H])([H])C([H])(C([H])([H])C([H])([H])[H])C1([H])C([H])([H])C1([H])[H]
11,10,0,[H]c1nn([H])c([H])c1[N+](=O)[O-]
23,23,1,[H]N([H])C(=O)C([H])(N([H])C([H])([H])[H])C([H])(C([H])([H])[H])C([H])([H])[H]
14,14,1,[H]C(=O)c1noc([H])c1OC([H])([H])[H]
18,18,1,[H]N1C([H])([H])OC(=O)C([H])(OC([H])([H])[H])C1([H])[H]
22,22,1,[H]C([H])([H])C([H])([H])C12N3C([H])([H])C([H])(C([H])([H])C1([H])[H])C32[H]
19,19,1,[H]C(=O)C1([H])C([H])([H])C([H])([H])OC12C([H])([H])C2([H])[H]
21,21,1,[H]C([H])([H])OC1([H])C([H])([H])C([H])([H])C([H])([H])C12OC2([H])[H]
16,16,1,[H]OC1(C#N)C2([H])C([H])=C([H])C([H])([H])C12[H]
19,19,1,[H]C([H])([H])C1([H])OC2(OC2([H])[H])C2([H])C([H])([H])C12[H]
18,18,1,[H]C(=O)C([H])=C([H])C1([H])C([H])([H])C1([H])C([H])([H])[H]
20,20,1,[H]C#CC([H])([H])OC([H])([H])C1([H])N([H])C1([H])C([H])([H])[H]
14,14,1,[H]C1=C([H])C([H])([H])c2nn([H])c([H])c21
13,9,0,
16,16,1,[H]OC([H])([H])C1([H])OC([H])([H])C2([H])OC12[H]
21,20,0,[H]OC1C([H])([H])C([H])([H])C2(C([H])([H])[H])N(C([H])([H])[H])C12[H]
17,17,1,[H]N1C2([H])C([H])([H])C(C#N)(OC([H])([H])[H])C12[H]
18,18,1,[H]N1C([H])([H])C1([H])C(=O)C([H])([H])C#CC([H])([H])[H]
19,19,1,[H]OC12C([H])([H])C3(C([H])([H])[H])C([H])([H])C1([H])C23O[H]
16,16,1,[H]C(=O)C([H])(OC([H])([H])[H])C1([H])OC1([H])[H]
17,17,1,[H]C(=O)OC1([H])OC([H])([H])C12C([H])([H])C2([H])[H]
13,13,1,[H]N=c1oc(=O)n([H])c([H])c1O[H]
19,19,1,[H]N=C1C([H])([H])N2C([H])([H])C12C([H])([H])C([H])([H])O[H]
22,22,1,[H]OC1([H])C([H])([H])C([H])([H])C12N(C([H])([H])[H])C2([H])C([H])([H])[H]
18,18,1,[H]N([H])C1([H])C(=O)OC([H])(C([H])([H])[H])OC1([H])[H]
23,23,1,[H]C([H])([H])C1([H])C([H])([H])C2(C([H])([H])[H])OC([H])([H])C([H])([H])C12[H]
21,21,1,[H]C#CC([H])([H])C([H])(C([H])([H])[H])C1([H])OC1([H])C([H])([H])[H]
14,14,1,[H]N1C(=O)C(=O)C(=O)C1([H])C([H])([H])[H]
23,23,1,[H]N(C([H])([H])[H])C1(C([H])([H])[H])C([H])(C([H])([H])[H])C1([H])C([H])([H])[H]
20,20,1,[H]N([H])C(=O)C(C(=O)C([H])([H])[H])(C([H])([H])[H])C([H])([H])[H]
14,14,1,[H]OC([H])([H])C1([H])C(=O)C(=O)C1([H])[H]
18,18,1,[H]N([H])C([H])(C#N)C1([H])N2C([H])([H])C1([H])C2([H])[H]
20,20,1,[H]OC1([H])C2([H])C([H])([H])C1(N([H])[H])C2([H])OC([H])([H])[H]
15,15,1,[H]C(=O)c1noc(C([H])([H])[H])c1N([H])[H]
16,16,1,[H]C1=NC([H])(C([H])([H])N([H])[H])N([H])C(=O)O1
25,25,1,[H]C([H])([H])C([H])([H])C([H])([H])C(=O)C([H])(C([H])([H])[H])C([H])([H])C([H])([H])[H]
17,17,1,[H]N=C1OC2([H])N3C1([H])C3(C([H])([H])[H])C2([H])[H]
25,25,1,[H]C1=C([H])C([H])(C([H])([H])C([H])([H])[H])C([H])(C([H])([H])[H])C1([H])C([H])([H])[H]
23,23,1,[H]N([H])C(=O)C(C([H])([H])[H])(C([H])([H])[H])C([H])(N([H])[H])C([H])([H])[H]
24,24,1,[H]OC([H])([H])C1(C([H])([H])C([H])([H])[H])N([H])C1(C([H])([H])[H])C([H])([H])[H]
18,16,0,
17,17,1,[H]c1onc2c1C([H])([H])C([H])([H])N([H])C2([H])[H]
18,18,1,[H]C([H])([H])C1=NC2([H])C([H])(C1=O)C2([H])C([H])([H])[H]
18,18,1,[H]N=C([H])OC1([H])C([H])([H])OC1([H])C([H])([H])O[H]
20,20,1,[H]C([H])([H])C12N3C([H])(C([H])([H])C31[H])C1([H])C([H])([H])C12[H]
18,18,1,[H]C#CC([H])([H])C12N3C([H])([H])C([H])(C1([H])[H])C32[H]
19,19,1,[H]C([H])([H])C([H])([H])C12C([H])([H])N(C1([H])[H])C2([H])C#N
19,19,1,[H]C1=NC([H])=C([H])C2(N(C([H])([H])[H])C2([H])[H])C1([H])[H]
14,14,1,[H]C(=O)N([H])C1([H])C(=O)C2([H])OC21[H]
16,16,1,[H]C(=O)C([H])(C#N)C1(C([H])([H])[H])OC1([H])[H]
20,20,1,[H]OC([H])([H])C1([H])C([H])=C(C([H])([H])[H])C2([H])N([H])C21[H]
18,18,1,[H]OC([H])(C([H])=O)C([H])([H])N([H])C(=O)C([H])([H])[H]
21,21,1,[H]C1=NC([H])(N(C([H])([H])[H])C([H])([H])[H])C([H])([H])C([H])([H])O1
18,18,1,[H]N1C2([H])C(=O)OC(C([H])([H])[H])(C([H])([H])[H])C12[H]
14,14,1,[H]N1C(=O)C([H])([H])C1([H])OC([H])([H])[H]
15,15,1,[H]N1C([H])(C#N)C12C([H])([H])C1([H])OC12[H]
16,16,1,[H]C#CC1([H])OC1(C([H])([H])[H])C([H])([H])C#N
13,13,1,[H]c1noc(C([H])([H])C([H])([H])[H])n1
17,17,1,[H]N([H])C(=O)C#CC1(C([H])([H])[H])N([H])C1([H])[H]
25,25,1,[H]N1C([H])([H])C([H])([H])C([H])([H])C([H])(C([H])(N([H])[H])C([H])([H])[H])C1([H])[H]
16,15,0,
10,10,1,[H]N=c1oc([H])noc1=O
12,12,1,[H]Oc1oc(=O)c([H])c([H])c1[H]
17,17,1,[H]N1C2=NC([H])([H])C([H])([H])N([H])C2=NC1([H])[H]
20,20,1,[H]N=C(C#N)N([H])C([H])([H])C([H])(C([H])([H])[H])C([H])([H])[H]
18,18,1,[H]OC1([H])C([H])([H])C(O[H])(C(=O)N([H])[H])C1([H])[H]
18,18,1,[H]C1=C2C([H])([H])N([H])C3([H])C2([H])OC13C([H])([H])[H]
13,13,1,[H]c1nnc(C2([H])N([H])C2([H])[H])o1
23,23,1,[H]N(C([H])([H])[H])C([H])([H])C1([H])C2([H])N([H])C2([H])C1([H])C([H])([H])[H]
19,19,1,[H]OC1([H])C2([H])C3([H])C1([H])C1(C([H])([H])[H])C2([H])C31[H]
27,27,1,[H]N([H])C([H])(N(C([H])([H])[H])C([H])([H])[H])C([H])([H])C([H])([H])C([H])([H])C([H])([H])[H]
17,17,1,[H]C(=O)C(=O)N([H])C1([H])C([H])([H])C1([H])N([H])[H]
21,21,1,[H]C1=C([H])C([H])([H])C23C([H])([H])C([H])([H])C2([H])C3([H])C1([H])[H]
23,23,1,[H]C([H])([H])C([H])([H])N1C([H])(C([H])([H])[H])N2C([H])([H])C12C([H])([H])[H]
20,20,1,[H]C1=C(C([H])([H])[H])C2([H])OC1([H])C([H])([H])C([H])([H])N2[H]
21,21,1,[H]OC1([H])C([H])([H])N([H])C([H])([H])C2([H])N(C1([H])[H])C2([H])[H]
15,15,1,[H]C1([H])N2C3([H])C(=O)C4([H])N(C23[H])C14[H]
21,21,1,[H]OC1([H])C2(C([H])([H])[H])N([H])C1(C([H])([H])N([H])[H])C2([H])[H]
13,13,1,[H]C1([H])C(=O)C2([H])C([H])(C#N)C12[H]
20,20,1,[H]OC([H])([H])C#CN1C([H])([H])C1(C([H])([H])[H])C([H])([H])[H]
18,18,1,[H]OC([H])(C#CC([H])([H])N([H])C([H])=O)C([H])([H])[H]
19,19,1,[H]OC1([H])C([H])=C(C([H])([H])[H])C(=O)C([H])([H])C1([H])[H]
19,19,1,[H]C([H])([H])OC(=O)C1([H])OC([H])(C([H])([H])[H])C1([H])[H]
23,23,1,[H]N(C([H])([H])[H])C1([H])C([H])(C([H])([H])[H])C1([H])C([H])([H])C([H])([H])[H]
14,14,1,[H]C(=O)C1([H])C([H])([H])OC(=O)C1([H])[H]
19,19,1,[H]C(=O)C([H])([H])OC([H])=NN(C([H])([H])[H])C([H])([H])[H]
19,19,1,[H]C([H])([H])C1([H])N2C([H])([H])C1(C([H])([H])[H])C2([H])C#N
21,21,1,[H]N([H])C1([H])C2([H])N([H])C2([H])C12C([H])([H])C([H])([H])C2([H])[H]
23,23,1,[H]C(=O)C1(C([H])([H])C([H])([H])C([H])([H])[H])C([H])([H])C1([H])C([H])([H])[H]
15,15,1,[H]Oc1c(N([H])[H])oc([H])c1C([H])([H])[H]
19,19,1,[H]C#CC1([H])OC([H])(C([H])([H])C([H])([H])[H])C([H])=C1[H]
17,16,0,
15,15,1,[H]c1nn([H])c2c1nc(C([H])([H])[H])n2[H]
19,19,1,[H]N=C1OC([H])([H])C([H])([H])C12N([H])C2([H])C([H])([H])[H]
22,22,1,[H]OC([H])([H])C([H])(C([H])([H])[H])C([H])([H])C(=O)N([H])C([H])([H])[H]
17,17,1,[H]C([H])([H])C12OC3([H])N4C1([H])N2C([H])([H])C43[H]
15,15,1,[H]OC1([H])C([H])([H])C2=C([H])C([H])=NC21[H]
23,22,0,
20,19,0,[H]C([H])([H])C1([H])C([H])([H])C2([H])OC([H])([H])C([H])([H])C21O
18,18,1,[H]N([H])C1=NC([H])(C([H])([H])[H])C([H])([H])C1([H])C#N
22,22,1,[H]C([H])([H])OC1([H])C([H])([H])C([H])([H])C2([H])N(C([H])([H])[H])C12[H]
17,17,1,[H]C1=C([H])C([H])([H])N([H])C([H])(C#N)C([H])=C1[H]
20,20,1,[H]C(=O)N([H])C([H])([H])C1([H])C([H])([H])C([H])=C([H])C1([H])[H]
16,16,1,[H]C(=O)N([H])c1c([H])c([H])n([H])c1N([H])[H]
19,19,1,[H]C(=O)C([H])([H])OC1([H])OC([H])([H])C([H])([H])C1([H])[H]
16,16,1,[H]C(=O)C1(C([H])=C([H])[H])C(=O)C([H])([H])N1[H]
18,18,1,[H]OC1([H])C2([H])N([H])C([H])([H])C1([H])C1([H])OC12[H]
21,20,0,[H]C(=O)C([H])(N(C([H])([H])[H])C([H])([H])C([H])([H])[H])C([H])([H])O
20,20,1,[H]N=C1C([H])([H])C([H])(OC([H])([H])[H])C12C([H])([H])C2([H])[H]
16,15,0,
18,18,1,[H]C([H])([H])C1([H])C2([H])OC2([H])C2([H])C([H])([H])C12[H]
20,20,1,[H]OC1(C([H])(OC([H])([H])[H])C([H])([H])[H])C([H])([H])C1([H])[H]
20,20,1,[H]C([H])([H])C12N3C([H])([H])C([H])([H])OC1([H])C2([H])C3([H])[H]
16,16,1,[H]C(=O)C([H])([H])C#CC1([H])C([H])([H])C1([H])[H]
17,17,1,[H]C(=O)N1C2=C([H])C([H])([H])C([H])([H])C2([H])N1[H]
18,18,1,[H]C1=C([H])C([H])(C([H])([H])[H])C2([H])C([H])([H])OC12[H]
20,20,1,[H]C(=O)C([H])([H])N1C2([H])C([H])([H])C([H])(C([H])([H])[H])C12[H]
19,19,1,[H]OC1([H])C([H])([H])C([H])([H])C2(N([H])[H])C([H])([H])C12[H]
19,19,1,[H]OC([H])([H])C1(O[H])C([H])([H])C12C([H])([H])C2([H])O[H]
13,13,1,[H]N1C(=O)N2C3([H])C(=O)C1([H])C23[H]
20,20,1,[H]N1C2([H])OC2([H])C([H])([H])C2(C([H])([H])[H])C([H])([H])C12[H]
19,19,1,[H]c1nn([H])c(=NC([H])([H])C([H])([H])C([H])([H])[H])n1[H]
16,15,0,[H]OC([H])([H])C1=NC([H])([H])C(=O)N([H])C1[H]
15,15,1,[H]C1([H])OC2([H])C(=O)C3([H])OC1([H])C23[H]
21,21,1,[H]C#CC1(C([H])([H])C([H])([H])[H])C([H])([H])C2([H])C([H])([H])C21[H]
19,19,1,[H]N=C1OC([H])([H])C([H])(N([H])C([H])([H])[H])C([H])([H])O1
19,17,0,[H]OC(C([H])([H])[H])C12OC([H])C1([H])C([H])([H])C2([H])[H]
19,18,0,[H]C(=O)C([H])([H])C1N([H])C([H])([H])C1([H])OC([H])([H])[H]
14,14,1,[H]OC12N=C([H])C([H])([H])C1([H])C2([H])[H]
15,15,1,[H]C1([H])OC(=O)OC1([H])C1([H])OC1([H])[H]
12,12,1,[H]c1c(C([H])([H])[H])oc(=O)n1[H]
17,17,1,[H]OC(=O)C([H])([H])N([H])C([H])(C#N)C([H])([H])[H]
21,21,1,[H]C([H])([H])C([H])([H])C12C([H])([H])OC3([H])C([H])(C1([H])[H])C32[H]
15,14,0,[H]C([H])(O)C12OC3([H])C([H])([H])C1([H])C32[H]
15,15,1,[H]C#CC(C#N)(N([H])C([H])=O)C([H])([H])[H]
16,16,1,[H]C(=O)C12N([H])C1([H])N([H])C2([H])C([H])([H])[H]
19,19,1,[H]C#CC1([H])C([H])(OC([H])([H])O[H])C1([H])C([H])([H])[H]
18,18,1,[H]OC([H])(C([H])([H])[H])C([H])(C(=O)C#N)C([H])([H])[H]
22,22,1,[H]C1=C([H])C(C([H])([H])[H])(C([H])([H])N([H])[H])OC1([H])C([H])([H])[H]
18,18,1,[H]C#CC(=N[H])C1([H])OC([H])([H])C([H])([H])C1([H])[H]
21,20,0,[H]C([H])([H])C([H])(O)C([H])([H])C1([H])C([H])([H])C1([H])C([H])([H])[H]
18,18,1,[H]N1C([H])(OC([H])([H])[H])C(=O)OC([H])([H])C1([H])[H]
16,16,1,[H]C1=C(C([H])([H])[H])C2=NC3([H])C([H])(O2)C13[H]
17,17,1,[H]C([H])([H])C12C([H])(C#N)N3C([H])(C1([H])[H])C32[H]
23,23,1,[H]C([H])([H])C1([H])C2([H])C([H])([H])C3(C([H])([H])C3([H])[H])C([H])([H])C12[H]
15,15,1,[H]OC([H])([H])C12N([H])N(C1([H])[H])C2([H])[H]
18,18,1,[H]C1([H])N2C([H])([H])C2([H])C([H])([H])C([H])([H])C1([H])[H]
20,20,1,[H]C([H])([H])C12N3C([H])(C([H])([H])OC1([H])[H])C3([H])C2([H])[H]
13,13,1,[H]C1=C(C#N)C(=O)C([H])([H])C1([H])[H]
17,17,1,[H]N1C([H])([H])C1([H])C(C#N)(N([H])[H])C([H])([H])[H]
16,11,0,[H]C1N=CC2(C([H])([H])[H])NC(C2[H])C1([H])[H]
20,20,1,[H]N1C([H])([H])C(=O)C1([H])C1([H])C([H])([H])C([H])([H])C1([H])[H]
14,14,1,[H]OC([H])([H])c1nc([H])c([H])oc1=O
19,19,1,[H]c1c(OC([H])([H])C([H])([H])[H])c([H])n([H])c1N([H])[H]
18,18,1,[H]C([H])([H])C1([H])C([H])(C#N)C2([H])OC21C([H])([H])[H]
18,18,1,[H]n1nc(C([H])([H])[H])n(C([H])([H])C([H])([H])[H])c1=O
18,17,0,
15,15,1,[H]N=c1c(C([H])([H])O[H])noc([H])c1[H]
17,17,1,[H]C1=NC([H])(OC([H])([H])[H])C(=O)N([H])C1([H])[H]
23,23,1,[H]OC([H])(C([H])([H])[H])C([H])([H])C([H])([H])C1(O[H])C([H])([H])C1([H])[H]
20,20,1,[H]N=C(C#CC([H])([H])[H])C([H])([H])C([H])([H])OC([H])([H])[H]
14,14,1,[H]OC([H])([H])c1oc(C#N)c([H])c1[H]
17,17,1,[H]OC([H])(C(=O)C1([H])N([H])C1([H])[H])C([H])([H])[H]
16,16,1,[H]N1C2([H])C3([H])C1([H])C14OC([H])([H])C31C24[H]
12,8,0,
21,20,0,
19,19,1,[H]C1=NC([H])([H])C2(C([H])([H])C2([H])[H])C2([H])N([H])C12[H]
16,16,1,[H]C1=NC2(OC1([H])[H])C([H])([H])N([H])C2([H])[H]
21,21,1,[H]OC([H])(C([H])([H])[H])C1([H])C([H])([H])C2([H])OC([H])([H])C21[H]
20,20,1,[H]C([H])([H])N(C([H])([H])[H])C1(C([H])([H])[H])C([H])([H])C1([H])[H]
15,15,1,[H]N1C2(C#N)C([H])([H])C(=O)C12C([H])([H])[H]
21,21,1,[H]OC1(C([H])([H])C([H])=O)C([H])([H])C1([H])C([H])([H])C([H])([H])[H]
19,19,1,[H]C1=C(C([H])([H])[H])OC([H])([H])N=C1N([H])C([H])([H])[H]
17,17,1,[H]ON=C1N([H])C([H])=C([H])C1([H])OC([H])([H])[H]
17,17,1,[H]N1C2(C#N)C([H])([H])C23C([H])([H])C13C([H])([H])[H]
20,20,1,[H]C([H])([H])C([H])([H])C12N3C([H])([H])C3([H])OC1([H])C2([H])[H]
15,13,0,[H]OC([H])(C1=NN=C([H])NN1)C([H])([H])[H]
16,16,1,[H]OC12C3(C([H])=O)N([H])C([H])([H])C1([H])C32[H]
15,15,1,[H]OC1([H])C([H])(C#N)C2([H])C([H])([H])C12[H]
19,19,1,[H]C([H])([H])OC1([H])OC2([H])C([H])([H])C2([H])OC1([H])[H]
19,19,1,[H]OC1([H])C([H])([H])C1(OC([H])=NC([H])([H])[H])N([H])[H]
10,6,0,
16,16,1,[H]C#CC([H])(O[H])C1=NC([H])([H])C([H])=C1[H]
14,12,0,
19,19,1,[H]C1([H])OC2(C([H])([H])[H])C([H])(C1=O)C2([H])C([H])([H])[H]
18,18,1,[H]C#CC1([H])C([H])([H])N([H])C(=O)C1([H])C([H])([H])[H]
22,21,0,[H]C1=NC([H])(C([H])([H])[H])N(C([H])([H])[H])C1C([H])([H])C([H])([H])[H]
16,16,1,[H]ON=C1C([H])([H])N(C#N)C([H])([H])C1([H])[H]
20,20,1,[H]C1=C([H])C([H])([H])C([H])([H])C([H])([H])OC1=NC([H])([H])[H]
19,16,0,[H]C1C([H])([H])NC2(C([H])([H])[H])C([H])C1([H])OC2([H])[H]
21,21,1,[H]OC1([H])C(C([H])([H])[H])=C([H])C([H])([H])C([H])(O[H])C1([H])[H]
15,13,0,[H]C1C(=O)C2([H])NC([H])(C([H])([H])[H])C12[H]
14,14,1,[H]C1=C(C#N)C([H])([H])N2C([H])([H])C12[H]
16,16,1,[H]c1nc2c(o1)OC([H])([H])C([H])([H])C2([H])[H]
22,22,1,[H]C1=C(C([H])([H])[H])C2([H])C([H])([H])C([H])([H])C([H])(N1[H])C2([H])[H]
15,15,1,[H]C1=NC2([H])C(=C([H])C1=O)N([H])C2([H])[H]
20,20,1,[H]N1C([H])([H])C([H])([H])C(=O)C2([H])C1([H])C2([H])C([H])([H])[H]
16,16,1,[H]OC1([H])C(=NC([H])([H])[H])OC(=O)C1([H])[H]
25,25,1,[H]OC1(C([H])([H])C([H])([H])[H])C([H])([H])C([H])(C([H])([H])[H])C1([H])C([H])([H])[H]
18,18,1,[H]C([H])([H])C1([H])N2C3([H])C(=O)C1(C([H])([H])[H])C23[H]
21,21,1,[H]C(=O)N([H])C([H])([H])C(=NC([H])([H])C([H])([H])[H])C([H])([H])[H]
15,15,1,[H]c1nc2c(o1)N([H])C1([H])C([H])([H])C21[H]
15,15,1,[H]C#Cc1noc(C([H])([H])[H])c1N([H])[H]
13,13,1,[H]C1=C(C#N)C2([H])OC2([H])C1([H])[H]
18,17,0,[H]C1([H])OC2C1([H])OC([H])([H])C1([H])C([H])([H])C21[H]
18,18,1,[H]OC1([H])C2([H])OC([H])(C2([H])[H])C2([H])N([H])C12[H]
23,23,1,[H]OC([H])(C([H])([H])[H])C1([H])OC1([H])C([H])(C([H])([H])[H])C([H])([H])[H]
19,19,1,[H]C#CC(O[H])(C([H])([H])[H])C([H])([H])N([H])C([H])([H])[H]
17,17,1,[H]OC1([H])C2([H])C([H])([H])C1(O[H])C1([H])OC12[H]
16,16,1,[H]C1([H])OC([H])([H])C2([H])C3([H])OC1([H])C32[H]
21,21,1,[H]OC1([H])C([H])(C([H])([H])[H])N([H])C1([H])C1([H])N([H])C1([H])[H]
17,17,1,[H]OC([H])([H])C1(C#N)C([H])([H])C2([H])N([H])C21[H]
23,23,1,[H]C1=C([H])C2(C([H])([H])C([H])([H])[H])C([H])([H])C2([H])C([H])([H])C1([H])[H]
18,18,1,[H]c1onc(C([H])(N([H])[H])C([H])([H])[H])c1N([H])[H]
21,21,1,[H]C(=O)C([H])([H])C1([H])C([H])=C([H])C([H])([H])C1([H])C([H])([H])[H]
14,14,1,[H]c1c([H])n([H])c(N([H])[H])c([H])c1=O
21,21,1,[H]OC1([H])C([H])([H])C([H])=C([H])C2(C([H])([H])C2([H])[H])C1([H])[H]
17,17,1,[H]OC([H])(C([H])([H])[H])C([H])(O[H])C([H])([H])C#N
16,16,1,[H]C1([H])OC([H])(C([H])([H])[H])OC([H])([H])C1=O
19,19,1,[H]C([H])([H])C1([H])C([H])([H])C([H])([H])C2([H])OC(=O)C21[H]
16,16,1,[H]OC([H])(c1c([H])oc(=O)n1[H])C([H])([H])[H]
19,19,1,[H]OC1([H])C([H])([H])C([H])([H])C2([H])C3([H])OC1([H])C32[H]
18,18,1,[H]C([H])([H])C([H])([H])C12N3C(=O)C1([H])C([H])([H])C32[H]
18,18,1,[H]c1nc(N([H])[H])c(N([H])C([H])([H])C([H])([H])[H])o1
19,19,1,[H]N1C(=O)C2([H])N1C2([H])C([H])(C([H])([H])[H])C([H])([H])[H]
21,21,1,[H]C([H])([H])C1([H])C2([H])C([H])([H])C1(C([H])([H])[H])C1([H])OC12[H]
18,18,1,[H]C#CC([H])([H])C([H])(O[H])C([H])([H])C(=O)N([H])[H]
23,23,1,[H]OC([H])([H])C1(N([H])[H])N(C([H])([H])[H])C([H])([H])C1([H])C([H])([H])[H]
16,16,1,[H]C#CC1([H])N2C([H])([H])OC3([H])C2([H])C13[H]
23,23,1,[H]N(C([H])([H])C([H])([H])C#N)C([H])([H])C([H])(C([H])([H])[H])C([H])([H])[H]
13,13,1,[H]N=c1c([H])c([H])n([H])c(F)c1F
20,20,1,[H]C(=O)C12N([H])C1([H])C([H])([H])C([H])(C([H])([H])[H])C2([H])[H]
18,18,1,[H]C([H])([H])C(=O)C(=O)C([H])([H])C([H])([H])C([H])([H])[H]
19,19,1,[H]C1=C([H])C([H])(C([H])([H])[H])N([H])C(=O)N1C([H])([H])[H]
10,10,1,[H]c1nc(F)c(=O)oc1[H]
14,13,0,[H]C=C1OC12C(=N[H])N=C([H])C2([H])[H]
18,18,1,[H]N=C1OC2([H])C([H])(O[H])C([H])([H])C([H])([H])C12[H]
19,19,1,[H]N1C(=O)N([H])C([H])(OC([H])([H])[H])C([H])([H])C1([H])[H]
14,14,1,[H]C(=O)OC#CC([H])([H])C([H])([H])C#N
22,22,1,[H]C(=O)C1([H])C([H])(C([H])([H])[H])N([H])C([H])([H])C1([H])C([H])([H])[H]
18,14,0,[H]C1=C([H])C(OC([H])([H])[H])C([H])C(C([H])([H])[H])N1
17,17,1,[H]OC([H])(C#N)N1C([H])([H])C1([H])OC([H])([H])[H]
20,19,0,[H]OC1(C([H])N([H])C([H])([H])[H])C([H])([H])C1([H])C([H])([H])[H]
11,11,1,[H]N=C1OC([H])([H])C([H])([H])O1
15,15,1,[H]c1c([H])n([H])c2c1nc(N([H])[H])n2[H]
17,17,1,[H]C#CC1([H])C([H])(C#N)N([H])C([H])([H])C1([H])[H]
20,20,1,[H]OC([H])([H])C([H])(C([H])([H])C#N)C([H])([H])OC([H])([H])[H]
10,10,1,[H]c1nn([H])c2nonc12
19,19,1,[H]C([H])([H])C12C([H])([H])C1([H])C(=O)C21C([H])([H])C1([H])[H]
17,17,1,[H]OC1([H])C2([H])N=C([H])N([H])C3([H])C2([H])C13[H]
23,22,0,
25,25,1,[H]OC([H])([H])C1(C([H])([H])C([H])(C([H])([H])[H])C([H])([H])[H])C([H])([H])C1([H])[H]
14,12,0,[H]C1=NC([H])=C([H])C2N=C([H])N([H])C12
19,19,1,[H]C#CC12C([H])([H])C3([H])C1([H])C3(C([H])([H])[H])C2([H])[H]
18,18,1,[H]C([H])([H])OC1(C([H])([H])[H])C(=O)C([H])([H])C1([H])[H]
21,21,1,[H]OC12C([H])([H])C([H])(C([H])([H])[H])C([H])=C([H])C1([H])C2([H])[H]
19,19,1,[H]C([H])([H])C1([H])OC([H])([H])C2([H])OC3([H])C1([H])C23[H]
16,14,0,
16,16,1,[H]C#CC1([H])C([H])([H])C([H])(O[H])C1([H])C#N
23,23,1,[H]C1=C(C([H])([H])[H])C([H])(C([H])([H])[H])C2([H])C([H])([H])C2([H])C1([H])[H]
18,18,1,[H]N([H])C([H])([H])C(=O)N(C([H])([H])[H])C([H])([H])C#N
13,10,0,
19,19,1,[H]c1c(OC([H])([H])[H])c(N([H])[H])c([H])n1C([H])([H])[H]
20,18,0,[H]OC([H])([H])C1C([H])([H])C2([H])C([H])([H])NC([H])([H])C12[H]
16,16,1,[H]C1([H])OC2([H])OC3([H])C2([H])C3([H])C1([H])[H]
20,20,1,[H]N=C([H])C([H])([H])C([H])([H])C([H])([H])C([H])([H])OC([H])=O
18,17,0,[H]OC1([H])C(C([H])=O)OC1([H])C([H])([H])C([H])([H])[H]
15,15,1,[H]C([H])([H])C12C3([H])N4C3([H])C1([H])C42C#N
19,19,1,[H]C([H])([H])N=C(OC([H])([H])[H])OC([H])([H])C([H])([H])[H]
17,17,1,[H]C([H])([H])OC1([H])C2([H])N3C([H])([H])C3([H])C12[H]
19,19,1,[H]N=C(C(=O)N([H])[H])C([H])([H])C([H])(O[H])C([H])([H])[H]
17,17,1,[H]C(=O)C1([H])C([H])([H])C2([H])N([H])C12C([H])([H])[H]
14,14,1,[H]C#CC([H])([H])c1nn([H])c(=O)n1[H]
21,21,1,[H]C([H])([H])C1([H])OC2([H])C([H])([H])OC([H])([H])C12C([H])([H])[H]
19,19,1,[H]C(=O)C1=C([H])C([H])(C([H])([H])[H])C([H])=C1C([H])([H])[H]
20,20,1,[H]C([H])([H])N1C([H])([H])C2([H])OC3([H])C([H])([H])C2([H])C13[H]
16,9,0,[H]C([H])C1C(N([H])C([H])O)C([H])C([H])N1[H]
13,13,1,[H]N([H])C1(C#N)C([H])([H])C1([H])C#N
15,14,0,[H]OC([H])(C([H])([H])[H])C([H])(C#N)C(=O)O
23,23,1,[H]C([H])([H])C1=C(C([H])([H])[H])C2([H])C([H])([H])C2(C([H])([H])[H])C1([H])[H]
19,19,1,[H]c1c(C([H])([H])OC([H])([H])[H])nn(C([H])([H])[H])c1[H]
15,15,1,[H]C1(C#N)OC2([H])C([H])([H])C([H])([H])C12[H]
18,18,1,[H]N([H])C1([H])C([H])([H])OC(=O)C12C([H])([H])C2([H])[H]
20,20,1,[H]C([H])([H])C1([H])C([H])([H])C2([H])C([H])([H])C([H])([H])OC12[H]
19,19,1,[H]C#CC1([H])C([H])=C([H])C([H])=C([H])C1([H])C([H])([H])[H]
19,19,1,[H]C#CC1(C([H])([H])[H])C2([H])C([H])([H])C([H])(O[H])C21[H]
18,18,1,[H]N=C1OC2([H])C([H])([H])C([H])([H])C2([H])C([H])=C1[H]
21,20,0,[H]C(=NC([H])([H])[H])C(O)(C([H])([H])[H])C1([H])C([H])([H])C1([H])[H]
13,13,1,[H]C1([H])OC(=O)C(=O)C(=O)C1([H])[H]
18,18,1,[H]C(=O)C1([H])C([H])([H])C2(C([H])([H])[H])C([H])=NC12[H]
20,20,1,[H]N=C1C(=O)C([H])([H])C([H])([H])C([H])(C([H])([H])[H])C1([H])[H]
15,15,1,[H]C1([H])C2([H])OC3([H])C1([H])C3([H])C2([H])[H]
21,21,1,[H]OC([H])(C([H])([H])[H])C12C([H])([H])C([H])=C([H])C1([H])C2([H])[H]
18,18,1,[H]C#CC(=C1N([H])C1([H])C([H])([H])O[H])C([H])([H])[H]
19,19,1,[H]c1nc([H])c(C([H])(N([H])C([H])([H])[H])C([H])([H])[H])o1
19,19,1,[H]OC1([H])C([H])([H])C2(C([H])([H])[H])C(=O)C1([H])C2([H])[H]
16,16,1,[H]OC1([H])C(=C([H])C#N)C([H])([H])OC1([H])[H]
23,23,1,[H]C([H])([H])C([H])([H])C1([H])C([H])([H])C(=O)C([H])([H])C1([H])C([H])([H])[H]
20,20,1,[H]C([H])([H])C1([H])OC1(C([H])([H])[H])C1([H])N2C([H])([H])C21[H]
20,20,1,[H]N1C2([H])OC3([H])C([H])([H])C([H])([H])C([H])([H])C([H])([H])C123
20,19,0,
18,18,1,[H]N=C1OC([H])([H])C([H])=C([H])C([H])=C1C([H])([H])[H]
18,18,1,[H]N=C([H])c1nn(C([H])([H])C([H])([H])[H])c([H])c1[H]
4,2,0,[H]C=C=N
17,17,1,[H]C1([H])C(=O)OC2([H])C1([H])C21C([H])([H])C1([H])[H]
16,14,0,
21,21,1,[H]C1=C([H])C2(C([H])([H])C1([H])OC([H])([H])[H])C([H])([H])C2([H])[H]
17,17,1,[H]N=C1OC([H])([H])N1C([H])([H])C1([H])OC1([H])[H]
16,15,0,[H]C(=O)C1([H])OC2([H])C([H])([H])C([H])(O)C12[H]
16,16,1,[H]C([H])([H])OC([H])([H])C([H])([H])c1nnon1
15,15,1,[H]C#CC(=O)C(=O)C1([H])C([H])([H])C1([H])[H]
19,19,1,[H]C1([H])OC2([H])C([H])([H])C2([H])C2([H])OC([H])([H])C12[H]
22,21,0,[H]C([H])([H])C1([H])C([H])([H])C2(C([H])([H])O)C([H])([H])C([H])([H])C12[H]
14,14,1,[H]N=c1nc([H])c([H])c([H])nc1O[H]
17,17,1,[H]N=C1N([H])C(=N[H])C2([H])N([H])C2([H])C1([H])[H]
21,21,1,[H]N1C([H])([H])C([H])([H])C([H])([H])C1([H])C([H])([H])OC([H])([H])[H]
15,15,1,[H]C12OC1([H])C1([H])C3([H])C(=O)C2([H])C31[H]
20,20,1,[H]OC1(C([H])([H])[H])C([H])=C([H])C([H])([H])N2C([H])([H])C21[H]
16,16,1,[H]Oc1nn([H])c([H])c1C([H])([H])C([H])([H])[H]
23,23,1,[H]N([H])C12C([H])([H])N(C([H])([H])[H])C([H])(C([H])([H])C1([H])[H])C2([H])[H]
21,21,1,[H]C(=O)OC([H])([H])C([H])([H])C([H])(OC([H])([H])[H])C([H])([H])[H]
17,15,0,
22,22,1,[H]N(C([H])([H])C([H])([H])C([H])([H])[H])C([H])([H])C([H])([H])C([H])([H])[H]
15,15,1,[H]OC12C(=O)OC1([H])C(C([H])([H])[H])=C2[H]
17,15,0,[H]OC([H])([H])C1(O[H])NC([H])([H])C2([H])NC21[H]
19,19,1,[H]N1C2([H])C([H])(C([H])([H])[H])OC3(N([H])C3([H])[H])C12[H]
12,12,1,[H]c1nc([H])n2c1N([H])C2([H])[H]
18,18,1,[H]C#CC1(C([H])([H])C([H])([H])[H])C(=O)C([H])([H])N1[H]
18,18,1,[H]OC12C([H])([H])C([H])([H])C1([H])C1([H])C([H])([H])C12[H]
16,16,1,[H]OC([H])([H])C1([H])OC2([H])C([H])([H])OC12[H]
13,13,1,[H]C1=NC(=O)OC([H])([H])N([H])C1=O
21,21,1,[H]OC1([H])C2([H])C([H])([H])C2(C([H])([H])[H])C1(O[H])C([H])([H])[H]
20,20,1,[H]N1C2([H])N(C([H])([H])C2([H])[H])C([H])([H])C1([H])C([H])([H])[H]
17,17,1,[H]C([H])([H])C1([H])C([H])([H])C([H])([H])C1([H])OC#N
16,16,1,[H]C#CC12N(C([H])([H])C1([H])C([H])=O)C2([H])[H]
18,18,1,[H]C(=O)C1=C([H])C2(N([H])[H])C([H])([H])C1([H])C2([H])[H]
16,16,1,[H]C1=NC([H])([H])OC2([H])C(=N1)N([H])C2([H])[H]
22,22,1,[H]C1=C([H])C2([H])C([H])([H])C([H])([H])C2(N([H])C([H])([H])[H])C1([H])[H]
17,17,1,[H]N1C([H])([H])C(=O)C1([H])C([H])(C#N)C([H])([H])[H]
20,20,1,[H]C([H])([H])N(C([H])([H])[H])C1([H])OC12C([H])([H])OC2([H])[H]
14,14,1,[H]C1([H])C([H])([H])C1([H])C#CC(=O)C#N
18,18,1,[H]OC1([H])C([H])([H])C2(N([H])C3([H])OC32[H])C1([H])[H]
22,22,1,[H]OC1([H])N(C([H])([H])C([H])([H])[H])C([H])([H])C([H])(O[H])C1([H])[H]
17,15,0,[H]C1=C2N(NC1[H])C([H])([H])C2([H])OC([H])([H])[H]
18,18,1,[H]N1C([H])([H])C12C([H])([H])C([H])([H])N1C([H])([H])C12[H]
19,19,1,[H]OC1([H])C([H])([H])C([H])([H])C([H])(N([H])[H])C1([H])C#N
16,16,1,[H]C1=C([H])C23C([H])([H])C4([H])C2([H])C1([H])C43[H]
16,16,1,[H]OC1([H])C(=O)C([H])(O[H])C([H])([H])C1([H])[H]
16,16,1,[H]OC1([H])N2C(=O)C([H])(OC1([H])[H])C2([H])[H]
23,23,1,[H]C1=C(C([H])([H])[H])C([H])(OC([H])([H])[H])C([H])([H])C1([H])C([H])([H])[H]
16,16,1,[H]N1C([H])([H])C1([H])C1([H])OC([H])([H])OC1=O
19,19,1,[H]c1c(C([H])([H])[H])noc1N([H])C([H])([H])C([H])([H])[H]
23,23,1,[H]C(=O)C1([H])C([H])([H])C([H])(C([H])([H])C([H])([H])C([H])([H])[H])C1([H])[H]
17,17,1,[H]N=C([H])C1(C#N)OC([H])([H])C([H])([H])C1([H])[H]
21,21,1,[H]OC([H])([H])C([H])([H])C1=C([H])C([H])([H])C([H])([H])C1([H])O[H]
19,19,1,[H]OC1([H])C2(O[H])C3([H])C([H])([H])C3([H])C12C([H])([H])[H]
19,19,1,[H]C1=C([H])C2(OC([H])([H])[H])OC1([H])C([H])([H])C2([H])[H]
17,17,1,[H]C#CC1([H])C([H])([H])C(O[H])(C([H])=O)C1([H])[H]
25,25,1,[H]C1=C(C([H])([H])[H])C([H])(C([H])([H])C([H])([H])[H])C([H])([H])C1([H])C([H])([H])[H]
21,21,1,[H]C([H])([H])C(=O)C1([H])OC(C([H])([H])[H])(C([H])([H])[H])C1([H])[H]
22,22,1,[H]C([H])([H])C1([H])OC([H])(N2C([H])([H])C2([H])C([H])([H])[H])C1([H])[H]
16,16,1,[H]N=C1N(C([H])([H])[H])C([H])(C([H])=O)C1([H])[H]
20,20,1,[H]OC1([H])N([H])C1([H])C([H])([H])C([H])([H])C([H])([H])C([H])=O
17,17,1,[H]C([H])([H])C12OC([H])([H])C1(C([H])([H])[H])C2([H])[H]
20,19,0,
25,25,1,[H]OC1(C([H])([H])[H])C([H])([H])C1([H])C(C([H])([H])[H])(C([H])([H])[H])C([H])([H])[H]
18,18,1,[H]OC12N3C1([H])C1([H])C3([H])C21C([H])([H])C([H])([H])[H]
17,17,1,[H]OC([H])([H])C([H])([H])OC([H])([H])C(=O)C([H])=O
19,19,1,[H]C#CC([H])(C(=O)C([H])([H])[H])C([H])([H])C([H])([H])O[H]
21,21,1,[H]OC1([H])C([H])([H])C1(N([H])C([H])=NC([H])([H])[H])C([H])([H])[H]
16,16,1,[H]N=C1OC([H])([H])C([H])(O[H])N1C([H])([H])[H]
22,22,1,[H]C([H])([H])C1([H])N(C([H])([H])C2([H])C([H])([H])OC2([H])[H])C1([H])[H]
19,19,1,[H]C([H])([H])C([H])([H])C1=NC2([H])N(O1)C([H])([H])C2([H])[H]
17,17,1,[H]N=C(OC([H])=NC([H])([H])[H])C([H])([H])C([H])=O
19,19,1,[H]C#CC1(C([H])([H])[H])OC([H])([H])C2([H])C([H])([H])C12[H]
19,19,1,[H]OC([H])([H])C1([H])OC([H])([H])C1([H])C#CC([H])([H])[H]
17,17,1,[H]C1=NC([H])(C([H])([H])[H])C(=O)C2([H])N1C2([H])[H]
15,13,0,[H]C#CC([H])([H])C1NN([H])N=C1N([H])[H]
17,17,1,[H]N=C1N([H])C([H])([H])C2([H])OC([H])([H])C1([H])O2
14,14,1,[H]c1nc([H])n([H])c1C(=O)C([H])([H])[H]
17,17,1,[H]C1=NC([H])([H])OC1([H])C([H])(C#N)C([H])([H])[H]
21,21,1,[H]OC1([H])N2C([H])([H])N(C1([H])[H])C2(C([H])([H])[H])C([H])([H])[H]
19,19,1,[H]N=C([H])C1(C([H])(C#N)C([H])([H])[H])C([H])([H])C1([H])[H]
18,18,1,[H]OC12C(=O)N([H])C([H])([H])C([H])([H])C1([H])C2([H])[H]
18,18,1,[H]C#CC([H])([H])N1C([H])([H])C([H])(C([H])=O)C1([H])[H]
19,19,1,[H]OC([H])(C([H])([H])[H])C12N3C([H])(N([H])C31[H])C2([H])[H]
17,17,1,[H]OC([H])([H])C1([H])OC(=NC([H])([H])[H])C1([H])[H]
22,22,1,[H]C([H])([H])C1([H])C2([H])N3C([H])([H])C([H])([H])C1([H])C([H])([H])C32[H]
16,16,1,[H]C#CC12N3C4([H])C1([H])C4([H])C32C([H])([H])[H]
21,21,1,[H]C([H])([H])C(=O)C1([H])C([H])(C([H])([H])[H])C2([H])C([H])([H])C12[H]
16,16,1,[H]N=C([H])N1C2([H])C3([H])N4C2([H])C4([H])C13[H]
17,17,1,[H]C1=NC2(C([H])([H])[H])C(=O)C([H])([H])C2([H])N1[H]
16,16,1,[H]C#CC12OC([H])=NC([H])([H])C1([H])C2([H])[H]
20,20,1,[H]C(=O)C([H])(C#N)C([H])([H])C([H])([H])C([H])([H])C([H])([H])[H]
15,15,1,[H]Oc1c([H])oc([H])c1C1([H])OC1([H])[H]
16,16,1,[H]C1([H])OC(=O)C2([H])N3C([H])([H])C1([H])C32[H]
14,14,1,[H]C(=O)C1([H])N(C([H])([H])C#N)C1([H])[H]
25,25,1,[H]C([H])([H])C1([H])OC([H])([H])C([H])(C([H])([H])[H])C([H])(C([H])([H])[H])C1([H])[H]
20,20,1,[H]N=C1C(C([H])([H])[H])=C([H])C2(C([H])([H])[H])C([H])([H])C12[H]
20,19,0,[H]OC([H])([H])C([H])(O[H])N1C([H])N([H])C1([H])C([H])([H])[H]
19,19,1,[H]N1C([H])([H])C2([H])N3C1([H])C3([H])C2([H])OC([H])([H])[H]
23,22,0,[H]C([H])([H])C([H])([H])C12C([H])([H])C([H])([H])C1([H])C([H])([H])C2([H])[H]
21,21,1,[H]N1C([H])([H])C([H])([H])C2([H])C([H])([H])N3C1([H])C([H])([H])C32[H]
14,13,0,[H]C1([H])C(=O)NOC12C([H])([H])C2([H])[H]
18,18,1,[H]N=C(OC([H])([H])[H])N(C([H])=O)N([H])C([H])([H])[H]
14,13,0,
17,17,1,[H]C(=O)C1([H])OC([H])([H])N2N(C([H])([H])[H])C21[H]
19,19,1,[H]OC([H])([H])C12OC1([H])C([H])([H])C21C([H])([H])C1([H])[H]
12,9,0,
13,9,0,
16,16,1,[H]OC1([H])C(=O)C(=NC([H])([H])[H])OC1([H])[H]
22,22,1,[H]C(=O)C1(C([H])([H])[H])N([H])C([H])([H])C1(C([H])([H])[H])C([H])([H])[H]
17,17,1,[H]OC1(N([H])[H])C(=O)C([H])([H])C([H])([H])C1([H])[H]
16,16,1,[H]C1([H])N2C3([H])OC4([H])C1([H])OC4([H])C23[H]
16,16,1,[H]C([H])([H])N1C2([H])N3C4([H])C1([H])C2([H])C34[H]
22,22,1,[H]C1=C([H])C2([H])N(C([H])([H])[H])C2([H])C([H])([H])C([H])([H])C1([H])[H]
16,16,1,[H]Oc1c([H])oc2c1N([H])C([H])([H])C2([H])[H]
16,16,1,[H]C1([H])OC2([H])C([H])([H])OC([H])([H])C2([H])O1
20,20,1,[H]OC12C([H])([H])OC1(C([H])([H])[H])C2([H])N([H])C([H])([H])[H]
22,22,1,[H]N1C2([H])C([H])([H])C2([H])C([H])([H])C([H])([H])C2([H])C([H])([H])C12[H]
18,18,1,[H]N=C([H])OC12OC([H])([H])C([H])(C1([H])[H])C2([H])[H]
17,17,1,[H]OC1([H])N([H])C(=O)C2([H])C([H])(N([H])[H])C12[H]
22,22,1,[H]OC1(C([H])([H])C([H])([H])[H])C([H])([H])N([H])C12C([H])([H])C2([H])[H]
13,13,1,[H]N=C1C(=O)C([H])(O[H])C1([H])C#N
15,15,1,[H]c1nc(C([H])([H])C([H])([H])[H])c([H])n1[H]
17,17,1,[H]C#CC([H])(O[H])C1([H])C(=O)C([H])([H])C1([H])[H]
17,17,1,[H]OC([H])([H])C12OC3([H])C4([H])C([H])(C31[H])C42[H]
19,19,1,[H]C#CC([H])([H])C1=C([H])C([H])([H])C([H])=C1C([H])([H])[H]
20,20,1,[H]C1([H])C([H])([H])C2([H])C([H])([H])C23C([H])([H])C1([H])C3([H])[H]
17,15,0,[H]C1=C([H])C23N(C1[H])C([H])([H])C([H])C2([H])N3[H]
15,14,0,[H]C1([H])OC2([H])C1N1C3([H])OC2([H])C13[H]
23,23,1,[H]C1=C([H])C([H])(C([H])([H])C([H])([H])[H])OC([H])([H])C([H])([H])C1([H])[H]
17,17,1,[H]C#CC1([H])C([H])(OC([H])=O)C1([H])C([H])([H])[H]
17,17,1,[H]C(=O)C12OC3([H])C([H])(C([H])([H])[H])C1([H])C32[H]
16,15,0,
17,17,1,[H]Oc1c(N([H])[H])nn([H])c1C([H])([H])N([H])[H]
15,15,1,[H]N=C1C(=O)N(C([H])([H])[H])C(=N[H])N1[H]
16,16,1,[H]OC1(C([H])=O)C2([H])C([H])([H])C([H])([H])C12[H]
18,18,1,[H]N([H])C1=NN(C([H])([H])C([H])([H])[H])C(=O)C1([H])[H]
18,17,0,
19,19,1,[H]OC([H])([H])C([H])(O[H])OC([H])([H])C1([H])OC1([H])[H]
23,23,1,[H]OC1([H])N(C([H])([H])N(C([H])([H])[H])C([H])([H])C([H])([H])[H])C1([H])[H]
21,21,1,[H]OC([H])([H])C([H])([H])C1([H])C([H])([H])N([H])C([H])([H])C1([H])[H]
22,22,1,[H]N1C([H])([H])C2([H])C3([H])C([H])([H])C12C([H])([H])C3([H])C([H])([H])[H]
17,17,1,[H]c1nc([H])n([H])c1OC1([H])C([H])([H])C1([H])[H]
23,23,1,[H]C([H])([H])C1([H])C2([H])C([H])([H])C([H])([H])OC1(C([H])([H])[H])C2([H])[H]
18,18,1,[H]OC([H])(C([H])([H])C#N)C([H])([H])C([H])([H])C([H])=O
16,16,1,[H]N=C1N([H])C(=O)C(=NC([H])([H])[H])C1([H])[H]
21,21,1,[H]OC([H])([H])C([H])(C(=O)OC([H])([H])C([H])([H])[H])C([H])([H])[H]
13,11,0,[H]C1=NC2=C([H])C([H])NN2N=C1[H]
20,19,0,[H]OC([H])([H])C12C([H])OC([H])([H])C1(C([H])([H])[H])C2([H])[H]
14,14,1,[H]C(=O)C1([H])OC2([H])C([H])([H])C12C#N
18,18,1,[H]OC1([H])C([H])([H])C(=O)ON(C([H])([H])[H])C1([H])[H]
23,23,1,[H]C([H])([H])C([H])([H])C1([H])OC2([H])C([H])(C([H])([H])[H])C12C([H])([H])[H]
16,14,0,[H]C#CC1NN(C([H])([H])C([H])([H])[H])N=C1[H]
17,17,1,[H]N=C1N(C([H])([H])[H])C(=O)C([H])([H])C1([H])O[H]
15,15,1,[H]N([H])C1([H])C2([H])C(=O)C(=O)N([H])C21[H]
18,18,1,[H]C([H])([H])C1(C#N)C([H])([H])C2([H])OC2([H])C1([H])[H]
23,23,1,[H]N1C([H])([H])C1([H])C1(C([H])([H])C([H])([H])[H])N([H])C([H])([H])C1([H])[H]
18,18,1,[H]C1(C#N)OC2([H])C([H])([H])C([H])(C1([H])[H])C2([H])[H]
21,21,1,[H]OC1([H])C2([H])C([H])([H])C2(C([H])([H])[H])C12C([H])([H])C2([H])[H]
17,17,1,[H]C(=O)C12C([H])([H])C3([H])C([H])([H])OC1([H])C32[H]
19,19,1,[H]OC1(N([H])C([H])([H])C#N)C([H])([H])C([H])([H])C1([H])[H]
21,21,1,[H]OC1([H])C([H])([H])N(C([H])([H])[H])C1(C([H])([H])[H])C([H])([H])[H]
14,14,1,[H]Oc1nc([H])c([H])c([H])c(=O)c1[H]
18,18,1,[H]C#CC1([H])OC([H])([H])N([H])C2([H])C([H])([H])C12[H]
17,17,1,[H]C#CC([H])([H])C(C#C[H])(O[H])C([H])([H])O[H]
21,21,1,[H]OC12C([H])([H])C1(C([H])([H])[H])C1([H])C([H])([H])C12C([H])([H])[H]
19,19,1,[H]c1c([H])c(N2C([H])([H])C2([H])[H])n(C([H])([H])[H])c1[H]
18,18,1,[H]OC1([H])C([H])(C([H])=O)C2([H])N([H])C1([H])C2([H])[H]
17,17,1,[H]ON1C([H])([H])N([H])C2([H])C3([H])OC([H])([H])C132
18,18,1,[H]C([H])([H])N1C2=NC([H])([H])N3C([H])([H])C1([H])C23[H]
20,20,1,[H]OC([H])([H])C1(N([H])C(=O)C([H])([H])[H])C([H])([H])C1([H])[H]
18,18,1,[H]C([H])([H])N=C1OC2([H])C([H])([H])OC2([H])C1([H])[H]
19,19,1,[H]OC([H])(C([H])([H])N([H])[H])C([H])([H])N([H])C([H])([H])[H]
20,20,1,[H]C1=C([H])C2([H])N([H])C([H])(C([H])([H])[H])OC2([H])C1([H])[H]
17,17,1,[H]C1=NC2([H])C([H])(C1=O)C2(N([H])[H])C([H])([H])[H]
19,19,1,[H]c1nc([H])c(C([H])([H])N(C([H])([H])[H])C([H])([H])[H])o1
15,15,1,[H]OC12C([H])([H])C3([H])OC1(C([H])=O)C32[H]
19,19,1,[H]N([H])C([H])([H])C([H])([H])N([H])C([H])([H])C([H])([H])C#N
15,15,1,[H]N=C([H])c1c(OC([H])([H])[H])noc1[H]
21,21,1,[H]C#CC1([H])C([H])([H])C([H])([H])C([H])(O[H])C1([H])C([H])([H])[H]
21,21,1,[H]OC1([H])C([H])(C([H])([H])C([H])=O)C1([H])C([H])([H])C([H])([H])[H]
14,12,0,
21,21,1,[H]C(=NN1C([H])([H])C1([H])[H])C([H])(OC([H])([H])[H])C([H])([H])[H]
15,13,0,
23,23,1,[H]N1C2([H])N(C([H])([H])C2([H])[H])C1([H])C([H])([H])C([H])([H])C([H])([H])[H]
15,15,1,[H]ON=C1C(=O)C([H])([H])N2C([H])([H])C12[H]
20,20,1,[H]C(=O)C([H])([H])C1=C([H])C([H])(C([H])([H])[H])C([H])([H])N1[H]
17,17,1,[H]c1nc(C([H])([H])[H])n([H])c(=O)c1C([H])([H])[H]
22,22,1,[H]N1C([H])([H])C([H])([H])C2([H])OC2([H])C([H])(C([H])([H])[H])C1([H])[H]
17,17,1,[H]N1C(=O)N=C2C([H])([H])C([H])(C([H])([H])[H])C21[H]
19,19,1,[H]C(=O)C([H])([H])C#CC([H])([H])C1([H])C([H])([H])C1([H])[H]
15,15,1,[H]C#CC12C(=O)C([H])([H])OC1([H])C2([H])[H]
15,15,1,[H]N1C([H])([H])C1([H])C1=NC(=O)C([H])([H])O1
15,15,1,[H]C(=O)C([H])(c1nc([H])no1)C([H])([H])[H]
19,19,1,[H]C([H])([H])N1C([H])([H])C([H])(C2([H])OC2([H])[H])C1([H])[H]
16,16,1,[H]OC1([H])C([H])([H])C([H])=C([H])N([H])C1([H])[H]
20,20,1,[H]C([H])([H])C([H])([H])C1([H])N2C([H])([H])C2([H])C12OC2([H])[H]
17,17,1,[H]N([H])C1(C#N)OC([H])([H])C2([H])C([H])([H])C12[H]
19,19,1,[H]C1=NC([H])([H])C2(C([H])([H])[H])C([H])([H])C12C([H])([H])[H]
17,17,1,[H]OC([H])(C#N)C1([H])C([H])([H])C1([H])C([H])([H])[H]
20,20,1,[H]N=C1N(C([H])([H])C([H])([H])[H])C([H])([H])C2([H])N([H])C12[H]
19,19,1,[H]N1C2([H])C1([H])C13C([H])([H])C([H])(C1([H])N([H])[H])C23[H]
18,18,1,[H]C(=O)C1(C([H])([H])C([H])([H])[H])N([H])C2([H])OC21[H]
17,17,1,[H]OC1([H])C2([H])C(=O)C3([H])C([H])([H])C3([H])C12[H]
20,20,1,[H]C([H])(C#N)OC1([H])C([H])([H])C1(C([H])([H])[H])C([H])([H])[H]
16,16,1,[H]N=C([H])OC1([H])C(=N[H])N2C([H])([H])C21[H]
16,16,1,[H]N1C(=O)C2(N([H])[H])C([H])([H])C([H])([H])C12[H]
19,19,1,[H]ON=C1C([H])([H])N(C([H])([H])[H])C12C([H])([H])C2([H])[H]
16,16,1,[H]C1([H])N2C3([H])C([H])([H])C24C(=O)C1([H])C34[H]
21,21,1,[H]C(=O)C1(C(N([H])[H])(C([H])([H])[H])C([H])([H])[H])N([H])C1([H])[H]
17,17,1,[H]C1=NC2([H])C3([H])OC2(C([H])([H])[H])C3([H])N1[H]
13,9,0,
16,14,0,
18,18,1,[H]C([H])([H])N1C(=O)C2(C([H])([H])[H])OC2([H])C1([H])[H]
19,19,1,[H]C#CC12C([H])([H])C([H])([H])C1([H])C2([H])C([H])([H])O[H]
17,17,1,[H]C#CC([H])(C([H])=O)N([H])C([H])([H])C([H])([H])[H]
19,19,1,[H]C1([H])C([H])([H])C23OC1([H])C21C([H])([H])C([H])([H])C31[H]
15,15,1,[H]N=c1oc([H])nc([H])c1OC([H])([H])[H]
15,15,1,[H]N([H])c1nn([H])c(C([H])([H])[H])nc1=O
19,19,1,[H]OC1([H])C2([H])C([H])([H])C3(OC3([H])C([H])([H])[H])C12[H]
23,23,1,[H]OC([H])([H])C([H])(C([H])([H])[H])C([H])(C([H])([H])[H])C([H])([H])N([H])[H]
17,17,1,[H]C12OC3([H])OC([H])(C1([H])[H])C([H])(O2)C3([H])[H]
16,12,0,
13,13,1,[H]c1nc([H])c([H])c(=O)c([H])c1[H]
19,19,1,[H]OC1([H])C([H])([H])OC12C([H])(O[H])C2([H])C([H])([H])[H]
20,20,1,[H]C1=C([H])C2(N([H])C2([H])[H])C([H])(OC([H])([H])[H])C1([H])[H]
15,14,0,[H]OC([H])C1([H])OC2([H])C([H])([H])OC12[H]
15,13,0,
20,20,1,[H]C#CC([H])(O[H])N1C([H])([H])C([H])(C([H])([H])[H])C1([H])[H]
21,21,1,[H]OC1([H])C([H])([H])C([H])(C([H])([H])[H])C1(O[H])OC([H])([H])[H]
16,16,1,[H]N=C1C([H])([H])N([H])C2([H])C([H])([H])C12C#N
18,18,1,[H]N=C1C(=O)C([H])(OC([H])([H])[H])C([H])([H])C1([H])[H]
15,13,0,
15,15,1,[H]OC([H])([H])C([H])([H])c1oc([H])nc1[H]
17,17,1,[H]N1C(=O)C(=NC([H])([H])[H])OC([H])([H])C1([H])[H]
19,19,1,[H]N(C(=O)C1=NC([H])([H])C([H])([H])C1([H])[H])C([H])([H])[H]
15,15,1,[H]OC12C([H])([H])OC1([H])C2([H])C([H])([H])[H]
20,20,1,[H]C([H])([H])OC([H])([H])C([H])([H])C([H])([H])C([H])([H])OC#N
18,18,1,[H]N([H])C(=O)C1([H])N(C2([H])N([H])C2([H])[H])C1([H])[H]
17,17,1,[H]C#CC12OC([H])([H])C([H])([H])N([H])N1C2([H])[H]
25,25,1,[H]C([H])([H])OC([H])([H])C1([H])C([H])([H])C(C([H])([H])[H])(C([H])([H])[H])C1([H])[H]
15,15,1,[H]C([H])([H])C(=O)C([H])(C#N)C([H])([H])C#N
18,18,1,[H]C(=O)C12C([H])=NC([H])(C1([H])[H])C2([H])C([H])([H])[H]
16,16,1,[H]OC1(c2nc([H])n([H])n2)C([H])([H])C1([H])[H]
22,22,1,[H]C([H])([H])C1(N2C([H])([H])C([H])([H])C2([H])[H])OC([H])([H])C1([H])[H]
14,14,1,[H]N=C1N([H])C(=O)C([H])([H])C1([H])C#N
15,15,1,[H]C1=NC([H])([H])N([H])c2c([H])nc([H])n21
21,21,1,[H]OC([H])([H])C([H])([H])C1([H])C2([H])C([H])=C([H])C([H])([H])C21[H]
10,10,1,[H]N1C(=O)OC([H])([H])C1=O
20,20,1,[H]N=C(N([H])C(=O)N(C([H])([H])[H])C([H])([H])[H])C([H])([H])[H]
15,15,1,[H]C#CC12C([H])=C([H])C1([H])C2([H])C([H])=O
15,15,1,[H]ON=C1N(C([H])([H])O[H])C(=O)C1([H])[H]
19,19,1,[H]N=C1OC(C([H])([H])[H])(C([H])([H])[H])C([H])([H])N=C1[H]
16,16,1,[H]N=C1N=C([H])C2([H])C([H])([H])OC2([H])N1[H]
22,22,1,[H]C1=C([H])C2([H])N([H])C1([H])C2([H])C([H])([H])C([H])([H])C([H])([H])[H]
18,18,1,[H]C(=O)OC1([H])N2C([H])([H])C2([H])C1([H])C([H])([H])[H]
16,16,1,[H]C1=C(C#N)C([H])([H])C([H])=C(C([H])([H])[H])O1
17,15,0,[H]OC([H])([H])N(C1=C([H])N([H])NN1)C([H])([H])[H]
17,17,1,[H]N1OC1([H])C12OC([H])([H])C([H])([H])N1C2([H])[H]
17,17,1,[H]N=C1OC([H])([H])C12N=C([H])C([H])([H])C2([H])[H]
16,15,0,[H]C(=O)C1([H])OC2([H])C([H])(O)C12C([H])([H])[H]
20,20,1,[H]OC1([H])C([H])([H])C1([H])C([H])([H])C1([H])C([H])([H])C1([H])[H]
15,15,1,[H]c1noc(C([H])([H])OC([H])([H])[H])c1[H]
18,18,1,[H]C1([H])OC2([H])N3C4([H])C([H])([H])C2([H])C1([H])C34[H]
17,17,1,[H]C(=O)OC1([H])N([H])C2([H])N([H])C2([H])C1([H])[H]
17,17,1,[H]N1C([H])(C#CC([H])([H])C#N)C1([H])C([H])([H])[H]
16,16,1,[H]N1C(=O)C(=O)C12C([H])([H])C([H])([H])C2([H])[H]
17,15,0,[H]N=C([H])C1NN([H])N=C1C([H])([H])C([H])([H])[H]
20,20,1,[H]C([H])([H])C1([H])C([H])([H])C([H])([H])C12OC1([H])N2C1([H])[H]
13,13,1,[H]C1=C([H])C2([H])OC2([H])C1([H])C#N
14,14,1,[H]c1c(C([H])([H])C#N)c([H])n([H])c1[H]
15,15,1,[H]N=C(OC([H])([H])[H])C(=O)C([H])([H])O[H]
19,19,1,[H]N=C1N([H])C([H])([H])C2([H])C3([H])C1([H])C23C([H])([H])[H]
18,18,1,[H]OC1([H])C([H])([H])OC2=NC([H])([H])C([H])([H])C21[H]
18,18,1,[H]C1([H])C(=O)N2C([H])([H])C3([H])C([H])([H])C3([H])C21[H]
16,16,1,[H]ON=C1C(=C([H])C#N)OC([H])([H])C1([H])[H]
23,22,0,
21,21,1,[H]OC([H])([H])C1=C([H])C2([H])C1([H])C2([H])C([H])([H])C([H])([H])[H]
20,20,1,[H]OC1([H])N(C([H])([H])[H])C2([H])C([H])=C([H])C([H])([H])C12[H]
16,16,1,[H]C1([H])N2C([H])([H])C3([H])C2([H])C(=O)OC13[H]
20,20,1,[H]OC([H])([H])C1(N([H])[H])C([H])=C([H])C([H])([H])OC1([H])[H]
16,16,1,[H]C([H])([H])C([H])([H])N1N2C3([H])OC2([H])C13[H]
22,22,1,[H]C(=O)C([H])(N([H])C([H])([H])C([H])([H])OC([H])([H])[H])C([H])([H])[H]
18,18,1,[H]OC([H])(c1c([H])oc([H])c1N([H])[H])C([H])([H])[H]
23,23,1,[H]C#CC([H])([H])C([H])([H])C1([H])C([H])([H])C([H])([H])C([H])([H])C1([H])[H]
13,13,1,[H]c1nc(OC(=O)N([H])[H])n([H])n1
22,22,1,[H]OC([H])([H])C1(C([H])(N([H])[H])C([H])([H])C([H])([H])[H])OC1([H])[H]
21,21,1,[H]OC12C([H])([H])C3([H])C([H])([H])C([H])(C1([H])[H])C3([H])C2([H])[H]
21,21,1,[H]OC([H])([H])C1(O[H])C([H])([H])C2([H])C([H])([H])C21C([H])([H])[H]
16,16,1,[H]OC([H])([H])C1([H])C(=O)N2C([H])([H])OC21[H]
15,15,1,[H]N=C([H])n1c([H])c([H])nc([H])c1=N[H]
15,15,1,[H]c1noc(N([H])C(=O)C([H])([H])[H])c1[H]
14,13,0,[H]C1=C(N([H])[H])C(N([H])[H])C(=O)N1[H]
20,20,1,[H]N1C([H])([H])C([H])([H])C2(N([H])C2([H])[H])C1([H])C([H])([H])[H]
16,16,1,[H]C(=O)C1=C([H])N([H])C([H])(C([H])([H])[H])C1=O
16,16,1,[H]C#CC12C([H])([H])C([H])([H])C1([H])C2([H])C#N
18,18,1,[H]N([H])C1(C#N)C([H])([H])C2(N([H])C2([H])[H])C1([H])[H]
16,15,0,
21,21,1,[H]C([H])([H])C(N1C([H])([H])C1([H])[H])(C([H])([H])[H])C([H])([H])C#N
17,17,1,[H]N=C1OC2([H])N1C([H])([H])C2([H])C([H])([H])O[H]
16,16,1,[H]C(=O)C1([H])N=NC2(C([H])([H])[H])N1C2([H])[H]
19,19,1,[H]C1=C([H])C([H])(C([H])([H])C([H])([H])[H])OC(=O)C1([H])[H]
18,18,1,[H]N=C([H])OC12C([H])([H])OC([H])([H])C1([H])C2([H])[H]
17,17,1,[H]C1([H])OC1([H])C12C(=O)C([H])(C1([H])[H])C2([H])[H]
17,17,1,[H]OC12C(=O)C3([H])C([H])([H])C1([H])C3([H])C2([H])[H]
17,17,1,[H]C#CC12C3([H])C4([H])C1([H])C4(C([H])([H])[H])C32[H]
21,21,1,[H]OC([H])([H])C(=O)C([H])([H])C(O[H])(C([H])([H])[H])C([H])([H])[H]
20,20,1,[H]N=C1OC2(C([H])([H])[H])C([H])([H])C12C([H])([H])C([H])([H])[H]
22,22,1,[H]C([H])([H])C([H])([H])C([H])([H])C1([H])OC([H])([H])C([H])([H])C1([H])[H]
14,14,1,[H]N1C(=O)N2C(=O)N([H])C2([H])C1([H])[H]
22,22,1,[H]C(=O)C1([H])N(C([H])([H])C([H])([H])C([H])([H])[H])C([H])([H])C1([H])[H]
20,20,1,[H]OC1([H])C([H])([H])N(C2([H])OC2([H])[H])C([H])([H])C1([H])[H]
24,24,1,[H]N1C([H])([H])C1(C([H])([H])[H])C([H])([H])C([H])([H])C1([H])C([H])([H])C1([H])[H]
16,14,0,[H]C1=NC(C(=O)C([H])([H])[H])C([H])C([H])=C1[H]
13,13,1,[H]c1nonc1N1C([H])([H])C1([H])[H]
18,17,0,[H]OC1([H])C([H])([H])C2(OC([H])([H])C2([H])O)C1([H])[H]
20,20,1,[H]C([H])([H])C1([H])C(C2([H])OC2([H])[H])=NC([H])([H])C1([H])[H]
19,19,1,[H]Oc1c(C([H])([H])C([H])([H])[H])nc([H])n1C([H])([H])[H]
18,18,1,[H]N=C1OC([H])([H])C([H])(C([H])([H])C([H])([H])[H])C1=O
13,13,1,[H]c1nc(C#N)c(OC([H])([H])[H])o1
17,17,1,[H]N=C1N([H])N=C(C([H])([H])[H])N2C([H])([H])C12[H]
14,14,1,[H]N1C2=C(OC([H])([H])C2=O)OC1([H])[H]
20,20,1,[H]N1C([H])([H])C([H])([H])OC([H])(C(=O)C([H])([H])[H])C1([H])[H]
18,18,1,[H]OC([H])([H])C1(O[H])N([H])C([H])([H])C1([H])C([H])=O
19,19,1,[H]C#CC1([H])C([H])([H])C2([H])C([H])([H])C([H])=C([H])C12[H]
16,16,1,[H]N=C1OC([H])([H])C([H])([H])C([H])(C([H])=O)O1
12,12,1,[H]C#CC([H])(C#C[H])C(F)(F)F
17,15,0,[H]OC1C(C([H])([H])OC([H])([H])[H])C([H])=NN1[H]
13,13,1,[H]Oc1nc([H])n2c([H])c([H])oc12
21,20,0,[H]N1C([H])([H])C([H])([H])C([H])([H])OC([H])([H])C2C([H])([H])C21[H]
19,18,0,[H]C([H])([H])C1(O)C2([H])N3C([H])([H])C3([H])C1([H])C2([H])[H]
23,23,1,[H]OC1([H])C([H])([H])C2([H])C([H])([H])C([H])([H])C([H])([H])C12C([H])([H])[H]
16,14,0,[H]C1=C2C([H])=C([H])C([H])(C([H])([H])[H])N2NN1
18,18,1,[H]OC1([H])C([H])([H])C23N(C([H])=C([H])C12[H])C3([H])[H]
19,19,1,[H]C1([H])OC(=O)C([H])(C([H])([H])C([H])([H])[H])C([H])([H])O1
19,18,0,
19,19,1,[H]N1C([H])([H])C2([H])C3(N([H])[H])OC([H])([H])C2([H])C13[H]
19,19,1,[H]OC([H])([H])C12OC([H])(C([H])([H])[H])C1([H])C2([H])O[H]
20,20,1,[H]OC1([H])C([H])([H])C1([H])C1([H])C([H])([H])C1([H])C([H])([H])[H]
23,23,1,[H]N(C([H])(C([H])([H])[H])C([H])([H])[H])C(C#N)(C([H])([H])[H])C([H])([H])[H]
17,17,1,[H]C#CC1([H])OC([H])([H])C2([H])C([H])([H])C12O[H]
19,19,1,[H]OC1([H])C2([H])N=NC([H])(C([H])([H])C([H])([H])[H])C21[H]
20,20,1,[H]OC1([H])N([H])C([H])(C([H])([H])OC([H])([H])[H])C1([H])O[H]
16,15,0,[H]C1=NC2(C(=O)C([H])([H])C2([H])[H])N([H])C1[H]
21,21,1,[H]OC([H])([H])C1([H])OC([H])([H])C([H])([H])C1(O[H])C([H])([H])[H]
18,18,1,[H]N=C1N2C([H])([H])C2([H])C([H])([H])C([H])([H])C1([H])[H]
16,15,0,[H]C1N2C([H])([H])C3([H])N1C23C(=O)C([H])([H])[H]
20,20,1,[H]C([H])([H])C1([H])C2([H])C([H])([H])N3C4([H])C3([H])C2([H])C41[H]
27,24,0,[H]C([H])C1([H])C([H])(N([H])C([H])([H])C([H])([H])[H])C1([H])C([H])([H])C([H])([H])[H]
18,17,0,[H]N([H])C1=C(C([H])([H])[H])N([H])C1C(=O)C([H])([H])[H]
15,15,1,[H]N=C1C(=O)OC([H])([H])C([H])([H])C1([H])[H]
15,13,0,[H]C#CC1C([H])=C([H])N=C([H])C1N([H])[H]
14,14,1,[H]C(=O)C#CC([H])(C([H])=O)C([H])([H])[H]
19,19,1,[H]N1N2C([H])([H])C(=O)C1([H])C([H])([H])C([H])([H])C2([H])[H]
20,20,1,[H]N=C([H])C1([H])OC([H])(C2([H])C([H])([H])C2([H])[H])C1([H])[H]
19,17,0,[H]C1=C([H])C(OC([H])([H])[H])C([H])C(C([H])([H])[H])=C1[H]
19,19,1,[H]N(C#N)C1([H])C([H])([H])C2([H])C([H])([H])C12C([H])([H])[H]
13,10,0,[H]C([H])NC(O)=C(C#N)C([H])([H])[H]
17,17,1,[H]C(=NC([H])([H])[H])c1nc([H])c(C([H])([H])[H])o1
14,14,1,[H]C#CC([H])(OC([H])=O)C([H])([H])C#N
21,21,1,[H]C(=O)C1(C([H])([H])C([H])([H])[H])C([H])([H])C2([H])C([H])([H])C21[H]
16,16,1,[H]C12OC3([H])C([H])(OC4([H])N1C43[H])C2([H])[H]
14,14,1,[H]C([H])([H])c1nnc2n1C([H])([H])C2=O
15,15,1,[H]N=c1c([H])nn([H])c(=O)n1C([H])([H])[H]
14,14,1,[H]N=C1OC2([H])C1([H])C2([H])C([H])([H])[H]
19,19,1,[H]C(=O)C1([H])C([H])([H])C([H])=C([H])C1([H])OC([H])([H])[H]
16,16,1,[H]C#CC1([H])N=C([H])OC([H])([H])C([H])=C1[H]
18,18,1,[H]OC1([H])C([H])(C(=O)N([H])[H])C12C([H])([H])C2([H])[H]
16,16,1,[H]OC1([H])C([H])([H])C([H])([H])C2([H])OC12C#N
20,20,1,[H]C1=C([H])C([H])([H])C([H])([H])C23N1C([H])(C2([H])[H])C3([H])[H]
16,16,1,[H]C([H])([H])C1([H])C(=O)C2([H])OC2([H])C1([H])[H]
23,23,1,[H]OC1([H])C([H])(C([H])([H])C([H])([H])[H])C([H])([H])C2([H])C([H])([H])C12[H]
18,18,1,[H]OC([H])([H])C(=C([H])OC([H])=O)N([H])C([H])([H])[H]
16,16,1,[H]N=c1onc([H])nc1C([H])([H])C([H])([H])[H]
22,22,1,[H]OC([H])(C([H])([H])OC1([H])N([H])C1([H])[H])C([H])([H])C([H])([H])[H]
18,18,1,[H]ON1C2([H])C3([H])OC([H])([H])C2(C([H])([H])[H])C13[H]
17,17,1,[H]C1=NC2([H])N(C1=O)C([H])([H])C2([H])C([H])([H])[H]
20,19,0,[H]C1C2([H])N([H])C1([H])C1(N([H])[H])C([H])([H])C([H])([H])C21[H]
18,18,1,[H]OC1(C([H])([H])[H])C2([H])C(=O)C([H])(N2[H])C1([H])[H]
20,20,1,[H]OC([H])(C([H])([H])[H])C([H])([H])OC1([H])C([H])([H])C1([H])[H]
14,14,1,[H]N([H])c1nnc(C([H])([H])[H])oc1=O
15,14,0,[H]C#CC1C(=O)N([H])C([H])([H])C([H])=C1[H]
19,19,1,[H]C#CC(=NC([H])(C([H])([H])[H])C([H])([H])[H])C([H])([H])[H]
15,15,1,[H]N=C1C(=O)N([H])C(=O)C([H])([H])C1([H])[H]
17,17,1,[H]OC(C(=O)OC([H])=O)(C([H])([H])[H])C([H])([H])[H]
13,13,1,[H]C1([H])C([H])(C#N)C1([H])C(=O)C#N
20,20,1,[H]N=C1OC([H])(C2([H])C([H])([H])C2([H])[H])C1([H])C([H])([H])[H]
23,23,1,[H]C([H])([H])OC([H])([H])C1([H])C([H])(OC([H])([H])[H])C1([H])C([H])([H])[H]
19,18,0,[H]ON=C1C([H])C([H])=C([H])C1(C([H])([H])[H])C([H])([H])[H]
15,15,1,[H]C(=O)C1=C([H])C([H])(C#N)C1([H])N([H])[H]
14,14,1,[H]C(=O)N(C#N)C([H])([H])C(=O)N([H])[H]
18,18,1,[H]N=C1C2([H])C3([H])C1(O[H])C([H])([H])C23C([H])([H])[H]
21,19,0,[H]C1=C2C([H])([H])C([H])C([H])([H])C([H])([H])C2([H])C([H])([H])C1[H]
18,16,0,
15,14,0,
16,16,1,[H]Oc1noc([H])c1OC([H])([H])C([H])([H])[H]
14,13,0,
16,16,1,[H]N=c1c([H])c(C([H])([H])[H])n([H])c([H])c1F
18,18,1,[H]C([H])([H])C1=NC([H])(C([H])([H])C([H])([H])[H])C(=O)O1
15,15,1,[H]N=C1OC([H])([H])C(=O)C([H])([H])N=C1[H]
15,15,1,[H]C1([H])OC([H])(C2([H])OC2([H])[H])OC1=O
21,21,1,[H]OC1([H])C([H])([H])OC([H])([H])C([H])([H])OC([H])([H])C1([H])[H]
14,14,1,[H]C1([H])C(=O)C2([H])OC(=O)N1C2([H])[H]
19,19,1,[H]C(=NC1([H])C([H])([H])C12C([H])([H])C2([H])[H])C([H])([H])[H]
20,20,1,[H]N=C(OC([H])=O)C([H])([H])C([H])(C([H])([H])[H])C([H])([H])[H]
17,17,1,[H]N([H])C(=O)C1([H])C(=O)C([H])([H])N1C([H])([H])[H]
20,20,1,[H]OC(=O)C1([H])C([H])([H])C1(N([H])C([H])([H])[H])C([H])([H])[H]
19,19,1,[H]N1C([H])([H])N2C(=O)C1(C([H])([H])C([H])([H])[H])C2([H])[H]
19,19,1,[H]OC([H])([H])C(=NC([H])([H])N([H])C([H])([H])[H])N([H])[H]
20,19,0,[H]OC([H])([H])C1([H])C([H])([H])C([H])([H])C12C([H])OC2([H])[H]
20,20,1,[H]OC1([H])C([H])([H])N=C([H])C([H])=C([H])C1([H])C([H])([H])[H]
16,16,1,[H]N1C([H])([H])OC2([H])C([H])([H])C2([H])C1([H])[H]
17,17,1,[H]C([H])([H])C1=NC([H])([H])C2([H])C([H])([H])C2([H])O1
20,20,1,[H]OC1([H])N2C([H])([H])C2([H])C([H])(C([H])([H])[H])OC1([H])[H]
20,19,0,[H]N1C([H])([H])C([H])([H])C([H])([H])C([H])(O)C([H])([H])C1([H])[H]
17,17,1,[H]C#CC12OC1([H])C([H])([H])C(C([H])([H])[H])=C2[H]
15,15,1,[H]C#CC(=O)C1([H])N([H])C1([H])C([H])([H])[H]
20,20,1,[H]N1C(=O)C2(C([H])(C([H])([H])[H])C([H])([H])[H])C([H])([H])C12[H]
17,17,1,[H]C1=C(C([H])([H])C#N)N([H])C2([H])C([H])([H])C12[H]
16,16,1,[H]C(=O)C1=NC([H])(C([H])([H])[H])C([H])([H])C1=O
17,17,1,[H]N=C1C([H])([H])C(=NO[H])C([H])=C([H])C1([H])[H]
15,14,0,[H]OC1([H])C2([H])C([H])(O)C3([H])C1([H])C23[H]
19,19,1,[H]C1([H])OC2([H])C([H])([H])C3([H])C([H])([H])C4([H])C3([H])C124
17,17,1,[H]C(=O)C1([H])OC1([H])C1([H])OC1([H])C([H])([H])[H]
19,19,1,[H]C1([H])N2C([H])([H])C1([H])C([H])([H])C1([H])C([H])([H])C21[H]
21,21,1,[H]N([H])C(=O)C1([H])C([H])([H])C1(N([H])C([H])([H])[H])C([H])([H])[H]
21,21,1,[H]C1([H])OC([H])([H])C2([H])C([H])([H])OC([H])([H])C2([H])C1([H])[H]
21,21,1,[H]OC([H])([H])N=C(N=C([H])C([H])([H])C([H])([H])[H])C([H])([H])[H]
20,20,1,[H]C(=O)N([H])N(C([H])=NC([H])([H])C([H])([H])[H])C([H])([H])[H]
24,24,1,[H]OC([H])([H])OC([H])([H])C([H])([H])N(C([H])([H])[H])C([H])([H])C([H])([H])[H]
19,19,1,[H]C1([H])OC2([H])OC1([H])C1(C2([H])[H])C([H])([H])C1([H])[H]
12,12,1,[H]N=c1nc(N([H])[H])nc(F)o1
17,17,1,[H]c1nc(C([H])(C([H])([H])[H])C([H])([H])[H])c([H])o1
19,19,1,[H]C([H])([H])C1([H])C(=O)OC1([H])C1([H])C([H])([H])C1([H])[H]
16,14,0,[H]C1=C2C([H])(N1)C([H])C1([H])OC21C([H])([H])[H]
19,19,1,[H]ON=C1C([H])([H])C([H])([H])C2(N([H])C2([H])[H])C1([H])[H]
18,18,1,[H]C#CC1([H])C2([H])C([H])([H])C1(N([H])[H])C2([H])O[H]
21,21,1,[H]C1=C([H])C2([H])C([H])([H])OC([H])(C1([H])[H])C([H])([H])C2([H])[H]
21,21,1,[H]OC1([H])C([H])([H])C([H])=C([H])C([H])([H])C1(O[H])C([H])([H])[H]
18,18,1,[H]C([H])([H])C(=O)N1C([H])([H])C2([H])OC([H])([H])C12[H]
23,23,1,[H]C1=NC([H])([H])N([H])C([H])(C([H])([H])[H])C([H])([H])C([H])([H])C1([H])[H]
15,15,1,[H]OC1([H])N([H])C2(C([H])=O)C([H])([H])C12[H]
21,21,1,[H]OC1([H])N2C([H])([H])C1(N(C([H])([H])[H])C([H])([H])[H])C2([H])[H]
23,23,1,[H]N1C([H])([H])C2(C([H])([H])[H])C([H])(C([H])([H])[H])N([H])C12C([H])([H])[H]
18,18,1,[H]OC12N([H])C3([H])C([H])(C([H])=C([H])C31[H])C2([H])[H]
17,17,1,[H]C([H])([H])OC([H])([H])C([H])(C#N)C([H])([H])C#N
21,21,1,[H]OC([H])(C([H])([H])[H])C1([H])OC([H])(C([H])([H])[H])C1([H])O[H]
17,17,1,[H]C1([H])OC23C([H])([H])C4([H])C([H])([H])C42OC13[H]
17,17,1,[H]N1C(=O)C([H])([H])N2C1([H])C1([H])C([H])([H])C21[H]
17,17,1,[H]C(=O)C([H])([H])N1C([H])([H])C(=O)N([H])C1([H])[H]
15,15,1,[H]N([H])C(=O)c1nc(C([H])([H])[H])n([H])n1
13,13,1,[H]C1=C([H])C2([H])N3C1([H])C(=O)C32[H]
14,14,1,[H]N=c1ooc([H])c(N([H])[H])c1=N[H]
23,23,1,[H]OC([H])(C([H])([H])[H])C([H])([H])C1([H])C2([H])C([H])([H])C([H])([H])C21[H]
16,16,1,[H]c1oc(N([H])C(=O)C([H])([H])[H])c([H])c1[H]
15,15,1,[H]C(=O)N1C(=O)C2([H])N([H])C2([H])C1([H])[H]
20,20,1,[H]C(=O)C([H])([H])C1([H])C([H])([H])C12N(C([H])([H])[H])C2([H])[H]
18,18,1,[H]N1C([H])(C#N)C1([H])C1(C([H])([H])[H])N([H])C1([H])[H]
22,22,1,[H]OC1([H])C([H])([H])C([H])([H])C2(N([H])C2([H])[H])C([H])([H])C1([H])[H]
20,20,1,[H]OC1(C([H])([H])[H])C([H])([H])OC(=NC([H])([H])[H])C1([H])[H]
20,20,1,[H]C([H])([H])C1([H])C([H])([H])C2([H])C3([H])C([H])([H])C2([H])C13[H]
13,12,0,[H]N=C1OC2([H])C3([H])C([H])N1C23[H]
18,18,1,[H]N(C([H])([H])[H])C1([H])N2C([H])([H])C21C([H])([H])C#N
21,21,1,[H]OC1([H])C([H])([H])C2([H])OC2([H])C([H])([H])C1([H])C([H])([H])[H]
21,21,1,[H]OC([H])([H])C([H])(O[H])C([H])(N([H])C([H])([H])[H])C([H])([H])[H]
17,17,1,[H]C([H])([H])N1C2([H])C3([H])OC([H])([H])C3([H])C12[H]
17,17,1,[H]C1=NC([H])(C([H])([H])[H])C(=O)C(N([H])[H])=C1[H]
19,19,1,[H]C1([H])OC2([H])C3([H])OC2([H])C([H])([H])C1([H])C3([H])[H]
17,17,1,[H]N=C1OC([H])(C([H])([H])[H])C(=N[H])OC1([H])[H]
18,18,1,[H]C#CC1(O[H])C([H])([H])C([H])([H])C1([H])C([H])([H])[H]
16,16,1,[H]N([H])C(=O)C12N3C([H])([H])C1([H])N([H])C32[H]
17,17,1,[H]N(C(=O)n1c(C([H])([H])[H])nn1[H])C([H])([H])[H]
23,23,1,[H]N([H])C([H])(C([H])([H])[H])C([H])(OC([H])([H])[H])C([H])([H])C([H])([H])[H]
20,20,1,[H]C1=C2C([H])([H])C1([H])C1([H])N([H])C1([H])C2([H])C([H])([H])[H]
14,13,0,
17,17,1,[H]c1c(C2([H])N(C([H])([H])[H])C2([H])[H])nnn1[H]
25,25,1,[H]OC([H])([H])C([H])(C([H])([H])C([H])([H])[H])C([H])(OC([H])([H])[H])C([H])([H])[H]
16,16,1,[H]N=C([H])N(C(=O)N([H])[H])C(=O)C([H])([H])[H]
17,17,1,[H]N1C([H])(C([H])([H])[H])C12C(=O)N1C([H])([H])C12[H]
9,7,0,
17,17,1,[H]c1c2c(n([H])c1[H])N([H])C([H])([H])C([H])([H])O2
17,17,1,[H]OC([H])([H])C([H])(C([H])([H])[H])C([H])([H])N([H])[H]
17,17,1,[H]Oc1c([H])c(C([H])([H])[H])c(C([H])([H])[H])n1[H]
19,19,1,[H]OC1(C([H])([H])[H])C([H])([H])C2([H])N(C([H])([H])[H])C21[H]
20,19,0,[H]N(C([H])([H])O)C1([H])C([H])([H])C1(C([H])([H])[H])C([H])([H])[H]
22,22,1,[H]N(C([H])([H])[H])C1([H])C2([H])C([H])([H])C2([H])C12C([H])([H])C2([H])[H]
21,21,1,[H]C([H])([H])C1([H])OC12C1([H])C([H])([H])C([H])([H])C([H])([H])C12[H]
16,16,1,[H]C#CC1([H])N=C([H])C2([H])OC12C([H])([H])[H]
16,16,1,[H]C(=O)N([H])C([H])(C([H])=O)C1([H])OC1([H])[H]
18,18,1,[H]C([H])([H])N1C([H])([H])N2C([H])([H])C3([H])C1([H])C23[H]
16,16,1,[H]N=C1OC(=O)C([H])([H])C1([H])OC([H])([H])[H]
17,17,1,[H]C(=O)C([H])([H])N1C(=O)C([H])(N([H])[H])C1([H])[H]
11,11,1,[H]C(=O)OC(=O)N([H])C([H])=O
24,24,1,[H]C([H])([H])C1(C([H])([H])[H])C([H])([H])C([H])(N2C([H])([H])C2([H])[H])C1([H])[H]
19,19,1,[H]C1=C(C([H])([H])[H])C([H])([H])OC([H])([H])N([H])C1([H])[H]
18,17,0,[H]C#CC([H])([H])C(=O)C([H])OC([H])([H])C([H])([H])[H]
16,16,1,[H]C#CN([H])C(C([H])=O)(C([H])=O)C([H])([H])[H]
19,19,1,[H]C([H])([H])C1([H])OC2([H])C([H])([H])C3([H])C1([H])OC23[H]
19,19,1,[H]N1C(=O)C([H])([H])C([H])([H])C([H])(C([H])([H])[H])C1([H])[H]
14,13,0,[H]C(=O)c1c([H])c(=O)[nH]n1C([H])([H])[H]
21,21,1,[H]C([H])([H])C([H])([H])OC(=O)C1([H])C([H])([H])C1([H])C([H])([H])[H]
19,19,1,[H]C#CC1([H])C([H])(C([H])([H])[H])C([H])([H])C12OC2([H])[H]
16,16,1,[H]C1([H])C(=O)OC2(C1([H])[H])C([H])([H])C2([H])[H]
21,21,1,[H]OC1([H])C([H])([H])OC([H])([H])C([H])([H])C1([H])OC([H])([H])[H]
20,20,1,[H]OC([H])([H])C1([H])OC([H])(C([H])([H])[H])C12N([H])C2([H])[H]
16,16,1,[H]C#CC1([H])C(=O)C([H])([H])N2C([H])([H])C21[H]
15,15,1,[H]C#CC([H])([H])N([H])c1nc([H])c([H])o1
14,14,1,[H]N1N=C2C(=NC1([H])[H])C1([H])OC21[H]
13,13,1,[H]OC([H])([H])C(=O)C1([H])OC1([H])[H]
23,23,1,[H]N1C2([H])C([H])([H])C1(N(C([H])([H])[H])C([H])([H])C([H])([H])[H])C2([H])[H]
19,19,1,[H]OC([H])([H])C1([H])N=C([H])C(C([H])([H])[H])=NC1([H])[H]
21,21,1,[H]OC1(C2([H])C([H])([H])N([H])C2([H])C([H])([H])[H])N([H])C1([H])[H]
19,19,1,[H]C([H])(C#N)C([H])([H])C1([H])N2C([H])([H])C1([H])C2([H])[H]
21,21,1,[H]N=C1OC([H])([H])C([H])([H])C1([H])N(C([H])([H])[H])C([H])([H])[H]
20,20,1,[H]OC([H])([H])C1([H])C(C([H])=O)(N([H])[H])C1([H])C([H])([H])[H]
22,22,1,[H]C([H])([H])C(=C1C([H])(C([H])([H])[H])N2C([H])([H])C12[H])C([H])([H])[H]
18,18,1,[H]N1C([H])([H])C2(N([H])C2([H])[H])C1(C#N)C([H])([H])[H]
19,19,1,[H]C([H])([H])C([H])(C#N)N1C([H])([H])C2([H])C([H])([H])C12[H]
17,17,1,[H]C#CC1(O[H])C([H])([H])C2([H])C([H])([H])C12O[H]
19,19,1,[H]C([H])([H])C([H])(N1N2C(=O)C1([H])C2([H])[H])C([H])([H])[H]
9,7,0,N1=NC2=NNNN2N=N1
23,23,1,[H]C1=C(C([H])([H])OC([H])([H])[H])C([H])([H])C([H])(C([H])([H])[H])C1([H])[H]
21,21,1,[H]OC12C([H])([H])C([H])(OC([H])([H])[H])C([H])([H])C1([H])C2([H])[H]
18,18,1,[H]OC(=C(N([H])C([H])=O)C([H])([H])O[H])C([H])([H])[H]
12,9,0,[H]C1=NC2C([H])C([H])N2C(=O)O1
14,14,1,[H]N([H])c1nonc(C([H])([H])[H])c1=O
19,18,0,[H]C([H])([H])C([H])([H])C1(C#N)C([H])([H])C([H])([H])C1([H])O
21,21,1,[H]c1nn([H])c([H])c1C([H])([H])C([H])([H])C([H])([H])C([H])([H])[H]
20,20,1,[H]N1C(=O)C2(C([H])([H])[H])C([H])([H])C([H])(C([H])([H])[H])C12[H]
19,19,1,[H]N(C(=O)C12N(C([H])([H])C1([H])[H])C2([H])[H])C([H])([H])[H]
16,16,1,[H]c1nc(C(=O)C([H])([H])[H])c(C([H])([H])[H])o1
23,23,1,[H]OC([H])([H])C1([H])C([H])([H])C([H])([H])OC1([H])C([H])([H])C([H])([H])[H]
18,18,1,[H]C([H])([H])OC1([H])C(=O)C([H])([H])N2C([H])([H])C21[H]
20,20,1,[H]N1C(N2C([H])([H])C2([H])[H])=NC([H])([H])C([H])([H])C1([H])[H]
19,19,1,[H]C(=O)N1C([H])([H])N2C1([H])C([H])([H])C2([H])C([H])([H])[H]
14,14,1,[H]C(=O)C1(C#N)N([H])C([H])=NC1([H])[H]
14,14,1,[H]C(=O)C([H])([H])C12OC(=O)N1C2([H])[H]
12,12,1,[H]C([H])([H])c1nc(=O)oc(=O)o1
19,19,1,[H]ON=C1C([H])=C([H])C([H])([H])C([H])([H])N1C([H])([H])[H]
21,20,0,[H]N1C2([H])C([H])([H])C([H])(O)C1(C([H])([H])[H])C2([H])C([H])([H])[H]
17,17,1,[H]C(=O)C1([H])C([H])([H])C([H])([H])C2([H])N([H])C12[H]
19,19,1,[H]ON1C2([H])C([H])([H])C1([H])C2([H])C1([H])N([H])C1([H])[H]
14,14,1,[H]c1noc([H])c1N([H])C(=O)N([H])[H]
21,21,1,[H]N([H])C1(C([H])([H])C([H])([H])C([H])([H])C([H])([H])[H])OC1([H])[H]
21,21,1,[H]N=C1N([H])C([H])([H])OC1([H])C([H])(C([H])([H])[H])C([H])([H])[H]
19,19,1,[H]OC([H])([H])C([H])([H])OC(=O)C([H])(O[H])C([H])([H])[H]
22,22,1,[H]C([H])([H])OC([H])([H])C(C([H])([H])[H])(C([H])([H])[H])C([H])([H])C#N
15,15,1,[H]ON=C1C([H])([H])N2C3([H])OC1([H])C23[H]
20,19,0,[H]OC([H])([H])C12C([H])(O)C1([H])C([H])([H])C2([H])C([H])([H])[H]
14,12,0,
15,15,1,[H]N=C1OC([H])=C([H])C([H])([H])N1C([H])=O
25,25,1,[H]C([H])([H])C([H])([H])C([H])(C([H])([H])[H])C1([H])OC([H])([H])C([H])([H])C1([H])[H]
18,18,1,[H]C([H])([H])C1([H])C(=O)C2([H])C([H])([H])C2([H])C1([H])[H]
20,20,1,[H]C1=C([H])C23N([H])C([H])([H])C2(C1([H])[H])C([H])([H])C3([H])[H]
16,16,1,[H]N=C(C(=O)N([H])[H])N(C([H])=O)C([H])([H])[H]
18,17,0,[H]C1([H])OC2C1([H])OC([H])([H])C1([H])C([H])([H])C21[H]
18,17,0,
23,22,0,[H]C([H])([H])N(C([H])([H])[H])C([H])([H])C1([H])N(C([H])([H])[H])NC1([H])[H]
15,13,0,[H]N([H])C1=NNNN=C1N([H])C([H])([H])[H]
20,20,1,[H]OC1([H])C([H])(OC([H])([H])[H])N2C([H])([H])C21C([H])([H])[H]
19,19,1,[H]OC1([H])C([H])([H])C1([H])C1([H])N([H])C([H])=NC1([H])[H]
19,18,0,[H]C1=C([H])C2([H])C([H])(O)C2([H])N(C([H])([H])[H])C1([H])[H]
18,18,1,[H]OC([H])([H])C([H])([H])C1(C#N)C([H])([H])C1([H])O[H]
21,21,1,[H]C1=C(C2([H])C([H])([H])C2([H])[H])OC([H])([H])C([H])([H])C1([H])[H]
18,18,1,[H]N=C1OC2([H])C([H])([H])C([H])([H])C3([H])C1([H])C23[H]
14,14,1,[H]N(C([H])([H])[H])C([H])([H])c1nnon1
20,20,1,[H]C([H])([H])OC([H])([H])C([H])([H])C12N3C1([H])C([H])([H])C32[H]
16,16,1,[H]C1=C([H])C(C#N)(OC([H])([H])[H])C([H])=C1[H]
15,15,1,[H]C1=C([H])C2([H])C(=O)C([H])([H])N2C1([H])[H]
22,22,1,[H]C([H])([H])C12N(C([H])([H])C3([H])C([H])([H])C1([H])C3([H])[H])C2([H])[H]
18,18,1,[H]C#CC1([H])C([H])([H])C(=O)N([H])C([H])([H])C1([H])[H]
15,14,0,[H]C=C1C2(N([H])C2([H])[H])C12N([H])C2([H])[H]
21,21,1,[H]C1=C([H])C([H])(C([H])([H])OC([H])([H])[H])C([H])([H])OC1([H])[H]
19,19,1,[H]OC([H])([H])c1c([H])c(N([H])C([H])([H])[H])n([H])c1[H]
13,9,0,
16,16,1,[H]N1C(=O)C2([H])C1([H])C(=O)C([H])([H])C2([H])[H]
16,16,1,[H]OC1([H])C([H])([H])N2C([H])([H])C([H])([H])C21[H]
15,15,1,[H]C(=O)C1([H])C2([H])OC3([H])C2([H])OC31[H]
19,19,1,[H]OC1([H])C([H])([H])OC2([H])C([H])(OC([H])([H])[H])C12[H]
20,20,1,[H]N1N=C(C([H])([H])[H])C([H])([H])C1=NC([H])([H])C([H])([H])[H]
21,21,1,[H]OC([H])([H])C1([H])C([H])([H])C([H])(O[H])C2([H])C([H])([H])C12[H]
16,16,1,[H]C(=NC([H])(C#N)C#N)C([H])([H])C([H])([H])[H]
13,13,1,[H]OC12C3([H])C(=O)N3C1([H])C2([H])[H]
16,16,1,[H]C(=O)C([H])(n1nc([H])nc1[H])C([H])([H])[H]
20,20,1,[H]OC1([H])C([H])([H])C2(C([H])([H])C([H])([H])[H])N3C1([H])C32[H]
19,19,1,[H]OC1(C([H])([H])[H])C([H])([H])OC2([H])C([H])([H])OC21[H]
19,19,1,[H]OC([H])(C([H])([H])[H])C1([H])C([H])([H])OC(=O)C1([H])[H]
15,15,1,[H]N1C(=O)C2([H])C3([H])C([H])([H])C1([H])C23[H]
18,18,1,[H]C(=O)C([H])(C([H])([H])[H])C1(C#N)C([H])([H])C1([H])[H]
20,19,0,[H]C(C(=O)N([H])C([H])([H])[H])N([H])C1([H])C([H])([H])C1([H])[H]
20,19,0,[H]OC(C([H])([H])[H])(C([H])([H])[H])C([H])(C([H])=O)C([H])([H])O
13,9,0,[H]C1=NC(N([H])[H])C([H])C([H])C1[H]
17,17,1,[H]C([H])(C#N)N1C(=O)C([H])([H])C([H])([H])C1([H])[H]
25,25,1,[H]C([H])([H])C([H])([H])OC1([H])C([H])([H])C1(C([H])([H])[H])C([H])([H])C([H])([H])[H]
23,23,1,[H]C([H])([H])C([H])([H])OC1([H])C2([H])C([H])([H])C([H])([H])C12C([H])([H])[H]
20,20,1,[H]C1([H])OC2([H])N(C2([H])[H])C1([H])C1([H])C([H])([H])C1([H])[H]
16,16,1,[H]N=C1OC([H])=C(C2([H])OC2([H])[H])C1([H])[H]
16,13,0,[H]C1C(N([H])[H])C(=O)N2C1C([H])([H])C2([H])[H]
17,17,1,[H]Oc1nc(N([H])C([H])([H])[H])c(N([H])[H])n1[H]
18,18,1,[H]C1=NC2([H])C([H])([H])C([H])(C([H])([H])[H])C2([H])N1[H]
18,18,1,[H]C(=O)C([H])([H])OC1([H])C([H])([H])C2([H])N([H])C12[H]
22,22,1,[H]OC([H])([H])C([H])([H])C1([H])C([H])(N([H])[H])C1(O[H])C([H])([H])[H]
17,16,0,[H]C(=O)C(N([H])[H])N([H])C1([H])C([H])([H])C1([H])[H]
19,19,1,[H]C([H])([H])C#CC1([H])C([H])([H])C2([H])OC([H])([H])C12[H]
16,16,1,[H]C1([H])OC2(C(=O)C1([H])[H])C([H])([H])C2([H])[H]
17,17,1,[H]C#CC1(C([H])([H])C#N)N([H])C([H])([H])C1([H])[H]
18,18,1,[H]OC12C([H])([H])C1([H])N1C([H])([H])OC([H])([H])C12[H]
20,19,0,[H]OC1([H])C([H])([H])C2([H])C([H])([H])C2([H])C1(O)C([H])([H])[H]
19,19,1,[H]C#CC([H])([H])C12C([H])([H])C1([H])C1([H])C([H])([H])C12[H]
20,20,1,[H]C([H])([H])C12N3C([H])([H])C4([H])C([H])([H])C1([H])C2([H])C34[H]
21,21,1,[H]C([H])([H])C(=O)C1([H])OC([H])([H])C([H])(C([H])([H])[H])C1([H])[H]
15,15,1,[H]OC([H])([H])C1(N([H])[H])C(=O)C([H])=C1[H]
11,11,1,[H]N=c1nnn([H])nnc1=O
19,18,0,[H]OC1C([H])([H])C([H])(C([H])([H])N([H])C([H])=O)C1([H])[H]
19,19,1,[H]OC1(C([H])([H])[H])C2([H])N([H])C([H])([H])C21C([H])([H])[H]
17,16,0,[H]C1=NC([H])([H])C2([H])OC1C([H])([H])OC2([H])[H]
16,16,1,[H]C1([H])OC([H])(C#N)C2([H])OC2([H])C1([H])[H]
17,17,1,[H]N1C(=O)C2([H])C([H])([H])C2([H])C1=NC([H])([H])[H]
18,18,1,[H]C([H])(N=C1OC([H])([H])C1([H])[H])C1([H])OC1([H])[H]
17,17,1,[H]OC([H])([H])C1([H])C([H])([H])OC(=O)OC1([H])[H]
18,18,1,[H]c1nonc1N(C([H])([H])[H])C([H])([H])C([H])([H])[H]
19,19,1,[H]C(=O)C1=C([H])C([H])([H])C2([H])C1([H])C2([H])C([H])([H])[H]
18,18,1,[H]C1([H])OC(=O)C2(C([H])([H])[H])N1C2([H])C([H])([H])[H]
25,25,1,[H]C([H])([H])C([H])(C([H])([H])[H])C1([H])OC([H])([H])C([H])([H])C([H])([H])C1([H])[H]
17,17,1,[H]OC1([H])C([H])(C#N)C12N([H])C([H])([H])C2([H])[H]
15,15,1,[H]N=c1nc([H])n([H])c(F)c1C([H])([H])[H]
15,15,1,[H]OC([H])([H])C(=O)C([H])([H])C([H])([H])C#N
13,12,0,[H]C(=O)C(=O)C([H])([H])N([H])C(=O)O
21,21,1,[H]C(=O)C([H])([H])C([H])([H])C([H])([H])C#CC([H])([H])C([H])([H])[H]
11,11,1,[H]n1nnoc1=NC([H])([H])[H]
17,17,1,[H]C(=O)N([H])C(=NC([H])([H])[H])C1([H])OC1([H])[H]
22,22,1,[H]OC1([H])C([H])(C([H])=O)C12C([H])([H])C2([H])C([H])([H])C([H])([H])[H]
13,13,1,[H]OC12C3([H])N4C3([H])C1(C#N)C42[H]
16,16,1,[H]C#CC([H])([H])C1([H])N=C([H])OC([H])([H])O1
17,17,1,[H]C(=O)OC1([H])C2([H])OC([H])([H])C12C([H])([H])[H]
21,21,1,[H]OC([H])(C([H])([H])[H])C1(C([H])=O)C([H])([H])C([H])([H])C1([H])[H]
21,21,1,[H]N(C([H])([H])[H])C([H])([H])C1(C#N)C([H])([H])C([H])([H])C1([H])[H]
12,9,0,
12,11,0,[H]C1=NC([H])([H])C(C#N)C(=O)O1
12,10,0,
17,17,1,[H]C#CC(=NC1([H])C([H])([H])OC1([H])[H])N([H])[H]
16,16,1,[H]N=C1OC([H])(C([H])([H])[H])C([H])(C#N)N1[H]
15,15,1,[H]N1C2([H])C3([H])OC([H])([H])C3(C#N)C12[H]
18,16,0,[H]N1C([H])([H])C2C([H])([H])C21C1([H])NN1C([H])([H])[H]
19,18,0,[H]C1([H])C([H])([H])C([H])(O)C2(C1([H])[H])C([H])([H])C2([H])[H]
19,19,1,[H]C1=C([H])C([H])([H])C2([H])N1C([H])([H])C2([H])C([H])([H])[H]
20,20,1,[H]Oc1c([H])c(C([H])([H])[H])c(C([H])([H])C([H])([H])[H])n1[H]
17,17,1,[H]C#CC1(C([H])([H])[H])OC([H])([H])OC([H])([H])O1
12,12,1,[H]OC12N3C(=O)OC1([H])OC32[H]
17,17,1,[H]C([H])([H])C12C([H])([H])C1([H])C1([H])OC(=O)C12[H]
14,14,1,[H]OC1(C([H])([H])C#N)N([H])C1([H])C#N
19,19,1,[H]C(=NC([H])([H])[H])C12C([H])([H])N3C([H])(C1([H])[H])C32[H]
12,10,0,
13,13,1,[H]N=c1nc(O[H])onc1N([H])[H]
18,18,1,[H]N=C(C([H])([H])[H])C12C3([H])OC([H])([H])C1([H])C32[H]
22,22,1,[H]C1=NC([H])(C([H])([H])[H])C([H])(C([H])([H])[H])C1([H])OC([H])([H])[H]
18,18,1,[H]C1([H])OC2([H])C(=O)N(C1([H])[H])C([H])([H])C2([H])[H]
20,20,1,[H]C1=NC2([H])C([H])([H])C3(C([H])([H])C([H])([H])C13[H])C2([H])[H]
22,22,1,[H]N1C(=O)C(C([H])([H])[H])(C([H])([H])C([H])([H])C([H])([H])[H])C1([H])[H]
17,17,1,[H]C1=NC(C([H])([H])C([H])([H])[H])=NC([H])([H])N1[H]
14,14,1,[H]N=C1N([H])C(=O)C([H])(N([H])[H])N1[H]
17,17,1,[H]c1onc(C2([H])N([H])C2([H])[H])c1C([H])([H])[H]
19,19,1,[H]C1=C([H])C2(C([H])([H])[H])C(=O)C1([H])C2([H])C([H])([H])[H]
20,20,1,[H]OC1([H])N2C([H])([H])C([H])(C([H])([H])[H])C([H])(O[H])C21[H]
17,17,1,[H]N1C(=NC([H])([H])[H])C([H])([H])C([H])([H])C1([H])[H]
20,20,1,[H]C(=NC([H])([H])[H])C([H])([H])C1(N([H])[H])C([H])([H])C1([H])[H]
21,21,1,[H]C(=O)C([H])(C([H])([H])C([H])([H])[H])C1([H])OC1([H])C([H])([H])[H]
19,19,1,[H]C(=O)C(C#N)(C([H])([H])N([H])[H])C([H])([H])C([H])([H])[H]
21,21,1,[H]C1=C([H])C([H])(C([H])(C([H])([H])[H])C([H])([H])[H])C([H])([H])C1=O
20,20,1,[H]N(C([H])([H])[H])C1([H])C(=O)OC1(C([H])([H])[H])C([H])([H])[H]
17,17,1,[H]C(=NC([H])([H])[H])N([H])C1([H])C([H])([H])C1([H])[H]
10,8,0,
13,13,1,[H]c1nn([H])c(=O)n1C([H])([H])C#N
20,20,1,[H]C([H])([H])N1C(=O)C2(C([H])([H])C1([H])[H])C([H])([H])C2([H])[H]
18,18,1,[H]OC([H])([H])C([H])([H])C([H])([H])C(=O)OC([H])([H])[H]
16,16,1,[H]OC12C([H])([H])N3C4([H])OC3([H])C1([H])C42[H]
16,16,1,[H]N=C1OC([H])([H])C([H])(C([H])([H])C#N)N1[H]
18,18,1,[H]OC1([H])C([H])([H])C([H])([H])C1([H])C([H])([H])C([H])=O
18,18,1,[H]C1=C([H])C2([H])OC([H])([H])OC2(N([H])[H])C1([H])[H]
22,22,1,[H]OC(N([H])C([H])=O)(C([H])([H])[H])C([H])([H])C([H])([H])C([H])([H])[H]
18,18,1,[H]C1=NC([H])([H])C(C([H])([H])C([H])([H])[H])=C([H])N1[H]
19,19,1,[H]c1onnc1C([H])([H])C([H])(C([H])([H])[H])C([H])([H])[H]
23,23,1,[H]OC1(C([H])([H])[H])OC([H])(C([H])([H])C([H])([H])[H])C1([H])C([H])([H])[H]
18,18,1,[H]C1=C([H])C([H])([H])C([H])([H])N1C([H])([H])C([H])([H])[H]
15,15,1,[H]OC12C3([H])N([H])C1([H])C2([H])C3([H])C#N
18,18,1,[H]C([H])([H])N=C(C(=O)C(=O)C([H])([H])[H])C([H])([H])[H]
20,20,1,[H]N1C(=NC([H])([H])C([H])([H])[H])C([H])([H])C([H])([H])C1([H])[H]
15,13,0,[H]C(=O)C1OC([H])=NC1N([H])C([H])([H])[H]
11,11,1,[H]C(=O)N1C([H])([H])C1([H])C#N
16,14,0,[H]C1=C(C([H])([H])[H])C([H])([H])C2=C1N([H])NN2
23,23,1,[H]C([H])([H])C#CC(C([H])([H])[H])(C([H])([H])[H])C1([H])C([H])([H])C1([H])[H]
18,18,1,[H]C#CC([H])([H])C(=O)C([H])([H])C([H])([H])C([H])([H])[H]
18,18,1,[H]C(=O)C12C([H])=C(C([H])([H])[H])N1C([H])([H])C2([H])[H]
15,15,1,[H]N=C1c2onc([H])c2C([H])([H])C1([H])[H]
19,19,1,[H]c1onc(N(C([H])([H])[H])C([H])([H])[H])c1C([H])([H])[H]
15,15,1,[H]Oc1c([H])nc(C2([H])OC2([H])[H])n1[H]
16,15,0,[H]C1([H])N=C2N3C2([H])C1OC([H])([H])C3([H])[H]
20,20,1,[H]C([H])([H])C1([H])OC2([H])C3([H])C([H])([H])N1C23C([H])([H])[H]
13,13,1,[H]C(=O)C1([H])N([H])C(=O)C1([H])C#N
22,22,1,[H]C([H])([H])C1([H])C([H])([H])C2([H])N3C([H])([H])C([H])([H])C1([H])C32[H]
18,18,1,[H]OC1([H])C2([H])N([H])C([H])([H])C12C(=O)C([H])([H])[H]
16,16,1,[H]N1C(=O)C(=O)C([H])(C([H])([H])[H])OC1([H])[H]
15,15,1,[H]C1=C(C([H])([H])[H])C(=O)OC(=O)C1([H])[H]
13,13,1,[H]c1oc(=O)c([H])c([H])c1N([H])[H]
21,21,1,[H]C1=C(C(=O)C([H])([H])[H])C([H])(C([H])([H])C([H])([H])[H])C1([H])[H]
19,18,0,[H]N1C2C([H])(C1([H])[H])C1([H])OC21C([H])([H])C([H])([H])[H]
19,19,1,[H]C(=O)C([H])([H])OC(=NC([H])([H])[H])C([H])([H])C([H])=O
16,16,1,[H]C1=C([H])C2([H])N([H])C(=O)OC1([H])C2([H])[H]
19,17,0,
17,17,1,[H]OC1(C([H])=O)C2([H])C([H])=C([H])C([H])([H])C21[H]
18,18,1,[H]N1C2(C([H])([H])[H])C(=O)C3([H])C2([H])C13C([H])([H])[H]
23,23,1,[H]C([H])([H])C([H])([H])C1([H])C2([H])C([H])([H])C3([H])C([H])([H])C([H])([H])C312
16,16,1,[H]C(=O)OC([H])(C([H])=O)C([H])([H])C([H])([H])[H]
21,21,1,[H]C([H])([H])C([H])([H])C([H])([H])C1([H])C([H])([H])N2C([H])([H])C21[H]
16,16,1,[H]N=C1N2C(=NO[H])C2([H])C([H])([H])C1([H])[H]
18,18,1,[H]N1C([H])([H])C2([H])OC(=O)C([H])([H])C12C([H])([H])[H]
15,15,1,[H]Oc1c(N([H])C([H])=O)c([H])n([H])c1[H]
13,13,1,[H]C#Cc1nc([H])nn1C([H])([H])[H]
18,18,1,[H]OC([H])([H])C1([H])OC([H])([H])N([H])C2([H])OC21[H]
15,14,0,[H]C([H])([H])C12C3OC1([H])C1([H])C3([H])C12[H]
18,17,0,[H]C1N([H])C2([H])C([H])(C([H])([H])[H])C2(C#N)C1([H])[H]
18,18,1,[H]OC([H])([H])C([H])([H])C(=O)C(=O)N([H])C([H])([H])[H]
19,19,1,[H]C#CN([H])C([H])(C([H])([H])O[H])C([H])([H])C([H])([H])[H]
21,21,1,[H]C([H])([H])N1C(=O)C([H])([H])N(C([H])([H])[H])C([H])([H])C1([H])[H]
18,18,1,[H]C(=O)C1([H])C([H])([H])C2([H])C([H])([H])ON([H])C12[H]
20,20,1,[H]C([H])([H])C1([H])N2C1([H])C1(C([H])([H])[H])OC21C([H])([H])[H]
19,19,1,[H]N1C([H])([H])OC([H])(C#N)C1([H])C([H])([H])C([H])([H])[H]
14,14,1,[H]C#CC1(C#C[H])C([H])([H])C1([H])C#N
18,18,1,[H]C(=O)C([H])([H])C1([H])OC([H])(C([H])([H])[H])C1([H])[H]
20,20,1,[H]N1N(C(C#N)(C([H])([H])[H])C([H])([H])[H])C1([H])C([H])([H])[H]
20,20,1,[H]OC1([H])C([H])(C#N)C([H])(C([H])([H])[H])C1([H])C([H])([H])[H]
16,16,1,[H]N=C([H])OC(=O)C([H])([H])C#CC([H])([H])[H]
19,19,1,[H]C([H])([H])C1=NN=C(C2([H])C([H])([H])C2([H])[H])C1([H])[H]
17,17,1,[H]C#CC1([H])C([H])([H])C([H])(C([H])=O)C1([H])O[H]
14,12,0,
18,18,1,[H]c1c2c(n(C([H])([H])[H])c1[H])OC([H])([H])C2([H])[H]
14,13,0,[H]N([H])C(C(F)(F)F)C1([H])OC1([H])[H]
21,21,1,[H]N(C([H])([H])[H])C1([H])C(=O)C([H])(C([H])([H])[H])C([H])([H])N1[H]
13,11,0,
17,17,1,[H]N=C1C([H])=C([H])C23N1C2([H])C([H])([H])C3([H])[H]
14,11,0,
23,23,1,[H]OC1(C([H])([H])[H])C([H])([H])C([H])([H])C([H])([H])C12C([H])([H])C2([H])[H]
23,23,1,[H]C([H])([H])C([H])([H])C1(C([H])([H])C2([H])C([H])([H])C2([H])[H])OC1([H])[H]
17,17,1,[H]N=C1C2([H])N3C([H])([H])C1([H])C([H])(O[H])C32[H]
13,13,1,[H]C(=O)C1(C([H])([H])[H])OC(=O)N1[H]
17,13,0,
22,22,1,[H]C([H])([H])C([H])([H])N1C(=O)C(C([H])([H])[H])(C([H])([H])[H])C1([H])[H]
19,19,1,[H]OC([H])([H])C1(C([H])([H])[H])C2([H])OC([H])([H])C1([H])O2
17,17,1,[H]OC12C([H])([H])N=C([H])C1(C([H])([H])[H])C2([H])[H]
18,18,1,[H]C#CC1=C([H])C([H])([H])N=C1C([H])([H])C([H])([H])[H]
17,17,1,[H]N=c1nc([H])c([H])c([H])c([H])c1C([H])([H])[H]
16,16,1,[H]C1([H])C([H])([H])C23C([H])([H])C2([H])C2([H])OC123
16,16,1,[H]C#CC([H])(C([H])=O)C([H])([H])OC([H])=N[H]
20,20,1,[H]C(=O)N1C([H])([H])C([H])([H])C([H])=C([H])C1([H])C([H])([H])[H]
27,24,0,[H]C([H])C([H])([H])C([H])C([H])(N([H])C([H])([H])C([H])([H])[H])C([H])([H])C([H])([H])[H]
18,18,1,[H]N=C1OC([H])(C([H])([H])C([H])([H])[H])C([H])=C1O[H]
19,19,1,[H]OC([H])(O[H])C1([H])C([H])([H])C([H])(O[H])C1([H])O[H]
17,17,1,[H]OC([H])(C#N)C1([H])C([H])([H])C([H])([H])C1([H])[H]
18,18,1,[H]N1C([H])([H])C12C(=O)C1(C([H])([H])C1([H])[H])C2([H])[H]
25,25,1,[H]C([H])([H])C1=C(C([H])([H])C([H])([H])C([H])([H])C([H])([H])[H])C([H])([H])C1([H])[H]
16,16,1,[H]C#CC([H])([H])C([H])(O[H])C([H])([H])C#C[H]
13,13,1,[H]C1=C([H])C2([H])N3C1([H])C(=O)C32[H]
16,15,0,[H]C1=C2C(=O)C([H])([H])C([H])([H])C2OC1([H])[H]
14,14,1,[H]C#CC12C3([H])N4C1([H])C2([H])C43O[H]
21,21,1,[H]C1=C([H])C2(C([H])([H])[H])C([H])=C([H])C([H])([H])C2([H])C1([H])[H]
17,17,1,[H]OC([H])([H])C([H])(O[H])C([H])([H])N([H])C([H])=O
16,16,1,[H]c1c(C([H])([H])[H])nc(C([H])([H])[H])oc1=O
19,19,1,[H]OC1([H])C([H])([H])C(=O)C1([H])C1([H])C([H])([H])C1([H])[H]
15,15,1,[H]C1=NC([H])(C(=O)C([H])([H])[H])C([H])=NO1
18,18,1,[H]C#CC([H])([H])C12N3C([H])([H])C([H])(C1([H])[H])C32[H]
17,17,1,[H]C(=NC([H])([H])[H])N([H])C(=O)N([H])C([H])([H])[H]
18,18,1,[H]C([H])([H])C1([H])C2([H])C([H])([H])OC12C([H])([H])C#N
16,16,1,[H]C([H])([H])C(=O)OC1(C#N)C([H])([H])C1([H])[H]
19,19,1,[H]OC([H])(C([H])([H])[H])C12OC([H])(C([H])=C1[H])C2([H])[H]
25,25,1,[H]OC([H])(C([H])([H])[H])C([H])([H])OC([H])([H])C([H])(C([H])([H])[H])C([H])([H])[H]
17,17,1,[H]C(=O)C1([H])N([H])C(=NC([H])([H])[H])OC1([H])[H]
18,17,0,[H]C([H])([H])C1([H])OC(=O)C([H])(O)C([H])([H])C1([H])[H]
20,20,1,[H]N=C1N=C([H])C([H])(C([H])([H])C([H])([H])C([H])([H])[H])N1[H]
19,19,1,[H]N1C(=O)C([H])(C([H])([H])N([H])C([H])([H])[H])OC1([H])[H]
17,17,1,[H]N1C([H])([H])OC2(C#N)C1([H])C2([H])C([H])([H])[H]
16,16,1,[H]C(=NC([H])([H])C#N)N([H])C(=O)C([H])([H])[H]
20,20,1,[H]C(=O)C([H])([H])C1(C([H])([H])[H])C([H])([H])C([H])([H])C1([H])[H]
17,15,0,[H]C1=NN(C([H])([H])C([H])([H])OC([H])([H])[H])NN1
14,14,1,[H]C(=O)c1onc([H])c1OC([H])([H])[H]
23,23,1,[H]C(=O)C1(C([H])([H])C([H])([H])[H])C([H])([H])C([H])([H])C1([H])C([H])([H])[H]
23,23,1,[H]C([H])([H])OC12C([H])([H])C([H])([H])C1([H])C([H])([H])C2([H])C([H])([H])[H]
18,18,1,[H]OC([H])([H])C1([H])C([H])([H])C1(C#N)OC([H])([H])[H]
23,23,1,[H]N([H])C(=O)N([H])C([H])(C([H])([H])[H])C([H])([H])C([H])([H])C([H])([H])[H]
16,16,1,[H]OC([H])([H])C12N([H])C(=O)C1(O[H])C2([H])[H]
20,20,1,[H]N1C([H])([H])C2([H])OC([H])([H])C([H])(OC([H])([H])[H])C12[H]
19,17,0,
14,14,1,[H]C#CC1([H])N2C([H])([H])C2([H])C1([H])[H]
19,19,1,[H]OC12C3([H])C([H])([H])C4([H])C([H])([H])C1([H])C2([H])C43[H]
19,19,1,[H]OC12C([H])([H])C1([H])C(C([H])=O)(C([H])([H])[H])C2([H])[H]
21,21,1,[H]OC([H])(C1([H])OC1([H])C([H])([H])[H])C1([H])C([H])([H])C1([H])[H]
16,16,1,[H]N1C(=O)C2([H])C([H])([H])C2([H])C2([H])OC12[H]
17,17,1,[H]N1C([H])(C#N)OC2([H])C([H])([H])C2([H])C1([H])[H]
19,16,0,
16,15,0,[H]C#CC([H])(O)C(O[H])(C([H])=O)C([H])([H])[H]
16,14,0,[H]C1=C([H])C2([H])N=C(O)C2(C([H])([H])[H])C1[H]
18,18,1,[H]C(=O)C([H])([H])C1([H])OC([H])=NC1([H])C([H])([H])[H]
18,18,1,[H]C#CC1(C([H])([H])[H])C2([H])C([H])([H])C21C([H])([H])[H]
23,23,1,[H]N1C([H])(C([H])([H])[H])C([H])([H])C([H])([H])C1([H])C([H])([H])C([H])([H])[H]
19,19,1,[H]C([H])([H])C1([H])N2C1([H])C([H])([H])C2(C#N)C([H])([H])[H]
22,22,1,[H]C([H])([H])C1([H])C([H])([H])N(C2([H])C([H])([H])OC2([H])[H])C1([H])[H]
23,23,1,[H]C#CC(C([H])([H])[H])(C([H])([H])[H])C(O[H])(C([H])([H])[H])C([H])([H])[H]
26,26,1,[H]N([H])C([H])([H])C([H])([H])C([H])(OC([H])(C([H])([H])[H])C([H])([H])[H])C([H])([H])[H]
15,15,1,[H]C1=C(C([H])([H])[H])C2([H])OC1([H])OC2=O
15,13,0,[H]C1C2([H])C(=O)NC2([H])C2([H])N([H])C12[H]
18,18,1,[H]OC([H])([H])c1c([H])c(N([H])C([H])([H])[H])nn1[H]
16,16,1,[H]OC1([H])C([H])([H])C2(N([H])[H])C([H])([H])C12[H]
18,18,1,[H]c1c(N([H])[H])oc2c1C([H])([H])C([H])([H])C2([H])[H]
17,17,1,[H]c1noc(C([H])([H])C([H])([H])[H])c1C([H])([H])[H]
18,18,1,[H]N=C1C(=O)C([H])([H])C([H])=C([H])C1([H])C([H])([H])[H]
16,12,0,
20,20,1,[H]C#CC1([H])C2([H])N([H])C2([H])C([H])([H])C1([H])C([H])([H])[H]
17,17,1,[H]C1=C2C([H])([H])OC3([H])C([H])([H])OC1([H])C23[H]
20,20,1,[H]C([H])([H])N1C([H])([H])C1([H])C([H])([H])C([H])([H])C([H])([H])[H]
16,16,1,[H]c1onc2c1OC([H])([H])C2([H])C([H])([H])[H]
19,19,1,[H]C([H])([H])OC([H])(C#N)C([H])([H])C([H])([H])C([H])([H])[H]
23,23,1,[H]C([H])([H])N(C([H])([H])[H])C([H])([H])C1([H])C([H])([H])N2C([H])([H])C21[H]
21,21,1,[H]C(=O)C1(C([H])([H])[H])C([H])([H])C2(C([H])([H])[H])C([H])([H])C12[H]
14,14,1,[H]C1=C([H])C([H])(C(F)(F)F)OC1([H])[H]
18,18,1,[H]N=C([H])C1([H])C([H])([H])C1([H])C([H])(C#N)N([H])[H]
21,21,1,[H]ON=C(C([H])([H])[H])C([H])([H])C([H])(O[H])N([H])C([H])([H])[H]
15,15,1,[H]C(=O)Oc1c([H])c(N([H])[H])c([H])n1[H]
12,12,1,[H]c1nonc1C(=O)C([H])([H])[H]
20,20,1,[H]N=C(N(C([H])=O)C([H])([H])[H])N([H])C([H])([H])C([H])([H])[H]
17,17,1,[H]C1([H])OC2([H])C3([H])N1C2(C([H])([H])[H])C3([H])[H]
16,16,1,[H]C1([H])C(C#N)=C2C3([H])C([H])([H])C1([H])C23[H]
19,19,1,[H]OC12C([H])([H])N([H])C3([H])C([H])([H])N(C1([H])[H])C32[H]
25,25,1,[H]N(C([H])([H])[H])C([H])([H])C([H])([H])C1([H])N([H])C1(C([H])([H])[H])C([H])([H])[H]
17,17,1,[H]C([H])([H])C#CC12N(C([H])([H])C1([H])[H])C2([H])[H]
16,14,0,[H]C1([H])C2C3C4([H])N1C1([H])C2([H])C3([H])C41[H]
16,16,1,[H]C(=O)C(=C(C#N)N([H])C([H])([H])[H])N([H])[H]
20,20,1,[H]C#CC(=O)C1(C([H])([H])[H])C([H])([H])C1([H])[H]
21,21,1,[H]OC([H])([H])C([H])([H])C12OC1([H])C([H])([H])C2([H])C([H])([H])[H]
17,17,1,[H]N=C([H])C([H])(O[H])C1([H])C(=O)N([H])C1([H])[H]
16,16,1,[H]N=C([H])OC([H])([H])c1c([H])oc([H])c1[H]
18,18,1,[H]C([H])([H])C([H])(C#N)C12OC1([H])C([H])([H])C2([H])[H]
19,19,1,[H]C1=C(C([H])([H])[H])C2([H])C([H])([H])OC3([H])C1([H])C32[H]
18,18,1,[H]OC([H])([H])C1([H])C(=O)N([H])C([H])=C([H])C1([H])[H]
19,18,0,
16,16,1,[H]OC1([H])C(C([H])=O)=C([H])OC([H])([H])N1[H]
16,16,1,[H]OC1([H])N([H])C2([H])OC([H])([H])N2C1([H])[H]
21,21,1,[H]C([H])([H])C1([H])C([H])([H])C2([H])C([H])([H])C1([H])C1([H])OC12[H]
20,20,1,[H]C([H])([H])N=C1OC2(C([H])([H])C1([H])[H])C([H])([H])C2([H])[H]
13,13,1,[H]c1noc2c1OC([H])([H])C2([H])[H]
21,21,1,[H]C1([H])OC([H])([H])C2([H])C3([H])C([H])([H])C1([H])C([H])([H])C23[H]
20,20,1,[H]C([H])([H])N=C1C2([H])C([H])([H])C3([H])C1([H])C23C([H])([H])[H]
20,20,1,[H]OC(c1onc(N([H])[H])c1[H])(C([H])([H])[H])C([H])([H])[H]
17,16,0,[H]C([H])OC1([H])C2([H])OC3([H])C1([H])N([H])C23[H]
19,19,1,[H]C(=O)C1(C(=O)C([H])([H])[H])C([H])([H])C1([H])C([H])([H])[H]
17,17,1,[H]N=C([H])C12OC3([H])N([H])C1([H])C2([H])C3([H])[H]
15,14,0,[H]C1=NC([H])=C([H])C([H])([H])OC([H])C1=O
21,21,1,[H]OC1([H])N([H])C([H])(C([H])([H])C([H])([H])[H])C1([H])C([H])([H])[H]
18,18,1,[H]OC12C3([H])N([H])C3([H])C1([H])C21C([H])([H])C1([H])[H]
13,13,1,[H]C#Cc1c([H])oc([H])nc1=N[H]
16,16,1,[H]N1C(=O)C2([H])C3([H])OC([H])([H])C1([H])C32[H]
18,18,1,[H]C(=O)N1C([H])([H])C1([H])C([H])([H])C(=O)C([H])([H])[H]
23,23,1,[H]OC([H])(C(=O)C([H])(C([H])([H])[H])C([H])([H])C([H])([H])[H])C([H])([H])[H]
15,15,1,[H]C#CC1([H])C2([H])OC1(C#C[H])C2([H])[H]
16,16,1,[H]N(C(=O)C([H])([H])[H])C([H])([H])C([H])([H])C#N
20,20,1,[H]OC([H])([H])C([H])(N=C([H])C(=O)C([H])([H])[H])C([H])([H])[H]
15,15,1,[H]Oc1c([H])c([H])c(OC([H])([H])[H])n1[H]
16,15,0,[H]N=C(n1[nH]nc1[H])C([H])([H])C([H])([H])O[H]
17,17,1,[H]C(=O)OC1([H])C([H])([H])C([H])([H])C2([H])OC12[H]
17,17,1,[H]N([H])C(=O)N([H])C1([H])N2C([H])([H])N([H])C21[H]
15,15,1,[H]N1C(=O)C([H])([H])C1([H])C#CC([H])([H])[H]
19,19,1,[H]C1=C([H])C([H])([H])C([H])([H])C([H])([H])OC(N([H])[H])=N1
19,19,1,[H]OC1([H])C([H])([H])C2(OC([H])([H])C([H])([H])O2)C1([H])[H]
15,15,1,[H]C#CC([H])([H])OC(=N[H])N([H])C([H])=O
17,17,1,[H]C(=O)C([H])([H])C1=C([H])C(=O)C([H])([H])C1([H])[H]
18,18,1,[H]OC1([H])C([H])([H])C([H])([H])C2([H])C(=O)N([H])C12[H]
18,18,1,[H]C([H])([H])N=C1OC(=O)C([H])([H])C([H])([H])C1([H])[H]
17,17,1,[H]OC1([H])C([H])([H])C2(C([H])([H])C#N)N([H])C12[H]
18,17,0,
14,12,0,
16,16,1,[H]C#CC([H])(N([H])[H])C([H])([H])OC([H])=N[H]
18,18,1,[H]OC([H])([H])C([H])([H])C1(C#N)C([H])([H])C1([H])O[H]
22,22,1,[H]N=C1OC([H])(C([H])(C([H])([H])[H])C([H])([H])[H])C([H])([H])C1([H])[H]
18,18,1,[H]C#CC1(N([H])C(=N[H])C([H])([H])[H])N([H])C1([H])[H]
16,16,1,[H]OC([H])([H])C1([H])C(=O)OC([H])([H])C1([H])[H]
16,16,1,[H]C(=O)C([H])([H])C(=O)C(=O)N([H])C([H])([H])[H]
17,17,1,[H]C#CC12C([H])(O[H])C([H])([H])C1([H])C2([H])O[H]
19,19,1,[H]C1=C([H])C([H])([H])C([H])([H])N(C([H])([H])[H])C1([H])C#N
19,19,1,[H]C#CC(O[H])(C([H])([H])[H])C1(O[H])C([H])([H])C1([H])[H]
15,15,1,[H]C#CC([H])([H])C([H])(C#N)N([H])C([H])=O
20,19,0,[H]C([H])([H])C1([H])OC([H])([H])C2(C([H])([H])[H])C([H])(O)C12[H]
17,17,1,[H]C(=O)C1([H])N2C([H])([H])C([H])([H])C2([H])C1([H])[H]
14,14,1,[H]C#CC1([H])C([H])([H])OC1([H])C([H])=O
13,13,1,[H]C#Cc1oc(=N[H])nc([H])c1[H]
18,17,0,[H]N=C1C2C([H])=C([H])N([H])C2([H])C([H])([H])C1([H])[H]
23,23,1,[H]OC1(C([H])([H])OC([H])([H])[H])C([H])([H])C([H])(C([H])([H])[H])C1([H])[H]
19,19,1,[H]OC1(C([H])([H])[H])C([H])([H])C2([H])C3([H])OC1([H])C32[H]
19,19,1,[H]Oc1c(C([H])([H])C([H])([H])[H])c([H])c(N([H])[H])n1[H]
25,25,1,[H]OC([H])([H])C([H])([H])OC([H])([H])C(C([H])([H])[H])(C([H])([H])[H])C([H])([H])[H]
23,23,1,[H]C([H])([H])C([H])([H])C#CC([H])(C([H])([H])[H])C1([H])C([H])([H])C1([H])[H]
17,17,1,[H]Oc1nn(C([H])([H])C([H])([H])[H])nc1N([H])[H]
21,21,1,[H]OC1([H])C([H])=C(C([H])([H])[H])C([H])([H])C1([H])OC([H])([H])[H]
17,16,0,
21,21,1,[H]OC([H])([H])C([H])([H])C1([H])OC([H])([H])OC1([H])C([H])([H])[H]
18,18,1,[H]C1=C2C([H])([H])N([H])C3([H])OC23C([H])([H])C1([H])[H]
19,19,1,[H]C([H])([H])C12C([H])([H])OC1([H])C1([H])OC1([H])C2([H])[H]
20,20,1,[H]C([H])([H])OC1([H])C([H])([H])C12N1C([H])([H])C2([H])C1([H])[H]
20,20,1,[H]OC1([H])N([H])C1([H])C([H])([H])OC1([H])C([H])([H])C1([H])[H]
17,17,1,[H]c1c2c(c([H])n1[H])N([H])C([H])([H])C([H])([H])O2
21,21,1,[H]C1([H])OC2([H])C([H])([H])C2([H])C2([H])C([H])([H])C([H])([H])C12[H]
19,19,1,[H]C1([H])N(C2([H])C([H])([H])C3([H])N4C([H])([H])C423)C1([H])[H]
17,17,1,[H]OC12C([H])([H])N([H])C1(C(=O)N([H])[H])C2([H])[H]
17,17,1,[H]C(C#N)=C1C([H])([H])C([H])([H])N2C([H])([H])C12[H]
17,17,1,[H]C1=C(C([H])([H])[H])C([H])(C#N)OC([H])([H])N1[H]
19,19,1,[H]C(=O)C(=O)C1(C([H])([H])C([H])([H])[H])C([H])([H])C1([H])[H]
18,18,1,[H]N1C(=O)OC2(C([H])([H])[H])C([H])([H])C([H])([H])C12[H]
19,19,1,[H]OC12C3([H])N([H])C([H])([H])C1(C([H])([H])[H])C2([H])N3[H]
16,16,1,[H]C1=NC([H])([H])C2(OC2([H])[H])C(=O)C1([H])[H]
20,20,1,[H]OC1([H])C([H])([H])C1([H])C([H])([H])C1([H])C([H])([H])C1([H])[H]
18,18,1,[H]N=C1N([H])C([H])([H])C([H])([H])C1(C#N)C([H])([H])[H]
17,17,1,[H]C(=O)C#CC(C([H])=O)(C([H])([H])[H])C([H])([H])[H]
18,18,1,[H]N1C([H])([H])C1([H])C1(C([H])([H])C#N)N([H])C1([H])[H]
17,17,1,[H]C#CC([H])([H])C12C(=O)C1(C([H])([H])[H])C2([H])[H]
18,18,1,[H]C#CC1(C#C[H])N([H])C([H])([H])C1([H])C([H])([H])[H]
13,11,0,
14,14,1,[H]C(=O)C1([H])N(C(=O)N([H])[H])C1([H])[H]
20,20,1,[H]C1([H])OC1([H])N1C([H])([H])C2([H])C([H])([H])C([H])([H])C12[H]
17,15,0,
20,20,1,[H]N=C1OC2([H])C1([H])C([H])([H])C([H])([H])C2([H])C([H])([H])[H]
17,17,1,[H]C#CC1([H])C([H])([H])C2([H])OC([H])([H])OC12[H]
15,15,1,[H]C12OC3([H])C4([H])N1C1([H])N(C21[H])C34[H]
14,14,1,[H]N=C1N=C(N([H])[H])C(=O)C1([H])O[H]
14,14,1,[H]n1nnc2c1C([H])([H])C([H])([H])N=N2
18,17,0,[H]C([H])([H])N1C([H])([H])C(C#N)(C([H])([H])O)C1([H])[H]
16,16,1,[H]C#CC1([H])C2([H])N=C([H])C3([H])C1([H])C23[H]
21,21,1,[H]C#CC([H])(N([H])C([H])([H])[H])C1(C([H])([H])[H])N([H])C1([H])[H]
15,15,1,[H]N=c1c([H])nn([H])nc1OC([H])([H])[H]
18,18,1,[H]N([H])C12OC([H])([H])C1([H])C([H])([H])C([H])([H])C2=O
24,24,1,[H]C([H])([H])C([H])([H])C([H])([H])C1(C([H])([H])[H])N2C([H])([H])C2([H])C1([H])[H]
17,17,1,[H]N([H])C1([H])C2([H])C([H])([H])C3([H])OC2([H])C31[H]
19,19,1,[H]C([H])([H])C12OC3([H])C4([H])C3([H])C1(C([H])([H])[H])C42[H]
12,10,0,
14,14,1,[H]N=C1C([H])=C([H])N2C([H])([H])C12C#N
19,19,1,[H]N=C([H])C1([H])N(C([H])([H])C#CC([H])([H])[H])C1([H])[H]
19,18,0,[H]C(=O)C1=C([H])C(C([H])([H])[H])N(C([H])([H])[H])C1([H])[H]
25,25,1,[H]N([H])C([H])([H])C1([H])C([H])([H])C([H])(C([H])([H])[H])C1([H])N([H])C([H])([H])[H]
17,17,1,[H]N1C([H])(C#N)C([H])([H])OC12C([H])([H])C2([H])[H]
14,14,1,[H]C(=O)OC(=O)C([H])(C#N)C([H])([H])[H]
18,18,1,[H]N([H])C1(C([H])([H])[H])C2([H])OC3([H])OC2([H])C31[H]
17,17,1,[H]N1C([H])([H])C2([H])N3C(=O)C1(C([H])([H])[H])C32[H]
27,27,1,[H]C([H])([H])C([H])([H])C([H])([H])C([H])(C([H])([H])[H])C([H])([H])C1([H])C([H])([H])C1([H])[H]
18,18,1,[H]C(=O)C([H])([H])N1N([H])C([H])([H])C([H])([H])C1([H])[H]
23,23,1,[H]OC([H])([H])C1([H])C([H])([H])C([H])([H])C1(OC([H])([H])[H])C([H])([H])[H]
14,14,1,[H]C1=C2C([H])(C#N)C2([H])C([H])([H])C1=O
17,17,1,[H]N=C(OC([H])([H])C([H])([H])[H])C([H])(C#N)O[H]
20,20,1,[H]C(=O)N([H])C1([H])C([H])([H])C1([H])C([H])([H])OC([H])([H])[H]
14,14,1,[H]C#CC([H])([H])N1C([H])([H])C1([H])C#N
17,17,1,[H]C#CC([H])([H])OC1([H])C2([H])OC1([H])C2([H])[H]
13,11,0,
14,12,0,[H]C1=NC([H])([H])OC2=C([H])N([H])NC12
17,17,1,[H]N=C1N([H])C(=O)C([H])(C([H])([H])[H])OC1([H])[H]
25,25,1,[H]N(C([H])([H])C([H])([H])[H])C([H])(N1C([H])([H])C1([H])C([H])([H])[H])C([H])([H])[H]
20,20,1,[H]N1C2([H])C(=O)C([H])([H])C1(C([H])([H])[H])C([H])([H])C2([H])[H]
20,20,1,[H]C#CC([H])(C#C[H])N(C([H])([H])[H])C([H])([H])C([H])([H])[H]
22,22,1,[H]N1C([H])(C(=O)C([H])([H])[H])C([H])([H])C1([H])C([H])([H])C([H])([H])[H]
21,21,1,[H]OC12C3([H])C([H])([H])C1([H])C2(C([H])([H])C([H])([H])[H])C3([H])[H]
18,18,1,[H]OC12C([H])([H])OC1(C([H])([H])C([H])([H])[H])C2([H])[H]
17,16,0,[H]OC([H])(C([H])([H])[H])C([H])([H])C([H])OC([H])=O
17,17,1,[H]OC12C3([H])OC1([H])C([H])(C([H])=C3[H])C2([H])[H]
21,21,1,[H]OC1([H])C([H])=C([H])C(O[H])(C([H])([H])[H])C([H])([H])C1([H])[H]
19,19,1,[H]OC1([H])C(C([H])([H])[H])=NC([H])([H])N2C([H])([H])C21[H]
17,17,1,[H]N=C1N([H])C2(OC2([H])[H])C([H])=C([H])C1([H])[H]
17,17,1,[H]OC12C3([H])C([H])([H])C1([H])C21OC([H])([H])C31[H]
13,11,0,
18,18,1,[H]ON=C1C([H])([H])OC2([H])C([H])([H])C12C([H])([H])[H]
20,20,1,[H]N1C2([H])C([H])([H])OC3([H])C([H])([H])C([H])([H])C([H])([H])C132
17,17,1,[H]C(=O)C([H])([H])C12N([H])C1([H])C1([H])N([H])C12[H]
14,14,1,[H]OC1(C([H])([H])[H])C(=O)OC1([H])C#N
18,18,1,[H]OC1([H])C2([H])C3=C([H])C([H])([H])C31C([H])([H])N2[H]
15,15,1,[H]c1c2c(nn1[H])C([H])([H])C([H])([H])N2[H]
19,19,1,[H]C#CC1([H])C([H])([H])OC12C([H])([H])C2([H])C([H])([H])[H]
15,15,1,[H]c1c([H])n([H])c([H])c(C([H])([H])[H])c1=O
19,19,1,[H]C1([H])N2N3C2([H])C1([H])C([H])([H])C1([H])C([H])([H])C31[H]
23,23,1,[H]C([H])([H])C([H])([H])OC([H])([H])C1([H])C([H])([H])OC1([H])C([H])([H])[H]
22,21,0,
17,17,1,[H]OC1(C([H])=O)C([H])([H])N([H])C1([H])C([H])([H])[H]
20,20,1,[H]C([H])([H])C([H])(C#CC([H])([H])C([H])([H])C#N)C([H])([H])[H]
16,15,0,[H]C1([H])C(=O)C([H])(O)C2([H])OC2([H])C1([H])[H]
16,16,1,[H]OC(C(=O)C([H])=O)(C([H])([H])[H])C([H])([H])[H]
15,15,1,[H]C(=O)c1c([H])n(C([H])([H])[H])c(=O)n1[H]
20,20,1,[H]N1C([H])([H])C2(C([H])([H])OC([H])([H])OC2([H])[H])C1([H])[H]
17,17,1,[H]C(=O)C1([H])OC([H])(C([H])([H])[H])C12OC2([H])[H]
19,19,1,[H]N=C([H])C(=O)N1C([H])([H])C1(C([H])([H])[H])C([H])([H])[H]
18,16,0,
20,20,1,[H]C([H])([H])C([H])([H])C1([H])N2C3([H])OC([H])([H])C2([H])C31[H]
23,23,1,[H]C1=C2C([H])([H])C([H])([H])C([H])([H])C2([H])C([H])(C([H])([H])[H])C1([H])[H]
15,15,1,[H]c1nc(OC([H])([H])[H])c(N([H])[H])n1[H]
14,14,1,[H]C1=NC23C([H])(O1)C1([H])C2([H])OC13[H]
14,12,0,
20,20,1,[H]OC([H])([H])C([H])(C1=NC([H])([H])C([H])([H])O1)C([H])([H])[H]
19,19,1,[H]C1=NC([H])([H])C1([H])C1([H])OC1([H])N([H])C([H])([H])[H]
16,16,1,[H]N=C1OC2([H])C3([H])C2([H])C13C([H])([H])O[H]
20,20,1,[H]C([H])([H])C1([H])N2C([H])([H])C2([H])C([H])([H])C(=O)C1([H])[H]
20,20,1,[H]C([H])([H])C#CC1([H])C([H])(C([H])([H])[H])N2C([H])([H])C21[H]
15,15,1,[H]C#Cc1nc([H])c(N([H])C([H])([H])[H])o1
12,12,1,[H]C#CC12OC3([H])C1([H])OC32[H]
18,17,0,[H]C([H])([H])C(N=O)C1([H])C([H])([H])C1([H])C([H])([H])[H]
19,19,1,[H]OC1([H])C([H])([H])C2([H])C3([H])C([H])(O[H])C1([H])C23[H]
22,22,1,[H]C([H])([H])C([H])([H])C([H])(C#N)C1(C([H])([H])[H])C([H])([H])C1([H])[H]
20,20,1,[H]C#CC([H])(N([H])C(=O)C([H])([H])C([H])([H])[H])C([H])([H])[H]
16,16,1,[H]C([H])([H])C1([H])OC([H])([H])C([H])([H])OC1=O
19,19,1,[H]C#CC(O[H])(C([H])([H])[H])C([H])(C([H])=O)C([H])([H])[H]
17,17,1,[H]N1C2([H])C(=O)C([H])([H])N2C12C([H])([H])C2([H])[H]
15,15,1,[H]N=C([H])C([H])(c1nnon1)C([H])([H])[H]
14,14,1,[H]c1onc2c1OC([H])(C([H])([H])[H])O2
14,14,1,[H]N=C([H])N([H])N([H])C(=O)C(=O)O[H]
14,14,1,[H]c1nn([H])nc1OC(=O)C([H])([H])[H]
15,15,1,[H]C1=C2C(=O)C([H])([H])C2([H])C([H])([H])C1=O
21,21,1,[H]C([H])([H])C([H])([H])OC1([H])C([H])([H])C2([H])C([H])([H])OC12[H]
19,19,1,[H]N=C([H])OC([H])(N(C([H])=O)C([H])([H])[H])C([H])([H])[H]
20,20,1,[H]C1=C([H])C2([H])C1([H])C([H])([H])C([H])([H])C1([H])N([H])C21[H]
19,19,1,[H]C([H])([H])C12C([H])([H])C([H])([H])C3([H])OC1([H])C2([H])O3
15,15,1,[H]c1oc(C([H])([H])C([H])([H])[H])c([H])c1[H]
21,21,1,[H]C1([H])OC([H])([H])C23C([H])([H])C([H])([H])C([H])(C2([H])[H])C13[H]
19,19,1,[H]N=C([H])C(O[H])(C([H])([H])O[H])C1([H])N([H])C1([H])[H]
17,17,1,[H]C1([H])C2([H])N3C1([H])C1([H])N4C2([H])C3([H])C41[H]
17,16,0,[H]OC12N([H])C3([H])C1([H])C3(C([H])([H])O)C2([H])[H]
20,19,0,[H]C([H])([H])C([H])([H])C([H])([H])C12OC([H])(C1([H])[H])C2([H])O
18,17,0,[H]C1=C([H])C([H])([H])C(=O)C([H])([H])C1OC([H])([H])[H]
17,17,1,[H]C#CC(=O)C([H])(C([H])=N[H])N([H])C([H])([H])[H]
21,21,1,[H]N1C2([H])N3C([H])([H])C2(C([H])([H])[H])C13C([H])([H])C([H])([H])[H]
23,23,1,[H]OC([H])([H])C([H])([H])C([H])([H])OC([H])([H])C([H])([H])OC([H])([H])[H]
20,20,1,[H]ON=C(C([H])([H])[H])C1([H])N(N([H])[H])C([H])([H])C1([H])[H]
19,19,1,[H]N=C(N([H])C([H])=O)C([H])([H])C1([H])C([H])([H])C1([H])[H]
15,15,1,[H]C#CC([H])([H])c1nc(O[H])c([H])n1[H]
19,19,1,[H]OC([H])(C([H])=O)C1([H])C([H])([H])C2([H])C([H])([H])C12[H]
18,18,1,[H]C([H])([H])C12OC([H])([H])C3([H])C([H])([H])C1([H])C32[H]
15,15,1,[H]C#CC([H])([H])N=C([H])N([H])C([H])([H])[H]
22,21,0,[H]C([H])([H])C1(C([H])([H])[H])C([H])([H])OC([H])([H])C1([H])C([H])([H])O
20,20,1,[H]OC([H])([H])C1([H])C2([H])C([H])([H])C3([H])N([H])C3([H])C12[H]
16,16,1,[H]OC1([H])C([H])([H])C1([H])c1nc([H])nn1[H]
16,15,0,[H]OC([H])C([H])(C([H])=O)C([H])(C#N)N([H])[H]
16,16,1,[H]C#CC1(O[H])C([H])([H])C1(C([H])=O)N([H])[H]
18,18,1,[H]C1=C([H])C2([H])C([H])([H])C3([H])C4([H])N(C14[H])C23[H]
21,21,1,[H]C([H])([H])C12C([H])([H])C1([H])C([H])([H])C21C([H])([H])OC1([H])[H]
17,16,0,[H]C([H])([H])OC(=O)C([H])([H])C(N=O)C([H])([H])[H]
25,25,1,[H]C1=C(C([H])([H])C([H])([H])[H])C([H])(C([H])([H])C([H])([H])C([H])([H])[H])C1([H])[H]
18,18,1,[H]N=C(C#N)C([H])([H])N1C([H])([H])C1([H])C([H])([H])[H]
21,21,1,[H]N([H])C1([H])C([H])([H])OC([H])(C([H])([H])[H])C([H])([H])C1([H])[H]
18,18,1,[H]C([H])(C#N)C12C([H])([H])C3([H])C([H])([H])C1([H])C32[H]
15,15,1,[H]N=C1N([H])c2c(oc([H])c2[H])C1([H])[H]
15,14,0,[H]OC1C2([H])C([H])([H])C1(C([H])=O)C2([H])[H]
21,21,1,[H]N(C(=O)C([H])([H])[H])C([H])([H])C1([H])N(C([H])([H])[H])C1([H])[H]
16,16,1,[H]C1=C([H])C([H])([H])C23OC([H])([H])C2=C([H])N13
16,15,0,
19,19,1,[H]N(C([H])([H])C(=O)OC([H])([H])[H])C1([H])N([H])C1([H])[H]
23,23,1,[H]OC1([H])C([H])([H])C([H])([H])C([H])(OC([H])([H])C([H])([H])[H])C1([H])[H]
16,16,1,[H]C([H])([H])OC(=O)C1([H])C([H])([H])C1([H])C#N
15,15,1,[H]C(=O)C1([H])C2([H])OC1([H])C([H])([H])C2=O
14,14,1,[H]OC([H])([H])C1([H])OC1([H])C(=O)C#N
20,20,1,[H]C(=O)C([H])([H])N([H])C([H])([H])C1(C([H])([H])[H])OC1([H])[H]
16,16,1,[H]N1C2([H])C([H])([H])C3([H])C([H])([H])C3([H])C12[H]
21,21,1,[H]N1C2([H])N([H])C1([H])C21C([H])([H])C([H])(C([H])([H])[H])C1([H])[H]
12,11,0,
19,19,1,[H]C#CC1([H])C([H])([H])C(=O)C([H])([H])C1([H])C([H])([H])[H]
18,18,1,[H]C([H])([H])C([H])([H])C1([H])OC(=O)N2C([H])([H])C21[H]
17,15,0,[H]OC1C([H])=C(N([H])[H])N([H])C1C([H])([H])O[H]
15,15,1,[H]C#CC1([H])C([H])=C([H])C(C([H])=O)=C1[H]
19,19,1,[H]C([H])([H])C1([H])N2C3([H])N4C([H])([H])C2([H])C1([H])C43[H]
13,13,1,[H]c1oc(=O)nc(F)c1C([H])([H])[H]
18,17,0,[H]C(=O)C1N([H])C([H])([H])C12N([H])C2([H])C([H])([H])[H]
17,17,1,[H]N1C2([H])C(=O)N(C([H])([H])[H])C3([H])C1([H])C23[H]
14,14,1,[H]C1=C([H])C([H])([H])c2oc(=O)n([H])c21
17,17,1,[H]C([H])(C#N)C12N3C([H])([H])C([H])(C1([H])[H])C32[H]
20,20,1,[H]C([H])([H])C12C([H])([H])C([H])([H])C([H])([H])C1([H])C2([H])C#N
18,18,1,[H]C(=O)C([H])(C#N)C([H])([H])C1([H])C([H])([H])C1([H])[H]
17,17,1,[H]N=C1OC([H])(C([H])([H])O[H])C2([H])N([H])C12[H]
16,16,1,[H]C1=C([H])C2(C#N)C([H])([H])OC1([H])C2([H])[H]
16,16,1,[H]C([H])([H])C1([H])OC([H])([H])C2([H])OC12C#N
22,22,1,[H]C([H])([H])N1C2([H])C([H])([H])C3([H])C([H])([H])C1([H])C2([H])C3([H])[H]
18,18,1,[H]C(=O)C([H])([H])C1([H])C([H])([H])C1([H])C([H])([H])C#N
12,10,0,
16,16,1,[H]N=C([H])C([H])(C([H])([H])[H])C1(O[H])OC1=O
17,17,1,[H]C(=O)C([H])(N1C([H])([H])C1([H])[H])C([H])([H])C#N
20,20,1,[H]N=C1C([H])([H])OC2([H])C1([H])C([H])([H])C2([H])C([H])([H])[H]
19,18,0,[H]N=C1OC([H])(C([H])([H])[H])C([H])(O)C1([H])C([H])([H])[H]
19,19,1,[H]C1([H])OC2([H])C([H])([H])C2(C([H])([H])C([H])([H])[H])C1=O
16,16,1,[H]N1C2([H])C3([H])C(=O)C4([H])C1([H])C4([H])C32[H]
18,18,1,[H]C1([H])N2C3([H])C(=O)C([H])(C1([H])[H])C([H])([H])C23[H]
12,12,1,[H]Oc1nc2n(c1[H])C([H])([H])O2
16,14,0,
13,13,1,[H]N=c1oc([H])c([H])c(F)c1O[H]
19,18,0,[H]C1=NC(C([H])([H])[H])N(C2([H])N([H])C2([H])[H])C1([H])[H]
17,17,1,[H]N1C2([H])C([H])([H])C3([H])C1([H])C3([H])C2([H])C#N
23,23,1,[H]C([H])([H])OC1([H])C([H])([H])C2([H])C([H])([H])C2([H])C1([H])C([H])([H])[H]
18,18,1,[H]C#CC([H])([H])C1([H])C([H])([H])C1(O[H])C([H])([H])[H]
19,19,1,[H]c1c(N([H])C([H])([H])OC([H])([H])[H])c([H])n([H])c1[H]
22,22,1,[H]N1C(=O)C([H])([H])C([H])([H])C([H])([H])C1([H])C([H])([H])C([H])([H])[H]
17,17,1,[H]N=C1C([H])([H])OC([H])([H])C([H])([H])C1([H])O[H]
24,24,1,[H]OC([H])([H])C(N1C([H])([H])C1([H])C([H])([H])[H])(C([H])([H])[H])C([H])([H])[H]
20,20,1,[H]N1C(=O)C([H])([H])OC([H])(C([H])([H])[H])C1([H])C([H])([H])[H]
19,19,1,[H]OC1([H])OC([H])([H])C2([H])C([H])([H])C2([H])C([H])=C1[H]
16,16,1,[H]C(=O)N([H])C1([H])OC([H])([H])C2([H])OC12[H]
23,23,1,[H]C([H])([H])N1C([H])([H])N2C1([H])C([H])(C([H])([H])[H])C2([H])C([H])([H])[H]
14,14,1,[H]C([H])([H])N1C([H])([H])C(=O)C1([H])C#N
23,20,0,[H]N=C([H])OC1([H])C([H])([H])C1([H])C([H])(C([H])[H])C([H])([H])[H]
21,21,1,[H]N1C([H])([H])C12C([H])([H])C([H])([H])C([H])([H])C([H])([H])C2([H])[H]
19,19,1,[H]c1nc([H])n([H])c1C1([H])C([H])([H])C1([H])C([H])([H])[H]
24,24,1,[H]N(C([H])([H])[H])C1(C([H])([H])[H])C([H])([H])C2(C([H])([H])[H])C([H])([H])C12[H]
21,21,1,[H]N1C([H])([H])C([H])(OC([H])([H])C([H])([H])[H])C2([H])N([H])C12[H]
13,11,0,
23,23,1,[H]C1=NC([H])([H])N(C([H])([H])C([H])([H])[H])C([H])([H])C([H])([H])C1([H])[H]
19,19,1,[H]C1=C([H])C([H])=C([H])C([H])([H])C([H])([H])C([H])([H])C1=O
22,22,1,[H]C([H])([H])OC([H])([H])C([H])([H])N1C2([H])C([H])([H])C1([H])C2([H])[H]
16,16,1,[H]C1=C([H])C([H])([H])N=C1C(=O)OC([H])([H])[H]
21,21,1,[H]C(=O)C([H])(C([H])([H])[H])C([H])([H])N([H])C1([H])N([H])C1([H])[H]
20,20,1,[H]N1C2([H])C([H])(C([H])([H])[H])C1([H])C21C([H])([H])OC1([H])[H]
19,18,0,
23,23,1,[H]OC1([H])C2([H])C([H])([H])C([H])([H])C([H])([H])C([H])([H])C12C([H])([H])[H]
19,19,1,[H]N1C([H])([H])C2(N([H])C([H])([H])[H])C(=O)C1([H])C2([H])[H]
16,16,1,[H]OC1([H])C([H])([H])OC2([H])OC([H])=NC21[H]
17,17,1,[H]C(=O)C([H])([H])C1([H])C(=O)OC([H])([H])C1([H])[H]
23,23,1,[H]OC([H])([H])C1(C([H])([H])[H])C([H])=C([H])C([H])([H])C1([H])C([H])([H])[H]
23,23,1,[H]N=C(C([H])([H])[H])C([H])(N([H])[H])C([H])(OC([H])([H])[H])C([H])([H])[H]
17,17,1,[H]C([H])([H])C(=O)C([H])([H])C([H])(C#N)C([H])([H])[H]
21,21,1,[H]C1=C(C([H])([H])[H])C2([H])OC([H])([H])C2([H])C([H])([H])C1([H])[H]
17,16,0,
15,15,1,[H]OC([H])([H])Oc1onc([H])c1N([H])[H]
15,15,1,[H]c1nc(N([H])[H])oc1C#CC([H])([H])[H]
21,21,1,[H]N1C([H])([H])C2([H])C([H])([H])C2(C([H])([H])[H])C1([H])C([H])([H])[H]
15,15,1,[H]C#CC(=O)C([H])(O[H])C([H])([H])C([H])=O
18,18,1,[H]N1C(=O)C2([H])C([H])([H])C([H])([H])OC2([H])C1([H])[H]
18,18,1,[H]N(C([H])(C#N)OC([H])([H])[H])C([H])([H])C([H])([H])[H]
19,19,1,[H]N([H])C1([H])C(=O)C1([H])C1([H])N([H])C1([H])C([H])([H])[H]
19,19,1,[H]N=C1N([H])C([H])=C([H])C1(C([H])([H])[H])C([H])([H])O[H]
13,9,0,
16,16,1,[H]N=C1N([H])C([H])([H])C12N([H])C(=O)C2([H])[H]
21,21,1,[H]N1C([H])(C([H])([H])C([H])([H])[H])C1([H])C1([H])C([H])([H])C1([H])[H]
15,15,1,[H]OC1([H])C(=O)OC([H])([H])C1([H])C([H])=O
18,18,1,[H]N=C(C(=O)OC([H])([H])[H])C1([H])C([H])([H])C1([H])[H]
18,18,1,[H]C(=O)C12N(C([H])([H])[H])C1([H])C1([H])C([H])([H])C21[H]
18,18,1,[H]C#CC([H])([H])OC1([H])C([H])([H])C1([H])C([H])([H])[H]
19,19,1,[H]C([H])([H])C([H])([H])C12C3([H])OC1([H])C2([H])OC3([H])[H]
20,20,1,[H]N1C2([H])C([H])([H])C([H])(C3([H])OC([H])([H])C3([H])[H])C12[H]
17,17,1,[H]C#CC1([H])C([H])=C([H])C([H])(O[H])C1([H])O[H]
17,17,1,[H]N=C1N(C([H])([H])C([H])=O)C([H])([H])C1([H])O[H]
16,16,1,[H]C([H])([H])C12C([H])([H])C3([H])OC1([H])C32C#N
13,13,1,[H]N([H])c1nonc1OC([H])([H])[H]
18,17,0,[H]C([H])([H])N1C2([H])N(C2([H])[H])C2([H])C([H])(O)C12[H]
20,20,1,[H]c1oc([H])c(N(C([H])([H])[H])C([H])([H])C([H])([H])[H])c1[H]
15,15,1,[H]N1C2([H])C(=O)OC([H])([H])C([H])([H])C12[H]
18,18,1,[H]C1=C([H])C([H])([H])C2([H])N(C(=O)C1([H])[H])C2([H])[H]
19,19,1,[H]C(=O)C1([H])OC([H])([H])C([H])([H])C1([H])OC([H])([H])[H]
15,13,0,[H]C1=NNC(N([H])[H])N=C1OC([H])([H])[H]
17,17,1,[H]OC([H])([H])C1([H])N=C2C([H])([H])C([H])([H])C21[H]
13,12,0,
16,16,1,[H]OC12C([H])=NC([H])([H])C13OC([H])([H])C23[H]
18,18,1,[H]C1([H])C2([H])C3([H])C([H])([H])C4([H])C2([H])C1([H])C34[H]
20,19,0,[H]C(=C(C(=O)C([H])([H])[H])C([H])([H])C([H])([H])[H])C([H])([H])O
19,19,1,[H]C(=O)C1([H])C([H])=C([H])C([H])([H])C(=O)C([H])([H])N1[H]
25,25,1,[H]N(C([H])([H])[H])C([H])([H])C([H])([H])C([H])([H])C([H])([H])C([H])([H])C([H])([H])[H]
22,22,1,[H]N1C2([H])C3([H])C1([H])C2([H])C3([H])C([H])([H])C([H])([H])C([H])([H])[H]
15,15,1,[H]C(=O)C1([H])N2C3([H])N4C2([H])C1([H])C43[H]
24,24,1,[H]C([H])([H])OC([H])([H])C([H])([H])C([H])([H])C([H])([H])C([H])([H])C([H])([H])[H]
23,23,1,[H]C#CC1([H])C([H])([H])C([H])(C([H])([H])C([H])([H])[H])C1([H])C([H])([H])[H]
16,16,1,[H]C(=O)C12C3([H])N4C([H])([H])C4([H])C1([H])C32[H]
19,19,1,[H]OC([H])([H])C1([H])N([H])C2([H])C3([H])N([H])C1([H])C23[H]
15,15,1,[H]N=C(OC#CC([H])([H])[H])C([H])([H])O[H]
14,12,0,[H]C(=O)C1=C([H])C(C([H])([H])[H])NN1[H]
15,15,1,[H]N=C1OC([H])([H])C2([H])N([H])C12C([H])=O
14,14,1,[H]N=C1OC2([H])C(=O)C([H])([H])C1=C2[H]
20,20,1,[H]N=C([H])C1([H])C2([H])OC([H])([H])C([H])([H])C21C([H])([H])[H]
17,17,1,[H]C([H])([H])C(=O)C1=NC([H])([H])N2C([H])([H])C12[H]
17,17,1,[H]OC1(C([H])([H])[H])C([H])([H])C1(C#N)C([H])([H])[H]
19,19,1,[H]N1C(=O)C([H])(C([H])([H])[H])C2([H])N([H])C2([H])C1([H])[H]
19,19,1,[H]C1=C(N([H])[H])C2([H])C([H])([H])C2([H])C1([H])C([H])([H])[H]
15,15,1,[H]C#CC([H])([H])OC([H])([H])C(C#N)=N[H]
19,19,1,[H]N(C(=O)OC([H])([H])N1C([H])([H])C1([H])[H])C([H])([H])[H]
23,23,1,[H]C([H])([H])C12OC([H])(C([H])([H])C([H])([H])C([H])([H])C1([H])[H])C2([H])[H]
21,21,1,[H]C([H])([H])C1([H])C([H])([H])C([H])([H])OC(=O)C([H])([H])C1([H])[H]
19,19,1,[H]N1C([H])([H])C(=O)C1([H])C1(C([H])([H])[H])N([H])C1([H])[H]
21,21,1,[H]C([H])([H])C#CC(C#CC([H])([H])[H])(C([H])([H])[H])C([H])([H])[H]
19,19,1,[H]C([H])([H])C([H])([H])C([H])([H])N1C2([H])OC([H])([H])C12[H]
13,9,0,
18,18,1,[H]OC([H])([H])N(c1nn([H])c([H])c1[H])C([H])([H])[H]
12,12,1,[H]N([H])C(C#N)=NC([H])([H])C#N
15,15,1,[H]N([H])C(C#N)(OC([H])([H])[H])C([H])([H])[H]
21,21,1,[H]OC([H])(C([H])([H])OC([H])([H])[H])C([H])([H])C([H])([H])N([H])[H]
15,15,1,[H]OC12C3([H])C(=O)C4([H])C3([H])C1([H])C42[H]
21,21,1,[H]OC([H])([H])C([H])([H])N=C1C([H])([H])C2([H])C([H])([H])C12O[H]
12,12,1,[H]C#CC([H])(N([H])[H])C(F)(F)F
20,20,1,[H]C#CC(=N[H])C([H])(C([H])([H])O[H])C([H])([H])C([H])([H])[H]
19,19,1,[H]C([H])([H])N1C([H])([H])C(=O)C1([H])C([H])([H])C([H])([H])[H]
14,14,1,[H]C#CC1([H])N=C([H])C([H])([H])OC1=O
17,17,1,[H]C(=O)C([H])([H])C([H])(N([H])[H])C1([H])OC1([H])[H]
19,19,1,[H]C#CC([H])(N([H])[H])C([H])(C#CC([H])([H])[H])N([H])[H]
18,18,1,[H]OC1(C([H])([H])[H])C2([H])N([H])C(=O)C([H])([H])C21[H]
21,21,1,[H]C1=NC2([H])C([H])([H])N(C([H])([H])[H])C([H])([H])C([H])([H])C12[H]
20,20,1,[H]C([H])([H])C([H])([H])C12OC3([H])C([H])([H])C3([H])N1C2([H])[H]
15,13,0,
23,23,1,[H]OC([H])(C([H])([H])[H])C([H])([H])C1([H])C([H])([H])C1([H])OC([H])([H])[H]
17,17,1,[H]C12OC3([H])C([H])(O1)C23C1([H])C([H])([H])C1([H])[H]
21,20,0,[H]C([H])([H])C1([H])C(N2C([H])([H])C2([H])[H])C2([H])C([H])([H])C12[H]
19,19,1,[H]C([H])([H])C12C([H])([H])C13C1([H])OC([H])(C1([H])[H])C23[H]
18,18,1,[H]OC12C(=NC3(C([H])([H])[H])C([H])([H])C13[H])C2([H])[H]
14,14,1,[H]c1nc2n(n1)C1([H])C([H])([H])C1([H])O2
16,16,1,[H]N([H])C1([H])C(=O)C12C([H])([H])C1([H])OC12[H]
16,16,1,[H]N1C2([H])C3([H])N4C3([H])C4(C([H])([H])[H])C12[H]
18,18,1,[H]C(=O)C1([H])N2C3([H])C([H])([H])C([H])([H])C23C1([H])[H]
21,21,1,[H]C1=C([H])C2([H])OC(C([H])([H])[H])(C([H])([H])[H])C2([H])C1([H])[H]
17,17,1,[H]C(=O)OC1([H])N2N([H])C([H])(C2([H])[H])C1([H])[H]
23,23,1,[H]N([H])C(=O)C([H])(C([H])([H])C([H])([H])[H])C([H])([H])C([H])([H])N([H])[H]
19,19,1,[H]OC1([H])C2([H])OC([H])(C([H])=C2[H])C1([H])C([H])([H])[H]
22,22,1,[H]N([H])C1([H])C([H])([H])C2(OC2([H])[H])C1(C([H])([H])[H])C([H])([H])[H]
17,17,1,[H]N=C1C2([H])OC([H])([H])C2([H])C2([H])N([H])C12[H]
19,19,1,[H]OC1([H])C(=O)C([H])([H])C12C([H])([H])C2([H])C([H])([H])[H]
21,21,1,[H]C1=NC([H])([H])C([H])([H])C2(N1[H])C([H])([H])C([H])([H])C2([H])[H]
15,15,1,[H]C(=O)C#Cc1noc(C([H])([H])[H])c1[H]
23,23,1,[H]C([H])([H])OC([H])([H])C([H])(C(=O)C([H])([H])C([H])([H])[H])C([H])([H])[H]
16,16,1,[H]C1([H])OC1([H])C1([H])C2([H])OC1([H])C2([H])[H]
23,23,1,[H]C(=O)C1([H])C([H])([H])C1([H])C([H])(C([H])([H])[H])C([H])([H])C([H])([H])[H]
16,16,1,[H]C1=NC2([H])C([H])([H])N([H])C2([H])C([H])([H])O1
22,22,1,[H]C([H])([H])C([H])([H])C(=O)N1C([H])(C([H])([H])[H])C1([H])C([H])([H])[H]
19,18,0,[H]C=C1C([H])([H])C1([H])C([H])([H])C(=O)N([H])C([H])([H])[H]
21,21,1,[H]N([H])C(=O)C1([H])N(C([H])([H])[H])C([H])([H])C([H])([H])C1([H])[H]
19,19,1,[H]C([H])([H])C12C([H])([H])C([H])([H])C1([H])N1C([H])([H])C12[H]
18,18,1,[H]C#CC([H])=C(C#C[H])C([H])(N([H])[H])C([H])([H])[H]
16,16,1,[H]C1=C([H])C([H])([H])OC([H])(C([H])([H])[H])C1=O
17,17,1,[H]OC([H])([H])C(=O)N(C(=O)N([H])[H])C([H])([H])[H]
19,19,1,[H]C([H])([H])C1([H])C2([H])OC3([H])C1([H])C1([H])C2([H])C31[H]
15,13,0,
21,21,1,[H]C([H])([H])C1([H])C2([H])C3([H])OC1(C([H])([H])[H])C([H])([H])C32[H]
17,12,0,
16,16,1,[H]N1C2([H])C(C#N)=NC([H])([H])C([H])([H])C12[H]
19,19,1,[H]N=C1N2C([H])([H])C2([H])C1(OC([H])([H])[H])C([H])([H])[H]
15,14,0,[H]C#CC(c1nc([H])n([H])c1[H])N([H])[H]
16,16,1,[H]C(=O)C1([H])C2([H])C([H])([H])C([H])(C#N)C12[H]
16,16,1,[H]C1=C(C#N)C2([H])OC([H])([H])C1([H])C2([H])[H]
14,14,1,[H]C1([H])C([H])([H])C1([H])Oc1nnon1
21,21,1,[H]OC([H])([H])C([H])(C(=O)C1([H])C([H])([H])C1([H])[H])C([H])([H])[H]
21,21,1,[H]C#CC([H])(O[H])C1([H])C([H])([H])C([H])([H])C1([H])C([H])([H])[H]
20,20,1,[H]N=C1OC([H])([H])C([H])([H])C([H])([H])C([H])([H])OC1([H])[H]
23,23,1,[H]C([H])([H])C([H])([H])C1(C([H])([H])[H])C2([H])OC2([H])C1([H])C([H])([H])[H]
13,13,1,[H]c1c(N([H])[H])c(=O)oc(=O)n1[H]
12,12,1,[H]C#CC(=O)C#CC([H])([H])C#N
21,21,1,[H]N=C(C([H])([H])[H])C([H])(C(=NO[H])C([H])([H])[H])C([H])([H])[H]
20,20,1,[H]N1C([H])([H])C(=O)C([H])([H])C2([H])C([H])([H])C2([H])C1([H])[H]
23,23,1,[H]C([H])([H])OC([H])(C([H])([H])[H])C12C([H])([H])C1(C([H])([H])[H])C2([H])[H]
24,23,0,[H]OC1(C([H])([H])[H])C(C([H])([H])C([H])([H])[H])C([H])([H])C1([H])C([H])([H])[H]
13,13,1,[H]N=C(N([H])C([H])=O)C([H])([H])C#N
17,17,1,[H]OC1([H])C([H])([H])C2([H])OC3([H])C2([H])C13O[H]
16,15,0,
18,18,1,[H]C#CC1([H])N2C([H])(C([H])([H])[H])C2([H])C1([H])O[H]
15,15,1,[H]C(=O)OC1([H])C(=O)C2([H])C([H])([H])C12[H]
18,17,0,[H]C(=O)C1([H])OC([H])([H])C([H])([H])C([H])([H])C1([H])O
16,16,1,[H]C([H])([H])C1([H])N2C([H])([H])C([H])([H])OC21[H]
16,16,1,[H]C#CC1(C([H])([H])C(=O)N([H])[H])OC1([H])[H]
20,20,1,[H]OC([H])([H])C1([H])C([H])([H])C1([H])C([H])(C#N)C([H])([H])[H]
19,19,1,[H]OC([H])([H])C1(C([H])([H])[H])N(C#N)C1([H])C([H])([H])[H]
16,16,1,[H]N=C([H])N1C(=N[H])C(=O)C([H])([H])C1([H])[H]
15,15,1,[H]OC1([H])C([H])([H])N=C([H])C2([H])OC21[H]
19,19,1,[H]OC1([H])C([H])=C(C([H])([H])[H])C2([H])C(=C1[H])C2([H])[H]
21,21,1,[H]OC([H])([H])C1=C(C([H])([H])[H])C([H])([H])C([H])([H])OC1([H])[H]
16,12,0,[H]C1=C2C(C([H])C3([H])NC23[H])C([H])([H])C1[H]
17,17,1,[H]N([H])C1(C#N)C2([H])OC1([H])C2([H])C([H])([H])[H]
23,23,1,[H]N1C([H])([H])C12C([H])([H])N(C([H])([H])[H])C([H])([H])C2([H])C([H])([H])[H]
14,14,1,[H]N=C1OC([H])=NC1([H])C([H])([H])C#N
18,18,1,[H]C#CC([H])(C1=C([H])C([H])=NC1([H])[H])C([H])([H])[H]
20,20,1,[H]N1C(=O)C2([H])C([H])([H])C([H])([H])C1(C([H])([H])[H])C2([H])[H]
15,15,1,[H]OC(C([H])=O)(C(=O)C([H])=O)C([H])([H])[H]
19,19,1,[H]C([H])([H])C1=NC([H])([H])C([H])([H])C([H])([H])C([H])([H])O1
18,18,1,[H]N([H])C1([H])C(=O)C([H])(C([H])([H])[H])C2([H])OC12[H]
27,24,0,[H]OC([H])C([H])(N([H])C([H])([H])[H])C([H])([H])[H]
23,23,1,[H]C([H])([H])C([H])(C([H])([H])[H])C1([H])C([H])([H])C2([H])OC1([H])C2([H])[H]
16,16,1,[H]C(=O)N([H])C1([H])N2C([H])([H])C2([H])C1([H])[H]
20,20,1,[H]C#CC([H])([H])C1(C([H])([H])C([H])([H])[H])N2C([H])([H])C21[H]
15,15,1,[H]OC([H])([H])c1oc(N([H])[H])c([H])c1[H]
21,21,1,[H]C(=O)C1(N([H])C([H])([H])[H])N([H])C1([H])C([H])([H])C([H])([H])[H]
22,21,0,[H]C1C(N([H])[H])=C(C([H])([H])[H])C([H])([H])N1C([H])([H])C([H])([H])[H]
16,16,1,[H]C#CC1=C([H])C2(C([H])=C1[H])N([H])C2([H])[H]
17,17,1,[H]C([H])([H])C(=O)C1([H])C([H])([H])N2C([H])([H])C21[H]
21,21,1,[H]OC([H])([H])C1(C2([H])N([H])C2([H])[H])N(C([H])([H])[H])C1([H])[H]
19,19,1,[H]C1([H])OC23C4([H])C([H])([H])C2(C1([H])[H])C([H])([H])C43[H]
21,21,1,[H]N=C(N=C(C([H])([H])[H])C([H])([H])OC([H])([H])[H])C([H])([H])[H]
14,12,0,
15,15,1,[H]N=C1OC2([H])C1(O[H])C1([H])N([H])C21[H]
17,17,1,[H]ON=C1C(=O)C(N([H])[H])(C([H])([H])[H])C1([H])[H]
18,18,1,[H]C(=O)C(=O)N1C([H])([H])C([H])(C([H])([H])[H])C1([H])[H]
18,18,1,[H]C1=NC2(C([H])([H])[H])C([H])([H])C2([H])OC([H])([H])O1
21,21,1,[H]C1=C(C([H])([H])OC([H])([H])[H])C([H])(C([H])([H])[H])OC1([H])[H]
18,18,1,[H]C(=O)C12C([H])([H])C3([H])C([H])([H])C1(N([H])[H])C32[H]
18,18,1,[H]N([H])C1=NC([H])([H])C2([H])N1C1([H])C([H])([H])C21[H]
18,18,1,[H]N1C2([H])N3C([H])(C([H])([H])[H])C([H])([H])C3([H])C12[H]
16,16,1,[H]C([H])([H])C(=O)C1([H])C2([H])C([H])([H])C12C#N
23,22,0,[H]N1C([H])([H])C(C2([H])C([H])([H])C2([H])C([H])([H])[H])C([H])([H])C1([H])[H]
23,23,1,[H]C#CC1([H])C([H])(C([H])([H])[H])C1([H])C([H])([H])C([H])([H])C([H])([H])[H]
15,15,1,[H]C([H])([H])C([H])([H])C([H])([H])c1nnon1
20,20,1,[H]C([H])([H])OC1([H])C([H])([H])C2([H])C([H])([H])N3C1([H])C32[H]
19,19,1,[H]C#CC1([H])C2([H])C3([H])C([H])([H])C1(C([H])([H])[H])C32[H]
13,11,0,[H]C1=C2C([H])([H])C([H])C2([H])OC1[H]
19,19,1,[H]OC([H])([H])C([H])([H])N([H])C([H])([H])C([H])([H])C([H])=O
23,23,1,[H]OC1([H])C([H])([H])C([H])(C([H])([H])[H])C1([H])OC([H])([H])C([H])([H])[H]
20,20,1,[H]OC1([H])C([H])([H])C1([H])C1([H])C([H])([H])C([H])([H])C1([H])[H]
12,12,1,[H]Oc1noc(C#N)c1N([H])[H]
20,20,1,[H]C1=NC([H])([H])C2(C([H])([H])OC([H])([H])C2([H])[H])C1([H])[H]
17,16,0,[H]N([H])C1([H])C([H])(O)C12N([H])C([H])([H])C2([H])[H]
15,12,0,
20,20,1,[H]OC12OC([H])([H])N(C([H])([H])[H])C([H])(C1([H])[H])C2([H])[H]
20,20,1,[H]c1c(N([H])C([H])([H])C([H])([H])[H])c(C([H])([H])[H])nn1[H]
18,18,1,[H]C#CC1([H])C(=N[H])OC([H])([H])C1([H])C([H])([H])[H]
18,18,1,[H]OC1(C([H])=O)C([H])(C([H])([H])[H])C1([H])C([H])([H])[H]
20,20,1,[H]OC([H])(C([H])([H])[H])C1([H])C2([H])C([H])=C([H])N([H])C21[H]
19,19,1,[H]C(=O)C([H])([H])C1([H])C(=O)C([H])(C([H])([H])[H])C1([H])[H]
17,17,1,[H]C1=NC([H])(C([H])([H])[H])N([H])C(=O)C([H])([H])O1
23,23,1,[H]OC([H])([H])C1=C([H])C([H])(C([H])([H])[H])C1([H])C([H])([H])C([H])([H])[H]
13,13,1,[H]C(=O)OC([H])=NC1([H])OC1([H])[H]
19,19,1,[H]OC([H])([H])C1([H])C2([H])N([H])C3([H])C([H])([H])N2C31[H]
17,17,1,[H]C1=C([H])C([H])([H])C([H])([H])OC([H])([H])C1([H])[H]
19,19,1,[H]ON=C1C2([H])N([H])C2([H])C([H])([H])C1([H])C([H])([H])[H]
13,12,0,[H]C([H])(O)OC1([H])C([H])([H])C1([H])[H]
16,16,1,[H]Oc1c(N([H])C([H])([H])[H])c([H])n([H])c1[H]
20,20,1,[H]N1C2([H])C([H])(C([H])([H])[H])C1([H])C21C([H])([H])OC1([H])[H]
17,17,1,[H]OC1([H])C([H])([H])OC2([H])C3([H])C1([H])C23O[H]
18,18,1,[H]c1oc([H])c(N([H])C2([H])C([H])([H])C2([H])[H])c1[H]
18,18,1,[H]N1C(=O)N([H])C([H])(C([H])([H])[H])C([H])([H])C1([H])[H]
19,19,1,[H]OC([H])(N(C([H])=O)C([H])=NC([H])([H])[H])C([H])([H])[H]
18,17,0,
16,16,1,[H]C1=C([H])C2(C#N)N(N1C([H])([H])[H])C2([H])[H]
16,16,1,[H]N=C1OC2([H])N([H])C2([H])C2([H])N([H])C12[H]
17,17,1,[H]OC([H])([H])C1([H])C2([H])C([H])([H])C([H])([H])C12[H]
17,17,1,[H]C#CC1([H])C2(O[H])OC([H])([H])C1([H])C2([H])[H]
17,17,1,[H]C(=O)C12C([H])([H])N([H])C1(C([H])([H])[H])C2([H])[H]
17,17,1,[H]N1C([H])([H])C1([H])C#CC([H])([H])C([H])([H])C#N
18,18,1,[H]C([H])([H])C([H])([H])N1C2([H])OC(=O)C12C([H])([H])[H]
20,20,1,[H]C1([H])OC2(C([H])([H])C([H])([H])[H])C3([H])N1C2([H])C3([H])[H]
16,16,1,[H]C1=C([H])C2([H])OC([H])([H])OC2([H])C1([H])[H]
22,22,1,[H]N=C(OC([H])([H])OC([H])([H])[H])C([H])(C([H])([H])[H])C([H])([H])[H]
18,18,1,[H]C1=NC2([H])C([H])([H])C2([H])C([H])=C([H])C([H])([H])O1
16,16,1,[H]C(=O)C(=O)N([H])C([H])([H])C(=O)C([H])([H])[H]
16,15,0,[H]C(=O)C1=C([H])C([H])([H])C([H])(O)C([H])=C1[H]
18,18,1,[H]N=C1OC(C([H])([H])[H])(C([H])([H])[H])C(=O)C1([H])[H]
20,20,1,[H]C1=C([H])C([H])([H])C2([H])OC([H])([H])C([H])(C([H])([H])[H])N12
13,13,1,[H]N=C1C([H])(C#N)OC(=O)C1([H])[H]
19,19,1,[H]C([H])([H])C([H])(C#N)C1([H])N2C([H])([H])C2([H])C1([H])[H]
16,16,1,[H]N1C(=O)C2([H])C3([H])OC([H])([H])C2([H])C13[H]
18,18,1,[H]OC1(C([H])([H])C#N)C2([H])C([H])([H])C([H])([H])C21[H]
18,18,1,[H]C1([H])OC([H])([H])C2([H])C([H])(C#N)C2([H])C1([H])[H]
21,21,1,[H]OC1([H])C([H])([H])N(C([H])=NC([H])([H])C([H])([H])[H])C1([H])[H]
16,16,1,[H]C#CC1([H])OC([H])([H])C2([H])N([H])C2([H])O1
22,22,1,[H]N1C2([H])C([H])([H])OC([H])([H])C12C([H])([H])C([H])([H])C([H])([H])[H]
18,18,1,[H]OC1([H])C2([H])OC([H])([H])C3([H])N2C1([H])C3([H])[H]
23,23,1,[H]OC1(C([H])([H])[H])C([H])([H])C2(C([H])([H])[H])C([H])(C([H])([H])[H])C12[H]
20,20,1,[H]N1C([H])([H])C12C([H])([H])C1(C([H])([H])[H])OC12C([H])([H])[H]
13,13,1,[H]C1=C(C([H])([H])[H])C(=O)C(=O)N1[H]
15,14,0,
15,13,0,[H]OC1C2([H])C([H])=C([H])C3(O)C1([H])C23[H]
17,17,1,[H]C#CC1([H])N([H])C([H])([H])N(C([H])=O)C1([H])[H]
20,20,1,[H]OC([H])(C([H])([H])[H])C1([H])C([H])([H])C1([H])N([H])C([H])=O
17,17,1,[H]N=C(N([H])c1nc([H])n([H])c1[H])C([H])([H])[H]
15,15,1,[H]OC([H])([H])c1nn([H])c([H])c([H])c1=O
17,17,1,[H]C#CC([H])([H])C1=C([H])C([H])([H])OC1([H])O[H]
16,15,0,[H]OC1=NC(N([H])C([H])([H])[H])N=C1N([H])[H]
23,23,1,[H]OC([H])([H])C([H])([H])C([H])(C([H])([H])[H])C([H])([H])C([H])([H])C([H])=O
23,23,1,[H]C([H])([H])OC([H])([H])C([H])(C([H])([H])C([H])([H])[H])C1([H])OC1([H])[H]
20,20,1,[H]OC1([H])C([H])([H])C2([H])C3([H])N([H])C3([H])C([H])([H])C12[H]
18,18,1,[H]C#CC([H])(C([H])([H])[H])C([H])([H])OC([H])([H])C#N
17,17,1,[H]N=C([H])N1C([H])(O[H])C([H])([H])C1([H])C([H])=O
13,13,1,[H]C#CC([H])(OC([H])=O)C([H])([H])[H]
16,16,1,[H]C1([H])OC2([H])C3([H])C([H])([H])OC1([H])C23[H]
20,20,1,[H]OC([H])([H])C1([H])N([H])C2(C([H])([H])O[H])C([H])([H])C12[H]
14,14,1,[H]N1C(=O)N2C3([H])C([H])([H])C1([H])C23[H]
15,13,0,
21,21,1,[H]C#CC([H])(C([H])([H])OC([H])([H])[H])C1([H])C([H])([H])C1([H])[H]
15,15,1,[H]OC1([H])C([H])([H])C12C([H])=NON=C2[H]
19,19,1,[H]N=C([H])OC1([H])N([H])C(C([H])([H])[H])=C([H])C1([H])[H]
20,20,1,[H]N1C2([H])C([H])([H])C([H])([H])C1(C([H])([H])[H])C21OC1([H])[H]
22,22,1,[H]C([H])([H])N(C([H])([H])[H])C1([H])C([H])([H])C2([H])C([H])([H])OC12[H]
17,17,1,[H]C1=C(C#N)C2(C([H])([H])[H])N([H])C2([H])C1([H])[H]
20,20,1,[H]C([H])([H])C1([H])C([H])([H])C2(C([H])([H])C#N)C([H])([H])C12[H]
15,15,1,[H]C(=O)C1=NC([H])([H])C2([H])C([H])([H])C12[H]
20,20,1,[H]N1C([H])([H])C12OC2([H])C1([H])C([H])([H])C1([H])C([H])([H])[H]
14,14,1,[H]C(C(=O)C([H])([H])[H])=C([H])C([H])([H])[H]
12,10,0,
17,17,1,[H]C1=C([H])C([H])(OC([H])([H])[H])C([H])([H])OC1=O
19,19,1,[H]C(=O)C([H])([H])C([H])([H])C1(C([H])=O)C([H])([H])C1([H])[H]
17,17,1,[H]C1([H])N2C([H])(C1([H])[H])C1(C#N)C([H])([H])C21[H]
23,23,1,[H]OC([H])(C([H])([H])C([H])([H])[H])C12C([H])([H])C([H])(C1([H])[H])C2([H])[H]
14,14,1,[H]c1nc2n([H])c(C([H])([H])[H])nn2n1
21,21,1,[H]C1=C([H])C([H])(C([H])([H])[H])C([H])(C#CC([H])([H])[H])C1([H])[H]
19,19,1,[H]OC([H])([H])C([H])([H])C([H])(OC([H])=O)C([H])([H])O[H]
16,16,1,[H]N([H])C(=O)C1([H])N2C([H])([H])C2([H])C1([H])[H]
25,25,1,[H]C([H])([H])N1N(C([H])([H])[H])C1(C([H])([H])[H])C([H])(C([H])([H])[H])C([H])([H])[H]
23,23,1,[H]N1C2([H])C([H])([H])C([H])([H])C([H])(N(C([H])([H])[H])C([H])([H])[H])C12[H]
17,17,1,[H]N=C1OC2([H])C1([H])C2([H])C([H])([H])C([H])([H])[H]
17,17,1,[H]C(=O)C([H])([H])C12N([H])C1([H])C([H])([H])C2([H])[H]
23,23,1,[H]OC1([H])C([H])([H])C([H])(C([H])([H])C([H])([H])[H])C12C([H])([H])C2([H])[H]
18,18,1,[H]OC1([H])C(=O)N([H])C([H])(OC([H])([H])[H])C1([H])[H]
17,17,1,[H]N1C2([H])C([H])([H])C3([H])C1([H])C23OC([H])([H])[H]
18,18,1,[H]N1C([H])([H])C12C([H])([H])C([H])([H])N1C([H])([H])C12[H]
15,15,1,[H]N=C1N2C3([H])OC1([H])C([H])([H])C23O[H]
16,16,1,[H]C1([H])C2=NC([H])([H])C3([H])C([H])([H])N1C23[H]
25,25,1,[H]N([H])C1(C([H])([H])[H])N(C([H])([H])[H])C([H])([H])C([H])(C([H])([H])[H])C1([H])[H]
21,21,1,[H]C([H])([H])OC1([H])C2([H])C3([H])C([H])([H])C([H])([H])C12C3([H])[H]
14,14,1,[H]OC([H])([H])C(=O)C([H])(C#N)C([H])=O
18,18,1,[H]OC([H])([H])C1([H])C2([H])C3([H])N([H])C2([H])C31O[H]
15,15,1,[H]N=C1C(=O)N([H])C([H])([H])C([H])([H])C1=O
21,21,1,[H]C1=C(C([H])([H])[H])C(=O)C([H])([H])C([H])([H])C([H])([H])C1([H])[H]
21,21,1,[H]C#CC([H])([H])C(=O)C([H])([H])C([H])(C([H])([H])[H])C([H])([H])[H]
17,17,1,[H]c1onnc1C([H])([H])C([H])([H])OC([H])([H])[H]
25,19,0,[H]C(C([H])([H])[H])C1([H])C2([H])C([H])C([H])(C([H])([H])[H])C12[H]
14,14,1,[H]Oc1noc(C#CC([H])([H])[H])c1[H]
23,23,1,[H]N=C([H])OC([H])([H])C([H])(C([H])([H])N([H])[H])C([H])([H])C([H])([H])[H]
19,19,1,[H]C1([H])C2([H])OC3([H])C1([H])C1([H])C([H])([H])C1([H])C23[H]
19,19,1,[H]OC1([H])C([H])([H])N2C([H])([H])N3C([H])([H])C21C3([H])[H]
23,23,1,[H]N1C([H])([H])C([H])([H])C([H])([H])C1([H])N1C([H])([H])C1([H])C([H])([H])[H]
25,25,1,[H]OC([H])([H])C([H])(C([H])([H])[H])C1([H])C([H])([H])C([H])([H])C([H])([H])C1([H])[H]
19,19,1,[H]N=C1OC([H])([H])C([H])([H])C([H])(N([H])[H])C([H])([H])O1
11,11,1,[H]c1nc(=O)oc(=O)nc1[H]
21,21,1,[H]OC([H])([H])C1(C([H])([H])[H])C2([H])OC1(C([H])([H])[H])C2([H])[H]
17,17,1,[H]C(=O)C1([H])C(C#N)(N([H])[H])C1([H])C([H])([H])[H]
16,16,1,[H]N1C2([H])C(=O)C([H])([H])C(=O)C12C([H])([H])[H]
25,25,1,[H]C([H])([H])C(=O)C([H])([H])C(C([H])([H])[H])(C([H])([H])[H])C([H])([H])C([H])([H])[H]
20,20,1,[H]N1C([H])([H])OC([H])(C([H])([H])[H])C2(C([H])([H])[H])OC12[H]
15,15,1,[H]N=C([H])c1oc([H])c(O[H])c1N([H])[H]
19,19,1,[H]C1=NC(C([H])([H])[H])=C([H])C([H])=C(N([H])[H])C1([H])[H]
21,21,1,[H]N1C([H])([H])C12N(C([H])([H])[H])C1([H])C([H])([H])C([H])([H])C12[H]
15,15,1,[H]N([H])C12OC([H])(C#N)OC1([H])C2([H])[H]
19,19,1,[H]OC([H])(C(=O)OC1([H])C([H])([H])C1([H])[H])C([H])([H])[H]
17,17,1,[H]C(=O)C12OC([H])([H])C1([H])C([H])([H])OC2([H])[H]
20,20,1,[H]OC([H])([H])C([H])([H])C([H])([H])C(=O)C([H])([H])C([H])([H])[H]
21,21,1,[H]C1=C([H])C2(N([H])C2([H])[H])N([H])C([H])([H])C([H])([H])C1([H])[H]
14,14,1,[H]N=C1C(=O)C2([H])N([H])C2([H])C1=N[H]
20,20,1,[H]C([H])([H])C([H])([H])C1([H])OC([H])([H])C([H])(C#N)C1([H])[H]
22,22,1,[H]N1C([H])(C#CC([H])([H])[H])C([H])([H])C([H])([H])C1([H])C([H])([H])[H]
20,19,0,[H]OC([H])([H])C1OC(OC([H])([H])[H])(C([H])([H])[H])C1([H])[H]
19,19,1,[H]c1nc(C([H])([H])OC([H])([H])C([H])([H])[H])c([H])n1[H]
27,27,1,[H]C([H])([H])C1([H])C([H])(C([H])([H])[H])C(C([H])([H])[H])(C([H])([H])[H])C1([H])C([H])([H])[H]
20,19,0,[H]C([H])([H])C12C([H])([H])C3([H])C([H])([H])C1([H])C2([H])C3([H])O
15,15,1,[H]OC1([H])OC(C([H])([H])C#N)=NC1([H])[H]
18,18,1,[H]N=C1C([H])([H])C([H])([H])N([H])C1(C#N)C([H])([H])[H]
21,21,1,[H]C([H])([H])C#CC1(C([H])([H])[H])C([H])([H])OC1([H])C([H])([H])[H]
20,19,0,[H]C([H])([H])OC1([H])C2([H])C([H])([H])C([H])(O)C12C([H])([H])[H]
17,16,0,
19,19,1,[H]C([H])([H])C1=NC2([H])C([H])([H])C2([H])C([H])([H])C1([H])[H]
20,20,1,[H]C([H])([H])OC1([H])N2C([H])([H])C([H])([H])OC2([H])C1([H])[H]
18,18,1,[H]N1C([H])([H])C2([H])C3([H])OC([H])([H])C([H])(O3)C12[H]
22,22,1,[H]C([H])([H])N1C(=O)C(C([H])([H])[H])(C([H])([H])[H])C([H])([H])C1([H])[H]
15,15,1,[H]C([H])([H])C(=O)C1=NC([H])([H])C1([H])C#N
19,19,1,[H]OC([H])([H])C([H])([H])C(=O)N([H])C([H])([H])C([H])([H])[H]
16,15,0,[H]C1=NC2N([H])C([H])([H])C23N1N([H])C3([H])[H]
21,21,1,[H]N([H])C1([H])C([H])([H])C2([H])C([H])(C([H])([H])C([H])([H])[H])C12[H]
21,20,0,
23,23,1,[H]C([H])([H])C1([H])C([H])([H])C2([H])C([H])([H])C3([H])C2([H])C13C([H])([H])[H]
17,13,0,[H]C1NN(C([H])([H])C([H])([H])[H])NC1C([H])([H])[H]
16,16,1,[H]N=C1C([H])=C([H])C2([H])C([H])([H])C12N([H])[H]
19,19,1,[H]OC([H])([H])C1([H])C(=O)C([H])([H])OC([H])([H])C1([H])[H]
15,13,0,[H]C1=C(N([H])C(=O)C([H])([H])[H])NNN1[H]
19,19,1,[H]C1=C([H])C2([H])C([H])([H])C(=O)C2([H])C([H])([H])C1([H])[H]
21,21,1,[H]C([H])([H])OC1([H])C([H])([H])C2([H])OC12C([H])([H])C([H])([H])[H]
21,21,1,[H]C#CC([H])(C([H])=O)C([H])(C([H])([H])[H])C([H])([H])C([H])([H])[H]
16,16,1,[H]C([H])([H])C1([H])N2C(=O)C3([H])OC1([H])C23[H]
16,16,1,[H]C(=O)C1([H])C2([H])OC1([H])C([H])([H])C2([H])[H]
15,15,1,[H]C([H])([H])C12C(=O)OC1([H])C(=O)C2([H])[H]
18,18,1,[H]C1=NC2(C([H])([H])[H])C([H])([H])C3([H])C([H])(O1)C32[H]
21,21,1,[H]C([H])([H])N1C2([H])C([H])([H])C1([H])C1([H])N(C([H])([H])[H])C21[H]
19,19,1,[H]C1=C([H])C2(C([H])([H])[H])C(=O)C1([H])C([H])([H])C2([H])[H]
14,14,1,[H]N([H])c1noc(C([H])([H])N([H])[H])n1
17,17,1,[H]C1([H])OC([H])([H])C2(OC2([H])C([H])([H])[H])C1=O
21,21,1,[H]C([H])([H])OC([H])([H])C([H])([H])N1C([H])([H])C([H])([H])C1([H])[H]
18,18,1,[H]C#CC12C(C([H])([H])[H])=NC1(C([H])([H])[H])C2([H])[H]
12,12,1,[H]C1([H])C([H])(C#N)C2([H])OC12[H]
22,22,1,[H]C#CC([H])([H])C1([H])C([H])([H])C1([H])N([H])C([H])([H])C([H])([H])[H]
20,20,1,[H]C(=O)N(C([H])([H])[H])C([H])([H])C([H])([H])C1([H])OC1([H])[H]
22,22,1,[H]C([H])([H])C12N(C([H])([H])C1([H])[H])C21C([H])([H])C([H])([H])C1([H])[H]
18,18,1,[H]OC([H])([H])C1(O[H])C([H])=C([H])N2C([H])([H])C21[H]
18,18,1,[H]C1=NC([H])([H])OC1([H])C1([H])OC1([H])C([H])([H])[H]
23,23,1,[H]C([H])([H])OC(=O)C([H])([H])C([H])([H])C([H])(C([H])([H])[H])C([H])([H])[H]
17,17,1,[H]OC1([H])C(=O)C2(C([H])([H])[H])OC([H])([H])C12[H]
23,23,1,[H]OC1([H])N([H])C([H])([H])C([H])(C([H])([H])[H])C([H])([H])C1([H])N([H])[H]
18,18,1,[H]C1=C([H])C2([H])N(C2([H])[H])C2([H])C([H])([H])OC12[H]
19,19,1,[H]C#CC1([H])N(C([H])([H])[H])C([H])([H])C(=N[H])C1([H])[H]
19,19,1,[H]C1=C2C([H])([H])C([H])=C([H])C([H])([H])C1=C([H])C2([H])[H]
19,19,1,[H]N(C(=O)C(C#N)(C([H])([H])[H])C([H])([H])[H])C([H])([H])[H]
17,17,1,[H]C#CC([H])(N([H])[H])C1([H])C([H])=NC([H])=C1[H]
19,19,1,[H]C([H])([H])N(C([H])([H])[H])C12C3([H])N4C3([H])C1([H])C42[H]
19,19,1,[H]OC([H])(C#N)C([H])([H])C1([H])N(C([H])([H])[H])C1([H])[H]
16,16,1,[H]C([H])([H])C(=O)N1N2C([H])([H])C2([H])C1([H])[H]
16,16,1,[H]N=C(OC1([H])OC1([H])[H])C([H])([H])C([H])=O
14,14,1,[H]C1=C([H])C([H])([H])OC(=O)OC1([H])[H]
24,21,0,[H]C(C(=O)C([H])(C([H])([H])[H])C([H])([H])[H])C([H])([H])[H]
21,21,1,[H]C([H])([H])C12N(C([H])([H])C3([H])N(C3([H])[H])C1([H])[H])C2([H])[H]
19,19,1,[H]OC([H])([H])C([H])([H])C([H])(OC([H])=O)OC([H])([H])[H]
16,16,1,[H]OC1([H])C2(C#N)C([H])=C([H])C([H])([H])C12[H]
16,16,1,[H]C#CC12OC3([H])C1([H])N([H])C32C([H])([H])[H]
19,19,1,[H]C#CC([H])(C([H])([H])[H])C([H])([H])C([H])(O[H])C([H])=O
23,23,1,[H]OC([H])([H])C([H])([H])C([H])([H])C([H])([H])C(O[H])(O[H])C([H])([H])[H]
27,26,0,[H]C([H])([H])C([H])([H])N1C([H])([H])C1([H])C([H])(C([H])([H])[H])C([H])([H])[H]
18,18,1,[H]OC([H])([H])C(=O)C([H])([H])C([H])(O[H])C([H])([H])[H]
10,10,1,[H]Oc1nnoc1C([H])=O
20,20,1,[H]N1C2([H])OC([H])([H])C3([H])C([H])([H])C2(C([H])([H])[H])C13[H]
15,14,0,
20,20,1,[H]OC1(C([H])([H])C([H])([H])[H])C(=O)N(C([H])([H])[H])C1([H])[H]
19,19,1,[H]OC([H])([H])C([H])([H])C12OC([H])([H])C1([H])C2([H])O[H]
18,18,1,[H]OC1([H])C([H])([H])OC2([H])N([H])C1([H])C2([H])O[H]
19,19,1,[H]C(=O)C1([H])N([H])C([H])(C([H])([H])[H])N2C([H])([H])C21[H]
18,18,1,[H]N=C1C([H])=C([H])C2([H])OC2([H])C([H])([H])C1([H])[H]
16,16,1,[H]N1c2nnoc2C([H])(C([H])([H])[H])C1([H])[H]
16,14,0,
22,22,1,[H]N1C([H])([H])C([H])([H])C([H])([H])C([H])([H])C2(OC2([H])[H])C1([H])[H]
15,15,1,[H]N=C1N=C([H])C([H])=C([H])N=C([H])N1[H]
19,19,1,[H]OC1([H])C([H])([H])C2([H])C3([H])C([H])([H])OC1([H])C32[H]
17,17,1,[H]C1=C([H])C([H])([H])OC(=O)C([H])([H])C([H])=C1[H]
15,15,1,[H]Oc1c(C([H])([H])[H])nc([H])c(=O)n1[H]
14,14,1,[H]N=C1C2(C#N)N3C([H])([H])C1([H])C32[H]
14,14,1,[H]C#CC1([H])C([H])([H])OC(=O)C1([H])[H]
13,13,1,[H]N1C(C#N)(C#N)C1([H])C([H])([H])[H]
15,15,1,[H]C1=NC23C(=N1)C([H])([H])OC2([H])C3([H])[H]
14,13,0,
16,15,0,[H]C([H])([H])c1onnc1C([H])([H])C([H])([H])O
20,20,1,[H]OC1([H])C([H])([H])C([H])(C([H])([H])[H])C1([H])N([H])C([H])=O
14,14,1,[H]c1c(F)nc(=O)n([H])c1C([H])([H])[H]
19,19,1,[H]OC1([H])C2([H])C([H])([H])C([H])(C([H])([H])[H])C12C([H])=O
16,16,1,[H]C#CC([H])(C(=O)N([H])C([H])=O)C([H])([H])[H]
20,20,1,[H]OC1([H])C(=NC([H])([H])[H])C([H])(C([H])([H])[H])OC1([H])[H]
18,17,0,[H]OC1([H])C([H])(O)C2([H])C([H])([H])C12OC([H])([H])[H]
16,16,1,[H]OC1([H])C2([H])C(=O)C([H])(N2[H])C1([H])O[H]
16,16,1,[H]C1=C([H])C([H])([H])c2c1oc([H])c2N([H])[H]
18,18,1,[H]N1C([H])([H])C12C([H])([H])N(C([H])([H])[H])C2([H])C#N
21,21,1,[H]C(=C([H])C([H])([H])OC(=O)C([H])([H])C([H])([H])[H])C([H])([H])[H]
16,16,1,[H]C#CC12OC([H])([H])C(=N[H])C1([H])C2([H])[H]
15,15,1,[H]C(=O)C1([H])OC12N([H])C([H])([H])C2([H])[H]
21,21,1,[H]C1=C(C([H])([H])[H])C2([H])C([H])(C1([H])[H])C1([H])C([H])([H])C21[H]
16,16,1,[H]C(=O)OC12N([H])C([H])([H])C1([H])OC2([H])[H]
21,21,1,[H]N=C(OC([H])([H])C1(C([H])([H])[H])N([H])C1([H])[H])C([H])([H])[H]
23,23,1,[H]C([H])([H])C([H])([H])C([H])([H])C12C([H])([H])OC([H])([H])C1([H])C2([H])[H]
17,17,1,[H]N=C1N=C([H])N([H])C([H])([H])C([H])([H])C([H])=N1
21,21,1,[H]C([H])([H])N1C(=O)N(C([H])([H])C([H])([H])C([H])([H])[H])C1([H])[H]
17,17,1,[H]C#CC12N([H])C([H])([H])C([H])(C1([H])[H])C2([H])[H]
17,17,1,[H]N=C1C(=O)C([H])([H])C1([H])C([H])([H])C([H])([H])[H]
19,19,1,[H]N=C1OC([H])([H])C12C([H])([H])N([H])C([H])([H])C2([H])[H]
14,12,0,
17,16,0,[H]OC([H])([H])C12OC([H])C1([H])C1([H])N([H])C12[H]
15,15,1,[H]N([H])C(=O)C(=O)C1([H])C([H])([H])C1([H])[H]
19,19,1,[H]N=C1C(C([H])([H])[H])=NC([H])(C([H])([H])[H])C([H])=C1[H]
19,19,1,[H]N=C1N([H])C([H])=C(C2([H])C([H])([H])C2([H])[H])C1([H])[H]
16,16,1,[H]N=C1OC2([H])C([H])(O1)C1([H])C([H])([H])C21[H]
20,20,1,[H]C([H])([H])C(=O)C1=NC([H])([H])C([H])([H])C([H])([H])C1([H])[H]
22,22,1,[H]OC([H])([H])C([H])(N([H])[H])C1([H])C2([H])C([H])([H])C21C([H])([H])[H]
23,23,1,[H]C([H])([H])C1([H])OC2([H])C([H])([H])C1(C([H])([H])[H])C2([H])C([H])([H])[H]
19,19,1,[H]C1=C([H])C([H])(C([H])([H])[H])C([H])([H])C([H])([H])OC1=O
21,21,1,[H]N1C([H])([H])C([H])([H])C([H])([H])C2([H])C1([H])C2([H])C([H])([H])[H]
16,16,1,[H]ON=C1C([H])([H])C([H])(O[H])C1([H])C([H])=O
18,18,1,[H]C1([H])OC([H])([H])C12N1C3([H])C([H])([H])C2([H])C13[H]
16,16,1,[H]c1c([H])c([H])n2c([H])c([H])c([H])c2c1[H]
15,15,1,[H]Oc1onc2c1C([H])([H])C([H])([H])N2[H]
17,17,1,[H]C1=C([H])C2([H])C([H])([H])C2(C([H])([H])[H])C1([H])[H]
17,17,1,[H]C([H])([H])C12C(=O)C3([H])C4([H])C3([H])C1([H])C42[H]
25,21,0,[H]C1OC([H])([H])C([H])([H])C1(C([H])C([H])([H])C([H])([H])[H])C([H])([H])[H]
20,20,1,[H]N1C([H])([H])C1([H])C([H])([H])C1([H])C([H])([H])C(=O)C1([H])[H]
17,17,1,[H]C([H])([H])OC12C(=O)C3([H])C([H])([H])C1([H])C32[H]
15,15,1,[H]C(=O)N1C([H])([H])C2(C#N)C([H])([H])C12[H]
22,22,1,[H]N=C1C([H])([H])C(C([H])([H])[H])=C(C([H])([H])C([H])([H])[H])C1([H])[H]
16,16,1,[H]C(=O)C1([H])C(=NC([H])([H])[H])N([H])C1([H])[H]
19,19,1,[H]C([H])([H])N=C1OC([H])([H])C1([H])N1C([H])([H])C1([H])[H]
16,16,1,[H]C([H])([H])N1N2C([H])([H])N=C3OC1([H])C32[H]
20,20,1,[H]C#CC([H])([H])C([H])(C([H])=O)C([H])([H])N([H])C([H])([H])[H]
18,18,1,[H]N([H])C1(C2([H])C([H])([H])C2([H])[H])C(=O)OC1([H])[H]
19,19,1,[H]N=C1OC([H])([H])C(O[H])(C([H])([H])[H])N1C([H])([H])[H]
17,17,1,[H]OC1([H])C2([H])OC([H])([H])C1(C([H])([H])[H])C2=O
19,19,1,[H]OC([H])([H])C([H])([H])C([H])(C#N)C([H])([H])C([H])([H])[H]
17,17,1,[H]N1C([H])([H])C12C1([H])OC3([H])N1C2([H])C3([H])[H]
17,17,1,[H]C#CC1(O[H])C([H])([H])C2([H])OC([H])([H])C21[H]
18,18,1,[H]C([H])([H])C1([H])N2C([H])([H])C([H])([H])C([H])([H])C21[H]
17,17,1,[H]C(=O)C1=C([H])C2(C([H])([H])O1)C([H])([H])C2([H])[H]
13,9,0,
23,23,1,[H]OC1([H])C([H])([H])OC([H])(C([H])(C([H])([H])[H])C([H])([H])[H])C1([H])[H]
20,20,1,[H]c1nnc([H])n1C([H])([H])C([H])(C([H])([H])[H])C([H])([H])[H]
17,17,1,[H]OC([H])([H])C1([H])C([H])=C([H])C([H])([H])ON1[H]
17,17,1,[H]C#CC1([H])C2([H])C([H])([H])C(=O)C12C([H])([H])[H]
15,15,1,[H]C(=O)C1([H])N([H])C(=O)C([H])([H])C1([H])[H]
23,23,1,[H]OC([H])([H])C([H])(C([H])=NC([H])([H])[H])C([H])(N([H])[H])C([H])([H])[H]
19,19,1,[H]OC([H])([H])C1([H])C([H])([H])C([H])([H])C1(C#N)N([H])[H]
16,16,1,[H]C(=O)C12C(=O)C([H])(N1[H])C2([H])C([H])([H])[H]
17,17,1,[H]C([H])([H])C12N3C([H])([H])C4([H])C3([H])C1([H])C42[H]
20,20,1,[H]C([H])([H])C([H])([H])C12N3C1([H])C([H])([H])C21C([H])([H])C31[H]
16,16,1,[H]C([H])([H])C12OC1([H])C([H])([H])OC2([H])C#N
18,18,1,[H]N=C1N([H])C(=O)N([H])C([H])([H])C([H])([H])C1([H])[H]
17,17,1,[H]ON=C1C([H])([H])C([H])([H])OC1([H])C([H])([H])[H]
17,17,1,[H]N=C1OC([H])(C([H])([H])C([H])([H])[H])C1([H])O[H]
22,22,1,[H]C([H])([H])C1([H])C2([H])C([H])([H])C([H])([H])N3C([H])([H])C3([H])C12[H]
16,15,0,[H]C#CC(=NC([H])([H])[H])C([H])([H])C([H])([H])O
19,19,1,[H]N=C1N2C([H])([H])C2([H])C2([H])C([H])([H])C2([H])C1([H])[H]
14,14,1,[H]C1=NC([H])([H])OC12C([H])([H])C2([H])[H]
23,23,1,[H]C([H])([H])C([H])([H])C1([H])C2([H])OC1(C([H])([H])[H])C2([H])C([H])([H])[H]
17,17,1,[H]OC1([H])C([H])(C([H])=O)C1([H])C([H])([H])C([H])=O
18,18,1,[H]N1C(=O)N(C([H])([H])[H])N2C([H])([H])C2([H])C1([H])[H]
20,20,1,[H]N1C([H])([H])C2([H])C([H])([H])C1([H])C21OC([H])([H])C1([H])[H]
14,14,1,[H]C([H])([H])C([H])([H])c1nnoc1C#N
14,10,0,
17,16,0,[H]OC([H])([H])OC1N2C([H])([H])C1(O[H])C2([H])[H]
25,25,1,[H]C1=C(C([H])([H])[H])C(C([H])([H])[H])(C([H])([H])C([H])([H])[H])C1([H])C([H])([H])[H]
20,20,1,[H]OC1([H])C2([H])N([H])C([H])([H])C([H])(OC([H])([H])[H])C12[H]
16,16,1,[H]C1=C([H])C([H])(C([H])([H])[H])C2([H])N([H])C12[H]
18,18,1,[H]c1c2c(nn1C([H])([H])[H])C([H])([H])C([H])([H])N2[H]
18,18,1,[H]C(=O)C12C([H])([H])C1([H])C([H])([H])N1C([H])([H])C12[H]
15,13,0,[H]c1nc2c(o1)C(C([H])([H])[H])C([H])N2[H]
18,18,1,[H]C1([H])C(=O)OC1([H])C([H])([H])N1C([H])([H])C1([H])[H]
19,19,1,[H]OC([H])([H])C1([H])C2([H])C3([H])OC3([H])C12C([H])([H])[H]
18,18,1,[H]OC1([H])C([H])(C([H])([H])[H])C2([H])C([H])(C#N)C12[H]
15,15,1,[H]C(=O)C(=O)C1(C([H])([H])[H])N([H])C1([H])[H]
14,14,1,[H]N=C1OC(=N[H])C(C([H])([H])[H])=C1[H]
20,20,1,[H]OC1(C([H])([H])C([H])([H])[H])C([H])([H])C1([H])N([H])C([H])=O
22,22,1,[H]N(C([H])([H])[H])C1(C([H])([H])[H])OC1([H])C1([H])C([H])([H])C1([H])[H]
15,15,1,[H]C#CC1=C(C([H])([H])[H])OC([H])([H])C1=O
23,22,0,[H]C(=NC([H])([H])C([H])([H])[H])C([H])([H])C(O)(C([H])([H])[H])C([H])([H])[H]
20,20,1,[H]OC1([H])C2([H])N([H])C3([H])C2([H])C13C([H])([H])C([H])([H])[H]
9,9,1,[H]C#Cc1noc([H])n1
18,17,0,[H]N=C([H])C([H])(O)C([H])(N([H])C([H])=O)C([H])([H])[H]
17,15,0,[H]C1=C(N([H])[H])NNN1C1([H])C([H])([H])C1([H])[H]
17,17,1,[H]C#CC12C([H])=C(N([H])[H])N1C([H])([H])C2([H])[H]
23,20,0,[H]C(=O)C([H])(C([H])[H])N(C([H])([H])C([H])[H])C([H])([H])C([H])([H])[H]
18,18,1,[H]OC1(C([H])=O)C([H])([H])C([H])=C([H])N([H])C1([H])[H]
15,15,1,[H]N=C1OC([H])([H])C([H])([H])C([H])([H])N1[H]
18,18,1,[H]C(=C(C#N)C([H])([H])[H])N([H])C1([H])N([H])C1([H])[H]
13,13,1,[H]C#CC1(C#C[H])N=C([H])C1([H])[H]
20,19,0,
23,23,1,[H]C([H])([H])C1=C2C([H])([H])C(C([H])([H])[H])(C1([H])[H])C2([H])C([H])([H])[H]
16,16,1,[H]N=C1C([H])([H])C([H])(O[H])C2([H])N([H])C12[H]
20,20,1,[H]C([H])([H])C12C([H])([H])N3C([H])([H])C1([H])OC([H])([H])C32[H]
21,21,1,[H]OC([H])([H])C([H])(C#CC([H])([H])C([H])([H])[H])OC([H])([H])[H]
18,18,1,[H]N1C(=O)C([H])([H])C2([H])OC([H])([H])C2([H])C1([H])[H]
15,13,0,[H]C1=C([H])C(C2([H])N([H])C2([H])[H])=NNN1
17,17,1,[H]C1([H])OC2([H])OC34C([H])([H])C3([H])C2([H])C14[H]
18,18,1,[H]C1=C([H])C2([H])OC1([H])C([H])([H])C2([H])C([H])([H])[H]
17,14,0,
18,16,0,
16,16,1,[H]C1=C([H])C2(C([H])([H])C2([H])[H])C2([H])OC12[H]
18,18,1,[H]C1([H])C(=O)C2([H])C3([H])N(C3([H])[H])C2([H])C1([H])[H]
20,20,1,[H]C(=O)C1([H])C([H])([H])C2(N([H])[H])C([H])(C([H])([H])[H])C12[H]
15,15,1,[H]OC([H])([H])C#CC(=O)C(=O)C([H])([H])[H]
19,19,1,[H]OC([H])([H])C([H])(O[H])C([H])(OC([H])=O)C([H])([H])[H]
23,23,1,[H]C(=NC([H])([H])[H])C([H])(OC([H])([H])[H])C([H])([H])C([H])([H])N([H])[H]
15,15,1,[H]C(=O)C12N3C4([H])N(C1([H])[H])C2([H])C34[H]
21,21,1,[H]OC([H])([H])C1([H])C([H])(OC([H])([H])[H])C12C([H])([H])C2([H])[H]
19,19,1,[H]N1C(=NC([H])([H])C([H])([H])[H])C(=O)C1([H])C([H])([H])[H]
19,19,1,[H]C(=O)N1C([H])([H])C([H])([H])C([H])([H])C2([H])N([H])C12[H]
20,20,1,[H]C1=C([H])C([H])([H])C([H])(C([H])([H])C([H])([H])[H])C([H])=C1[H]
15,15,1,[H]c1c2c(n([H])c1[H])N([H])C(=O)C2([H])[H]
13,13,1,[H]N=c1c([H])nn([H])nc1N([H])[H]
10,10,1,[H]C#Cc1nc([H])c([H])o1
16,16,1,[H]OC([H])(C([H])([H])[H])C(C#N)(C#N)N([H])[H]
21,21,1,[H]C([H])([H])C12C3([H])C([H])([H])C4([H])C([H])([H])C1([H])C2([H])C43[H]
17,17,1,[H]C1([H])OC2([H])C([H])([H])OC([H])([H])C2([H])C1=O
18,18,1,[H]C1=C(C([H])([H])[H])C2([H])OC2([H])C([H])([H])C1([H])[H]
18,18,1,[H]C1=C([H])N([H])C([H])([H])C([H])([H])C([H])([H])OC1=O
17,17,1,[H]N([H])C12OC(=O)N([H])C1(C([H])([H])[H])C2([H])[H]
19,19,1,[H]N=C(C([H])([H])[H])C([H])([H])C([H])(C#N)OC([H])([H])[H]
15,15,1,[H]C#CC([H])([H])C1([H])OC([H])([H])N=C1[H]
18,18,1,[H]OC1([H])C2([H])OC2(C([H])([H])[H])C2([H])N([H])C12[H]
17,17,1,[H]C#CC([H])([H])c1c([H])c([H])oc(=N[H])c1[H]
20,18,0,[H]C1C([H])([H])C23C([H])([H])C2([H])NC3([H])C1([H])C([H])([H])[H]
16,16,1,[H]C(=O)C([H])([H])C1([H])N2C3([H])OC1([H])C23[H]
17,17,1,[H]C(=O)C1(C#N)C([H])([H])C1([H])N([H])C([H])([H])[H]
17,17,1,[H]N1C2([H])C3([H])C([H])([H])C1(C#N)C2([H])C3([H])[H]
14,12,0,[H]C#CC1NN=C(C([H])([H])[H])N=C1[H]
14,14,1,[H]c1c([H])c([H])c2c([H])onc2c1[H]
21,21,1,[H]C1([H])OC([H])([H])C([H])([H])C2([H])C([H])(O1)C2([H])C([H])([H])[H]
20,20,1,[H]N1C([H])([H])C(=O)C([H])(C([H])([H])[H])C12C([H])([H])C2([H])[H]
20,20,1,[H]OC12C([H])([H])C1([H])C([H])([H])C1([H])N([H])C12C([H])([H])[H]
18,18,1,[H]C([H])([H])C1([H])C([H])([H])C1(C(=O)C#N)C([H])([H])[H]
12,12,1,[H]OC(=O)n1c([H])nc([H])c1[H]
22,22,1,[H]C([H])([H])C1([H])C([H])([H])C2([H])C([H])([H])C3([H])N(C3([H])[H])C12[H]
21,21,1,[H]C([H])([H])C12C([H])([H])C3([H])C([H])([H])C([H])([H])C1([H])OC32[H]
14,14,1,[H]N=C(OC([H])([H])C#N)C([H])([H])C#N
17,17,1,[H]c1oc([H])c(C([H])([H])N([H])C([H])([H])[H])c1[H]
19,19,1,[H]OC1([H])C(=O)C([H])=C([H])C([H])([H])C1([H])C([H])([H])[H]
19,19,1,[H]C([H])([H])C1([H])N2C([H])([H])C([H])([H])OC2([H])C1([H])[H]
21,21,1,[H]OC([H])(C([H])([H])[H])C1([H])N(C2([H])N([H])C2([H])[H])C1([H])[H]
23,23,1,[H]C([H])([H])C1([H])C([H])([H])OC([H])([H])C([H])([H])OC([H])([H])C1([H])[H]
15,15,1,[H]OC1([H])C(=O)OC1([H])C([H])([H])C([H])=O
21,21,1,[H]N=C([H])C(=N[H])C([H])([H])C([H])(O[H])C([H])([H])C([H])([H])[H]
21,21,1,[H]OC1(C([H])(C([H])([H])[H])C([H])([H])[H])C([H])=C([H])OC1([H])[H]
16,16,1,[H]N=c1nc(C([H])([H])[H])onc1C([H])([H])[H]
13,13,1,[H]C(=O)N1C(=O)C([H])(C#N)C1([H])[H]
19,19,1,[H]C1=C([H])C([H])([H])N2N([H])C2([H])C([H])([H])C([H])=C1[H]
20,19,0,[H]C([H])([H])C12C([H])(O)C3([H])C([H])([H])C1([H])C32C([H])([H])[H]
20,20,1,[H]OC1([H])C([H])(N([H])[H])C2([H])C([H])(OC([H])([H])[H])C12[H]
15,15,1,[H]OC1([H])N([H])C2(C#N)C([H])=C([H])C12[H]
20,20,1,[H]C(=O)C12N(C([H])([H])[H])C([H])([H])C1([H])C([H])([H])C2([H])[H]
18,18,1,[H]OC1([H])C([H])(C([H])=O)C2([H])N(C([H])([H])[H])C12[H]
23,23,1,[H]C([H])([H])C1([H])C2([H])C3([H])C([H])([H])C([H])([H])C3(C([H])([H])[H])C12[H]
21,21,1,[H]C(=O)C([H])([H])C1(N([H])[H])C([H])([H])N(C([H])([H])[H])C1([H])[H]
18,18,1,[H]C1=C2C(=O)C([H])([H])N2C([H])([H])C([H])([H])C1([H])[H]
17,17,1,[H]C1([H])OC2([H])C3([H])OC1([H])C1([H])C2([H])C31[H]
23,23,1,[H]OC([H])([H])C1([H])C([H])(C([H])([H])[H])C2([H])C([H])([H])C12C([H])([H])[H]
17,17,1,[H]C([H])([H])C1([H])C([H])([H])OC2([H])C([H])([H])C21[H]
19,19,1,[H]OC([H])([H])C#CC([H])([H])C([H])([H])C#CC([H])([H])[H]
15,15,1,[H]N=c1onc([H])n(C([H])([H])[H])c1=N[H]
27,27,1,[H]N(C([H])([H])[H])C([H])(N(C([H])([H])[H])C([H])([H])C([H])([H])C([H])([H])[H])C([H])([H])[H]
18,18,1,[H]N=C([H])C1(C([H])=O)C([H])([H])OC([H])([H])C1([H])[H]
16,16,1,[H]C([H])(C#N)C#CC1([H])OC([H])([H])C1([H])[H]
21,21,1,[H]N=C([H])OC([H])(N([H])C([H])([H])[H])C([H])([H])OC([H])([H])[H]
22,22,1,[H]C([H])([H])C1([H])C([H])(C([H])([H])[H])C2([H])C([H])(C([H])([H])[H])C12[H]
20,19,0,[H]C#CC([H])([H])C([H])([H])C([H])([H])C([H])(O)C([H])([H])O[H]
17,16,0,[H]C(=O)C1N2C([H])(C1([H])[H])C1([H])C([H])([H])C21[H]
19,18,0,
22,22,1,[H]C([H])([H])OC([H])([H])C([H])([H])OC1([H])N(C([H])([H])[H])C1([H])[H]
20,20,1,[H]C([H])([H])C1([H])C([H])(C#N)C2([H])C([H])([H])C12C([H])([H])[H]
19,19,1,[H]OC12OC3([H])C1([H])C([H])([H])C32C([H])([H])C([H])([H])[H]
23,23,1,[H]C([H])([H])C12C([H])([H])C3([H])C([H])([H])C1([H])C([H])([H])C([H])([H])C32[H]
21,20,0,[H]C1C([H])([H])OC(C([H])([H])[H])(C([H])([H])[H])N2C([H])([H])C12[H]
23,23,1,[H]OC([H])(C([H])([H])[H])C1(N([H])C([H])([H])[H])C([H])([H])C1([H])N([H])[H]
19,19,1,[H]OC([H])([H])C([H])(O[H])C12C([H])([H])C3([H])C1([H])C32[H]
16,16,1,[H]C(=O)C1=C([H])C([H])([H])OC1([H])C([H])([H])[H]
19,19,1,[H]N(C([H])([H])[H])C12C([H])([H])C([H])(C#N)C1([H])C2([H])[H]
19,19,1,[H]OC([H])([H])C1=NC2(N([H])C2([H])[H])C([H])([H])C1([H])[H]
10,10,1,[H]C([H])([H])N=c1onno1
17,17,1,[H]C#CC1([H])N(C([H])([H])[H])C(=N[H])OC1([H])[H]
23,23,1,[H]N1C([H])([H])C1([H])C([H])(C([H])([H])[H])C1([H])N([H])C1([H])C([H])([H])[H]
15,15,1,[H]C1=C([H])C([H])([H])N([H])c2nn([H])nc21
18,18,1,[H]N=C1OC2([H])C([H])([H])C3([H])C([H])([H])C13C2([H])[H]
17,17,1,[H]C#CC([H])(C([H])=O)C([H])([H])C(=O)C([H])([H])[H]
20,19,0,[H]C1=C([H])C(OC([H])([H])[H])(C([H])([H])[H])C([H])OC1([H])[H]
19,19,1,[H]OC1([H])C(=O)C2([H])C1([H])C2(C([H])([H])[H])C([H])([H])[H]
19,19,1,[H]OC([H])([H])C([H])([H])C([H])([H])N([H])C([H])([H])C([H])=O
18,18,1,[H]C(=O)C([H])([H])C#CC([H])(C([H])([H])[H])C([H])([H])[H]
17,17,1,[H]C#CC12C([H])([H])C([H])([H])C1(O[H])C2([H])O[H]
16,16,1,[H]N1C2([H])C([H])([H])C(=O)C3([H])OC2([H])C13[H]
11,5,0,
15,15,1,[H]C1([H])C(=O)C([H])(C#N)C2([H])N1C2([H])[H]
15,15,1,[H]N=C([H])OC(=O)C([H])(C([H])=O)N([H])[H]
17,17,1,[H]C1([H])OC([H])([H])N(C([H])([H])C([H])([H])[H])C1=O
15,15,1,[H]C1([H])OC([H])(C([H])([H])[H])C([H])([H])C1=O
16,16,1,[H]C1=NC2([H])C(=NN1[H])C1([H])C([H])([H])C21[H]
10,8,0,
14,13,0,
20,20,1,[H]OC([H])([H])C1([H])N(C([H])=O)C1(C([H])([H])[H])C([H])([H])[H]
19,19,1,[H]OC12C([H])([H])C1(C([H])([H])[H])OC1([H])C([H])([H])C12[H]
22,22,1,[H]OC([H])(OC1([H])N([H])C1([H])[H])C([H])([H])C([H])([H])C([H])([H])[H]
15,15,1,[H]Oc1c(C([H])([H])[H])c(=O)c([H])nn1[H]
14,14,1,[H]N1C(=O)C2([H])N3C([H])([H])C32C1([H])[H]
20,20,1,[H]C(=O)C([H])([H])N([H])N([H])C([H])([H])C1([H])N([H])C1([H])[H]
14,14,1,[H]C#CC1(C([H])=O)C(=NO[H])C1([H])[H]
17,17,1,[H]C1([H])C(=O)N2C([H])([H])C3(C([H])([H])[H])N1C23[H]
21,21,1,[H]OC1([H])C([H])([H])OC12C([H])([H])C([H])(C([H])([H])[H])C2([H])[H]
13,13,1,[H]N=c1onnoc1=NC([H])([H])[H]
15,15,1,[H]OC1([H])C([H])([H])C1(C#N)C([H])([H])C#N
19,19,1,[H]C#CC([H])(OC(=O)C([H])([H])C([H])([H])[H])C([H])([H])[H]
22,22,1,[H]C([H])([H])C([H])([H])C1=NC(C([H])([H])[H])(C([H])([H])[H])C([H])([H])O1
11,11,1,[H]C#Cc1nc([H])n([H])c1[H]
20,20,1,[H]N1C([H])([H])C(=O)C2([H])C([H])([H])C2([H])C1([H])C([H])([H])[H]
23,23,1,[H]C([H])([H])C(=C1C([H])([H])C([H])([H])OC([H])([H])C1([H])[H])C([H])([H])[H]
21,21,1,[H]OC([H])([H])C1([H])C2([H])C3([H])C2([H])C13C([H])([H])C([H])([H])[H]
17,17,1,[H]N(C([H])([H])[H])C([H])([H])C(=O)C(=O)C([H])([H])[H]
19,19,1,[H]C1([H])C2([H])OC1([H])C21C2([H])C([H])([H])C([H])([H])C21[H]
21,21,1,[H]C([H])([H])C([H])([H])C12C([H])([H])C3([H])C1([H])OC([H])([H])C32[H]
17,17,1,[H]N1N2C(=O)C([H])(OC([H])([H])C([H])([H])[H])C12[H]
19,19,1,[H]N1C([H])([H])C1([H])C(=O)C1(C([H])([H])[H])N([H])C1([H])[H]
15,15,1,[H]c1c(OC([H])([H])[H])nn([H])c1N([H])[H]
15,15,1,[H]C([H])(C#N)C12C([H])([H])OC1([H])C2([H])[H]
16,16,1,[H]C#CC([H])([H])OC([H])([H])N1N([H])C1([H])[H]
13,13,1,[H]C([H])([H])C([H])([H])c1noc(=O)o1
16,16,1,[H]OC12N([H])C3([H])C4([H])OC3(C1([H])[H])C42[H]
16,16,1,[H]OC1(C([H])([H])[H])C([H])(C#N)C1([H])C([H])=O
11,11,1,[H]C#CC1([H])C(=O)OC1=N[H]
18,18,1,[H]N([H])C1([H])C(=O)C2(C([H])([H])[H])OC2([H])C1([H])[H]
18,18,1,[H]N=C1C(=O)C([H])([H])C([H])([H])OC([H])([H])C1([H])[H]
17,17,1,[H]N=C1OC([H])([H])C([H])([H])N([H])C(=O)C1([H])[H]
25,24,0,[H]C1N(C([H])([H])C([H])([H])C([H])([H])[H])C([H])([H])C1([H])C([H])([H])C([H])([H])[H]
14,14,1,[H]c1c([H])c(=NC([H])([H])[H])ooc1=O
19,19,1,[H]N1C2([H])C([H])([H])C([H])([H])C([H])([H])C12C([H])([H])C#N
14,14,1,[H]C#CC12OC3([H])C4([H])N1C2([H])C34[H]
22,22,1,[H]N1C2([H])C1([H])C([H])(C([H])([H])OC([H])([H])[H])C2([H])C([H])([H])[H]
19,19,1,[H]OC1([H])C([H])([H])C2(C([H])([H])C2([H])[H])C1([H])C([H])=O
17,17,1,[H]C([H])([H])C1([H])OC2([H])C([H])([H])C2([H])C1([H])[H]
18,18,1,[H]C(=O)C([H])([H])N=C([H])C([H])([H])C(=O)C([H])([H])[H]
19,18,0,
23,23,1,[H]C([H])([H])C1([H])C([H])([H])C([H])([H])C([H])([H])C([H])([H])C2([H])OC21[H]
18,18,1,[H]C(=O)OC1([H])N2C([H])([H])C2([H])C([H])([H])C1([H])[H]
15,15,1,[H]c1oc([H])c(N2C([H])([H])C2([H])[H])c1[H]
19,19,1,[H]C([H])([H])C1([H])C2([H])N3C([H])([H])C([H])([H])C1([H])C32[H]
16,15,0,[H]C#CC1([H])C2N3C([H])([H])N1C2([H])C3([H])[H]
23,23,1,[H]C([H])([H])OC([H])([H])C1(C([H])([H])[H])C2([H])C([H])([H])C21C([H])([H])[H]
18,18,1,[H]C([H])([H])C(=O)N=C1OC([H])([H])C1([H])C([H])([H])[H]
19,19,1,[H]OC12C([H])([H])OC1([H])C([H])(OC([H])([H])[H])C2([H])[H]
17,17,1,[H]C([H])([H])C([H])([H])C(=O)C([H])([H])C([H])([H])C#N
20,20,1,[H]N1C([H])(C(=O)OC([H])([H])[H])C1([H])C([H])([H])C([H])([H])[H]
14,14,1,[H]N([H])C([H])(C(=O)C#N)C([H])([H])C#N
22,22,1,[H]C#CC1(N([H])[H])C([H])([H])C1([H])C([H])([H])C([H])([H])C([H])([H])[H]
20,20,1,[H]C#CC([H])([H])C(=O)C(N([H])[H])(C([H])([H])[H])C([H])([H])[H]
25,25,1,[H]C([H])([H])C([H])(C([H])([H])[H])C1([H])C([H])([H])C2(C([H])([H])[H])C([H])([H])C12[H]
17,17,1,[H]OC([H])([H])C1([H])C([H])([H])C12OC([H])([H])C2=O
22,22,1,[H]N(C(=O)C1([H])C([H])([H])C1([H])[H])C([H])([H])C([H])([H])C([H])([H])[H]
13,12,0,[H]C(=O)C([H])(C(=O)O)C(=O)N([H])[H]
15,15,1,[H]N=C1OC([H])([H])OC(=O)N1C([H])([H])[H]
15,11,0,
17,17,1,[H]C([H])([H])C1([H])C2([H])C([H])([H])C([H])([H])C12C#N
19,19,1,[H]OC1([H])C([H])(C([H])([H])[H])C(=O)C2([H])C([H])([H])C12[H]
18,18,1,[H]C([H])([H])C(=O)N(C([H])([H])[H])C([H])([H])C([H])([H])[H]
20,20,1,[H]OC([H])([H])C12C([H])([H])C([H])([H])C1(C([H])([H])[H])C2([H])[H]
20,20,1,[H]N1C2([H])C3([H])OC(C([H])([H])[H])(C12[H])C3([H])C([H])([H])[H]
16,16,1,[H]C(=NC([H])([H])[H])OC([H])([H])C([H])([H])C#N
19,19,1,[H]N1C2([H])C3([H])N4C([H])([H])C([H])(C3([H])[H])C1([H])C42[H]
18,18,1,[H]N1C(=O)C([H])(C([H])([H])[H])C2([H])OC([H])([H])C12[H]
18,17,0,[H]C1=C(N([H])[H])C([H])([H])N(C([H])([H])[H])C1N([H])[H]
17,16,0,[H]C(=O)C1([H])C([H])([H])C1([H])C([H])([H])C([H])([H])O
19,19,1,[H]N=C([H])N([H])C(=O)C([H])(C([H])([H])[H])C([H])([H])O[H]
19,19,1,[H]C(=O)OC1(C([H])([H])[H])C([H])([H])OC([H])([H])C1([H])[H]
19,19,1,[H]N=C([H])C(=O)C1([H])C([H])([H])N([H])C([H])([H])C1([H])[H]
23,23,1,[H]C1=C([H])C(C([H])([H])[H])(C([H])([H])[H])OC1([H])C([H])([H])C([H])([H])[H]
17,17,1,[H]OC1([H])OC([H])([H])C(=O)C([H])([H])OC1([H])[H]
21,21,1,[H]C([H])([H])C([H])([H])C1(C([H])([H])[H])N2C([H])([H])C([H])([H])C21[H]
21,20,0,[H]C1C([H])(C([H])([H])C([H])([H])[H])OC([H])([H])N2C([H])([H])C12[H]
15,15,1,[H]C1([H])OC([H])([H])C2(C#N)C([H])([H])C12[H]
18,18,1,[H]C1([H])N2C([H])([H])C3([H])C(=O)C([H])(C1([H])[H])C23[H]
21,20,0,[H]N1C2([H])C(C3([H])C([H])([H])C3([H])C([H])([H])[H])C([H])([H])C12[H]
16,16,1,[H]C([H])([H])C([H])([H])C([H])([H])C(=O)C(=O)C#N
18,18,1,[H]C#CC1(C([H])([H])[H])N2C3([H])C([H])([H])C1([H])C23[H]
21,21,1,[H]C([H])([H])C1([H])OC([H])([H])C2([H])OC2([H])C1([H])C([H])([H])[H]
14,12,0,[H]OC1=NN(C([H])([H])[H])C(C([H])=O)N1
20,20,1,[H]C(=O)C1(C([H])([H])[H])N([H])C2([H])C([H])(C([H])([H])[H])C21[H]
23,23,1,[H]OC1(C([H])([H])[H])C([H])([H])C(C([H])([H])[H])=C([H])C([H])([H])C1([H])[H]
17,17,1,[H]N=C(OC([H])([H])C(=O)N([H])[H])C([H])([H])O[H]
17,16,0,[H]N1C2([H])C([H])(O)C1([H])C2([H])C#CC([H])([H])[H]
17,17,1,[H]C1=C(C#N)C([H])([H])C([H])(OC([H])([H])[H])N1[H]
11,11,1,[H]C1([H])OC(=O)C(=O)OC1=O
19,19,1,[H]OC1([H])C2([H])C([H])([H])C3([H])OC3(C([H])([H])[H])C12[H]
23,23,1,[H]OC([H])(C([H])([H])[H])C([H])(C([H])([H])[H])C([H])([H])C(=O)C([H])([H])[H]
15,15,1,[H]C(=O)C([H])([H])Oc1nc([H])n([H])c1[H]
15,15,1,[H]C#CC1([H])OC1([H])OC(=O)C([H])([H])[H]
20,20,1,[H]C([H])([H])C12OC3(N1C([H])([H])C3([H])[H])C([H])([H])C2([H])[H]
18,18,1,[H]C1=C([H])C2([H])C(=C([H])C3([H])N([H])C23[H])C1([H])[H]
14,14,1,[H]OC([H])([H])c1c(C#N)nn([H])c1[H]
18,18,1,[H]C1=C([H])C([H])=C([H])C([H])(C([H])([H])[H])C([H])=C1[H]
23,23,1,[H]C([H])([H])C1([H])OC2([H])C([H])([H])C2(C([H])([H])[H])C1([H])C([H])([H])[H]
19,19,1,[H]C1=C([H])C([H])([H])C2([H])C3([H])OC3([H])C2([H])C1([H])[H]
15,15,1,[H]C(=O)N([H])C1([H])C2([H])OC1([H])C2([H])[H]
17,17,1,[H]N=C1N2C([H])(C([H])([H])[H])C3([H])OC1([H])C23[H]
11,11,1,[H]N1C2([H])N=NOC(=O)C12[H]
16,16,1,[H]N=C1OC2([H])C3(O[H])C1([H])C23C([H])([H])[H]
25,25,1,[H]C([H])([H])OC([H])([H])C([H])([H])C([H])([H])OC([H])(C([H])([H])[H])C([H])([H])[H]
19,19,1,[H]OC1([H])C2([H])C([H])([H])C1([H])C2([H])C(=O)C([H])([H])[H]
13,12,0,
20,20,1,[H]C1=NC([H])(OC([H])([H])[H])C([H])([H])C([H])([H])OC1([H])[H]
16,15,0,
21,21,1,[H]N1C([H])([H])C23N(C([H])([H])C([H])([H])C2([H])[H])C1([H])C3([H])[H]
16,16,1,[H]C#CC(=N[H])C([H])([H])C([H])([H])C([H])([H])[H]
20,20,1,[H]OC1(C([H])([H])C([H])([H])[H])C2([H])N3C([H])([H])C1([H])C32[H]
21,21,1,[H]C1=C([H])C2(C([H])([H])[H])C3([H])C([H])([H])C([H])([H])C32C1([H])[H]
20,19,0,[H]C1=C([H])C2([H])OC(C1([H])[H])C([H])([H])C2([H])C([H])([H])[H]
18,18,1,[H]C([H])([H])C12C([H])([H])C1([H])N=C1OC([H])([H])C12[H]
19,19,1,[H]ON=C1C([H])([H])C2([H])N([H])C2([H])C1([H])C([H])([H])[H]
20,20,1,[H]C(=O)OC([H])([H])C1([H])N(C([H])([H])C([H])([H])[H])C1([H])[H]
14,13,0,
18,18,1,[H]C(=O)N(C([H])([H])[H])C1([H])N2N([H])C([H])([H])C21[H]
19,19,1,[H]OC12C([H])([H])OC3(C([H])([H])[H])C([H])([H])C1([H])C32[H]
11,10,0,
20,20,1,[H]N=C1OC([H])([H])C([H])(C([H])([H])C([H])([H])[H])C1([H])O[H]
19,19,1,[H]OC1([H])C2([H])C([H])=C([H])C12OC([H])([H])C([H])([H])[H]
19,18,0,[H]C([H])([H])C([H])([H])C([H])([H])OC([H])([H])C([H])(O)C#N
21,21,1,[H]C([H])([H])C([H])([H])C(C([H])([H])[H])(C([H])([H])[H])C([H])([H])C#N
19,19,1,[H]N(C([H])([H])C([H])([H])[H])C1(C#N)C([H])([H])OC1([H])[H]
18,16,0,[H]C1=C(OC([H])([H])C([H])([H])[H])NNN1C([H])([H])[H]
19,19,1,[H]OC([H])([H])C1=C([H])C([H])([H])C([H])(C([H])([H])[H])C1=O
21,21,1,[H]N=C([H])C1([H])C([H])([H])C1([H])C1([H])N([H])C([H])([H])C1([H])[H]
17,17,1,[H]OC1([H])N=C([H])C([H])(N([H])C([H])=O)C1([H])[H]
21,21,1,[H]C([H])([H])C([H])([H])C1(C([H])([H])[H])N2C([H])([H])C1([H])C2([H])[H]
13,13,1,[H]N=c1oc(O[H])c([H])n([H])c1=O
13,13,1,[H]C1=C([H])C([H])([H])C2([H])OC(=O)N12
16,16,1,[H]Oc1c(C([H])([H])C([H])([H])[H])c([H])nn1[H]
16,12,0,[H]OC1(C([H])([H])[H])C2C([H])NNN2C1([H])[H]
18,18,1,[H]OC([H])([H])C#CC1(O[H])N([H])C1([H])C([H])([H])[H]
14,10,0,
23,23,1,[H]C([H])([H])N1C([H])([H])C1([H])C([H])([H])C([H])([H])C([H])([H])C([H])([H])[H]
14,14,1,[H]N=c1c([H])c([H])nc([H])n1C([H])=O
17,17,1,[H]N(C(=O)OC([H])([H])C#N)C([H])([H])C([H])([H])[H]
19,19,1,[H]C(=O)C([H])([H])C1([H])N(C([H])([H])[H])C12N([H])C2([H])[H]
18,18,1,[H]C(=O)C(=NC([H])([H])C([H])([H])C([H])([H])[H])C([H])=O
15,15,1,[H]C1=C2C3([H])OC([H])([H])C2(N3[H])C1([H])[H]
17,17,1,[H]N([H])C1=NC2([H])C3([H])C([H])([H])OC1([H])C23[H]
16,16,1,[H]OC1([H])N2C(=O)C([H])([H])OC2([H])C1([H])[H]
23,23,1,[H]OC([H])([H])C([H])([H])C([H])(C(=O)C([H])([H])[H])C([H])([H])C([H])([H])[H]
17,17,1,[H]N=C1OC2([H])C([H])=C([H])N([H])C([H])([H])C12[H]
13,10,0,[H]OC(C#N)C1([H])OC1([H])C([H])O
22,22,1,[H]N1C2([H])C([H])([H])C3([H])C([H])([H])C([H])([H])C1(C([H])([H])[H])C23[H]
21,21,1,[H]C#CC(=O)C([H])(C([H])([H])[H])C([H])([H])C([H])([H])C([H])([H])[H]
15,15,1,[H]N=C1OC2([H])C([H])([H])C12OC([H])([H])[H]
19,19,1,[H]OC1([H])C([H])([H])C2([H])C([H])(C#CC([H])([H])[H])C12[H]
23,23,1,[H]N([H])C1(C([H])([H])[H])N(C([H])([H])C([H])([H])[H])C([H])([H])OC1([H])[H]
17,17,1,[H]C1=C([H])C2([H])C([H])([H])C2([H])N([H])C(=O)N1[H]
23,22,0,[H]C([H])([H])N(C([H])([H])[H])C1([H])C([H])([H])C([H])(C([H])([H])O)C1([H])[H]
23,23,1,[H]C1([H])C([H])([H])C2([H])C([H])([H])C2([H])C([H])([H])C2([H])C([H])([H])C12[H]
19,19,1,[H]N1C([H])([H])C1([H])OC([H])([H])C([H])(C#N)C([H])([H])[H]
21,21,1,[H]N1C2([H])C([H])([H])C([H])([H])N3C([H])(C([H])([H])[H])C3([H])C12[H]
13,13,1,[H]OC([H])([H])C1([H])C(=O)OC1([H])[H]
19,19,1,[H]C#CC12OC1(C([H])([H])[H])C([H])([H])C([H])([H])C2([H])[H]
16,16,1,[H]C#CC([H])([H])C([H])([H])OC([H])([H])C([H])=O
19,19,1,[H]OC1(C2([H])OC2([H])[H])C([H])=C([H])C([H])([H])C1([H])[H]
17,17,1,[H]OC([H])([H])c1c(OC([H])([H])N([H])[H])on1[H]
17,17,1,[H]C1=NC([H])([H])C23C([H])([H])C([H])([H])C24N1C43[H]
14,14,1,[H]c1noc2c1c(N([H])[H])c([H])n2[H]
18,18,1,[H]C([H])([H])C([H])([H])C(=O)C([H])([H])C1([H])OC1([H])[H]
13,13,1,[H]N([H])c1nn(C([H])([H])[H])c(=O)o1
17,17,1,[H]C([H])([H])C1=NC2([H])C(=NC1([H])[H])OC2([H])[H]
13,13,1,[H]N=c1nc(C([H])=O)nc([H])n1[H]
19,19,1,[H]OC1(C([H])([H])OC([H])([H])[H])C([H])([H])N([H])C1([H])[H]
17,17,1,[H]OC1([H])C(=O)C2(C([H])([H])[H])C([H])([H])OC12[H]
15,15,1,[H]N1C(=O)N2C([H])([H])C([H])(N([H])[H])C12[H]
19,19,1,[H]C#CC1([H])C([H])([H])C2([H])C([H])([H])C([H])(O[H])C12[H]
18,18,1,[H]OC([H])([H])C(O[H])(C([H])([H])[H])C1([H])OC1([H])[H]
19,19,1,[H]C1=C([H])C2([H])C([H])(C([H])([H])[H])C2([H])C([H])([H])C1=O
21,21,1,[H]OC([H])([H])C12N(N([H])C([H])([H])C([H])([H])[H])C1([H])C2([H])[H]
18,18,1,[H]C#CC1([H])N=C([H])C([H])([H])C([H])(C([H])([H])[H])O1
17,17,1,[H]C1=C(C([H])([H])[H])C(=O)C2([H])OC([H])([H])C12[H]
23,23,1,[H]C([H])([H])C(=O)C([H])(OC([H])(C([H])([H])[H])C([H])([H])[H])C([H])([H])[H]
23,22,0,[H]OC([H])([H])C([H])([H])C12N([H])C([H])([H])C1([H])C2([H])[H]
17,17,1,[H]N=C1N([H])C([H])(C([H])([H])O[H])C1([H])N([H])[H]
19,19,1,[H]c1nnc(C([H])([H])C([H])([H])C([H])([H])[H])c([H])c1[H]
13,13,1,[H]C(=O)C12N=C([H])C(=O)C1([H])N2[H]
18,17,0,[H]C1=C([H])C2(C([H])([H])[H])C([H])N([H])C2([H])C1([H])[H]
21,21,1,[H]OC([H])([H])C([H])(C#CC([H])([H])OC([H])([H])[H])C([H])([H])[H]
20,19,0,[H]C1=C([H])C([H])([H])C([H])([H])C([H])N(C([H])([H])[H])C1([H])[H]
15,15,1,[H]C1([H])C2([H])C3([H])C([H])([H])C2(C#N)C13[H]
18,16,0,[H]OC1=C([H])C(C([H])([H])[H])C([H])=C([H])C1N([H])[H]
14,14,1,[H]C1([H])OC([H])([H])C2([H])C(=O)OC12[H]
18,18,1,[H]N=C1OC([H])([H])C(=O)C([H])([H])C1([H])C([H])([H])[H]
23,23,1,[H]OC([H])([H])C1([H])C([H])([H])C1(O[H])C([H])(C([H])([H])[H])C([H])([H])[H]
20,19,0,[H]C([H])([H])C([H])([H])C1([H])OC2([H])C([H])(C([H])([H])O)C12[H]
13,13,1,[H]c1nn([H])c(=O)n1C([H])([H])C#N
21,21,1,[H]C([H])([H])C([H])([H])C1([H])OC([H])([H])C([H])([H])C2([H])OC12[H]
21,20,0,
18,18,1,[H]C1=NC2([H])C3([H])C1([H])C21C([H])([H])C([H])([H])C31[H]
14,14,1,[H]C#CC([H])(OC([H])=O)C([H])([H])C#N
16,16,1,[H]OC12C3([H])N([H])C1(C([H])=O)C2([H])C3([H])[H]
14,14,1,[H]c1oc(=O)c(=O)n(C([H])([H])[H])c1[H]
15,15,1,[H]N=C1N([H])C([H])=C(N([H])[H])C1([H])O[H]
16,16,1,[H]N1C([H])([H])C1([H])C([H])(C#N)C([H])([H])C#N
19,19,1,[H]OC1([H])C([H])(N([H])[H])C1([H])N([H])C([H])([H])C([H])=O
16,15,0,[H]C1=NC([H])([H])OC([H])C2([H])C([H])([H])C12[H]
17,17,1,[H]C1([H])OC2([H])N3C([H])([H])C2([H])C3([H])C1([H])[H]
13,12,0,
16,16,1,[H]N=C([H])C(C#N)=C1N([H])C([H])([H])C1([H])[H]
15,15,1,[H]C1=C2C([H])([H])C3([H])C2([H])N2C1([H])C23[H]
17,17,1,[H]N=C1C2([H])N(C2([H])[H])C12C([H])([H])OC2([H])[H]
19,19,1,[H]N1C([H])([H])C2(C([H])([H])[H])OC2([H])C1([H])C([H])([H])[H]
17,17,1,[H]N([H])C1=NC([H])([H])C([H])(N([H])[H])C(=O)N1[H]
19,19,1,[H]ON=C(C(=O)N([H])C([H])([H])C([H])([H])[H])C([H])([H])[H]
20,20,1,[H]C([H])([H])N1C([H])([H])C(=O)C2(C1([H])[H])C([H])([H])C2([H])[H]
16,16,1,[H]OC(c1nnon1)(C([H])([H])[H])C([H])([H])[H]
20,20,1,[H]C1=NC([H])(C([H])([H])C([H])([H])C([H])([H])[H])C([H])([H])C1=O
17,16,0,[H]OC([H])C([H])(C(=O)C([H])=O)N([H])C([H])([H])[H]
18,18,1,[H]OC1([H])C2([H])N3C([H])([H])C1(O[H])C([H])([H])C32[H]
21,21,1,[H]C1=C([H])C2([H])C3([H])C(C([H])([H])[H])(C([H])([H])[H])C23C1([H])[H]
10,10,1,[H]N=c1nc([H])nc([H])o1
17,17,1,[H]C1([H])C2([H])OC3([H])C4([H])OC4([H])C1([H])C23[H]
22,22,1,[H]OC([H])([H])C([H])(N([H])C([H])=O)C([H])([H])C([H])([H])C([H])([H])[H]
16,16,1,[H]C(=O)C12N3C4([H])C3([H])C1([H])C([H])([H])C42[H]
21,21,1,[H]C([H])([H])C([H])([H])C([H])([H])C([H])([H])C([H])([H])C([H])([H])C#N
21,21,1,[H]C#CC([H])([H])C(=C([H])C([H])([H])C([H])([H])O[H])C([H])([H])[H]
25,25,1,[H]C([H])([H])OC([H])([H])C([H])(C([H])([H])C([H])([H])[H])C1([H])C([H])([H])C1([H])[H]
15,15,1,[H]c1c([H])n([H])c([H])nc1=NC([H])([H])[H]
18,18,1,[H]OC1(C#N)OC([H])([H])C([H])([H])C1([H])C([H])([H])[H]
21,20,0,
14,13,0,
19,19,1,[H]N=C1N(C([H])([H])[H])C2([H])C([H])([H])OC([H])([H])C12[H]
23,23,1,[H]N1C([H])([H])C2([H])C([H])([H])C2(C([H])([H])[H])N([H])C1([H])C([H])([H])[H]
16,16,1,[H]C1=C([H])C([H])([H])C([H])([H])N1C([H])([H])C#N
25,25,1,[H]OC([H])(C([H])([H])[H])C([H])(C([H])=C(C([H])([H])[H])C([H])([H])[H])C([H])([H])[H]
20,19,0,[H]OC([H])(C([H])([H])[H])C([H])(C([H])([H])O)C1([H])OC1([H])[H]
16,16,1,[H]OC1([H])C2([H])C3([H])OC3(C([H])([H])[H])C12[H]
14,14,1,[H]C#CC([H])(O[H])c1nc([H])oc1[H]
21,21,1,[H]C1([H])OC([H])([H])C2(O1)C([H])([H])C([H])([H])C2([H])C([H])([H])[H]
15,15,1,[H]C1=C([H])C2([H])N3C1([H])C32C([H])([H])C#N
16,16,1,[H]C#CC12OC([H])(C1=N[H])C2([H])C([H])([H])[H]
18,18,1,[H]C([H])([H])OC1([H])C([H])([H])C1([H])OC([H])([H])C#N
18,16,0,[H]C1C([H])([H])N2C(C(=O)C2([H])[H])C([H])([H])C1([H])[H]
22,22,1,[H]OC([H])([H])C12N([H])C([H])([H])C1([H])C2([H])C([H])([H])C([H])([H])[H]
22,22,1,[H]N1C([H])([H])C(C([H])([H])[H])(C2([H])OC2([H])[H])C1([H])C([H])([H])[H]
16,16,1,[H]C#CC1([H])C2([H])OC(=NC([H])([H])[H])C12[H]
17,17,1,[H]C1=NC([H])([H])C([H])(C([H])([H])[H])C([H])=NC1=O
19,19,1,[H]OC([H])([H])C1([H])C([H])(C([H])([H])[H])OC2([H])OC21[H]
14,14,1,[H]N=C1OC([H])([H])C1([H])C([H])([H])O[H]
18,18,1,[H]OC12N(C([H])([H])C([H])=O)C([H])(C1([H])[H])C2([H])[H]
17,17,1,[H]OC1([H])C([H])=C2C3([H])OC3([H])C2([H])C1([H])[H]
15,15,1,[H]C(=O)N([H])C([H])([H])C(=O)OC([H])([H])[H]
22,22,1,[H]C1=C([H])C([H])(C([H])([H])C([H])([H])C([H])([H])[H])C2([H])N([H])C12[H]
20,20,1,[H]C1([H])OC2([H])C([H])([H])C2(N2C([H])([H])C2([H])[H])C1([H])[H]
18,16,0,[H]C(=O)C1C([H])=C([H])N([H])C1C([H])([H])C([H])([H])[H]
17,17,1,[H]N=C1C(N([H])C([H])([H])[H])=NC([H])([H])C1([H])[H]
23,23,1,[H]OC([H])([H])C1([H])C([H])([H])C([H])([H])C2([H])C([H])([H])C12C([H])([H])[H]
18,18,1,[H]C(=O)C([H])([H])C([H])([H])N([H])OC(=O)C([H])([H])[H]
23,23,1,[H]C(=O)C(=C(C([H])([H])[H])C([H])([H])C([H])([H])C([H])([H])[H])C([H])([H])[H]
17,17,1,[H]C([H])([H])C#CC([H])(C#N)N1C([H])([H])C1([H])[H]
16,16,1,[H]C([H])([H])C1([H])OC([H])([H])C2([H])OC12C#N
20,19,0,[H]C([H])([H])C1([H])C([H])([H])C2(OC2([H])[H])C1([H])C([H])([H])O
18,15,0,[H]C(C([H])([H])C#N)C([H])([H])C([H])(C#N)C([H])[H]
20,20,1,[H]c1c(C([H])(C([H])([H])[H])C([H])([H])[H])nn([H])c1N([H])[H]
21,20,0,
21,21,1,[H]C#CC1([H])C([H])(OC([H])([H])[H])C([H])([H])C1([H])C([H])([H])[H]
20,20,1,[H]OC([H])([H])C([H])([H])C([H])(O[H])N(C([H])=O)C([H])([H])[H]
12,12,1,[H]C#Cc1onc([H])c1C([H])=O
12,12,1,[H]N=c1onc(N([H])[H])oc1=O
17,16,0,
15,15,1,[H]Oc1nnc([H])c(N([H])[H])c1N([H])[H]
12,12,1,[H]N1C(=O)C(=O)C([H])([H])C1([H])[H]
11,11,1,[H]Oc1nc([H])c(O[H])n1[H]
19,19,1,[H]C1([H])C2([H])OC2([H])C2([H])C([H])([H])C3([H])C1([H])C23[H]
18,18,1,[H]C1=C([H])C([H])=C([H])C(N([H])[H])(C([H])([H])[H])C1=O
21,21,1,[H]C1([H])C([H])([H])C2([H])C3([H])C4([H])C([H])([H])C1([H])C4([H])C23[H]
18,18,1,[H]C([H])([H])C12OC([H])([H])C13N1C2([H])C([H])([H])C13[H]
18,18,1,[H]OC([H])([H])C([H])(C#N)C1(O[H])C([H])([H])C1([H])[H]
17,17,1,[H]C(=O)C([H])([H])C#CC1([H])C([H])([H])OC1([H])[H]
19,19,1,[H]C1=NC([H])([H])C([H])([H])C([H])([H])C([H])=C([H])C1([H])[H]
17,17,1,[H]OC1([H])N2C([H])(C#N)C([H])([H])C2([H])C1([H])[H]
16,16,1,[H]C#CC([H])([H])N1C(=O)C([H])([H])OC1([H])[H]
22,22,1,[H]C1=C(C([H])([H])[H])C2([H])N(C1([H])[H])C([H])([H])C([H])([H])C2([H])[H]
19,19,1,[H]C(=O)N([H])C([H])([H])OC([H])([H])C1([H])N([H])C1([H])[H]
18,18,1,[H]C([H])([H])C1([H])C([H])([H])C12OC([H])([H])C2([H])C#N
20,20,1,[H]OC([H])(C([H])([H])C([H])([H])C([H])([H])[H])C1([H])OC1([H])[H]
15,15,1,[H]C([H])([H])C1([H])C(=O)N2C([H])(C#N)C21[H]
21,21,1,[H]N1C([H])([H])C([H])([H])C([H])([H])N=C2C([H])([H])C([H])([H])C21[H]
14,12,0,
16,16,1,[H]c1nc(N([H])[H])nc(N([H])[H])c1N([H])[H]
22,22,1,[H]N1C2([H])C([H])([H])OC([H])(C([H])(C([H])([H])[H])C([H])([H])[H])C12[H]
25,25,1,[H]OC([H])(C([H])([H])[H])C([H])([H])C1(C([H])([H])C([H])([H])[H])C([H])([H])C1([H])[H]
20,20,1,[H]N=C1OC([H])([H])C([H])(C([H])([H])C([H])([H])[H])OC1([H])[H]
21,21,1,[H]C(=O)C([H])([H])N(C([H])([H])C([H])([H])[H])C1([H])N([H])C1([H])[H]
21,21,1,[H]N1C([H])([H])C2([H])C([H])([H])C1(C([H])([H])[H])C21N([H])C1([H])[H]
19,19,1,[H]c1c(C([H])([H])[H])c(OC([H])([H])[H])nn1C([H])([H])[H]
17,17,1,[H]N1C([H])(OC([H])([H])[H])C(=O)C([H])([H])C1([H])[H]
23,23,1,[H]C([H])([H])C12C([H])([H])C([H])([H])C3([H])C([H])(C1([H])[H])C3([H])C2([H])[H]
20,20,1,[H]N=C(C(=NN([H])C([H])([H])[H])C([H])([H])O[H])C([H])([H])[H]
16,16,1,[H]N([H])C([H])(C#N)C1([H])C([H])([H])C1([H])C#N
17,17,1,[H]OC([H])(C([H])([H])[H])C([H])([H])c1nonc1[H]
18,17,0,
15,15,1,[H]C(=O)C(=O)OC1([H])C([H])([H])OC1([H])[H]
16,11,0,[H]C1=C([H])C([H])([H])C2NC([H])C([H])C2N1[H]
21,21,1,[H]N1C2([H])C([H])([H])C2([H])C1([H])C([H])(C([H])([H])[H])C([H])([H])[H]
21,21,1,[H]OC([H])([H])C([H])(O[H])C1(O[H])C([H])([H])C([H])([H])C1([H])[H]
19,19,1,[H]N1C([H])([H])C(=O)C2(N([H])C([H])([H])[H])C([H])([H])C12[H]
21,21,1,[H]N([H])C1=NC([H])([H])C([H])([H])C([H])([H])C1([H])OC([H])([H])[H]
14,14,1,[H]C(=O)OC1([H])OC(=O)N([H])C1([H])[H]
21,21,1,[H]N1C([H])([H])C1([H])C([H])([H])C1([H])N([H])C2([H])C([H])([H])C12[H]
17,15,0,[H]C1=NNC(N(C([H])([H])[H])C([H])([H])[H])N=C1[H]
23,22,0,
17,17,1,[H]C1=C2C([H])([H])OC([H])([H])C([H])([H])C2([H])C1=O
23,23,1,[H]C1=C([H])C([H])([H])C([H])([H])C([H])(C([H])([H])C([H])([H])[H])OC1([H])[H]
18,18,1,[H]OC12C([H])(C([H])([H])[H])C3([H])C([H])([H])C1([H])C32[H]
19,19,1,[H]N=C1OC2([H])C([H])(C([H])([H])[H])N([H])C12C([H])([H])[H]
17,17,1,[H]C(=O)C1([H])OC2([H])C([H])([H])C([H])=C([H])C12[H]
18,18,1,[H]OC1(C([H])([H])[H])OC2([H])C([H])([H])N3C2([H])C31[H]
20,20,1,[H]C#CC([H])([H])C1([H])C([H])=C([H])C([H])(C([H])([H])[H])N1[H]
18,18,1,[H]C([H])([H])C([H])([H])OC1([H])C(=O)C([H])([H])C1([H])[H]
19,19,1,[H]N1C(=O)C2([H])N(C([H])([H])[H])C([H])(C1([H])[H])C2([H])[H]
13,13,1,[H]C1(C#N)OC2([H])C([H])([H])C2([H])O1
21,21,1,[H]N1C([H])([H])C1([H])C1(OC([H])([H])[H])C([H])([H])C1([H])N([H])[H]
21,21,1,[H]C1=C([H])C([H])(C([H])([H])C([H])([H])[H])C(=O)C1([H])C([H])([H])[H]
15,15,1,[H]c1nnn(C([H])([H])C#N)c1C([H])([H])[H]
16,16,1,[H]c1nc(N([H])[H])n([H])c1C1([H])OC1([H])[H]
16,16,1,[H]C1=C([H])C2([H])C(=O)C3([H])N(C1([H])[H])C23[H]
16,16,1,[H]Oc1c([H])noc1OC([H])([H])C([H])([H])[H]
14,14,1,[H]C#CC(=O)C1([H])N(C#C[H])C1([H])[H]
18,18,1,[H]N1C([H])([H])C12OC(=O)C([H])([H])C2([H])C([H])([H])[H]
19,19,1,[H]OC([H])(C([H])([H])C#CC([H])([H])[H])C([H])([H])C([H])=O
15,15,1,[H]N=C1OC([H])([H])C2(C#N)C([H])([H])C12[H]
15,14,0,[H]C(=O)N([H])C1C([H])([H])C2([H])N([H])C12[H]
19,19,1,[H]OC([H])([H])C1([H])C([H])([H])C2=C([H])C([H])([H])OC21[H]
23,23,1,[H]OC([H])(C([H])([H])[H])C([H])([H])C(=O)C([H])(C([H])([H])[H])C([H])([H])[H]
17,17,1,[H]OC12C([H])([H])N3C4([H])C([H])(N([H])C41[H])C32[H]
21,21,1,[H]C([H])([H])OC([H])([H])C1([H])C2([H])OC1([H])C2([H])C([H])([H])[H]
20,20,1,[H]N1C2([H])C([H])([H])C([H])(C([H])([H])[H])C(=O)C12C([H])([H])[H]
22,22,1,[H]N1C2([H])C([H])(C([H])([H])C([H])([H])[H])C1([H])C21C([H])([H])C1([H])[H]
19,19,1,[H]N1C(=O)N2C([H])([H])C1(C([H])([H])[H])C2([H])C([H])([H])[H]
19,19,1,[H]C(=O)C([H])([H])C([H])([H])C([H])([H])N([H])C([H])([H])C#N
17,17,1,[H]C1=NC([H])([H])C(C#N)(C([H])([H])[H])C([H])=C1[H]
14,10,0,
20,20,1,[H]N1C([H])([H])N2C([H])(C([H])([H])[H])C2([H])C2([H])N([H])C12[H]
18,18,1,[H]OC1([H])C([H])([H])C([H])([H])C2([H])C([H])([H])C12C#N
15,15,1,[H]OC12C(=O)C([H])(C1([H])[H])C2([H])N([H])[H]
19,19,1,[H]OC1([H])C([H])=C([H])C([H])([H])OC([H])([H])C([H])=C1[H]
21,21,1,[H]C([H])([H])C12OC3([H])C([H])([H])C1(C([H])([H])[H])C([H])([H])C32[H]
18,18,1,[H]N1C([H])([H])C1(C([H])([H])[H])C1([H])OC(=O)C1([H])[H]
19,19,1,[H]C1=C([H])C([H])([H])C([H])([H])C([H])=C([H])C1([H])N([H])[H]
18,18,1,[H]C([H])([H])C1([H])C([H])([H])C2([H])OC([H])([H])C21C#N
17,17,1,[H]OC([H])([H])C12C([H])([H])N3C([H])([H])C1([H])C32[H]
19,19,1,[H]C1=C2C(=O)C([H])(C1([H])[H])C([H])([H])C2([H])C([H])([H])[H]
21,21,1,[H]N([H])C([H])(C([H])([H])C([H])([H])[H])C1([H])C([H])([H])OC1([H])[H]
20,20,1,[H]N=C(C([H])([H])C(=O)C([H])([H])[H])C([H])(O[H])C([H])([H])[H]
18,18,1,[H]OC1([H])N([H])C2([H])C3([H])C([H])([H])OC23C1([H])[H]
18,18,1,[H]N=C1C([H])([H])C([H])(C([H])([H])[H])C2([H])N([H])C12[H]
17,17,1,[H]OC([H])([H])N1C([H])(C#N)C2([H])C([H])([H])C12[H]
18,18,1,[H]C12OC3([H])N1C31C([H])([H])C([H])([H])C([H])([H])C21[H]
23,23,1,[H]OC1([H])C([H])([H])C1([H])C([H])([H])C1(C([H])([H])[H])C([H])([H])C1([H])[H]
17,17,1,[H]OC1([H])C([H])([H])C([H])([H])C2([H])OC12C([H])=O
17,17,1,[H]C(=O)C([H])([H])C1([H])C(=O)OC1([H])C([H])([H])[H]
17,17,1,[H]OC([H])([H])C12C([H])=C([H])C1(O[H])C2([H])O[H]
18,18,1,[H]OC1([H])C([H])([H])C1([H])N1C(=O)C([H])([H])C1([H])[H]
23,23,1,[H]C([H])([H])OC1(C([H])([H])[H])C2([H])C([H])([H])C([H])(C([H])([H])[H])C21[H]
21,21,1,[H]C([H])([H])C1([H])OC2([H])OC([H])([H])C([H])(C2([H])[H])C1([H])[H]
14,14,1,[H]C1([H])OC([H])(C#N)C([H])([H])OC1=O
21,21,1,[H]C([H])([H])C1([H])C([H])([H])C2(C([H])([H])[H])C(=O)C([H])([H])C12[H]
19,19,1,[H]N1C([H])(C([H])([H])[H])N2C3([H])OC([H])([H])C2([H])C13[H]
16,16,1,[H]C1=C([H])C2([H])N3C([H])([H])C3([H])C2([H])C1=O
17,17,1,[H]N=C1C([H])=C([H])C([H])([H])C2([H])C([H])([H])C12[H]
20,20,1,[H]C(=O)C([H])([H])C1([H])N2C([H])([H])C([H])([H])C2([H])C1([H])[H]
20,20,1,[H]C#CC1(OC([H])([H])[H])N([H])C1([H])C([H])([H])C([H])([H])[H]
19,19,1,[H]C#CC1(C([H])([H])[H])C([H])([H])C(=O)C([H])([H])C1([H])[H]
20,20,1,[H]C1=C(C([H])([H])[H])C([H])(C#N)C([H])([H])C([H])([H])C1([H])[H]
15,15,1,[H]C1([H])C([H])([H])C2([H])C(=NC#N)OC12[H]
19,18,0,
19,19,1,[H]OC1([H])C2(OC2([H])[H])OC1(C([H])([H])[H])C([H])([H])[H]
23,23,1,[H]OC([H])([H])C([H])([H])C12C([H])([H])C([H])([H])C1(C([H])([H])[H])C2([H])[H]
18,18,1,[H]C(=NC1([H])C([H])([H])C(=O)C1([H])[H])OC([H])([H])[H]
20,20,1,[H]N1C([H])([H])C2([H])N([H])C2([H])C([H])([H])C2([H])N([H])C12[H]
23,23,1,[H]C([H])([H])C1([H])OC([H])([H])C1([H])C1([H])C([H])([H])C1([H])C([H])([H])[H]
14,14,1,[H]C1([H])C2([H])C3([H])N4C3([H])C1([H])C42[H]
19,19,1,[H]OC([H])([H])C([H])(O[H])C([H])(OC([H])=O)C([H])([H])[H]
22,21,0,
18,18,1,[H]C#CC1([H])OC12N([H])C([H])([H])C([H])([H])C2([H])[H]
17,17,1,[H]N=C1C(=O)C2([H])N(C2([H])[H])C1([H])C([H])([H])[H]
13,13,1,[H]N1C(=O)OC2([H])N(C1=O)C2([H])[H]
15,15,1,[H]C(=O)C([H])(c1nnoc1[H])C([H])([H])[H]
16,16,1,[H]c1c2c(n([H])c1[H])C([H])([H])C([H])([H])N2[H]
21,21,1,[H]OC([H])([H])C1([H])C([H])([H])C([H])=C(C([H])([H])[H])C1([H])O[H]
17,17,1,[H]c1nc(OC([H])([H])[H])c(C([H])([H])N([H])[H])o1
18,18,1,[H]C1([H])OC1([H])C12C([H])([H])N3C([H])([H])C1([H])C32[H]
20,20,1,[H]OC1([H])C([H])([H])C(C#N)(C([H])([H])[H])C1([H])C([H])([H])[H]
15,13,0,[H]N1NNC(C([H])([H])C([H])([H])[H])=C1C#N
17,17,1,[H]N=C1OC([H])([H])C([H])([H])C([H])([H])C([H])([H])O1
19,19,1,[H]OC12C([H])(OC([H])([H])[H])C3([H])C1([H])C([H])([H])C32[H]
19,19,1,[H]OC1([H])C(=O)OC1(C([H])([H])[H])C([H])([H])C([H])([H])[H]
18,17,0,[H]OC1([H])OC2(O)C([H])([H])C([H])([H])C1([H])C2([H])[H]
20,20,1,[H]N(N1C([H])([H])C1([H])C([H])([H])[H])C1([H])C([H])([H])C1([H])[H]
23,23,1,[H]OC([H])(C([H])=O)C([H])(C([H])([H])[H])C([H])(C([H])([H])[H])C([H])([H])[H]
19,16,0,[H]C([H])([H])C1C([H])([H])C2([H])NC([H])([H])C12C([H])([H])O
17,17,1,[H]N1C([H])(C([H])([H])C#N)C2([H])OC([H])([H])C12[H]
21,21,1,[H]N([H])C1(C#N)C([H])([H])C1([H])C([H])(C([H])([H])[H])C([H])([H])[H]
20,20,1,[H]N1C([H])(C([H])([H])C([H])([H])[H])C(=O)C12C([H])([H])C2([H])[H]
15,15,1,[H]C1([H])C(=O)N2C([H])([H])C2([H])C1([H])C#N
17,17,1,[H]OC([H])(C([H])=O)C([H])([H])C([H])([H])N([H])C#N
17,17,1,[H]N1C(=O)N([H])C2(C([H])([H])[H])C3([H])C1([H])C32[H]
18,18,1,[H]c1oc(C([H])([H])[H])c(OC([H])([H])[H])c1N([H])[H]
21,21,1,[H]OC([H])([H])C([H])(C(=O)C1([H])C([H])([H])C1([H])[H])C([H])([H])[H]
19,19,1,[H]N1C2([H])C([H])([H])C([H])(C3([H])C([H])([H])C3([H])[H])C12[H]
18,18,1,[H]OC1([H])C([H])([H])C2([H])C3([H])C([H])([H])C1([H])C23[H]
21,21,1,[H]N=C1N(C([H])([H])C([H])([H])[H])C2([H])C([H])([H])C1([H])C2([H])[H]
13,13,1,[H]N=c1nnonc1OC([H])([H])[H]
20,20,1,[H]N1C2([H])C([H])([H])OC3([H])C([H])([H])C([H])(C2([H])[H])C13[H]
25,25,1,[H]OC(C([H])([H])[H])(C([H])([H])C([H])([H])[H])C([H])(OC([H])([H])[H])C([H])([H])[H]
18,18,1,[H]C1=C([H])C([H])([H])C([H])(N([H])[H])C([H])([H])OC1=O
19,19,1,[H]C([H])([H])C12C([H])([H])C3([H])C(=O)C1([H])C32C([H])([H])[H]
21,21,1,[H]N1C([H])(C([H])([H])[H])C1([H])C([H])([H])C([H])([H])C([H])([H])C#N
15,15,1,[H]c1nn(C([H])([H])[H])c(=O)n1C([H])([H])[H]
19,19,1,[H]ON=C1N([H])C([H])([H])OC1([H])C([H])([H])C([H])([H])[H]
19,19,1,[H]C([H])([H])N=C1C([H])([H])C([H])(C([H])([H])[H])C1([H])C#N
16,16,1,[H]C1=NC([H])([H])C([H])([H])N([H])C([H])=C1C#N
21,21,1,[H]OC1(C([H])([H])[H])C([H])([H])N(C([H])([H])[H])C([H])([H])C1([H])[H]
15,15,1,[H]OC1([H])C(C([H])=O)=C([H])C2([H])OC21[H]
19,18,0,[H]C1=NC([H])C(=C([H])N([H])C([H])([H])C([H])([H])[H])N1[H]
19,19,1,[H]c1nnn(C([H])([H])[H])c1N([H])C([H])([H])C([H])([H])[H]
18,18,1,[H]N1C(=O)C([H])([H])C1([H])N([H])C([H])([H])C([H])([H])[H]
17,17,1,[H]Oc1nn([H])c(N([H])C([H])([H])[H])c1N([H])[H]
15,13,0,[H]OC([H])([H])C1=NNC(N([H])[H])C([H])=N1
19,19,1,[H]OC([H])([H])C(O[H])(C([H])([H])[H])C([H])(C#N)N([H])[H]
21,21,1,[H]C([H])([H])C1([H])N2C([H])([H])C([H])([H])C([H])([H])N3C2([H])C31[H]
17,17,1,[H]N1C([H])([H])C12C1([H])OC1([H])C2([H])C([H])([H])[H]
18,17,0,[H]N([H])C([H])([H])C#CC([H])([H])C([H])([H])C([H])([H])O
21,21,1,[H]C([H])([H])OC1(C([H])([H])[H])N2N(C([H])([H])[H])C([H])([H])C21[H]
14,14,1,[H]C1([H])OC([H])([H])C([H])(C(=O)C#N)O1
23,23,1,[H]C1=C([H])C([H])(C([H])(C([H])([H])[H])C([H])([H])[H])C2([H])C([H])([H])C12[H]
12,12,1,[H]c1nonnc1=NC([H])([H])[H]
23,23,1,[H]C([H])([H])C(=O)C([H])(C([H])([H])[H])C([H])([H])OC([H])([H])C([H])([H])[H]
20,20,1,[H]C([H])([H])OC([H])(N1C([H])([H])C(=O)C1([H])[H])C([H])([H])[H]
21,21,1,[H]C1([H])OC2=C(C([H])([H])C1([H])[H])C([H])([H])C([H])([H])C2([H])[H]
21,21,1,[H]OC([H])(C([H])([H])[H])C([H])(OC([H])=O)C([H])([H])C([H])([H])[H]
18,18,1,[H]OC1(C([H])=O)C([H])(N([H])[H])C2([H])C([H])([H])C12[H]
20,20,1,[H]OC([H])([H])C([H])(OC([H])(C#N)C([H])([H])[H])C([H])([H])[H]
18,18,1,[H]C1=C(C([H])([H])[H])C2([H])C([H])([H])C2([H])C1([H])C#N
21,20,0,[H]N=C([H])C([H])([H])C([H])(OC([H])([H])O)C([H])([H])C([H])([H])[H]
18,18,1,[H]OC12C([H])([H])C1([H])C([H])([H])C2([H])C([H])([H])C#N
15,11,0,
21,21,1,[H]C(=O)C1([H])C([H])([H])C2(C([H])([H])[H])C([H])([H])C([H])([H])C12[H]
16,16,1,[H]OC1([H])C([H])=C([H])C2([H])N(C([H])=O)C12[H]
23,23,1,[H]C([H])([H])N1N(C([H])([H])C2([H])C([H])([H])C2([H])[H])C([H])([H])C1([H])[H]
20,20,1,[H]N(C(=O)C([H])([H])C([H])([H])[H])C1([H])C([H])([H])OC1([H])[H]
18,18,1,[H]OC(C#N)(C([H])([H])C([H])([H])[H])C1([H])OC1([H])[H]
14,14,1,[H]OC([H])([H])C(=O)C(=O)N([H])C([H])=O
14,14,1,[H]N=C1OC([H])([H])C(=N[H])C1([H])O[H]
16,16,1,[H]C([H])([H])C#CC(=O)C1([H])C([H])([H])C1([H])[H]
18,18,1,[H]C([H])([H])C1(C([H])([H])[H])N2C(=O)OC([H])([H])C21[H]
17,17,1,[H]C#CC([H])([H])C1=NC2([H])C([H])([H])C2([H])N1[H]
18,18,1,[H]OC1([H])N2C3([H])OC([H])([H])C2([H])C([H])([H])C13[H]
21,21,1,[H]N1C2([H])N3C([H])([H])C2(C([H])(C([H])([H])[H])C([H])([H])[H])C13[H]
19,19,1,[H]C1=C2C([H])([H])OC([H])([H])OC2([H])C1([H])C([H])([H])[H]
17,17,1,[H]N1C([H])([H])N2C(=O)OC([H])(C([H])([H])[H])C12[H]
15,15,1,[H]c1oc(N2C([H])([H])C2([H])[H])c([H])c1[H]
19,19,1,[H]C1=C(C([H])([H])[H])C([H])([H])N([H])C1(C#N)C([H])([H])[H]
16,16,1,[H]C(=O)C([H])([H])N([H])C([H])(C#N)C([H])([H])[H]
19,19,1,[H]C([H])(C#N)OC(C([H])([H])[H])(C([H])([H])[H])C([H])([H])[H]
21,21,1,[H]C1=C(C([H])([H])[H])C2([H])C([H])([H])OC1(C([H])([H])[H])C2([H])[H]
19,19,1,[H]C1=C2C([H])(C([H])([H])[H])N([H])C3([H])N(C1([H])[H])C23[H]
18,18,1,[H]OC([H])([H])C1([H])C([H])([H])N2N(C2([H])[H])C1([H])[H]
21,21,1,[H]OC(C([H])([H])[H])(C([H])([H])[H])C1([H])C([H])([H])C1([H])C([H])=O
14,10,0,
19,19,1,[H]OC([H])([H])C1([H])C(=O)C([H])(O[H])C([H])([H])C1([H])[H]
21,21,1,[H]C([H])([H])C1([H])C2([H])C([H])([H])C1([H])C1(C([H])([H])[H])OC21[H]
18,18,1,[H]C([H])([H])OC([H])([H])C([H])(C#N)C(=O)C([H])([H])[H]
18,18,1,[H]C([H])([H])OC([H])([H])C1([H])C2([H])OC([H])([H])C21[H]
13,13,1,[H]c1nc(=O)c(C([H])([H])[H])c([H])o1
18,18,1,[H]C1([H])OC([H])([H])C2(O1)C([H])([H])C2([H])C([H])([H])[H]
17,17,1,[H]OC12OC3([H])C1([H])C([H])([H])C3(O[H])C2([H])[H]
15,15,1,[H]N=C1C([H])(C#N)OC1([H])OC([H])([H])[H]
18,18,1,[H]OC1([H])C2([H])OC1([H])C([H])([H])OC([H])([H])N2[H]
18,18,1,[H]OC1([H])C([H])([H])C([H])=C(N([H])[H])C2([H])OC21[H]
23,23,1,[H]C([H])([H])C1([H])C2([H])C3([H])C([H])([H])C2([H])C1(C([H])([H])[H])C3([H])[H]
21,21,1,[H]OC([H])(C([H])([H])[H])C([H])([H])C([H])(C#N)N([H])C([H])([H])[H]
23,23,1,[H]C1=C(C([H])([H])[H])C([H])([H])C2(C([H])([H])[H])C1([H])C2([H])C([H])([H])[H]
17,15,0,
17,17,1,[H]N1C2([H])C([H])(C#N)C3([H])C([H])([H])C3([H])C12[H]
17,17,1,[H]C(=O)N1C([H])([H])C1([H])C([H])([H])OC([H])([H])[H]
19,19,1,[H]OC([H])([H])C#CC(=NC([H])([H])[H])N([H])C([H])([H])[H]
20,20,1,[H]C(=O)C1([H])N([H])C2([H])C([H])([H])C1(C([H])([H])[H])C2([H])[H]
17,17,1,[H]C([H])([H])C1([H])OC2([H])C([H])([H])C(=O)OC12[H]
23,23,1,[H]C([H])([H])C([H])([H])C1([H])C([H])([H])OC([H])([H])C([H])([H])OC1([H])[H]
15,11,0,
15,15,1,[H]C(=O)C1([H])C(=O)OC([H])([H])OC1([H])[H]
17,17,1,[H]C#CC(=O)C([H])([H])C#CC([H])([H])C([H])([H])[H]
15,15,1,[H]ON=C(C([H])([H])O[H])C([H])(C#N)O[H]
15,15,1,[H]N1C(=O)C2([H])N3C4([H])C1([H])C2([H])C34[H]
25,25,1,[H]C([H])([H])OC([H])([H])C1(C([H])(C([H])([H])[H])C([H])([H])[H])C([H])([H])C1([H])[H]
19,17,0,
18,18,1,[H]C(=O)C1([H])C([H])([H])C2([H])C3([H])N(C3([H])[H])C12[H]
21,21,1,[H]C([H])([H])C1([H])C2([H])OC3([H])C1([H])C3(C([H])([H])[H])C2([H])[H]
20,20,1,[H]OC1(N([H])[H])C2([H])C([H])([H])C([H])([H])C([H])([H])C12O[H]
20,20,1,[H]C#CC([H])([H])C#CN([H])C([H])(C([H])([H])[H])C([H])([H])[H]
19,19,1,[H]N1C([H])([H])C(=O)C1([H])C([H])(C([H])([H])[H])C([H])([H])[H]
11,11,1,[H]N([H])c1nnc2onnn12
16,13,0,
22,22,1,[H]C#CC([H])([H])N([H])C([H])([H])C([H])([H])C([H])(O[H])C([H])([H])[H]
21,21,1,[H]OC([H])([H])C1([H])OC([H])(C([H])([H])C([H])([H])[H])OC1([H])[H]
17,17,1,[H]OC12C([H])(C#N)N([H])C1([H])C([H])([H])C2([H])[H]
21,21,1,[H]C(=O)N([H])C1(C([H])([H])N([H])[H])C([H])([H])C([H])([H])C1([H])[H]
16,16,1,[H]C(=O)C([H])([H])C#CN([H])C([H])([H])C([H])=O
20,20,1,[H]C(=NC([H])([H])[H])OC([H])(C([H])([H])[H])C1([H])OC1([H])[H]
19,19,1,[H]N1C([H])([H])C2([H])C([H])([H])C([H])(C([H])([H])C#N)C12[H]
17,17,1,[H]N=C1ON=NC([H])([H])C([H])=C([H])C([H])([H])O1
17,17,1,[H]OC12C([H])([H])C([H])=C([H])C1([H])C21OC1([H])[H]
16,16,1,[H]C1=NC([H])=C([H])C([H])([H])C([H])([H])C1([H])[H]
16,16,1,[H]ON=C1C([H])([H])C2([H])C(=O)C([H])([H])C12[H]
19,19,1,[H]C([H])([H])OC([H])([H])C1(C([H])([H])[H])C(=O)OC1([H])[H]
18,18,1,[H]C#CC1([H])C([H])([H])C12C([H])([H])C1([H])N([H])C12[H]
21,21,1,[H]C1=C(C([H])([H])C([H])([H])[H])C2([H])OC([H])([H])C2([H])C1([H])[H]
25,25,1,[H]C([H])([H])C([H])([H])C1([H])C2([H])C([H])(C([H])([H])[H])C1([H])C2([H])C([H])([H])[H]
18,18,1,[H]c1nn([H])c([H])c1C([H])([H])C1([H])N([H])C1([H])[H]
14,14,1,[H]Oc1c(C([H])([H])C#N)nn([H])c1[H]
23,23,1,[H]OC1(C([H])([H])[H])C([H])(OC([H])([H])[H])C1(C([H])([H])[H])C([H])([H])[H]
14,14,1,[H]Oc1nc(C([H])([H])[H])c(N([H])[H])o1
16,16,1,[H]C(=O)C([H])([H])C1=NC(=O)C([H])([H])C1([H])[H]
17,16,0,[H]N=C1C([H])N([H])C1([H])C([H])([H])C([H])([H])O[H]
19,19,1,[H]ON=C1N(C([H])([H])[H])C2([H])C1([H])C2([H])C([H])([H])[H]
19,19,1,[H]C1([H])OC([H])([H])C2([H])C([H])([H])C2([H])C([H])([H])C1=O
14,14,1,[H]N1C([H])([H])C1([H])C(=O)C([H])([H])C#N
18,18,1,[H]n1nc(C([H])([H])[H])c(C2([H])C([H])([H])C2([H])[H])n1
19,19,1,[H]OC1([H])C2([H])C([H])([H])C13C([H])([H])OC23C([H])([H])[H]
19,19,1,[H]N=C1C([H])=C([H])C([H])([H])C1(C([H])([H])[H])C([H])([H])[H]
14,14,1,[H]OC1([H])C2([H])N3C([H])([H])C3([H])C12[H]
21,21,1,[H]N([H])OC(=C(C([H])([H])[H])C([H])([H])C([H])([H])[H])C([H])([H])[H]
19,19,1,[H]N(N=C1N([H])C2([H])C([H])([H])N([H])C12[H])C([H])([H])[H]
19,19,1,[H]OC1([H])C([H])([H])C2([H])OC1(C([H])([H])[H])C([H])=C2[H]
19,19,1,[H]C#CC([H])([H])C(=O)C1([H])C([H])([H])C1([H])C([H])([H])[H]
19,19,1,[H]OC1(C#N)C([H])(N([H])C([H])([H])[H])C1([H])C([H])([H])[H]
18,18,1,[H]C#CC12C([H])([H])C3([H])N([H])C1([H])C([H])([H])C32[H]
16,16,1,[H]N=C([H])OC(=N[H])OC([H])([H])C([H])([H])[H]
20,20,1,[H]N=C1N([H])C(N([H])[H])=C([H])C1([H])C([H])([H])C([H])([H])[H]
21,21,1,[H]OC([H])(C([H])([H])[H])C12C([H])([H])C1([H])OC2([H])C([H])([H])[H]
19,19,1,[H]C(=O)C([H])([H])N(C(=O)N([H])C([H])([H])[H])C([H])([H])[H]
17,13,0,[H]C1=NC(C([H])([H])[H])C(C([H])([H])[H])C([H])C1[H]
14,13,0,
22,21,0,[H]C1OC([H])([H])C([H])([H])C([H])([H])OC1([H])C([H])([H])C([H])([H])[H]
18,18,1,[H]N1C(=O)C2([H])C([H])(C([H])([H])[H])OC2([H])C1([H])[H]
19,19,1,[H]N=C(C([H])(C([H])=O)C([H])([H])[H])C1([H])N([H])C1([H])[H]
21,21,1,[H]C([H])([H])C([H])([H])N1N2C([H])([H])C3([H])C2([H])C13C([H])([H])[H]
17,17,1,[H]C(=O)N1C2([H])C([H])([H])N([H])C3([H])C1([H])C23[H]
13,13,1,[H]C([H])([H])C1([H])C([H])([H])C1([H])C#N
15,14,0,
14,12,0,[H]C(N=N)=C(O)OC([H])([H])C([H])([H])[H]
17,17,1,[H]C1([H])OC2=C(C1([H])[H])C1([H])OC([H])([H])C21[H]
18,18,1,[H]OC([H])([H])C([H])(C([H])([H])[H])C([H])(C#N)C([H])=O
21,21,1,[H]C([H])([H])C12OC([H])([H])C1([H])C([H])([H])OC([H])([H])C2([H])[H]
19,19,1,[H]OC1([H])C([H])([H])C2([H])C([H])(C([H])([H])C([H])=O)C12[H]
21,21,1,[H]OC1([H])C([H])(O[H])C2(C([H])([H])C([H])([H])[H])C([H])([H])C12[H]
13,13,1,[H]N=c1nc(C([H])([H])[H])oc(=O)o1
18,18,1,[H]C1=NC2([H])C3([H])C4([H])C2([H])C1(C([H])([H])[H])C34[H]
18,17,0,[H]OC([H])(C([H])([H])[H])C1([H])C([H])(O)C1([H])C([H])=O
15,15,1,[H]C1=NC([H])([H])C2([H])OC([H])([H])C2([H])O1
21,21,1,[H]OC1(C([H])([H])[H])C([H])([H])C([H])=C([H])C12C([H])([H])C2([H])[H]
20,20,1,[H]C([H])([H])C(=O)C12N(C1([H])[H])C([H])(C([H])([H])[H])C2([H])[H]
14,14,1,[H]C(=O)C1([H])C(=O)C([H])(C#N)C1([H])[H]
15,15,1,[H]C#CC([H])([H])C1=C([H])C([H])([H])OC1=O
16,16,1,[H]N1C2([H])C([H])([H])N([H])C3(C#N)C1([H])C23[H]
22,22,1,[H]OC1([H])C([H])([H])C2(N([H])C2([H])[H])C([H])([H])C1([H])C([H])([H])[H]
25,25,1,[H]C([H])([H])C1([H])C([H])([H])C1([H])C1(C([H])([H])[H])C([H])([H])C1([H])C([H])([H])[H]
19,19,1,[H]C1([H])OC([H])([H])C2(C([H])([H])[H])C([H])([H])OC2([H])O1
23,23,1,[H]OC1([H])C([H])([H])C([H])=C([H])C([H])([H])C([H])(C([H])([H])[H])C1([H])[H]
19,19,1,[H]C1=NC2([H])N([H])C2(C([H])([H])OC([H])([H])[H])C1([H])[H]
15,15,1,[H]C(=O)C1(C#N)N([H])C([H])([H])OC1([H])[H]
18,18,1,[H]C1=C([H])C([H])(OC(=O)C([H])([H])[H])C([H])([H])N1[H]
16,16,1,[H]N=C1C2([H])OC3([H])C1(O[H])C3([H])C2([H])[H]
14,14,1,[H]c1nn([H])c2c([H])c(N([H])[H])oc12
16,16,1,[H]C1=C([H])C([H])(C([H])([H])C(F)(F)F)C1([H])[H]
22,22,1,[H]N([H])C1(C([H])([H])[H])C([H])([H])C12C([H])([H])OC2([H])C([H])([H])[H]
17,17,1,[H]C(=O)C1([H])OC([H])(C([H])([H])C([H])([H])[H])C1=O
19,19,1,[H]C#CC1(O[H])C([H])([H])C2([H])C([H])([H])C12C([H])([H])[H]
14,14,1,[H]C#Cc1nc(N([H])[H])c(N([H])[H])o1
18,16,0,[H]OC1C2=C(N([H])C1[H])C([H])([H])C([H])([H])C2([H])[H]
13,9,0,[H]C1NN2C(C(=O)OC2([H])[H])C1[H]
19,19,1,[H]C(=O)C1=C([H])C2([H])C([H])([H])C2([H])C1([H])C([H])([H])[H]
22,22,1,[H]OC([H])(C([H])([H])C([H])([H])[H])C([H])(O[H])C1([H])N([H])C1([H])[H]
17,13,0,[H]OC1=C([H])C([H])C([H])C(O[H])C1C([H])([H])[H]
19,19,1,[H]N1C([H])([H])C(=O)C2(N([H])C2([H])[H])C1([H])C([H])([H])[H]
18,18,1,[H]C(=O)N([H])C([H])([H])C1([H])C([H])([H])C1([H])C([H])=O
15,15,1,[H]N1C2([H])C(=O)OC([H])([H])C1([H])C2([H])[H]
21,21,1,[H]C([H])([H])C1=C2C3([H])C([H])([H])C3([H])C2(C([H])([H])[H])C1([H])[H]
20,20,1,[H]OC([H])([H])C1(C([H])([H])C#N)C([H])([H])C([H])([H])C1([H])[H]
19,19,1,[H]C(=O)C1([H])C2([H])C([H])([H])C3([H])C([H])([H])C3([H])C12[H]
18,18,1,[H]N1C(=O)C([H])(C2([H])OC([H])([H])C2([H])[H])C1([H])[H]
19,19,1,[H]OC12OC(C([H])([H])[H])(C1([H])[H])C1([H])C([H])([H])C21[H]
18,18,1,[H]C(=O)C([H])(C([H])([H])[H])C(C#N)(N([H])[H])N([H])[H]
21,21,1,[H]C1([H])N2C([H])([H])C3([H])N(C([H])([H])C3([H])[H])C2([H])C1([H])[H]
16,16,1,[H]N([H])C1(C#N)C([H])([H])C1([H])C([H])([H])C#N
22,22,1,[H]N1C([H])([H])C2(OC([H])([H])C([H])([H])[H])C([H])([H])C([H])([H])C12[H]
14,14,1,[H]Oc1onc([H])c1C(=O)C([H])([H])[H]
17,17,1,[H]C#CC([H])([H])C([H])=NC(=O)N([H])C([H])([H])[H]
21,20,0,[H]OC(C([H])([H])C(=O)N([H])[H])C([H])(C([H])([H])[H])C([H])([H])[H]
16,12,0,[H]C(=O)C1N=C([H])C([H])C(C([H])([H])[H])C1[H]
21,21,1,[H]OC([H])([H])C1([H])C([H])(C([H])([H])[H])C2([H])OC21C([H])([H])[H]
20,20,1,[H]C1([H])OC([H])([H])C2([H])C3([H])N1C([H])([H])C32C([H])([H])[H]
21,20,0,[H]OC([H])C([H])([H])C1([H])N2C([H])([H])C2([H])C([H])([H])C1([H])[H]
25,25,1,[H]C([H])([H])C1=C(C([H])([H])[H])C([H])([H])C([H])(C([H])([H])C([H])([H])[H])C1([H])[H]
12,12,1,[H]Oc1nc([H])n2nc([H])oc12
19,19,1,[H]N=C1OC2([H])C([H])([H])N([H])C([H])([H])C([H])([H])C12[H]
23,23,1,[H]C1([H])OC([H])([H])C([H])(C([H])([H])[H])C([H])(C([H])([H])C([H])([H])[H])O1
25,25,1,[H]N([H])C([H])([H])C1([H])C([H])(C([H])([H])[H])N(C([H])([H])[H])C1([H])C([H])([H])[H]
16,16,1,[H]OC(C#N)(C([H])=O)C([H])(O[H])C([H])([H])[H]
15,15,1,[H]C([H])([H])C12C(=O)C([H])([H])C1([H])C2([H])[H]
25,25,1,[H]N([H])C([H])([H])C([H])(C([H])([H])[H])C([H])([H])C1([H])N(C([H])([H])[H])C1([H])[H]
20,20,1,[H]OC([H])(C([H])([H])[H])C1(O[H])N2C([H])([H])C2([H])C1([H])[H]
22,22,1,[H]OC([H])(C([H])([H])C#CC([H])([H])[H])C([H])([H])N([H])C([H])([H])[H]
17,17,1,[H]N=C([H])C(=O)C([H])(C([H])([H])[H])C([H])([H])O[H]
20,19,0,[H]N1C([H])([H])C1(C1C([H])([H])N2C([H])([H])C12[H])C([H])([H])[H]
17,17,1,[H]OC([H])([H])C1([H])C([H])([H])C12OC(=O)C2([H])[H]
15,14,0,
11,11,1,[H]C1=NC2([H])N(C1=O)C2([H])[H]
20,20,1,[H]OC([H])(C(O[H])(O[H])C([H])([H])[H])C1([H])N([H])C1([H])[H]
18,18,1,[H]C([H])([H])C1([H])C2([H])OC([H])([H])C1(C#N)C2([H])[H]
19,19,1,[H]C([H])([H])OC1([H])C(=O)OC([H])(C([H])([H])[H])C1([H])[H]
22,22,1,[H]C([H])([H])C1(C([H])([H])[H])N2C([H])([H])C2([H])C2([H])C([H])([H])C21[H]
19,19,1,[H]OC([H])(C(=O)C1([H])C([H])([H])OC1([H])[H])C([H])([H])[H]
20,20,1,[H]C([H])([H])C12N3C([H])([H])C4([H])C([H])(C1([H])[H])C4([H])C32[H]
17,17,1,[H]Oc1c(C([H])([H])[H])oc(C([H])([H])[H])c1O[H]
18,17,0,[H]C1([H])OC12C([H])([H])C1([H])C([H])([H])C([H])(O)C12[H]
18,18,1,[H]N=C([H])OC1([H])C([H])=C([H])C([H])([H])OC1([H])[H]
19,19,1,[H]N1C2([H])C(=NC([H])([H])[H])OC([H])([H])C([H])([H])C12[H]
19,19,1,[H]ON=C1C([H])([H])C([H])=NC1(C([H])([H])[H])C([H])([H])[H]
21,21,1,[H]C(=O)C([H])([H])N1N([H])C1(C([H])([H])[H])C([H])([H])C([H])([H])[H]
18,18,1,[H]c1nn(C([H])([H])[H])c(=O)n1C([H])([H])C([H])([H])[H]
17,15,0,[H]C(=O)C1C(C([H])([H])[H])N=C(C([H])([H])[H])N1[H]
14,14,1,[H]C#CC12C(=O)N3C([H])(C1([H])[H])C32[H]
11,11,1,[H]N=c1nnnc([H])c(=O)o1
17,17,1,[H]N=C1OC2([H])N3C([H])([H])C1(C([H])([H])[H])C32[H]
14,14,1,[H]N=C([H])OC(C#N)(C#N)C([H])([H])[H]
15,15,1,[H]C(=O)C#CC([H])(OC([H])=O)C([H])([H])[H]
13,12,0,[H]OC([H])([H])OC1C(=O)ON=C1[H]
18,18,1,[H]C1([H])OC2(N3C([H])([H])C3([H])[H])C([H])([H])OC12[H]
18,18,1,[H]OC([H])([H])C1([H])N([H])C1([H])C(=O)OC([H])([H])[H]
12,12,1,[H]N=c1nnc(O[H])c(O[H])o1
20,20,1,[H]C#CN([H])C1([H])C([H])([H])C([H])([H])C([H])([H])C1([H])O[H]
23,23,1,[H]C([H])([H])OC([H])([H])C1([H])C([H])([H])C([H])([H])C1([H])OC([H])([H])[H]
20,20,1,[H]OC1([H])N=C([H])C([H])(OC([H])([H])[H])C([H])([H])C1([H])[H]
17,17,1,[H]c1oc([H])c(N(C([H])([H])[H])C([H])([H])[H])c1[H]
17,17,1,[H]OC12C([H])(C(=O)N([H])[H])N([H])C1([H])C2([H])[H]
10,10,1,[H]c1nonc(C#N)c1=O
19,19,1,[H]C([H])([H])C1([H])C2([H])N3C4([H])N2C1(C([H])([H])[H])C34[H]
15,15,1,[H]OC([H])([H])C12C3([H])OC1([H])C2([H])C3=O
18,17,0,[H]C1([H])OC2([H])C([H])([H])C3(O)C([H])([H])C2([H])C13[H]
19,19,1,[H]C([H])(C#N)OC([H])([H])C1([H])N(C([H])([H])[H])C1([H])[H]
20,20,1,[H]OC1([H])C([H])([H])N2C([H])([H])C3([H])C([H])([H])C3([H])C21[H]
21,21,1,[H]C1=C([H])C([H])([H])C([H])(C2([H])C([H])([H])C2([H])[H])OC1([H])[H]
14,12,0,[H]OC1C([H])N(C([H])([H])C([H])=O)N1[H]
17,17,1,[H]OC([H])([H])C1([H])C([H])(C#N)C2([H])N([H])C21[H]
15,15,1,[H]N=C1C(C([H])([H])[H])=NC(=O)C1([H])O[H]
21,21,1,[H]C([H])([H])C([H])([H])C12OC3(C([H])([H])[H])C([H])([H])C1([H])C32[H]
15,15,1,[H]C([H])([H])C1([H])Oc2nonc2C1([H])[H]
14,14,1,[H]C#Cc1c([H])oc(=N[H])c([H])c1[H]
19,19,1,[H]C#CC1([H])N(C([H])([H])C([H])([H])C([H])([H])[H])C1([H])[H]
23,23,1,[H]C#CC([H])(C([H])([H])C([H])([H])[H])C([H])([H])C([H])([H])C([H])([H])O[H]
20,20,1,[H]OC([H])(C([H])([H])[H])C12C([H])([H])C1([H])C1([H])N([H])C12[H]
19,19,1,[H]C1([H])C2([H])C([H])([H])C3([H])C4([H])OC([H])(C13[H])C42[H]
19,19,1,[H]N([H])C1([H])C([H])([H])C([H])([H])C([H])([H])C12OC2([H])[H]
19,19,1,[H]N1C2([H])C([H])([H])C([H])([H])C([H])([H])C12OC([H])([H])[H]
23,23,1,[H]N1C([H])([H])C12N([H])C2(C([H])([H])[H])C([H])(C([H])([H])[H])C([H])([H])[H]
16,16,1,[H]Oc1nn([H])c(N([H])[H])c1C([H])([H])O[H]
13,11,0,[H]C1N=C2OC(C#N)C2([H])C1([H])[H]
19,19,1,[H]N=C1N(C([H])([H])[H])C([H])(O[H])C2([H])C([H])([H])C12[H]
20,20,1,[H]C1=C(C([H])([H])[H])OC([H])([H])C2([H])N([H])C12C([H])([H])[H]
16,12,0,
16,16,1,[H]OC1([H])C([H])([H])C(=O)N(C([H])=O)C1([H])[H]
19,19,1,[H]C1([H])OC([H])([H])C2([H])C([H])([H])C2(C([H])([H])[H])C1=O
16,16,1,[H]Oc1nc(N([H])C([H])([H])[H])nc([H])c1[H]
20,20,1,[H]C1=C(OC([H])([H])C([H])([H])[H])C([H])([H])N2C([H])([H])C12[H]
19,18,0,[H]C1C2([H])N([H])C23C([H])([H])OC13C([H])([H])C([H])([H])[H]
17,17,1,[H]N1C2([H])C(=O)C1([H])C2(OC([H])([H])[H])N([H])[H]
18,18,1,[H]OC([H])([H])C1(OC([H])([H])[H])C(=O)N([H])C1([H])[H]
18,18,1,[H]C(=O)C([H])([H])C([H])([H])OC(=O)N([H])C([H])([H])[H]
18,18,1,[H]N1C2([H])C([H])(OC([H])([H])[H])C3([H])OC2([H])C13[H]
24,24,1,[H]N([H])C(C#CC([H])([H])C([H])([H])C([H])([H])[H])(C([H])([H])[H])C([H])([H])[H]
17,17,1,[H]N1C2([H])C([H])([H])C([H])(C#CC([H])([H])[H])C12[H]
17,17,1,[H]c1c(C([H])([H])[H])c(C#CC([H])([H])[H])nn1[H]
15,15,1,[H]N1c2nonc2N(C([H])([H])[H])C1([H])[H]
18,18,1,[H]N=C1OC2([H])C([H])([H])C([H])([H])C2([H])C([H])=C1[H]
21,21,1,[H]C1=C([H])C2([H])C([H])([H])C2([H])C([H])(OC([H])([H])[H])C1([H])[H]
18,17,0,[H]N([H])C(=O)NN([H])C([H])(C([H])([H])[H])C([H])([H])[H]
16,16,1,[H]c1oc(=O)nc(C([H])([H])[H])c1C([H])([H])[H]
18,17,0,[H]C(=O)C([H])C([H])([H])OC1([H])OC1([H])C([H])([H])[H]
16,16,1,[H]C1=NC(=NC([H])([H])[H])N([H])N=NC1([H])[H]
21,21,1,[H]OC1([H])C([H])([H])C([H])(O[H])C12C([H])([H])C([H])([H])C2([H])[H]
17,17,1,[H]C([H])([H])C12OC3([H])C1([H])OC1([H])C3([H])C12[H]
19,19,1,[H]C([H])([H])C1([H])C([H])([H])C2(C([H])([H])[H])C(=O)OC12[H]
19,18,0,
19,19,1,[H]C1=C([H])C([H])([H])C([H])([H])N([H])C([H])([H])C(=O)N1[H]
21,21,1,[H]N1C([H])([H])C12C([H])([H])N1C([H])([H])C1([H])C2([H])C([H])([H])[H]
19,19,1,[H]N=C([H])OC([H])([H])C([H])(C([H])([H])[H])C([H])([H])C#N
18,18,1,[H]C1([H])N2C3([H])C([H])([H])C2([H])C3([H])C2([H])OC12[H]
19,19,1,[H]C([H])([H])N1OC2([H])C1([H])C([H])([H])C2([H])C([H])([H])[H]
16,16,1,[H]C1=NC([H])([H])C([H])([H])c2c1nn([H])c2[H]
21,21,1,[H]OC1([H])C([H])(C([H])([H])[H])C1([H])C([H])([H])C([H])([H])N([H])[H]
16,16,1,[H]OC1([H])C(=NC([H])([H])[H])C(=O)OC1([H])[H]
21,21,1,[H]OC1([H])C([H])([H])C([H])([H])C([H])([H])C2([H])OC2([H])C1([H])[H]
16,16,1,[H]OC1([H])C([H])([H])C2([H])N3C(=O)C1([H])C32[H]
15,15,1,[H]N1C([H])([H])C(=O)C1([H])C1([H])OC1([H])[H]
19,19,1,[H]C1=C([H])C(C([H])([H])[H])(C([H])([H])[H])C(=O)OC1([H])[H]
20,20,1,[H]OC1([H])C([H])([H])C([H])([H])C2([H])C([H])(C([H])([H])[H])C12[H]
16,13,0,
16,16,1,[H]C1=C([H])C2([H])OC1([H])C21OC([H])([H])N1[H]
19,19,1,[H]C#CC1([H])OC([H])(C([H])([H])[H])C1([H])C([H])([H])O[H]
19,19,1,[H]N=C([H])C(=O)N([H])C([H])([H])C([H])([H])C([H])([H])O[H]
19,19,1,[H]C(=O)C1([H])OC2([H])C([H])([H])C1([H])C2([H])C([H])([H])[H]
21,21,1,[H]OC([H])([H])C([H])([H])C(=O)C(O[H])(C([H])([H])[H])C([H])([H])[H]
17,17,1,[H]C([H])([H])C1(C#N)C([H])([H])C12C([H])([H])C2([H])[H]
17,17,1,[H]C1=C([H])C2([H])C([H])([H])OC23C([H])([H])OC13[H]
15,15,1,[H]C#CC(=O)C([H])(N([H])[H])N([H])C([H])=O
20,20,1,[H]OC1(C([H])([H])[H])C([H])([H])C2([H])C3([H])N([H])C3([H])C21[H]
17,17,1,[H]C1([H])OC2([H])C([H])([H])C2([H])OC(=O)C1([H])[H]
17,17,1,[H]OC1([H])c2c(c([H])n([H])c2[H])N([H])C1([H])[H]
15,15,1,[H]C(=O)N1C(=O)C([H])(ON([H])[H])C1([H])[H]
16,16,1,[H]N1C(=O)C2([H])OC([H])([H])OC2([H])C1([H])[H]
19,19,1,[H]C([H])([H])C12C3([H])OC4([H])C3([H])C1(C([H])([H])[H])C42[H]
18,18,1,[H]N=C([H])OC1(C([H])([H])[H])C2([H])OC21C([H])([H])[H]
21,21,1,[H]N([H])C1([H])OC([H])([H])N=C(C([H])([H])[H])C1([H])C([H])([H])[H]
19,19,1,[H]C1=NC2(C([H])([H])[H])N([H])C([H])([H])C2([H])C([H])([H])O1
20,20,1,[H]N1C([H])([H])C(=O)C([H])([H])OC([H])(C([H])([H])[H])C1([H])[H]
17,17,1,[H]C1=NN(C([H])([H])C#CC([H])([H])[H])C([H])([H])O1
17,17,1,[H]N=C1OC([H])([H])C1([H])C([H])([H])OC([H])([H])[H]
11,8,0,
18,18,1,[H]C(=O)C([H])(C([H])=O)C1([H])N([H])C1([H])C([H])([H])[H]
20,20,1,[H]C1=NC([H])([H])C2(C([H])=C([H])C([H])([H])C2([H])[H])C1([H])[H]
14,12,0,[H]C1=NNC(C#CC([H])([H])[H])N=C1[H]
20,20,1,[H]N=C(C([H])([H])C([H])=O)C([H])([H])C([H])([H])C([H])([H])O[H]
19,19,1,[H]OC([H])([H])C1=C([H])C([H])([H])C2([H])C([H])([H])OC12[H]
19,17,0,[H]N1C([H])([H])C12C(C([H])([H])[H])C([H])([H])C1([H])NC12[H]
14,14,1,[H]N=C1C(=O)C([H])([H])C([H])=C1C([H])=O
20,20,1,[H]C([H])([H])C1([H])C([H])([H])C23C([H])([H])C2([H])N2C1([H])C23[H]
18,18,1,[H]c1c(C2([H])OC2([H])C([H])([H])[H])c([H])n([H])c1[H]
20,19,0,
19,19,1,[H]N=C1OC([H])(C([H])([H])C([H])([H])O[H])N([H])C1([H])[H]
20,20,1,[H]C1=C(C([H])([H])C#N)C([H])([H])C1(C([H])([H])[H])C([H])([H])[H]
17,17,1,[H]C#CC([H])(C([H])=O)C1([H])N([H])C([H])([H])N1[H]
18,18,1,[H]C(=O)C([H])(C([H])([H])[H])C([H])(C([H])=O)C([H])([H])[H]
21,21,1,[H]N1C([H])([H])C([H])([H])C([H])([H])C2([H])C([H])([H])C12C([H])([H])[H]
15,15,1,[H]OC12C([H])([H])N3C([H])(C1([H])C#N)C32[H]
15,15,1,[H]C1([H])OC([H])([H])C12C(=O)C(=O)C2([H])[H]
19,19,1,[H]N1C2([H])C3([H])C4(N([H])C4([H])[H])C1([H])C23C([H])([H])[H]
14,14,1,[H]c1c([H])c2n([H])c([H])c([H])n2c1[H]
19,19,1,[H]ON=C(C([H])=O)N(C([H])([H])[H])C([H])([H])C([H])([H])[H]
18,18,1,[H]N=C1OC2([H])C3([H])C([H])([H])C2([H])C13C([H])([H])[H]
19,19,1,[H]C#CC1([H])C([H])(OC([H])([H])[H])C1([H])C([H])([H])O[H]
20,20,1,[H]OC([H])([H])C1([H])C([H])([H])C2([H])C([H])([H])N3C1([H])C32[H]
18,18,1,[H]C([H])([H])OC([H])([H])C#CC([H])([H])C([H])([H])C#N
19,19,1,[H]OC1([H])C([H])([H])C([H])(C([H])=O)OC1([H])C([H])([H])[H]
17,17,1,[H]C([H])([H])C1=C(C#N)N2C([H])([H])C2([H])C1([H])[H]
18,17,0,[H]C([H])([H])C12C([H])([H])NC1(C([H])([H])C#N)C2([H])[H]
17,17,1,[H]OC1([H])C(C2([H])OC2([H])[H])=C([H])OC1([H])[H]
18,18,1,[H]N1C([H])([H])C([H])([H])N2C([H])([H])C23C([H])([H])C13[H]
21,21,1,[H]C([H])([H])C1([H])C([H])([H])OC([H])([H])C2([H])OC1([H])C2([H])[H]
17,17,1,[H]C#CC([H])(O[H])C([H])(C([H])([H])[H])C([H])([H])[H]
16,16,1,[H]N=C1C([H])([H])C([H])([H])C2(C#N)N([H])C12[H]
17,17,1,[H]C(=O)c1oc(C([H])([H])[H])c([H])c1C([H])([H])[H]
20,19,0,[H]C([H])([H])C1([H])C(=O)C(C([H])([H])[H])(C([H])([H])O)C1([H])[H]
19,18,0,[H]C1([H])N2C([H])([H])C3([H])C([H])(C2([H])O)C3([H])C1([H])[H]
19,19,1,[H]N1C(=O)C(C([H])([H])[H])=NC([H])(C([H])([H])[H])C1([H])[H]
17,16,0,[H]OC1(C(=O)N([H])[H])C([H])OC1([H])C([H])([H])[H]
20,20,1,[H]Oc1c([H])c([H])c(C([H])([H])[H])n1C([H])([H])C([H])([H])[H]
19,19,1,[H]N1C(=O)N([H])C2([H])C([H])([H])C2([H])C([H])([H])C1([H])[H]
16,15,0,[H]C1=C([H])C23N(N1)C([H])([H])C1([H])C2([H])C31[H]
17,15,0,
16,16,1,[H]C1=C([H])C2([H])OC2([H])C([H])(C#N)C1([H])[H]
19,19,1,[H]C([H])([H])C1([H])C(=O)C2([H])C([H])([H])C3([H])C1([H])C23[H]
18,18,1,[H]C([H])(C#N)C1=NC([H])([H])C([H])([H])N1C([H])([H])[H]
22,22,1,[H]N([H])C1([H])C([H])([H])C2([H])C([H])(C([H])([H])[H])C12OC([H])([H])[H]
20,20,1,[H]C(=O)C([H])(C([H])([H])[H])C1([H])ON(C([H])([H])[H])C1([H])[H]
15,15,1,[H]C#CC(=O)C(O[H])(C([H])=O)C([H])([H])[H]
17,14,0,[H]OC1(N([H])C(=O)O)C([H])C([H])([H])C1([H])[H]
20,20,1,[H]C([H])([H])C1=NC2([H])C([H])([H])OC2(C([H])([H])[H])C1([H])[H]
18,18,1,[H]C1([H])N2C3([H])OC4([H])C1([H])C2([H])C4([H])C3([H])[H]
17,17,1,[H]C([H])([H])C12OC3([H])C([H])([H])C([H])(C1=O)C32[H]
18,18,1,[H]C1([H])C([H])([H])C2([H])OC3([H])C([H])([H])C23C1([H])[H]
20,20,1,[H]C1([H])OC([H])([H])C2([H])N1C1([H])C([H])([H])C([H])([H])C21[H]
18,16,0,[H]N([H])C1=C(C([H])([H])N([H])C([H])([H])[H])NNN1[H]
18,18,1,[H]C1=C2C([H])([H])C3([H])OC3([H])C2([H])C([H])([H])N1[H]
19,19,1,[H]N=C1OC(C([H])([H])[H])(C([H])([H])C([H])([H])[H])C1([H])[H]
15,15,1,[H]Oc1nnc(OC([H])([H])[H])c([H])c1[H]
20,20,1,[H]C(=O)N([H])C1([H])C([H])([H])C([H])([H])C1([H])OC([H])([H])[H]
17,17,1,[H]C#CC([H])([H])C12C3([H])C([H])(O[H])C1([H])C32[H]
15,14,0,[H]N1C2C3([H])OC(=O)C2([H])C1([H])C3([H])[H]
14,14,1,[H]C([H])([H])OC12OC3([H])C1([H])OC32[H]
17,17,1,[H]C#CC1([H])C2([H])C([H])([H])C3([H])OC2([H])C13[H]
21,21,1,[H]N1C2([H])C(C([H])([H])C([H])([H])[H])=NC([H])([H])C([H])([H])C12[H]
14,14,1,[H]C12OC3([H])C([H])(C1=O)N1C2([H])C13[H]
17,17,1,[H]C(=O)C12N(C([H])([H])[H])C1([H])C([H])([H])C2([H])[H]
16,16,1,[H]N1C(=O)C([H])([H])N(C([H])([H])C#N)C1([H])[H]
22,22,1,[H]C1=C(C([H])([H])[H])C([H])([H])C(C([H])([H])[H])(C([H])([H])[H])C1([H])[H]
19,19,1,[H]C1=C([H])C([H])([H])C2([H])OC2(C([H])([H])[H])C([H])=C1[H]
16,16,1,[H]N=C1OC2([H])OC([H])([H])C23C([H])([H])C13[H]
16,16,1,[H]C1=NC([H])([H])C2=C1C([H])=C([H])C([H])([H])O2
16,16,1,[H]C(=O)C([H])([H])C1([H])N([H])C(=O)OC1([H])[H]
19,19,1,[H]C(=O)C1(C([H])([H])[H])OC([H])([H])C1([H])OC([H])([H])[H]
18,18,1,[H]N1C([H])([H])OC2([H])C3([H])OC([H])([H])C12C3([H])[H]
17,17,1,[H]N=C1N([H])C2([H])OC12C([H])(O[H])C([H])([H])[H]
15,15,1,[H]N=C([H])N1C([H])=NC([H])([H])C1=NO[H]
19,19,1,[H]C#CC([H])(C([H])([H])[H])C([H])([H])OC([H])([H])C([H])=O
18,18,1,[H]C12OC3([H])C([H])([H])C3([H])C3([H])N1C3([H])C2([H])[H]
18,18,1,[H]OC1([H])C([H])([H])C([H])(O[H])C([H])(O[H])C1([H])[H]
22,22,1,[H]OC(OC([H])([H])[H])(N([H])C1([H])C([H])([H])C1([H])[H])C([H])([H])[H]
19,19,1,[H]C([H])([H])N1C([H])([H])C([H])([H])OC([H])([H])C1([H])C#N
23,23,1,[H]C([H])([H])C1([H])OC([H])([H])C([H])([H])OC([H])([H])C([H])([H])C1([H])[H]
13,13,1,[H]C(=O)N(OC(=O)C#N)C([H])([H])[H]
16,16,1,[H]C1=C([H])C([H])(C([H])([H])[H])C2([H])OC12C#N
23,23,1,[H]OC([H])([H])C([H])(C([H])(O[H])C([H])([H])[H])C1([H])C([H])([H])C1([H])[H]
21,21,1,[H]OC([H])([H])C1([H])N2C([H])([H])N(C([H])([H])[H])C1([H])C2([H])[H]
18,18,1,[H]N1C(=O)C2(C([H])([H])[H])OC([H])([H])C1([H])C2([H])[H]
15,15,1,[H]C1([H])OC2([H])C(=O)C3([H])OC1([H])C23[H]
21,21,1,[H]N1C([H])([H])C1(N([H])C1([H])C([H])([H])OC1([H])[H])C([H])([H])[H]
21,21,1,[H]C(=O)C12C([H])([H])C([H])([H])C([H])(C1([H])[H])C2([H])C([H])([H])[H]
20,20,1,[H]N1C([H])([H])OC([H])([H])C2([H])C3([H])C([H])([H])C12C3([H])[H]
19,19,1,[H]C([H])([H])C1([H])C2([H])C([H])([H])C(=O)OC12C([H])([H])[H]
19,19,1,[H]OC([H])([H])C([H])(OC([H])([H])[H])C1([H])N([H])C1([H])[H]
23,23,1,[H]N(C([H])([H])C([H])([H])C([H])([H])[H])C([H])([H])C([H])(C#N)C([H])([H])[H]
17,17,1,[H]C1=NC([H])([H])C([H])([H])N1C(=O)OC([H])([H])[H]
21,21,1,[H]C([H])([H])OC1([H])C([H])([H])C([H])([H])OC2([H])C([H])([H])C12[H]
16,16,1,[H]Oc1nc(C2([H])C([H])([H])C2([H])[H])oc1[H]
18,18,1,[H]N1C(=O)C2(OC2([H])C([H])([H])C([H])([H])[H])C1([H])[H]
16,15,0,[H]N=C1OC2([H])C1(ON[H])C2([H])C([H])([H])[H]
19,19,1,[H]N=C(OC([H])([H])[H])C([H])(C#N)C([H])([H])C([H])([H])[H]
18,18,1,[H]OC([H])([H])C12OC1([H])C([H])(C([H])([H])[H])C2([H])[H]
19,19,1,[H]C(=O)C(C(=O)N([H])C([H])([H])[H])(N([H])[H])C([H])([H])[H]
17,17,1,[H]N=C([H])C([H])([H])C(=O)OC([H])=NC([H])([H])[H]
11,7,0,
21,21,1,[H]OC([H])([H])C([H])([H])C([H])(OC(=O)C([H])([H])[H])C([H])([H])[H]
20,20,1,[H]C#CC([H])([H])N1C([H])([H])C12C([H])([H])C2([H])C([H])([H])[H]
17,17,1,[H]C([H])([H])C#CC12C(=O)C([H])(C1([H])[H])C2([H])[H]
25,25,1,[H]OC([H])([H])C([H])([H])C([H])([H])C1(C([H])([H])C([H])([H])[H])C([H])([H])C1([H])[H]
14,12,0,[H]N1NC(C([H])([H])N([H])[H])N=C1C#N
21,21,1,[H]OC([H])([H])C1(N([H])[H])C([H])([H])C2(C([H])([H])[H])N([H])C21[H]
20,19,0,[H]C([H])([H])C1(C([H])([H])[H])OC1([H])C1([H])C([H])([H])C1([H])O
18,18,1,[H]N=C1N=C2N([H])C([H])([H])C2(C([H])([H])[H])C1([H])[H]
18,17,0,[H]ON=C(C(=O)C([H])([H])C([H])([H])[H])C([H])N([H])[H]
18,18,1,[H]C(=O)N([H])C(=O)C([H])([H])OC([H])([H])C([H])([H])[H]
23,23,1,[H]N1C([H])([H])N(C([H])([H])[H])C([H])([H])OC([H])([H])C([H])([H])C1([H])[H]
19,19,1,[H]OC([H])([H])C#CC([H])(O[H])C([H])([H])C([H])([H])O[H]
15,15,1,[H]N=C1OC2([H])C([H])([H])C2(N([H])[H])N1[H]
21,20,0,[H]OC([H])([H])C([H])([H])C1(O)C([H])([H])C1(N([H])[H])C([H])([H])[H]
15,15,1,[H]C1=NC2([H])OC2([H])C([H])([H])N([H])C1=O
16,16,1,[H]C([H])([H])C#CC([H])([H])C#CC([H])([H])C#N
19,19,1,[H]N1C2([H])C([H])(C#N)C([H])(C([H])([H])C([H])([H])[H])C12[H]
13,13,1,[H]N=c1onnn1C(=O)C([H])([H])[H]
23,23,1,[H]C#CC1(C([H])([H])C([H])([H])C([H])([H])[H])C([H])([H])C([H])([H])C1([H])[H]
16,16,1,[H]N=c1oc([H])c(C([H])([H])[H])c(O[H])c1[H]
21,21,1,[H]C(=O)C1(C([H])([H])[H])C([H])(OC([H])([H])[H])C1([H])C([H])([H])[H]
16,16,1,[H]N=C([H])C(=O)N1C([H])([H])C1([H])C([H])([H])[H]
17,17,1,[H]C(=O)C([H])(N([H])[H])C([H])(N([H])[H])N([H])C#N
20,20,1,[H]C(=O)C1([H])OC([H])(C([H])([H])C([H])([H])[H])N1C([H])([H])[H]
16,16,1,[H]C12OC([H])(C1=O)C([H])([H])C([H])([H])C2([H])[H]
18,18,1,[H]OC1([H])N([H])C2([H])C(O[H])(C([H])([H])[H])C12O[H]
18,18,1,[H]C([H])([H])C(=O)C1([H])C([H])([H])C([H])(C#N)C1([H])[H]
18,18,1,[H]N1C2([H])OC2([H])C2([H])OC2([H])C1([H])C([H])([H])[H]
16,15,0,
19,19,1,[H]N1C([H])(C([H])([H])[H])C2(C#N)C([H])([H])C12C([H])([H])[H]
15,15,1,[H]N1C(=O)C2([H])N([H])C2(C([H])([H])[H])C1=O
19,19,1,[H]OC1([H])C([H])(C([H])([H])[H])N2C([H])([H])N3C2([H])C31[H]
15,15,1,[H]C1([H])C2([H])C([H])([H])C3([H])C1([H])C23C#N
18,15,0,[H]OC([H])([H])C([H])([H])C1NN([H])C1OC([H])([H])[H]
20,20,1,[H]OC([H])([H])C([H])([H])C([H])(C([H])([H])C#N)C([H])([H])O[H]
25,25,1,[H]C([H])([H])C12C([H])([H])C([H])([H])C([H])([H])C([H])([H])C([H])([H])C1([H])C2([H])[H]
21,21,1,[H]OC1([H])C([H])([H])C([H])([H])C([H])=C2C([H])([H])C([H])([H])C21[H]
20,20,1,[H]C(=O)C([H])(C([H])([H])[H])C12N([H])C([H])(C1([H])[H])C2([H])[H]
20,20,1,[H]N([H])C1([H])C([H])([H])OC12OC([H])([H])C([H])([H])C2([H])[H]
17,17,1,[H]C([H])([H])C(=O)OC(=O)OC([H])([H])C([H])([H])[H]
16,16,1,[H]C#CC1(C([H])([H])OC([H])=N[H])OC1([H])[H]
19,18,0,[H]C(=O)N1C([H])([H])OC([H])C([H])([H])C1([H])C([H])([H])[H]
16,16,1,[H]C(=O)C([H])([H])C([H])([H])N([H])C(=O)N([H])[H]
21,21,1,[H]OC([H])([H])C([H])([H])C([H])(C([H])([H])[H])C([H])([H])OC([H])=O
20,20,1,[H]C([H])([H])C([H])([H])C12N3C4([H])C3([H])C1([H])C([H])([H])C42[H]
18,18,1,[H]C1([H])OC2([H])C([H])([H])C2([H])C2(C([H])([H])[H])ON12
18,18,1,[H]OC([H])([H])C1([H])OC2([H])C([H])(O[H])C2([H])N1[H]
20,20,1,[H]C(=O)N([H])C1([H])C2([H])C([H])([H])C([H])([H])C12C([H])([H])[H]
16,16,1,[H]OC([H])(C#N)C([H])(O[H])C([H])([H])C([H])=O
23,23,1,[H]OC1([H])C2([H])C([H])([H])C1(C([H])([H])[H])C([H])([H])C2([H])C([H])([H])[H]
16,16,1,[H]C([H])([H])C#CC1([H])ON1C(=O)C([H])([H])[H]
22,22,1,[H]N1C([H])([H])C1([H])C1([H])C2([H])C([H])([H])C1(C([H])([H])[H])C2([H])[H]
15,15,1,[H]C1([H])N=C(C([H])([H])[H])C(=O)C([H])([H])O1
17,16,0,[H]C1=C2C(=NC1([H])[H])C([H])([H])C([H])(O)C2([H])[H]
25,25,1,[H]OC([H])(C([H])([H])[H])C([H])(C([H])([H])[H])C([H])([H])C1([H])C([H])([H])C1([H])[H]
19,18,0,[H]C([H])([H])C([H])([H])C([H])([H])C1([H])OC([H])([H])C1([H])O
17,17,1,[H]C(=O)C1=C(C([H])=O)C([H])([H])C([H])([H])C1([H])[H]
19,19,1,[H]N1C([H])([H])C23N4C([H])(C14C([H])([H])[H])C2([H])C3([H])[H]
19,19,1,[H]N([H])C([H])(C([H])([H])[H])C([H])(C#N)C1([H])OC1([H])[H]
19,17,0,
18,18,1,[H]C#CC([H])([H])C#CC1(N([H])[H])C([H])([H])C1([H])[H]
20,20,1,[H]C([H])([H])C([H])([H])C([H])(OC#N)C1([H])C([H])([H])C1([H])[H]
17,17,1,[H]N1C2(C([H])([H])[H])C3([H])C2([H])C13C([H])([H])C#N
17,17,1,[H]C#CC1([H])OC1([H])C([H])([H])C#CC([H])([H])[H]
21,21,1,[H]C#CC([H])([H])C1([H])C([H])(O[H])C([H])([H])C1([H])C([H])([H])[H]
19,19,1,[H]C#CC([H])([H])C1([H])C2([H])C([H])([H])C12C([H])([H])O[H]
22,22,1,[H]OC1([H])C([H])([H])C12N([H])C([H])(C([H])([H])[H])C2([H])C([H])([H])[H]
23,23,1,[H]C#CC([H])([H])C([H])([H])C([H])(C([H])([H])[H])C([H])([H])OC([H])([H])[H]
14,14,1,[H]OC1([H])C([H])(C#N)C1(C#N)N([H])[H]
21,21,1,[H]OC([H])([H])C12C([H])([H])C3([H])C([H])([H])C1([H])C([H])([H])C32[H]
19,19,1,[H]C1=NOC([H])(N([H])C([H])([H])C([H])([H])C([H])([H])[H])O1
19,19,1,[H]N([H])C([H])([H])C1([H])OC([H])([H])C(=O)C([H])([H])N1[H]
22,22,1,[H]OC([H])([H])C([H])([H])C12N([H])C1([H])C([H])(C([H])([H])[H])C2([H])[H]
18,18,1,[H]C([H])([H])C1([H])OC1([H])C([H])([H])C1([H])OC1([H])[H]
21,21,1,[H]N1C(=O)C([H])(C([H])(C([H])([H])[H])C([H])([H])[H])N([H])C1([H])[H]
14,14,1,[H]C(=O)C12C([H])(C#N)OC1([H])C2([H])[H]
18,18,1,[H]N=C([H])OC1(C([H])([H])[H])C([H])([H])C1([H])C([H])=O
16,16,1,[H]C1([H])N2C1([H])N1C3([H])C([H])([H])C([H])([H])C213
21,21,1,[H]C(=O)C1([H])C([H])([H])OC1([H])C([H])([H])C([H])([H])C([H])([H])[H]
21,21,1,[H]OC([H])([H])C([H])(C([H])([H])[H])C12OC([H])([H])C1([H])C2([H])[H]
21,21,1,[H]OC([H])([H])C([H])([H])OC1([H])C([H])([H])C([H])([H])C1([H])O[H]
17,14,0,[H]OC1C(=O)N(C([H])([H])C([H])([H])[H])C([H])C1[H]
15,15,1,[H]C#CC1(C([H])=O)OC([H])([H])C1([H])O[H]
21,21,1,[H]OC([H])([H])C12C(=C([H])C([H])([H])C1([H])[H])C([H])([H])C2([H])[H]
18,18,1,[H]C([H])([H])OC([H])([H])C1([H])OC([H])([H])OC1([H])[H]
16,16,1,[H]C1([H])C(=O)N=C2C([H])([H])C3([H])C2([H])C13[H]
15,15,1,[H]OC1=NC2([H])C3([H])N4C1([H])C2([H])C43[H]
13,9,0,
18,18,1,[H]C([H])([H])OC12C([H])(C([H])([H])[H])C3([H])C1([H])C32[H]
17,17,1,[H]C1=C(C([H])([H])C([H])([H])[H])C(=O)N([H])C1([H])[H]
19,19,1,[H]N([H])C1(C([H])([H])[H])C(=O)C(C([H])([H])[H])=NC1([H])[H]
19,19,1,[H]N1C([H])([H])C2(C([H])([H])[H])C([H])([H])C1([H])C2([H])C#N
16,16,1,[H]N=C([H])C(C#N)(C(=O)C([H])([H])[H])N([H])[H]
19,17,0,
22,22,1,[H]C([H])([H])C([H])([H])C1(C([H])([H])[H])OC1(C([H])([H])[H])C([H])([H])[H]
19,19,1,[H]C([H])([H])C12OC1([H])C([H])([H])C([H])([H])C(=O)C2([H])[H]
15,15,1,[H]C(=O)N([H])c1nn([H])c([H])c1N([H])[H]
16,14,0,
18,17,0,[H]C#CC1([H])OC(C([H])([H])[H])C1(O[H])C([H])([H])[H]
21,21,1,[H]c1c(N([H])[H])c([H])n([H])c1C([H])(C([H])([H])[H])C([H])([H])[H]
18,18,1,[H]C(=O)C([H])(C#N)C([H])([H])OC([H])([H])C([H])([H])[H]
18,18,1,[H]C([H])([H])C12C(=O)C3([H])C([H])([H])N1C3([H])C2([H])[H]
19,19,1,[H]C1([H])N2N3C4([H])C([H])([H])C3([H])C1([H])C([H])([H])C24[H]
14,14,1,[H]N([H])C1([H])C2(C#N)C(=O)N([H])C21[H]
21,21,1,[H]C(=NC([H])([H])C#CC([H])([H])N([H])C([H])([H])[H])C([H])([H])[H]
20,20,1,[H]N([H])C([H])(C([H])([H])[H])C1([H])OC([H])([H])C12OC2([H])[H]
25,25,1,[H]C([H])([H])C([H])([H])OC1(C([H])([H])C([H])([H])[H])C([H])([H])C1([H])C([H])([H])[H]
18,18,1,[H]OC12C([H])([H])C3([H])OC3([H])N([H])C1([H])C2([H])[H]
17,17,1,[H]C1=C(C([H])([H])[H])C(=O)C2([H])C([H])=C([H])C12[H]
23,23,1,[H]N=C([H])OC(N([H])[H])(C([H])([H])[H])C([H])([H])C([H])([H])C([H])([H])[H]
18,18,1,[H]C(=O)N1C([H])([H])C2([H])OC1([H])C([H])([H])C2([H])[H]
19,19,1,[H]Oc1c([H])c([H])c(N([H])C([H])([H])[H])n1C([H])([H])[H]
18,16,0,[H]OC([H])([H])C([H])([H])C1C([H])=NN([H])C1N([H])[H]
12,12,1,[H]c1nnc(N([H])[H])c(F)c1F
20,20,1,[H]C([H])([H])N1C2([H])C3([H])C([H])([H])C4([H])C1([H])C4([H])C23[H]
23,23,1,[H]C(=NC([H])([H])[H])C1([H])C([H])([H])N([H])C([H])([H])C([H])([H])C1([H])[H]
21,21,1,[H]C([H])([H])C1([H])N2C([H])([H])C3(C([H])([H])C([H])([H])[H])N1C23[H]
19,19,1,[H]OC1([H])C([H])=C([H])N(C([H])([H])C([H])([H])[H])C1([H])[H]
21,21,1,[H]C(=O)N([H])C([H])([H])C1(C([H])([H])[H])N([H])C1([H])C([H])([H])[H]
14,14,1,[H]c1c([H])c([H])c([H])c(=O)c([H])c1[H]
17,17,1,[H]N1C([H])([H])C2([H])C3([H])OC3([H])C([H])([H])C12[H]
15,15,1,[H]OC12C(=O)C1(O[H])C([H])([H])OC2([H])[H]
17,17,1,[H]N1C(=O)N2C([H])([H])OC([H])(C1([H])[H])C2([H])[H]
10,10,1,[H]C#Cc1noc(=N[H])o1
18,18,1,[H]Oc1c(N([H])[H])nc(C([H])([H])C([H])([H])[H])n1[H]
19,19,1,[H]C([H])([H])C1([H])C([H])([H])OC2([H])OC1([H])OC2([H])[H]
13,13,1,[H]c1nc([H])c(F)c(C([H])([H])[H])n1
18,18,1,[H]Oc1c(C([H])([H])[H])c(O[H])n([H])c1C([H])([H])[H]
16,16,1,[H]OC12C([H])(C(=O)N([H])[H])OC1([H])C2([H])[H]
19,19,1,[H]C([H])([H])OC1([H])C([H])([H])C2([H])C3([H])OC3([H])C12[H]
19,19,1,[H]OC([H])(C([H])=O)C([H])(O[H])C([H])(O[H])C([H])([H])[H]
20,20,1,[H]C(=O)C1(N([H])C([H])([H])[H])C([H])([H])C2([H])C([H])([H])C12[H]
17,17,1,[H]N(c1c(C([H])([H])[H])c(=O)on1[H])C([H])([H])[H]
18,18,1,[H]C(=O)C([H])([H])N1C2([H])OC2([H])C1([H])C([H])([H])[H]
14,14,1,[H]N=C([H])C1([H])N([H])C(=O)C1([H])C#N
16,16,1,[H]C(=O)C1=C2N3C([H])(C1([H])[H])C3([H])C2([H])[H]
18,18,1,[H]C#CC1(C([H])([H])[H])N(C([H])=O)C([H])([H])C1([H])[H]
19,19,1,[H]N1C([H])([H])C2=C(C(=O)OC2([H])[H])C([H])([H])C1([H])[H]
18,18,1,[H]OC1(C([H])([H])[H])C2([H])N([H])C([H])(C([H])=O)C21[H]
16,16,1,[H]c1nc(N([H])C(=O)C([H])([H])[H])c([H])n1[H]
19,19,1,[H]OC12N3C([H])([H])N(C1([H])[H])C2(C([H])([H])[H])C3([H])[H]
17,17,1,[H]N1C2([H])C([H])([H])C3(C#N)C1([H])C23C([H])([H])[H]
19,19,1,[H]C(=O)C([H])([H])C([H])(OC([H])([H])C([H])([H])[H])C([H])=O
15,13,0,
21,21,1,[H]N(C([H])([H])[H])C([H])([H])C([H])([H])C([H])([H])N([H])C([H])([H])[H]
14,14,1,[H]OC12C3=NC1([H])C2([H])C([H])([H])N3[H]
19,19,1,[H]N1C([H])([H])C([H])([H])C2([H])C([H])([H])C3([H])C1([H])C23[H]
18,18,1,[H]C1=C2N(C1([H])[H])C1([H])OC([H])([H])C1([H])C2([H])[H]
16,14,0,[H]OC([H])([H])C([H])([H])C1N=C([H])C([H])=NN1
17,16,0,[H]N([H])C(N([H])[H])C([H])([H])C([H])(C#N)N([H])[H]
14,14,1,[H]c1nc([H])c2c(c1[H])N([H])C2([H])[H]
21,21,1,[H]OC([H])(C([H])([H])[H])C1(OC([H])([H])[H])OC([H])([H])C1([H])[H]
18,18,1,[H]OC12C3([H])C([H])([H])C1([H])C2(C([H])([H])[H])C3([H])[H]
16,16,1,[H]OC1(C([H])([H])[H])N=C([H])C(=O)OC1([H])[H]
18,18,1,[H]C1=C([H])C2(C(=O)N([H])[H])C([H])([H])C([H])([H])C12[H]
18,16,0,[H]C1=NC(C([H])([H])C([H])([H])[H])=NNC1C([H])([H])[H]
14,14,1,[H]ON=C1C2([H])OC2([H])C2([H])OC12[H]
27,27,1,[H]N(C([H])([H])[H])C(C([H])([H])[H])(C([H])([H])[H])C([H])([H])N(C([H])([H])[H])C([H])([H])[H]
18,18,1,[H]C(=O)C([H])([H])C1([H])C([H])([H])C([H])([H])C1([H])C#N
17,17,1,[H]N=C1OC(=NC([H])([H])[H])C([H])([H])C([H])=C1[H]
21,21,1,[H]OC1([H])C([H])([H])C2(C([H])([H])[H])OC([H])(C([H])([H])[H])C12[H]
19,19,1,[H]OC1(C([H])([H])C#N)N(C([H])([H])C([H])([H])[H])C1([H])[H]
19,19,1,[H]C1=C([H])C2([H])C3([H])C1([H])OC2(C([H])([H])[H])C3([H])[H]
20,20,1,[H]C1([H])N2C([H])(C3([H])C([H])([H])C3([H])[H])C3([H])C2([H])C13[H]
17,17,1,[H]C(=O)C([H])([H])C#CC([H])(C([H])=O)C([H])([H])[H]
21,21,1,[H]OC12C([H])([H])C3(C([H])([H])[H])C([H])([H])C1(C([H])([H])[H])C23[H]
21,21,1,[H]C1([H])OC([H])([H])C2(C([H])([H])[H])C([H])([H])C([H])(O1)C2([H])[H]
18,18,1,[H]OC1([H])C2([H])N3C([H])([H])C3(C([H])([H])[H])C12O[H]
18,18,1,[H]N=C1C(=O)OC([H])(C([H])([H])C([H])([H])[H])C1([H])[H]
25,25,1,[H]C([H])([H])C([H])([H])C([H])(C([H])([H])[H])C1([H])C([H])([H])C12C([H])([H])C2([H])[H]
20,20,1,[H]OC1(C([H])([H])[H])C2([H])N3C([H])([H])C1(C([H])([H])[H])C32[H]
21,21,1,[H]OC1([H])C([H])([H])C([H])([H])C2([H])C([H])([H])C([H])=C([H])C12[H]
21,20,0,[H]C#CC([H])([H])N(C([H])([H])[H])C([H])([H])C([H])([H])C([H])([H])O
13,13,1,[H]N1c2nnoc2C([H])([H])C1([H])[H]
23,23,1,[H]C([H])([H])C1([H])C2([H])OC([H])(C([H])([H])C2([H])[H])C1([H])C([H])([H])[H]
18,18,1,[H]OC([H])(C(=O)C#CC([H])([H])[H])C([H])([H])N([H])[H]
13,13,1,[H]c1nn([H])c(=O)c([H])c([H])c1=O
20,20,1,[H]C([H])([H])C([H])([H])C1(C([H])([H])[H])OC1([H])C([H])([H])C#N
18,18,1,[H]C1=C(N([H])[H])C([H])([H])C2(N([H])C2([H])[H])C1([H])[H]
17,17,1,[H]N1C2([H])C(=O)C3([H])N([H])C2(C([H])([H])[H])C13[H]
15,15,1,[H]C#CC([H])([H])C1=NC([H])([H])C(=N[H])O1
11,7,0,
18,18,1,[H]OC1([H])C(C([H])([H])[H])=C([H])C([H])([H])C1([H])C#N
17,17,1,[H]C#CC12C([H])([H])C3([H])C([H])([H])OC1([H])C32[H]
15,14,0,
19,19,1,[H]OC1([H])C2([H])C([H])([H])C3([H])C2([H])C2([H])C1([H])C32[H]
16,16,1,[H]C(=O)OC1([H])C2([H])N([H])C3([H])C1([H])C23[H]
15,15,1,[H]OC(F)(F)C1(O[H])C([H])([H])OC1([H])[H]
16,16,1,[H]OC12C3([H])N([H])C1([H])C2([H])N3C([H])([H])[H]
16,16,1,[H]OC1([H])C([H])([H])C(=O)C1([H])OC([H])([H])[H]
23,23,1,[H]N1C2([H])C([H])([H])N(C([H])([H])C([H])([H])C([H])([H])[H])C([H])([H])C12[H]
16,16,1,[H]c1noc2c1C([H])([H])N([H])C([H])([H])N2[H]
21,21,1,[H]OC([H])(C([H])([H])C([H])([H])[H])C1([H])C2([H])OC([H])([H])C21[H]
21,21,1,[H]C1=C([H])C([H])([H])C2([H])C(=C([H])C1([H])[H])C2([H])C([H])([H])[H]
13,13,1,[H]C12C(=O)N3C1([H])C1([H])C3([H])C21[H]
17,17,1,[H]N1C(=O)N2C3([H])C([H])([H])C([H])([H])C12C3([H])[H]
19,19,1,[H]N=C([H])C1=NC([H])(C([H])([H])[H])C([H])=C1C([H])([H])[H]
17,17,1,[H]N=C1C([H])=NC([H])([H])N1C([H])([H])C([H])([H])[H]
19,19,1,[H]C([H])([H])C12OC3([H])C4([H])C1([H])C4(C([H])([H])[H])C32[H]
18,18,1,[H]C1([H])C(=O)C([H])([H])N1C([H])([H])C1([H])OC1([H])[H]
19,19,1,[H]OC1(C([H])=O)C([H])([H])C1([H])OC([H])([H])C([H])([H])[H]
19,19,1,[H]OC([H])([H])C12C([H])(O[H])C3([H])C1([H])C32C([H])([H])[H]
13,12,0,[H]C1=NC(N([H])[H])C([H])=NC(=O)O1
18,18,1,[H]OC(C#N)(N(C([H])([H])[H])C([H])([H])[H])C([H])([H])[H]
21,21,1,[H]N([H])C1([H])OC(C([H])([H])[H])=NC([H])([H])C1([H])C([H])([H])[H]
18,18,1,[H]C1=C2OC([H])([H])C([H])([H])N2C([H])(C([H])([H])[H])O1
17,17,1,[H]C1=NC([H])([H])C([H])(C([H])([H])[H])C([H])=C1C#N
17,17,1,[H]OC1([H])C2(O[H])C([H])=C([H])C([H])([H])C12O[H]
17,17,1,[H]C1([H])C([H])([H])C23C([H])([H])C4([H])N(C12[H])C43[H]
11,11,1,[H]C(=O)Oc1nnn([H])c1[H]
17,17,1,[H]c1oc([H])c(C([H])([H])C2([H])OC2([H])[H])c1[H]
15,15,1,[H]C(=O)N(C(=O)N([H])[H])C([H])([H])C([H])=O
16,16,1,[H]N1C([H])([H])C2(C([H])([H])[H])C([H])([H])C12C#N
21,21,1,[H]N1C(=O)N(C([H])([H])[H])C([H])([H])C([H])(C([H])([H])[H])C1([H])[H]
19,19,1,[H]N([H])C12C([H])([H])N(C([H])([H])[H])C(=O)C1([H])C2([H])[H]
19,19,1,[H]N1C([H])([H])C2([H])OC2(C([H])([H])[H])C1([H])C([H])([H])[H]
18,17,0,[H]C([H])([H])OC([H])([H])C(O)(C([H])([H])[H])C([H])([H])[H]
16,16,1,[H]OC([H])([H])C12OC([H])(C(=O)N1[H])C2([H])[H]
17,17,1,[H]C([H])([H])C1([H])C([H])([H])C(=O)N2C([H])([H])C21[H]
21,21,1,[H]OC12C3([H])C([H])([H])C([H])(C1([H])C([H])([H])[H])C2([H])C3([H])[H]
19,19,1,[H]ON=C(N1C([H])([H])C1([H])[H])C([H])(O[H])C([H])([H])[H]
17,17,1,[H]C1([H])C(=O)C([H])([H])C2([H])C([H])([H])C(=O)C12[H]
19,19,1,[H]C1=C(C([H])([H])[H])C2([H])C([H])=C([H])C([H])([H])C2=C1[H]
15,15,1,[H]N=c1oc(N([H])[H])c([H])n1C([H])([H])[H]
22,21,0,[H]N=C(OC([H])([H])C([H])([H])[H])C(N([H])[H])C([H])([H])C([H])([H])[H]
19,19,1,[H]C1=NC2([H])C([H])([H])N3C2([H])C13C([H])([H])C([H])([H])[H]
21,21,1,[H]N1C([H])(C([H])([H])[H])C2([H])C([H])([H])C([H])([H])C12C([H])([H])[H]
20,19,0,[H]OC([H])([H])C([H])([H])N(C([H])[H])C1([H])C([H])([H])C1([H])[H]
22,22,1,[H]OC([H])([H])C([H])([H])C1(C([H])([H])[H])C([H])([H])N2C([H])([H])C21[H]
21,21,1,[H]N=C(C#CC([H])(C([H])([H])[H])C([H])([H])N([H])[H])C([H])([H])[H]
25,25,1,[H]C([H])([H])C1([H])C(C([H])([H])[H])(C([H])([H])[H])C2([H])C([H])([H])C12C([H])([H])[H]
21,21,1,[H]C([H])([H])C([H])([H])C1([H])OC([H])([H])C1([H])C1([H])OC1([H])[H]
15,15,1,[H]c1nnn(C([H])([H])C([H])([H])[H])c(=O)n1
20,20,1,[H]C([H])([H])N1C2([H])OC1([H])C1([H])C([H])([H])C([H])([H])C21[H]
15,15,1,[H]C([H])([H])C#CC12OC([H])([H])C1([H])C2=O
18,18,1,[H]C(=O)C([H])([H])C1([H])N=C([H])OC([H])([H])C1([H])[H]
20,20,1,[H]C([H])([H])C1([H])OC([H])([H])C2([H])N3C([H])(C2([H])[H])C31[H]
14,14,1,[H]C#CC1([H])C([H])([H])C2(O[H])OC12[H]
18,18,1,[H]OC12N(C([H])=O)C([H])([H])C([H])([H])C1([H])C2([H])[H]
23,23,1,[H]N=C(C([H])([H])[H])C([H])([H])C([H])(C([H])([H])[H])C1([H])N([H])C1([H])[H]
23,23,1,[H]OC12C([H])([H])C([H])(C1([H])[H])C([H])(C([H])([H])[H])C2([H])C([H])([H])[H]
18,18,1,[H]N=C(C#N)N([H])C([H])([H])C([H])(O[H])C([H])([H])[H]
22,21,0,[H]OC1([H])C([H])(O)C([H])([H])C1([H])C([H])(C([H])([H])[H])C([H])([H])[H]
13,11,0,
19,19,1,[H]N1C2([H])N(C([H])([H])[H])C1(C([H])([H])[H])C(=O)C2([H])[H]
12,12,1,[H]OC12N=C3OC1([H])C2([H])N3[H]
22,19,0,[H]OC1([H])C([H])([H])C2([H])C(C([H])[H])(C([H])[H])C12C([H])([H])[H]
21,21,1,[H]N=C(C([H])([H])N1C([H])([H])C1([H])[H])C([H])([H])C([H])([H])O[H]
20,20,1,[H]C#CC([H])(C([H])([H])O[H])C([H])([H])N1C([H])([H])C1([H])[H]
16,16,1,[H]c1c(C([H])([H])[H])c2c(nc([H])n2[H])n1[H]
18,18,1,[H]OC([H])([H])C1([H])N([H])C([H])([H])OC(=O)C1([H])[H]
18,18,1,[H]OC1([H])C([H])(O[H])C2(C([H])([H])[H])OC12N([H])[H]
17,16,0,[H]OC1([H])C([H])(O)C([H])(C([H])([H])[H])C1([H])O[H]
25,25,1,[H]C([H])([H])C1([H])OC([H])([H])C(C([H])([H])[H])(C([H])([H])[H])C([H])([H])C1([H])[H]
11,11,1,[H]N1C(=O)C([H])([H])OC1([H])[H]
16,16,1,[H]OC12C([H])([H])C3([H])C([H])(C1([H])[H])C32C#N
23,23,1,[H]C#CC1([H])C([H])(C([H])([H])[H])C1([H])C([H])([H])C([H])([H])C([H])([H])[H]
17,17,1,[H]c1nc([H])n2c1C([H])(OC([H])([H])[H])C2([H])[H]
15,15,1,[H]c1nc([H])c(C([H])([H])[H])c(=O)nc1[H]
21,21,1,[H]C([H])([H])C1([H])OC2([H])C([H])([H])OC1([H])C2([H])C([H])([H])[H]
20,20,1,[H]N1C([H])([H])C([H])([H])C([H])([H])C([H])([H])C([H])([H])C1([H])[H]
18,18,1,[H]C#CC1([H])C([H])([H])N2C([H])([H])C([H])(O[H])C21[H]
20,20,1,[H]OC1(C#N)C([H])([H])C1([H])C([H])(C([H])([H])[H])C([H])([H])[H]
17,17,1,[H]C([H])([H])C1([H])N(C2([H])OC2([H])C#N)C1([H])[H]
18,18,1,[H]OC1(C([H])([H])[H])C([H])([H])C1([H])OC(=O)N([H])[H]
19,19,1,[H]C1=C([H])C([H])([H])N(C([H])([H])[H])C([H])([H])N([H])C1=O
17,17,1,[H]N1C([H])([H])C2([H])C(=O)C([H])([H])C1([H])C2([H])[H]
17,16,0,[H]C1C([H])([H])C23OC12C1([H])N([H])C13C([H])([H])[H]
16,16,1,[H]N=C1C([H])=C([H])C([H])([H])C(C([H])=O)=C1[H]
11,11,1,[H]OC(=O)N([H])C1([H])OC1=O
19,19,1,[H]OC12C([H])([H])OC([H])([H])OC([H])([H])C1([H])C2([H])[H]
22,22,1,[H]N1C2([H])C([H])([H])C3(C([H])([H])[H])C([H])([H])C([H])([H])C3([H])C12[H]
17,17,1,[H]OC([H])([H])N([H])C([H])([H])C(=O)OC([H])([H])[H]
22,21,0,[H]C([H])([H])C1(C([H])([H])[H])OC([H])([H])C([H])([H])C([H])(O)C1([H])[H]
19,18,0,
19,19,1,[H]C1([H])OC([H])([H])C([H])([H])C2([H])N1C2([H])C([H])([H])[H]
18,18,1,[H]C#CC1([H])C([H])=NC([H])([H])C([H])([H])C1([H])O[H]
16,16,1,[H]C#CC([H])(c1c([H])oc([H])c1[H])N([H])[H]
21,21,1,[H]C([H])([H])N1C2([H])N=C(C([H])([H])C([H])([H])[H])C1([H])C2([H])[H]
19,19,1,[H]N1C2([H])C1([H])C1(C([H])([H])C1([H])[H])C2([H])C([H])([H])[H]
22,22,1,[H]N1C2([H])C1([H])C1([H])C([H])([H])C([H])([H])C([H])([H])C([H])([H])C21[H]
17,17,1,[H]C(=O)N([H])C([H])([H])C([H])([H])OC(=O)N([H])[H]
17,17,1,[H]N=C1C(=N[H])C2([H])N(C([H])([H])N1[H])C2([H])[H]
19,19,1,[H]C1=C2C(=O)C([H])([H])C1([H])C([H])([H])C([H])([H])C2([H])[H]
22,22,1,[H]OC([H])(C([H])([H])N=C([H])OC([H])([H])[H])C([H])([H])C([H])([H])[H]
14,14,1,[H]N=C1OC2([H])N1C([H])([H])OC2([H])[H]
18,18,1,[H]C#CC1([H])OC([H])([H])C([H])(C([H])([H])[H])C1([H])[H]
18,18,1,[H]N1C([H])([H])C([H])(C([H])([H])C#N)C1([H])C([H])([H])[H]
21,21,1,[H]N=C([H])C([H])([H])C([H])(OC([H])([H])[H])C([H])([H])C([H])([H])[H]
19,19,1,[H]N=C1C(=O)C([H])([H])N([H])C1([H])C([H])([H])C([H])([H])[H]
19,18,0,[H]C([H])([H])N(C([H])([H])[H])C([H])([H])C([H])([H])[H]
16,16,1,[H]N=C1OC(=N[H])C2([H])C([H])([H])C2([H])N1[H]
20,20,1,[H]C([H])([H])C1=NC2([H])C([H])([H])C2([H])C([H])([H])OC1([H])[H]
16,16,1,[H]N=C1N(C([H])=O)C(=N[H])C([H])([H])C1([H])[H]
16,15,0,
17,16,0,[H]C1([H])OC([H])([H])C([H])(C([H])([H])O)C([H])([H])O1
14,12,0,
17,16,0,[H]C([H])OC1([H])C2([H])OC3([H])N([H])C2([H])C31[H]
13,13,1,[H]N=C([H])OC([H])([H])C(C#N)=N[H]
18,18,1,[H]N1C2=NC([H])(C([H])([H])[H])C3([H])N2C3([H])C1([H])[H]
17,16,0,[H]N=C([H])C1C([H])=C([H])C([H])([H])C([H])([H])N1[H]
18,17,0,[H]c1oc(C([H])([H])[H])c([H])c1C([H])([H])C([H])([H])O
17,17,1,[H]Oc1c(F)c(C([H])([H])[H])n(C([H])([H])[H])c1[H]
17,17,1,[H]N=C1OC2([H])N3C1([H])C2([H])C3([H])C([H])([H])[H]
20,19,0,[H]OC1([H])C([H])([H])C2([H])C([H])([H])OC([H])C([H])([H])C12[H]
18,18,1,[H]N1N2C([H])([H])C2([H])C1([H])C([H])([H])C([H])([H])C#N
20,20,1,[H]N1C2([H])C3([H])C([H])([H])C4([H])C2([H])C1(C([H])([H])[H])C34[H]
14,14,1,[H]C#CC([H])(N([H])[H])C([H])(C#N)C#N
23,23,1,[H]C([H])([H])C12C([H])([H])C([H])([H])C3([H])C([H])([H])C31C([H])([H])C2([H])[H]
22,22,1,[H]C1([H])OC([H])([H])C([H])([H])C([H])([H])C([H])([H])C2([H])N1C2([H])[H]
22,22,1,[H]C1=C2C([H])(N([H])C([H])([H])C1([H])[H])C([H])([H])C2([H])C([H])([H])[H]
15,15,1,[H]C#CC([H])([H])C#CC(=O)OC([H])([H])[H]
16,16,1,[H]N=C(C([H])=O)C([H])([H])C([H])=NC([H])([H])[H]
19,19,1,[H]C1=C([H])C2(N([H])C2([H])[H])C2(C([H])([H])[H])N([H])C12[H]
11,8,0,
20,20,1,[H]OC12N3C([H])(C([H])([H])[H])C([H])([H])C([H])(C1([H])[H])C32[H]
15,13,0,[H]C(=O)C([H])([H])C([H])(C(=O)O)C([H])([H])O
19,19,1,[H]C([H])([H])C(=O)C([H])([H])C(=O)OC([H])([H])C([H])([H])[H]
20,20,1,[H]N=C(C([H])=O)C([H])(OC([H])([H])[H])C([H])([H])C([H])([H])[H]
19,19,1,[H]C1=C([H])C([H])(C#N)C([H])([H])N(C([H])([H])[H])C1([H])[H]
18,18,1,[H]C1=C([H])C2(C([H])([H])[H])C([H])([H])N(C1=O)C2([H])[H]
15,15,1,[H]C1([H])OC2(C#N)N3C([H])([H])C1([H])C32[H]
16,16,1,[H]N=c1onnc([H])c1C([H])([H])C([H])([H])[H]
19,19,1,[H]OC1([H])C2([H])N([H])C2([H])C([H])([H])C1([H])C([H])([H])[H]
15,15,1,[H]c1onc(N([H])[H])c1C([H])([H])N([H])[H]
21,21,1,[H]c1c(C([H])([H])[H])nn(C([H])([H])C([H])([H])[H])c1C([H])([H])[H]
21,21,1,[H]C#CC([H])([H])C(=NC([H])([H])C([H])([H])[H])N([H])C([H])([H])[H]
21,21,1,[H]C(=O)C([H])([H])C([H])(N([H])[H])C([H])([H])C([H])([H])C([H])([H])[H]
20,20,1,[H]OC([H])([H])C([H])([H])C(=O)N1C([H])([H])C1([H])C([H])([H])[H]
19,19,1,[H]OC([H])([H])C12N([H])C1(C([H])([H])[H])C([H])([H])C2([H])[H]
13,12,0,[H]c1c([H])c2n(c1[H])C([H])C(=O)O2
20,20,1,[H]N1N2C([H])([H])C2([H])C2(N([H])C2([H])[H])C1([H])C([H])([H])[H]
18,18,1,[H]C#CC([H])([H])OC1([H])C([H])([H])N2C([H])([H])C21[H]
21,20,0,[H]C1=C([H])C([H])(C([H])([H])[H])C2([H])C([H])([H])C2([H])C1N([H])[H]
22,22,1,[H]N1C([H])([H])C([H])(C([H])([H])[H])N([H])C1([H])C([H])([H])C([H])([H])[H]
20,20,1,[H]C1([H])OC2([H])C([H])([H])C([H])(C([H])([H])C1([H])[H])C2([H])[H]
19,19,1,[H]C(=O)C([H])([H])C([H])=NC([H])([H])C([H])([H])C([H])([H])[H]
12,12,1,[H]C#CC([H])([H])C1([H])OC1([H])[H]
18,18,1,[H]C#CC(=O)C1([H])N(C([H])([H])C([H])([H])[H])C1([H])[H]
22,22,1,[H]OC([H])([H])C(=NC([H])([H])[H])C([H])(C([H])([H])[H])C([H])([H])O[H]
19,18,0,[H]N=C(C1C([H])([H])C2([H])N([H])C12N([H])[H])C([H])([H])[H]
19,19,1,[H]OC12N([H])C(=NC([H])([H])[H])C([H])(C1([H])[H])C2([H])[H]
16,16,1,[H]C(=O)N1C(=O)C2(C([H])([H])[H])C([H])([H])C12[H]
18,17,0,[H]OC1([H])C2C([H])=C([H])C1([H])C2(O[H])C([H])([H])[H]
15,15,1,[H]C(=O)C12C([H])(C#N)N([H])C1([H])C2([H])[H]
18,18,1,[H]OC1([H])C2([H])N([H])C3(C([H])([H])C3([H])[H])C12O[H]
23,23,1,[H]C([H])([H])C1([H])C([H])([H])C([H])([H])C(=O)C1(C([H])([H])[H])C([H])([H])[H]
18,18,1,[H]C([H])([H])C1=C(C([H])([H])[H])C2([H])OC1([H])C2([H])[H]
16,16,1,[H]C([H])([H])N(C([H])([H])[H])C1(C#N)OC1([H])[H]
14,14,1,[H]OC1([H])C(=O)C2(OC2([H])[H])C1([H])[H]
21,21,1,[H]OC([H])([H])C([H])([H])C1([H])N([H])C([H])([H])N2C([H])([H])C21[H]
17,17,1,[H]C1=NC2([H])C([H])(O1)C1(C([H])([H])[H])N([H])C21[H]
16,16,1,[H]N=C1C2([H])C(=O)C([H])(OC([H])([H])[H])C12[H]
23,23,1,[H]OC([H])([H])C([H])([H])C1(C([H])([H])[H])C([H])(O[H])C1([H])C([H])([H])[H]
18,18,1,[H]OC12C([H])([H])C([H])(C([H])([H])[H])C1([H])C2([H])C#N
18,18,1,[H]OC1([H])C([H])([H])C12C1([H])N3C([H])([H])C2([H])C31[H]
12,12,1,[H]C1=NC([H])([H])C([H])(C#N)N1[H]
16,16,1,[H]C#CC12N3C([H])([H])C1([H])C2(O[H])C3([H])[H]
21,21,1,[H]C(=O)C([H])([H])C1(C([H])([H])C([H])([H])C([H])([H])[H])OC1([H])[H]
16,12,0,
17,16,0,[H]N1N=C(C([H])([H])C([H])([H])[H])C(N([H])[H])C1=O
17,17,1,[H]C(=O)C1(C#N)N([H])C1(C([H])([H])[H])C([H])([H])[H]
13,13,1,[H]OC([H])([H])c1noc(=O)c([H])n1
22,22,1,[H]OC([H])([H])C1([H])C([H])([H])N([H])C([H])([H])C1([H])OC([H])([H])[H]
12,12,1,[H]N=C1OC([H])([H])N=C([H])C1=O
20,20,1,[H]OC1(C([H])([H])[H])C([H])([H])C1([H])C([H])([H])C([H])([H])C#N
20,20,1,[H]OC([H])(C([H])([H])C([H])([H])[H])C1([H])N([H])C1([H])C([H])=O
17,17,1,[H]C([H])([H])C12OC3([H])C1([H])OC1([H])C3([H])C12[H]
19,19,1,[H]C([H])([H])OC(=O)C([H])([H])C([H])([H])C(=O)C([H])([H])[H]
15,15,1,[H]N=C1OC([H])(C([H])([H])[H])OC(=O)N1[H]
19,19,1,[H]OC1([H])N(C(=O)N([H])[H])C([H])(C([H])([H])[H])C1([H])[H]
18,18,1,[H]OC1([H])C([H])(C([H])=O)C1([H])N1C([H])([H])C1([H])[H]
21,21,1,[H]OC1([H])C([H])([H])C2([H])OC2([H])C1([H])C([H])([H])C([H])([H])[H]
20,20,1,[H]N([H])N1C([H])([H])C([H])(C([H])([H])[H])C1(C#N)C([H])([H])[H]
19,19,1,[H]OC([H])([H])C([H])([H])C([H])(O[H])C(=O)OC([H])([H])[H]
22,22,1,[H]C([H])([H])OC([H])(N(C(=O)C([H])([H])[H])C([H])([H])[H])C([H])([H])[H]
16,16,1,[H]C([H])([H])C1([H])N=C2C(=O)OC2([H])C1([H])[H]
17,17,1,[H]OC([H])([H])C([H])(C#N)N(C([H])=O)C([H])([H])[H]
19,19,1,[H]N1C(=O)C([H])(C([H])([H])[H])C([H])([H])C1([H])C([H])([H])[H]
18,18,1,[H]C(=O)N1C2([H])OC2([H])C([H])([H])C1([H])C([H])([H])[H]
17,17,1,[H]N([H])C1([H])ON=C(C2([H])OC2([H])[H])C1([H])[H]
14,14,1,[H]C([H])([H])C1(C([H])([H])C#N)OC1([H])[H]
25,25,1,[H]C([H])([H])OC([H])([H])C([H])([H])C1([H])C([H])([H])C1(C([H])([H])[H])C([H])([H])[H]
14,14,1,[H]N1C(=O)C([H])([H])C1(C#N)C([H])([H])[H]
15,13,0,[H]C(=O)C([H])([H])C1=C(N([H])[H])N([H])NN1
18,18,1,[H]N1C(=O)C2(OC([H])([H])C([H])([H])[H])C([H])([H])C12[H]
20,20,1,[H]OC1([H])C([H])([H])C(=O)N([H])C1([H])C([H])([H])C([H])([H])[H]
21,21,1,[H]N1C([H])([H])C([H])([H])C2([H])N([H])C3(C([H])([H])C3([H])[H])C12[H]
21,21,1,[H]C([H])([H])C([H])([H])C1([H])C2([H])OC2([H])C12C([H])([H])C2([H])[H]
14,14,1,[H]C([H])([H])C1([H])C2([H])OC([H])([H])C21[H]
18,18,1,[H]C1([H])OC2([H])C3([H])N4C([H])([H])C4([H])C3([H])C12[H]
15,15,1,[H]C#CN([H])C(=O)N(C([H])=O)C([H])([H])[H]
17,17,1,[H]OC1([H])C2([H])N([H])C2(C#N)C1([H])C([H])([H])[H]
17,17,1,[H]C(=O)OC1([H])C2([H])C([H])=C([H])C([H])([H])C12[H]
13,11,0,
14,12,0,
10,10,1,[H]c1nc(=O)oc(F)c1[H]
26,23,0,[H]C1C([H])([H])C([H])(C([H])([H])[H])C([H])([H])C12C([H])([H])C([H])([H])C2([H])[H]
18,18,1,[H]OC1([H])C([H])([H])C1([H])C1(C([H])([H])[H])OC1([H])[H]
17,17,1,[H]N1C(=O)OC2(N([H])C2([H])[H])C([H])([H])C1([H])[H]
15,15,1,[H]C(=O)N([H])C([H])(C#N)C(=O)C([H])([H])[H]
19,18,0,
15,15,1,[H]OC12C3=NC([H])([H])C1([H])OC2([H])N3[H]
20,20,1,[H]N=C1OC([H])([H])C12C([H])([H])C2([H])C([H])([H])C([H])([H])[H]
20,20,1,[H]N1C(=O)C([H])([H])C([H])([H])OC([H])([H])C1([H])C([H])([H])[H]
21,21,1,[H]OC([H])([H])C([H])([H])C([H])(O[H])C1([H])OC1([H])C([H])([H])[H]
16,16,1,[H]OC([H])([H])C(=O)N([H])N([H])C([H])([H])C#N
9,9,1,[H]Oc1nnoc1C#N
16,16,1,[H]C(=O)C(=O)N([H])C1([H])OC1([H])C([H])([H])[H]
16,16,1,[H]OC1([H])C2([H])C3([H])OC([H])(C3([H])[H])C12[H]
18,18,1,[H]OC1([H])C2([H])OC([H])(C([H])([H])[H])C([H])([H])C12[H]
15,15,1,[H]N1C([H])([H])C12C(=O)C1([H])C([H])([H])C12[H]
19,17,0,[H]C1=C([H])C2(C([H])([H])C([H])([H])[H])N([H])C([H])C2([H])N1
14,14,1,[H]C(=O)N=C(C#CC([H])([H])[H])N([H])[H]
18,16,0,[H]OC12C([H])([H])NC3([H])C([H])([H])C([H])C31C2([H])[H]
16,16,1,[H]C#CC([H])([H])C([H])([H])C([H])([H])C([H])([H])[H]
20,20,1,[H]OC1([H])C([H])([H])C2([H])N=C(C([H])([H])C([H])([H])[H])C21[H]
22,22,1,[H]N1C([H])([H])C([H])([H])C([H])([H])C2([H])OC1([H])C2([H])C([H])([H])[H]
18,17,0,[H]C1=C2C([H])([H])C([H])(O)C2([H])OC([H])([H])C1([H])[H]
18,17,0,[H]C1([H])OC2([H])C3([H])C([H])([H])C1([H])C2([H])C3([H])O
16,16,1,[H]OC1([H])C([H])([H])C1(O[H])C1([H])OC1([H])[H]
17,17,1,[H]OC12C([H])=NC([H])=NC1(C([H])([H])[H])C2([H])[H]
17,17,1,[H]N=C1OC2([H])C([H])([H])C2([H])OC1([H])N([H])[H]
18,18,1,[H]C1=C([H])OC([H])([H])C(C2([H])C([H])([H])C2([H])[H])=N1
14,14,1,[H]C#CC([H])(O[H])C([H])(C#N)C([H])=O
20,20,1,[H]OC([H])([H])N=C1OC([H])([H])C1(C([H])([H])[H])C([H])([H])[H]
23,23,1,[H]C([H])([H])C12C([H])([H])C([H])([H])OC([H])([H])C1([H])C([H])([H])C2([H])[H]
12,11,0,[H]ON=c1oc([H])c([H])[nH]c1=O
14,14,1,[H]C(=O)OC1=NC([H])([H])C1([H])C([H])=O
19,19,1,[H]C([H])([H])C1=NC([H])([H])C2([H])C([H])([H])C3([H])N1C32[H]
18,18,1,[H]N1N(C([H])([H])C2([H])C(=O)C([H])([H])N2[H])C1([H])[H]
17,17,1,[H]OC12C(=O)C3([H])C([H])([H])C3([H])C1([H])C2([H])[H]
17,16,0,
17,16,0,[H]OC1([H])C(C(=O)N([H])[H])C([H])([H])OC1([H])[H]
15,15,1,[H]N=C1OC([H])(C(=N[H])OC([H])([H])[H])O1
19,17,0,[H]C1=C([H])N(C([H])(C([H])([H])[H])C([H])([H])N([H])[H])NN1
12,12,1,[H]c1nnc(C([H])([H])[H])c(=O)o1
13,13,1,[H]N=C1OC([H])([H])C([H])=C([H])C1=O
18,18,1,[H]C(=O)C1([H])OC([H])([H])C([H])([H])C([H])([H])C1([H])[H]
20,20,1,[H]C([H])([H])C([H])(N1C2([H])C3([H])OC3([H])C12[H])C([H])([H])[H]
20,20,1,[H]OC1([H])C([H])([H])C1([H])C(=NC([H])([H])[H])OC([H])([H])[H]
15,15,1,[H]N=C([H])C(=C([H])C#N)N([H])C([H])([H])[H]
21,21,1,[H]C([H])([H])OC([H])(OC([H])([H])C([H])([H])[H])C(=O)C([H])([H])[H]
16,16,1,[H]C#CC([H])(O[H])C([H])(C#N)C([H])([H])O[H]
17,17,1,[H]OC([H])(C#N)C([H])([H])C([H])([H])OC([H])([H])[H]
20,20,1,[H]OC1([H])C2([H])N3C([H])([H])C2(C([H])([H])[H])C31C([H])([H])[H]
17,17,1,[H]C#CC12OC([H])([H])C1(O[H])C([H])([H])C2([H])[H]
19,19,1,[H]OC12C([H])([H])C3([H])OC1([H])C3(C([H])([H])[H])C2([H])[H]
14,14,1,[H]C#CC([H])(c1nnon1)C([H])([H])[H]
20,20,1,[H]OC1([H])C([H])([H])C([H])([H])C1([H])OC([H])([H])C([H])([H])[H]
20,20,1,[H]N1C2([H])C([H])([H])C3(C([H])([H])OC23[H])C1([H])C([H])([H])[H]
18,18,1,[H]C(=O)OC([H])=NC([H])([H])C([H])([H])OC([H])([H])[H]
18,18,1,[H]OC1([H])C2([H])N([H])C2([H])C([H])([H])C12OC2([H])[H]
16,16,1,[H]OC1(N([H])C([H])([H])[H])C(=O)C2([H])OC21[H]
18,18,1,[H]N=C1C([H])=C(C([H])([H])[H])C([H])(C([H])=O)C1([H])[H]
16,16,1,[H]OC([H])(C([H])=O)C(=O)C1([H])N([H])C1([H])[H]
17,17,1,[H]C#CC12C([H])(C([H])([H])[H])OC3([H])C1([H])C32[H]
17,17,1,[H]N=C([H])OC([H])(C([H])([H])[H])C([H])(C#N)O[H]
23,23,1,[H]N=C(C([H])([H])[H])C([H])([H])C1(C([H])([H])[H])N([H])C1([H])C([H])([H])[H]
17,17,1,[H]N=C([H])N(N([H])C([H])([H])O[H])C([H])([H])C#N
17,17,1,[H]OC1([H])C([H])([H])C2(O[H])C(=O)C([H])([H])C12[H]
18,18,1,[H]Oc1nc(C([H])([H])C([H])([H])C([H])([H])[H])nn1[H]
16,16,1,[H]N1C([H])([H])C12N1C3([H])N2C2([H])C1([H])C32[H]
16,16,1,[H]N1C(=O)C([H])(C([H])([H])[H])C([H])([H])C1([H])[H]
19,19,1,[H]c1c(OC([H])([H])C([H])([H])C([H])([H])[H])nn([H])c1[H]
21,21,1,[H]C([H])([H])C1([H])C2([H])C([H])([H])C([H])([H])C(=O)C12C([H])([H])[H]
16,16,1,[H]OC([H])([H])C1([H])C2([H])OC(=O)N([H])C21[H]
22,22,1,[H]OC1([H])C([H])([H])C2([H])C([H])([H])N(C([H])([H])[H])C12C([H])([H])[H]
16,16,1,[H]C(=O)C([H])([H])C([H])(C([H])([H])[H])C([H])([H])[H]
23,23,1,[H]C([H])([H])C([H])([H])C1(C([H])([H])[H])OC([H])([H])C([H])([H])OC1([H])[H]
18,18,1,[H]OC1([H])N2C([H])(C1([H])[H])C1([H])C([H])(O[H])C21[H]
10,8,0,
19,19,1,[H]C([H])([H])C12C([H])([H])OC1([H])C([H])([H])C(=O)C2([H])[H]
15,15,1,[H]C1=C([H])C([H])([H])N2C([H])([H])C2([H])C1=O
17,17,1,[H]OC([H])([H])C1([H])C([H])(O[H])N2C([H])([H])C21[H]
20,20,1,[H]C([H])([H])OC1([H])N=C(C([H])([H])[H])C2([H])C([H])([H])C12[H]
23,23,1,[H]C([H])([H])C([H])(C([H])([H])[H])C12OC([H])([H])C1(C([H])([H])[H])C2([H])[H]
18,18,1,[H]N1C2([H])C([H])([H])C(=O)C3([H])C([H])([H])C1([H])C32[H]
18,18,1,[H]OC1([H])C2([H])N(C([H])([H])[H])C1([H])C1([H])OC12[H]
21,21,1,[H]C([H])([H])C([H])([H])OC12C([H])([H])C3([H])C1([H])C([H])([H])C32[H]
20,20,1,[H]OC([H])([H])C12C([H])([H])C1([H])C1([H])N([H])C2([H])C1([H])[H]
18,18,1,[H]OC12C([H])([H])C([H])([H])C([H])([H])C1(C#N)C2([H])[H]
19,18,0,[H]OC([H])([H])C1=NN([H])C([H])(C([H])([H])[H])C1N([H])[H]
18,18,1,[H]N([H])C(=O)N([H])C([H])(C#N)C([H])([H])C([H])([H])[H]
18,18,1,[H]N1C([H])([H])C2([H])N([H])C(=O)N([H])C2([H])C1([H])[H]
15,15,1,[H]C(=O)C12N([H])C([H])(C#N)C1([H])C2([H])[H]
20,20,1,[H]OC([H])([H])C(=O)C([H])(O[H])C([H])(N([H])[H])C([H])([H])[H]
20,20,1,[H]OC12N([H])C3([H])C([H])([H])C([H])([H])C31C([H])([H])C2([H])[H]
19,19,1,[H]OC1([H])C(=O)C([H])(C([H])([H])[H])C([H])([H])C([H])=C1[H]
20,20,1,[H]C([H])([H])C12N(C([H])([H])C3([H])OC([H])([H])C31[H])C2([H])[H]
21,21,1,[H]C#CC1([H])C([H])([H])C1(OC([H])([H])C([H])([H])[H])C([H])([H])[H]
18,18,1,[H]C1([H])C(=O)C2(N3C([H])([H])C3([H])C2([H])[H])C1([H])[H]
20,20,1,[H]C1=C([H])C([H])([H])C([H])([H])C([H])([H])C(C([H])([H])[H])=C1[H]
17,17,1,[H]C#CC(=N[H])N([H])C([H])(C([H])=O)C([H])([H])[H]
22,22,1,[H]N([H])C(=O)C1([H])C([H])(C([H])([H])[H])C1([H])C([H])([H])C([H])([H])[H]
19,19,1,[H]OC([H])([H])C([H])(O[H])C([H])(OC([H])([H])[H])C([H])=O
16,16,1,[H]OC([H])([H])C1([H])C2(C#N)OC([H])([H])C21[H]
15,15,1,[H]C([H])(C#N)C12OC3([H])N1C3([H])C2([H])[H]
21,21,1,[H]C([H])([H])C12OC([H])([H])C3([H])C([H])([H])C1([H])C32C([H])([H])[H]
15,12,0,[H]OC1C([H])C(=O)NC2([H])C([H])([H])C12[H]
21,21,1,[H]C1([H])C([H])([H])C([H])(C23OC2([H])C([H])([H])C3([H])[H])C1([H])[H]
21,21,1,[H]C1=C(C([H])([H])[H])C2([H])C([H])([H])C([H])(OC1([H])[H])C2([H])[H]
19,19,1,[H]OC12C([H])([H])C1([H])C13C([H])([H])C([H])(C1([H])[H])C23[H]
19,19,1,[H]C(=O)C([H])([H])N1C([H])([H])C2(N([H])C2([H])[H])C1([H])[H]
12,10,0,
16,16,1,[H]C(=O)C1(C#N)C([H])([H])C1([H])OC([H])([H])[H]
18,18,1,[H]OC1([H])C(=O)C2(N([H])C2([H])[H])C1([H])C([H])([H])[H]
13,13,1,[H]C(=O)N([H])C#CC([H])([H])N([H])[H]
19,19,1,[H]C([H])([H])C12OC3([H])C([H])(OC1([H])[H])C([H])([H])C32[H]
16,16,1,[H]C1=C(N([H])[H])OC([H])([H])C([H])=C([H])C1=O
22,22,1,[H]OC([H])([H])OC(C([H])=NC([H])([H])[H])(C([H])([H])[H])C([H])([H])[H]
16,16,1,[H]OC12N(C1([H])[H])C1([H])OC3([H])C1([H])C32[H]
19,19,1,[H]OC12C3([H])C([H])([H])OC1(C([H])([H])[H])C2([H])C3([H])[H]
17,17,1,[H]c1c(C(=O)C([H])([H])[H])on1C(=O)C([H])([H])[H]
17,17,1,[H]C(=O)N1C2([H])C([H])([H])C1([H])C21N([H])C1([H])[H]
18,18,1,[H]C1=C2C([H])(N1[H])C1([H])OC1([H])C2([H])C([H])([H])[H]
15,15,1,[H]OC1([H])c2nc([H])n([H])c2OC1([H])[H]
20,20,1,[H]OC12C([H])([H])N3C([H])([H])C1(C([H])([H])[H])C32C([H])([H])[H]
22,22,1,[H]C([H])([H])N=C(C(=O)C([H])(C([H])([H])[H])C([H])([H])[H])C([H])([H])[H]
18,18,1,[H]C#CC1([H])C2([H])N([H])C2([H])C1([H])C([H])([H])O[H]
19,19,1,[H]C([H])([H])OC1(C2([H])OC2([H])[H])C([H])([H])OC1([H])[H]
22,22,1,[H]N1C2([H])C([H])([H])OC([H])(C2([H])[H])C1([H])C([H])([H])C([H])([H])[H]
10,10,1,[H]n1nnc(=O)nc1C#N
25,25,1,[H]OC([H])([H])C([H])([H])OC([H])([H])C([H])([H])C([H])([H])C([H])([H])C([H])([H])[H]
19,19,1,[H]C(=O)OC([H])(C([H])([H])[H])C([H])([H])C([H])([H])C([H])=O
17,17,1,[H]C1=C2C(=NC3([H])C([H])([H])C23[H])N([H])C1([H])[H]
20,20,1,[H]C([H])([H])N1C([H])(C([H])([H])[H])C12C1([H])OC2([H])C1([H])[H]
20,20,1,[H]N=C1OC([H])(C([H])(C([H])([H])[H])C([H])([H])[H])OC1([H])[H]
14,14,1,[H]C#CC1(O[H])C2([H])C3([H])C1([H])C23[H]
19,19,1,[H]OC1([H])C([H])=C(C([H])([H])[H])C2(O[H])C([H])([H])C12[H]
22,21,0,[H]C1=C([H])C([H])(C([H])([H])[H])C([H])([H])C([H])(O)C([H])([H])C1([H])[H]
17,17,1,[H]OC12N([H])C([H])(C1([H])[H])C2(C([H])=O)N([H])[H]
18,18,1,[H]c1c(N([H])[H])nc(OC([H])([H])[H])n1C([H])([H])[H]
18,18,1,[H]C#CC1=C(C([H])([H])[H])C([H])(C([H])([H])[H])C([H])=N1
23,23,1,[H]N1C([H])([H])C([H])(C([H])([H])[H])C1(C([H])([H])[H])C([H])([H])C([H])([H])[H]
23,23,1,[H]C1=C(C([H])(C([H])([H])[H])C([H])([H])[H])C2([H])C([H])([H])C2([H])C1([H])[H]
20,20,1,[H]OC([H])([H])C([H])(OC([H])([H])[H])C([H])(O[H])C([H])([H])[H]
19,18,0,[H]C1([H])OC1([H])C1C([H])([H])C([H])([H])N2C([H])([H])C12[H]
13,13,1,[H]N=c1oc(N([H])[H])nn1C([H])=O
18,18,1,[H]C1=C([H])C([H])([H])OC([H])(C([H])([H])C([H])([H])[H])O1
20,20,1,[H]N1C([H])([H])C2(C([H])([H])C2([H])C([H])([H])[H])C2([H])OC12[H]
14,14,1,[H]OC1([H])C2([H])OC1([H])C1([H])OC21[H]
14,14,1,[H]C1=NC([H])([H])C([H])(C(=O)C#N)N1[H]
21,21,1,[H]N1C2([H])N3C([H])([H])C3(C([H])([H])[H])C([H])(C([H])([H])[H])C12[H]
14,14,1,[H]OC([H])([H])c1nc([H])oc1C([H])=O
16,16,1,[H]N=C1OC2([H])C3([H])OC([H])(C3([H])[H])C12[H]
11,11,1,[H]Oc1noc2oc([H])nc12
19,19,1,[H]C1=C2C([H])([H])OC([H])(C([H])([H])[H])C2([H])OC1([H])[H]
17,17,1,[H]ON=C1C([H])([H])C2([H])C1([H])C1([H])N([H])C12[H]
17,17,1,[H]OC([H])([H])C(=O)N([H])N([H])C(=O)C([H])([H])[H]
15,13,0,
19,15,0,[H]N1NNC(N(C([H])([H])[H])C([H])([H])[H])C1C([H])([H])[H]
18,18,1,[H]N(C(=O)C([H])([H])N([H])C([H])([H])C#N)C([H])([H])[H]
21,21,1,[H]C([H])([H])OC1([H])C([H])(C([H])([H])[H])C2([H])OC([H])([H])C12[H]
18,18,1,[H]C1=C(C#N)C([H])([H])C2([H])C([H])([H])C([H])([H])C12[H]
18,18,1,[H]C([H])([H])N=C1OC([H])([H])C12C1([H])C([H])([H])C12[H]
24,24,1,[H]C([H])([H])C(C([H])([H])[H])(C([H])([H])[H])C([H])([H])C1([H])C([H])([H])C1([H])[H]
17,17,1,[H]OC([H])([H])N=c1n([H])nc([H])n1C([H])([H])[H]
16,15,0,
15,15,1,[H]C1=NC(=O)N([H])C([H])([H])C2([H])OC12[H]
21,21,1,[H]N1C([H])([H])C2([H])C([H])([H])C1([H])C21N(C([H])([H])[H])C1([H])[H]
17,17,1,[H]Oc1c(C([H])([H])[H])c(C([H])([H])O[H])nn1[H]
20,20,1,[H]OC([H])([H])C12N3C([H])(C([H])([H])[H])C([H])(C1([H])[H])C32[H]
12,8,0,
14,14,1,[H]OC1([H])C([H])=NC12C(=O)OC2([H])[H]
19,19,1,[H]C(=O)OC1([H])C([H])([H])C1([H])C([H])([H])OC([H])([H])[H]
20,20,1,[H]N=C([H])C([H])([H])C1([H])OC([H])([H])OC1([H])C([H])([H])[H]
21,21,1,[H]C([H])(C#N)N=C(C([H])([H])[H])C([H])([H])C([H])([H])C([H])([H])[H]
18,18,1,[H]C([H])([H])N1C2([H])OC3([H])OC2([H])C1([H])C3([H])[H]
16,16,1,[H]C#CC1(C([H])([H])O[H])N([H])C(=O)C1([H])[H]
17,17,1,[H]N=C([H])C1(C#N)OC([H])([H])C([H])([H])C1([H])[H]
19,19,1,[H]C1=C([H])C2([H])C3([H])OC1([H])C([H])([H])C([H])([H])C32[H]
25,25,1,[H]C#CC([H])([H])C([H])([H])C([H])([H])C([H])(C([H])([H])[H])C([H])([H])C([H])([H])[H]
17,17,1,[H]C#CC(C#N)(N([H])[H])C([H])([H])OC([H])([H])[H]
19,19,1,[H]N([H])C1=NC([H])([H])C(=O)C([H])([H])C([H])([H])C1([H])[H]
15,15,1,[H]N=C([H])c1onc(O[H])c1C([H])([H])[H]
15,15,1,[H]C#CC12C([H])=C([H])C([H])(N1[H])C2([H])[H]
18,18,1,[H]C(=O)C1(C(=O)N([H])[H])C([H])([H])C1([H])C([H])([H])[H]
16,16,1,[H]C#CC([H])([H])C1([H])OC(=N[H])OC1([H])[H]
16,16,1,[H]c1nc([H])n2c1C1([H])N([H])C([H])([H])C21[H]
15,15,1,[H]C#CC([H])(OC([H])=O)C1([H])OC1([H])[H]
15,15,1,[H]OC(OC([H])=O)(C([H])([H])[H])C([H])([H])[H]
17,17,1,[H]OC1([H])N([H])C(=O)C([H])=NC([H])([H])C1([H])[H]
18,18,1,[H]C1=C([H])C2([H])C([H])([H])C2([H])N(C([H])([H])[H])C1=O
21,20,0,[H]C1=C(C([H])([H])[H])C2([H])N(C1[H])C([H])([H])C2([H])C([H])([H])[H]
17,17,1,[H]C(=O)C1(C([H])(C#N)C([H])([H])[H])N([H])C1([H])[H]
23,23,1,[H]OC(C#CC([H])([H])[H])(C([H])([H])[H])C([H])([H])C([H])([H])C([H])([H])[H]
18,18,1,[H]C1=NC2([H])C3([H])OC([H])(C([H])([H])[H])C1([H])C23[H]
21,21,1,[H]N1C2([H])C([H])(C([H])([H])[H])N3C([H])([H])C3([H])C12C([H])([H])[H]
21,21,1,[H]C1([H])N=NC([H])(C([H])([H])[H])C([H])([H])C([H])(C([H])([H])[H])O1
18,18,1,[H]OC([H])([H])C([H])([H])C1(C#N)OC1([H])C([H])([H])[H]
14,14,1,[H]C([H])([H])OC1([H])C(=O)C(=O)C1([H])[H]
20,20,1,[H]OC([H])(C([H])([H])C#CC([H])([H])[H])C1([H])N([H])C1([H])[H]
16,16,1,[H]OC1([H])C(=O)C([H])([H])C2([H])OC2([H])N1[H]
12,10,0,
18,17,0,
18,18,1,[H]C(=O)N([H])C1(C([H])=O)C([H])([H])C1([H])C([H])([H])[H]
18,18,1,[H]C1=NC(=O)C2([H])C1([H])C2(C([H])([H])[H])C([H])([H])[H]
19,19,1,[H]OC([H])(C([H])([H])[H])C([H])(N([H])[H])C1([H])OC1([H])[H]
17,17,1,[H]Oc1c([H])c(O[H])n([H])c1N([H])C([H])([H])[H]
19,19,1,[H]C(=C([H])N1C([H])([H])C1([H])C#CC([H])([H])[H])N([H])[H]
18,18,1,[H]C([H])([H])OC1([H])C2([H])C(=O)N(C([H])([H])[H])C12[H]
17,17,1,[H]OC([H])([H])c1nc(N([H])C([H])([H])[H])oc1[H]
20,20,1,[H]OC1([H])C2([H])OC([H])([H])C([H])(N2[H])C1([H])C([H])([H])[H]
17,17,1,[H]OC12C([H])=C([H])C3([H])C([H])(C([H])=C1[H])C23[H]
17,17,1,[H]c1noc(=NC([H])([H])C([H])([H])[H])c([H])c1[H]
17,17,1,[H]OC1([H])C([H])([H])C2(C([H])([H])[H])N([H])C12C#N
17,17,1,[H]ON=C1C([H])=C([H])C2([H])N1C([H])([H])C2([H])[H]
17,17,1,[H]C1=C([H])C([H])([H])C(C(=O)C([H])([H])[H])=NN1[H]
25,25,1,[H]OC([H])([H])C1([H])C([H])([H])C1(C([H])([H])[H])C([H])(C([H])([H])[H])C([H])([H])[H]
19,19,1,[H]N=C1OC([H])([H])C2([H])C([H])(N1[H])C2([H])C([H])([H])[H]
18,18,1,[H]C1=NC2([H])C3([H])N1N3C([H])([H])C2([H])C([H])([H])[H]
19,19,1,[H]OC([H])(C([H])([H])[H])C12N3N([H])C1([H])C3([H])C2([H])[H]
16,16,1,[H]C(=O)C([H])([H])N=c1n([H])c([H])c([H])n1[H]
19,19,1,[H]C1([H])C([H])([H])C1([H])C12C(=O)C([H])(C1([H])[H])C2([H])[H]
23,23,1,[H]OC1([H])C([H])([H])C([H])([H])C2([H])C([H])(C([H])([H])[H])C2([H])C1([H])[H]
16,14,0,
15,11,0,
22,22,1,[H]C1=C([H])C2([H])N([H])C1([H])C([H])([H])C2([H])C([H])([H])C([H])([H])[H]
20,20,1,[H]N=C(C1=C([H])C(C([H])([H])[H])=C([H])C1([H])[H])C([H])([H])[H]
23,23,1,[H]OC1(C([H])([H])[H])C([H])([H])C2(C([H])([H])[H])C([H])([H])C([H])([H])C12[H]
18,18,1,[H]C1=NC([H])([H])C2([H])C([H])([H])OC2([H])C([H])([H])O1
23,23,1,[H]N([H])C([H])([H])C([H])([H])C12N([H])C(C([H])([H])[H])(C1([H])[H])C2([H])[H]
19,19,1,[H]N=C([H])OC1([H])N([H])C([H])([H])C1([H])C([H])([H])O[H]
16,16,1,[H]OC([H])(c1nn([H])c([H])c1[H])C([H])([H])[H]
21,21,1,[H]OC([H])([H])C([H])([H])C([H])([H])C([H])([H])C(=O)OC([H])([H])[H]
18,18,1,[H]OC12C([H])=C([H])C([H])(C([H])([H])C1([H])[H])C2([H])[H]
19,16,0,[H]C(=O)OC([H])C([H])([H])[H]
17,17,1,[H]C1([H])OC2([H])N3C([H])([H])C([H])([H])C2([H])C31[H]
18,18,1,[H]OC12C([H])=C([H])N([H])C1([H])C(C([H])([H])[H])=C2[H]
14,14,1,[H]C(=O)C12N=C([H])N=C([H])C1([H])N2[H]
17,17,1,[H]N=C([H])C([H])([H])C(O[H])(C([H])=O)C([H])([H])[H]
22,22,1,[H]OC([H])([H])C1([H])N([H])C([H])([H])C12C([H])([H])C2([H])C([H])([H])[H]
19,19,1,[H]C#CC([H])=NC1(C([H])([H])[H])N(C([H])([H])[H])C1([H])[H]
19,19,1,[H]OC([H])([H])C([H])([H])C12C3([H])OC1([H])C2([H])C3([H])[H]
19,19,1,[H]C([H])([H])C1([H])C([H])([H])C12OC([H])([H])C([H])([H])C2=O
19,19,1,[H]C1=C([H])C2(C([H])([H])[H])N(C([H])([H])[H])C1([H])C2([H])[H]
15,15,1,[H]N=C1OC([H])(C([H])=O)C([H])([H])C1=N[H]
19,18,0,[H]C1=C([H])C(N([H])[H])C([H])=C(C([H])([H])[H])C([H])([H])O1
19,18,0,
19,19,1,[H]N1C([H])([H])C2([H])C([H])([H])C3([H])C1([H])C([H])([H])C23[H]
17,16,0,[H]OC1([H])C([H])([H])C([H])(C([H])([H])[H])C1(O)C#N
19,19,1,[H]C([H])([H])C1(C([H])([H])[H])C([H])([H])C12C([H])([H])C2([H])[H]
13,13,1,[H]C1=NC([H])(C([H])([H])[H])C(=O)N1[H]
20,19,0,
21,21,1,[H]OC([H])([H])C([H])([H])C12C([H])([H])C3([H])C1([H])C([H])([H])C32[H]
19,19,1,[H]OC([H])(C([H])([H])[H])C1([H])N2C([H])([H])N=C([H])C21[H]
17,17,1,[H]N=C1C([H])(O[H])C([H])([H])C1(C#N)C([H])([H])[H]
17,17,1,[H]C#CC1([H])N([H])C2([H])C([H])([H])C1([H])C2([H])[H]
21,21,1,[H]C(=O)C([H])([H])C1=C(C([H])([H])[H])C([H])([H])C1([H])C([H])([H])[H]
14,14,1,[H]C1=NC([H])([H])c2nn([H])nc2N1[H]
19,19,1,[H]C1=C([H])C([H])(OC([H])([H])[H])C([H])([H])C(=O)C1([H])[H]
17,16,0,[H]C#CC1(C([H])([H])[H])N2C([H])([H])C2([H])C1([H])O
20,20,1,[H]C([H])(C#N)C([H])([H])C1([H])OC([H])([H])C([H])([H])C1([H])[H]
15,15,1,[H]N1C([H])(C#N)C(=O)OC([H])([H])C1([H])[H]
21,20,0,[H]OC([H])([H])C([H])(O)C([H])([H])C([H])([H])N1C([H])([H])C1([H])[H]
16,16,1,[H]C#CC([H])([H])C(=O)C([H])([H])OC([H])=N[H]
21,21,1,[H]OC(C([H])([H])[H])(C([H])([H])OC([H])([H])[H])C1([H])OC1([H])[H]
18,18,1,[H]N=C1OC2([H])C1([H])OC([H])([H])C2([H])C([H])([H])[H]
17,17,1,[H]C([H])([H])C1=NC([H])([H])C([H])([H])C2([H])OC12[H]
11,11,1,[H]N([H])C(=O)C1([H])OC1([H])[H]
17,17,1,[H]C1([H])C2([H])N3C2([H])C2([H])N4C1([H])C3([H])C42[H]
17,17,1,[H]ON=C1C(=NC([H])([H])[H])OC([H])([H])C1([H])[H]
25,25,1,[H]C1=C([H])C([H])(C([H])([H])[H])C([H])(C([H])([H])C([H])([H])[H])C([H])([H])C1([H])[H]
16,16,1,[H]C(=O)C1([H])C([H])([H])C2([H])N([H])C12C([H])=O
17,17,1,[H]OC1([H])C(=O)OC([H])([H])C([H])=C1C([H])([H])[H]
17,17,1,[H]OC([H])([H])C([H])([H])C#CC([H])(C#N)N([H])[H]
25,25,1,[H]C([H])([H])N1N(C([H])([H])[H])C([H])(C([H])(C([H])([H])[H])C([H])([H])[H])C1([H])[H]
19,19,1,[H]OC([H])(C([H])([H])[H])C1([H])OC2([H])C([H])([H])C21O[H]
16,15,0,
15,13,0,[H]C1OC2C3([H])N([H])C2(C([H])([H])[H])C13[H]
16,16,1,[H]OC12C(=O)N([H])C([H])([H])C1([H])OC2([H])[H]
21,21,1,[H]C1=C([H])C([H])([H])C([H])([H])C(=NC([H])([H])[H])N1C([H])([H])[H]
18,17,0,
19,19,1,[H]C#CC1([H])C([H])(O[H])C([H])(C([H])([H])[H])C1([H])O[H]
15,15,1,[H]C1=NC2([H])C([H])([H])C2([H])C([H])(C#N)O1
16,16,1,[H]N=c1c([H])nc(C([H])([H])[H])nc([H])c1[H]
15,15,1,[H]OC([H])(C#N)C([H])(O[H])C(=O)N([H])[H]
13,13,1,[H]C(=O)OC([H])(C#N)N([H])C([H])=O
17,17,1,[H]C1([H])OC2([H])C([H])([H])OC2([H])C(=O)C1([H])[H]
20,20,1,[H]N1C2([H])C([H])([H])C([H])([H])C3([H])C1([H])C1([H])C2([H])C31[H]
17,17,1,[H]C#CC1([H])N(C([H])([H])[H])C(=O)N([H])C1([H])[H]
17,17,1,[H]C1=C(C([H])([H])[H])C([H])([H])C([H])([H])N([H])C1=O
14,14,1,[H]C1=C([H])C([H])(C([H])([H])[H])N=C1C#N
13,10,0,
14,14,1,[H]N1C(=O)C2([H])OC3([H])OC2([H])C13[H]
21,21,1,[H]N(C([H])([H])[H])C1([H])C2([H])N3C([H])([H])C1(C([H])([H])[H])C32[H]
19,19,1,[H]C1([H])OC2([H])C3([H])OC3([H])C([H])([H])C2([H])C1([H])[H]
12,12,1,[H]N=C1OC([H])([H])C([H])(C#N)O1
18,18,1,[H]C#CC([H])(C([H])([H])O[H])C1([H])C(=N[H])C1([H])[H]
13,12,0,
16,15,0,
22,22,1,[H]C([H])([H])C1([H])C([H])([H])C([H])([H])C2([H])C([H])([H])C2([H])C1([H])[H]
14,11,0,[H]C1N=C2N(NC1[H])C([H])([H])C2([H])[H]
18,18,1,[H]N1N([H])C1([H])C1([H])C2([H])C3([H])N([H])C2([H])C31[H]
17,17,1,[H]N1C2([H])C([H])([H])C2([H])C2=NC3([H])C2([H])C13[H]
16,14,0,
18,18,1,[H]C1=NC23C([H])([H])C([H])([H])C24C1([H])C([H])([H])C34[H]
14,14,1,[H]C#CC1(C#N)OC([H])([H])OC1([H])[H]
15,15,1,[H]C1([H])OC(=O)C2([H])C3([H])OC12C3([H])[H]
17,17,1,[H]OC1([H])C([H])([H])C([H])(O[H])C2([H])N([H])C12[H]
19,19,1,[H]C([H])([H])C1(C([H])([H])[H])C2([H])C3([H])C(=O)C2([H])C31[H]
21,21,1,[H]N1C([H])([H])C2([H])C([H])([H])C2([H])C1([H])C([H])([H])C([H])([H])[H]
15,15,1,[H]C(=O)C([H])([H])C([H])([H])c1noc([H])n1
15,15,1,[H]C(=O)C1([H])C2([H])OC2([H])C2([H])OC21[H]
15,15,1,[H]C1=NC2([H])C([H])(N1[H])C2(C#N)N([H])[H]
15,15,1,[H]C1=C2OC([H])([H])C([H])(C2=O)C([H])=C1[H]
25,25,1,[H]C([H])([H])C([H])([H])C([H])([H])C([H])([H])C1([H])OC1([H])C([H])([H])C([H])([H])[H]
25,24,0,[H]C([H])([H])N(C([H])([H])[H])C([H])(C([H])([H])C([H])([H])[H])C([H])(O)C([H])([H])[H]
17,17,1,[H]C1([H])N2C(=O)C([H])([H])C3([H])N1C3([H])C2([H])[H]
18,18,1,[H]C(=O)C(C#N)(C([H])([H])[H])C([H])([H])OC([H])([H])[H]
13,13,1,[H]C1=C2C([H])=C([H])C([H])([H])N2C1=O
20,20,1,[H]OC1(C([H])([H])[H])N2C([H])([H])C3([H])C([H])([H])C1([H])C23[H]
18,18,1,[H]c1oc(C2([H])C([H])([H])C2([H])[H])c([H])c1N([H])[H]
17,17,1,[H]OC([H])([H])C1(C([H])([H])[H])N2C([H])([H])OC21[H]
21,21,1,[H]N=C(C([H])([H])C([H])([H])OC([H])([H])[H])C1([H])N([H])C1([H])[H]
18,18,1,[H]C(=O)C([H])([H])C1([H])N2C([H])([H])C2([H])OC1([H])[H]
25,25,1,[H]C([H])([H])C([H])([H])C1([H])C([H])([H])C2([H])C([H])([H])C([H])([H])C2([H])C1([H])[H]
15,13,0,
14,14,1,[H]C#CC1([H])C2([H])C([H])([H])C12C([H])=O
13,13,1,[H]Oc1nc([H])c(O[H])n([H])c1=O
16,16,1,[H]C1=Nc2nn([H])c([H])c2C([H])([H])C1([H])[H]
19,19,1,[H]OC1([H])C([H])([H])C1(N([H])[H])C([H])([H])C(=O)N([H])[H]
13,11,0,
21,21,1,[H]N1C([H])([H])C1([H])C12N(C([H])([H])C([H])([H])C1([H])[H])C2([H])[H]
21,21,1,[H]C([H])([H])C(=O)C([H])([H])C([H])([H])OC1([H])C([H])([H])C1([H])[H]
17,17,1,[H]OC1([H])C2([H])OC1([H])C1([H])C([H])([H])OC21[H]
15,15,1,[H]OC1([H])C([H])([H])OC([H])([H])OC1([H])[H]
19,19,1,[H]N1C([H])([H])OC([H])([H])C2([H])C([H])([H])C12C([H])([H])[H]
16,16,1,[H]N1C([H])([H])C12C(=O)C1([H])OC2([H])C1([H])[H]
19,19,1,[H]N=C1C([H])([H])C2([H])N3C([H])([H])C1(C([H])([H])[H])C32[H]
19,19,1,[H]ON=C(C([H])([H])O[H])C1([H])N([H])C1([H])C([H])([H])[H]
17,17,1,[H]C(=O)C1([H])C([H])([H])N=C([H])N2C([H])([H])C21[H]
17,17,1,[H]N([H])N=C(OC([H])([H])[H])C1([H])N([H])C1([H])[H]
18,18,1,[H]N1C2([H])N3C4([H])N(C2([H])[H])C1([H])C34C([H])([H])[H]
16,16,1,[H]Oc1c(C([H])([H])[H])c(N([H])[H])n([H])c1[H]
14,14,1,[H]C([H])(C#N)OC1([H])C(=O)OC1([H])[H]
11,11,1,[H]C#CC([H])([H])C(=O)C([H])=O
19,18,0,[H]N1C([H])(C([H])([H])[H])C2(C([H])([H])O)OC([H])([H])C12[H]
20,20,1,[H]N=C1OC([H])([H])C([H])(C([H])([H])[H])C(C([H])([H])[H])=C1[H]
17,17,1,[H]C#CC1([H])N([H])C12C([H])=C([H])C([H])([H])N2[H]
21,21,1,[H]N=C1OC(N([H])C([H])([H])C([H])([H])[H])(C([H])([H])[H])C1([H])[H]
21,20,0,
22,22,1,[H]OC([H])([H])C1([H])C([H])=C(C([H])([H])C([H])([H])[H])C([H])([H])N1[H]
19,19,1,[H]N1C([H])([H])C2([H])N([H])C(=O)C1([H])C2([H])C([H])([H])[H]
14,12,0,
15,15,1,[H]C(=O)C([H])(OC([H])([H])[H])C(=O)N([H])[H]
21,21,1,[H]C([H])([H])OC1([H])OC([H])(C([H])([H])[H])C([H])([H])OC1([H])[H]
17,17,1,[H]OC12C([H])([H])C34C([H])([H])OC3([H])C1([H])C24[H]
14,14,1,[H]C1([H])C(=O)OC2([H])C([H])([H])C12C#N
19,19,1,[H]C(=O)N1C2([H])C([H])([H])C([H])([H])C12N([H])C([H])([H])[H]
17,17,1,[H]C(=O)C1([H])N([H])C(=O)N([H])C1([H])C([H])([H])[H]
16,16,1,[H]C#CC1([H])C2([H])N([H])C(=O)C12C([H])([H])[H]
23,23,1,[H]N1C([H])(C([H])([H])[H])C12N(C([H])([H])[H])C([H])([H])C([H])([H])C2([H])[H]
21,21,1,[H]OC12C([H])([H])C([H])([H])C1([H])OC([H])(C([H])([H])[H])C2([H])[H]
17,17,1,[H]OC1([H])C2([H])C([H])([H])C(=O)C3([H])C1([H])C32[H]
18,16,0,
17,16,0,[H]C1=C(C([H])([H])[H])C2OC([H])([H])C2([H])C1([H])[H]
18,18,1,[H]N([H])C(=O)C1([H])C2([H])C([H])([H])OC12C([H])([H])[H]
16,16,1,[H]C1([H])N=NC([H])([H])C(C#N)(C([H])([H])[H])O1
17,17,1,[H]N([H])C12N3C([H])([H])C4([H])C3([H])OC1([H])C24[H]
19,19,1,[H]C(=O)C1([H])C([H])([H])N([H])C([H])([H])C1([H])C([H])([H])[H]
16,16,1,[H]N=c1c(O[H])nc([H])c(C([H])([H])[H])n1[H]
18,18,1,[H]N([H])C(=O)N1N2C1([H])C([H])([H])C2([H])C([H])([H])[H]
18,18,1,[H]N([H])C(=O)C12C([H])([H])C1([H])OC2([H])C([H])([H])[H]
15,15,1,[H]N=c1oc([H])c([H])nc1OC([H])([H])[H]
19,19,1,[H]C1=NC2(C([H])([H])[H])N(C([H])([H])[H])C2([H])C([H])([H])O1
16,16,1,[H]C#CC([H])(C(=O)OC([H])=N[H])C([H])([H])[H]
25,25,1,[H]OC1(C([H])([H])C([H])([H])C([H])(C([H])([H])[H])C([H])([H])[H])C([H])([H])C1([H])[H]
15,15,1,[H]C#CC1([H])OC(=N[H])C(=N[H])C1([H])[H]
21,21,1,[H]OC1(C([H])([H])[H])C([H])([H])C([H])=C([H])C1([H])OC([H])([H])[H]
22,22,1,[H]C([H])([H])C1([H])N2C([H])([H])C([H])([H])C3([H])C([H])([H])C([H])([H])C213
18,18,1,[H]OC1([H])C([H])([H])OC1([H])N=C([H])OC([H])([H])[H]
15,13,0,
16,16,1,[H]N([H])c1nc(C([H])([H])C([H])([H])[H])nn1[H]
19,19,1,[H]C1=C([H])C2(C([H])([H])[H])C3([H])C1([H])C1([H])C3([H])C12[H]
17,17,1,[H]C#CC1([H])C([H])(N([H])[H])C1([H])N([H])C([H])=O
19,19,1,[H]OC([H])([H])C12OC3([H])C([H])([H])C1([H])C([H])([H])C32[H]
17,16,0,[H]C([H])(O)C12C3([H])N4C([H])([H])C3([H])C1([H])C42[H]
16,16,1,[H]c1nc(N([H])[H])n([H])c(=O)c1C([H])([H])[H]
12,12,1,[H]c1c(C#N)oc(N([H])[H])c1[H]
15,15,1,[H]ON=C1C([H])([H])C2([H])C([H])([H])C12C#N
24,24,1,[H]N1C([H])([H])C([H])([H])C([H])([H])C([H])([H])C1(OC([H])([H])[H])C([H])([H])[H]
16,16,1,[H]N=C1N([H])C([H])=NC2([H])C([H])([H])OC12[H]
12,12,1,[H]C(=O)C(=O)C#CC([H])([H])C#N
29,29,1,[H]C([H])([H])C([H])([H])C([H])([H])C([H])(C([H])([H])[H])C([H])([H])C([H])(C([H])([H])[H])C([H])([H])[H]
21,21,1,[H]C(=O)C([H])([H])C1([H])N([H])C1([H])C([H])([H])C([H])([H])N([H])[H]
21,21,1,[H]OC([H])([H])C1([H])C([H])([H])C1([H])C([H])(C([H])=O)C([H])([H])[H]
20,20,1,[H]C#CC([H])(C([H])([H])O[H])C1([H])N([H])C([H])([H])C1([H])[H]
17,17,1,[H]C#CC1(O[H])C([H])([H])C12OC([H])([H])C2([H])[H]
17,17,1,[H]OC1([H])C2([H])C([H])([H])C3([H])OC3([H])C12O[H]
20,20,1,[H]N=C1OC([H])([H])C(C([H])([H])[H])(C([H])([H])[H])C([H])=C1[H]
19,19,1,[H]OC12C([H])=C([H])C1(C([H])([H])[H])C([H])=C2C([H])([H])[H]
21,21,1,[H]N1N(C([H])([H])C2(C([H])([H])[H])OC2([H])C([H])([H])[H])C1([H])[H]
18,18,1,[H]OC1([H])C([H])([H])N([H])C([H])([H])N([H])C1([H])C#N
22,22,1,[H]C1=C([H])C([H])([H])C2([H])C([H])([H])C2([H])C([H])(C([H])([H])[H])N1[H]
18,17,0,[H]OC1([H])C2([H])C([H])C3([H])OC3([H])C([H])([H])C12[H]
21,21,1,[H]C([H])([H])C(=O)N(C([H])([H])[H])C([H])([H])C([H])([H])C([H])([H])[H]
18,18,1,[H]C1=C([H])C2(C([H])([H])[H])OC(=NC([H])([H])[H])C12[H]
21,20,0,[H]OC([H])(C([H])([H])C([H])([H])O)C1([H])N([H])C1([H])C([H])([H])[H]
16,16,1,[H]C1=C(C#N)N([H])C([H])(C([H])([H])[H])C1([H])[H]
13,13,1,[H]C#Cc1c([H])c(O[H])n([H])c1[H]
25,22,0,[H]C([H])C1(C([H])([H])[H])C([H])([H])N(C([H])([H])[H])C1([H])C([H])([H])[H]
19,19,1,[H]N=C([H])N(C(=O)C1([H])C([H])([H])C1([H])[H])C([H])([H])[H]
15,15,1,[H]C(=O)Oc1oc([H])c(C([H])([H])[H])c1[H]
18,18,1,[H]OC([H])(c1nc(C([H])([H])[H])c([H])o1)C([H])([H])[H]
16,16,1,[H]C(=O)C1([H])C([H])([H])C([H])([H])C12OC2([H])[H]
15,14,0,
16,16,1,[H]OC1(C#N)C([H])([H])N2N(C([H])([H])[H])C21[H]
22,22,1,[H]N1C(=O)C([H])(C([H])([H])[H])C1([H])C([H])([H])C([H])([H])C([H])([H])[H]
16,16,1,[H]C(=O)C1([H])N2C([H])([H])C3(OC3([H])[H])C21[H]
15,15,1,[H]C1([H])C(=O)C2([H])C([H])([H])C3([H])C14OC234
14,14,1,[H]C12OC3([H])C4([H])N1C([H])(C2=O)C34[H]
12,12,1,[H]C(=O)C(=O)n1nnc([H])c1[H]
17,16,0,
23,23,1,[H]N([H])C([H])(C([H])([H])[H])C1([H])N(C2([H])C([H])([H])C2([H])[H])C1([H])[H]
21,21,1,[H]C(=O)C1([H])C([H])=C(C([H])([H])[H])C([H])([H])C1([H])C([H])([H])[H]
18,18,1,[H]N=C(C([H])=O)C1(C([H])([H])O[H])C([H])([H])C1([H])[H]
20,20,1,[H]N([H])C1([H])C([H])([H])C1([H])OC(=O)C([H])([H])C([H])([H])[H]
18,14,0,
19,19,1,[H]N1C([H])([H])C12C(=NC([H])([H])[H])C1([H])C([H])([H])C12[H]
19,19,1,[H]C([H])([H])C12OC([H])([H])C3([H])OC1([H])C([H])([H])C32[H]
15,15,1,[H]OC1([H])C([H])([H])C23C(=O)OC12C3([H])[H]
19,19,1,[H]OC1([H])OC2([H])C([H])([H])C3([H])C([H])(C1([H])[H])C23[H]
21,21,1,[H]N([H])C1=NC([H])(C([H])([H])C([H])([H])[H])C([H])([H])C([H])([H])O1
10,10,1,[H]C#CC(=O)C(=O)C([H])=O
18,18,1,[H]C(=O)N([H])C1([H])N(C([H])([H])[H])C([H])([H])C1([H])[H]
18,18,1,[H]C1([H])C([H])([H])C2(C([H])([H])C2([H])[H])C2([H])OC12[H]
16,16,1,[H]c1nc(C([H])([H])C2([H])OC2([H])[H])nn1[H]
17,17,1,[H]N=C1OC2([H])C([H])([H])C2([H])C12N([H])C2([H])[H]
21,21,1,[H]OC([H])([H])C([H])([H])C(=O)C([H])([H])C([H])([H])OC([H])([H])[H]
13,13,1,[H]OC12C([H])=NOC1([H])C([H])=C2[H]
18,18,1,[H]OC1(C([H])([H])[H])C([H])([H])C(=O)C1([H])C([H])([H])[H]
18,18,1,[H]C([H])([H])C(=O)C12C([H])([H])C([H])([H])C1([H])C2([H])[H]
18,18,1,[H]C#CC([H])(O[H])C([H])([H])C([H])([H])OC([H])([H])[H]
16,16,1,[H]OC1([H])C2([H])C([H])([H])OC([H])([H])C12O[H]
17,17,1,[H]OC12N3C4([H])N([H])C([H])([H])C4(C1([H])[H])C32[H]
20,20,1,[H]N1C2([H])C([H])([H])C3(C([H])([H])[H])OC2(C([H])([H])[H])C13[H]
14,14,1,[H]c1nn([H])nc1OC(=O)C([H])([H])[H]
22,22,1,[H]C(=NC([H])([H])N=C(C([H])([H])[H])C([H])([H])[H])N([H])C([H])([H])[H]
18,17,0,
14,14,1,[H]C(=O)C1=NC([H])([H])C2([H])OC2([H])O1
17,16,0,[H]C(=O)C(C([H])([H])[H])(C([H])([H])[H])C([H])(O)C#N
20,19,0,[H]C(OC([H])([H])[H])C1([H])OC([H])([H])C([H])([H])OC1([H])[H]
13,13,1,[H]N=C1OC([H])=C([H])C(=O)C1([H])[H]
17,17,1,[H]ON=C1C([H])([H])N([H])C1(C([H])=O)C([H])([H])[H]
21,21,1,[H]C(=O)C1([H])C([H])=C(C([H])(C([H])([H])[H])C([H])([H])[H])C1([H])[H]
19,19,1,[H]OC12C([H])([H])C1([H])C([H])([H])C([H])([H])C2([H])C([H])=O
13,13,1,[H]N=c1c([H])c([H])n([H])nnc1=O
17,17,1,[H]OC([H])(C([H])([H])[H])C1([H])OC([H])=NC1([H])[H]
20,20,1,[H]n1nc(C([H])(C([H])([H])[H])C([H])([H])[H])nc1C([H])([H])[H]
24,24,1,[H]C([H])([H])N=C1C([H])(C([H])([H])[H])C([H])([H])C1([H])C([H])([H])C([H])([H])[H]
16,16,1,[H]C([H])(C#N)OC(=O)C1([H])C([H])([H])C1([H])[H]
19,19,1,[H]OC([H])(C([H])([H])[H])C1(C([H])([H])[H])OC([H])([H])C1=O
21,21,1,[H]OC12C3([H])C([H])([H])C3([H])C1([H])C2([H])C([H])([H])C([H])([H])[H]
21,21,1,[H]N1C([H])([H])C1([H])N=C(C([H])([H])[H])C([H])([H])OC([H])([H])[H]
10,10,1,[H]C1([H])N=C(C#N)C(=O)O1
12,12,1,[H]Oc1nnc(N([H])[H])c([H])n1
25,25,1,[H]OC([H])([H])C([H])([H])C([H])(O[H])C([H])([H])C([H])(C([H])([H])[H])C([H])([H])[H]
20,20,1,[H]C1=C([H])C2(N(C([H])([H])[H])C2([H])[H])C([H])([H])OC1([H])[H]
25,25,1,[H]C([H])([H])C([H])([H])C1([H])C2([H])C([H])([H])C1(C([H])([H])[H])C2([H])C([H])([H])[H]
19,19,1,[H]OC12C([H])([H])C1([H])C1([H])C([H])(C([H])([H])[H])OC12[H]
19,19,1,[H]C([H])([H])C1([H])C([H])([H])C2([H])OC1([H])C([H])([H])C2=O
17,17,1,[H]C1=C([H])C([H])(C([H])([H])C#N)C2([H])N1C2([H])[H]
16,16,1,[H]N([H])C1([H])C(C#N)=NC2([H])C([H])([H])C12[H]
18,18,1,[H]OC1(C([H])([H])[H])C2([H])C([H])([H])C([H])([H])C21C#N
13,13,1,[H]N([H])C([H])(C#N)N([H])C(F)(F)F
16,16,1,[H]C(=O)C1=NC([H])([H])OC([H])([H])C([H])=C1[H]
18,18,1,[H]C(=O)C1(C#N)C([H])([H])C1(C([H])([H])[H])C([H])([H])[H]
16,14,0,[H]C(=O)C1N=C([H])C([H])=C([H])C1C([H])([H])[H]
18,18,1,[H]C1=C([H])C([H])([H])N([H])C([H])([H])OC([H])([H])N1[H]
22,22,1,[H]OC([H])(N1C([H])([H])C1([H])[H])C([H])([H])C1([H])C([H])([H])C1([H])[H]
18,18,1,[H]OC1([H])C(=O)C2(N([H])C([H])([H])C2([H])[H])C1([H])[H]
17,17,1,[H]c1noc(C([H])([H])N2C([H])([H])C2([H])[H])c1[H]
16,16,1,[H]C1=C(N([H])[H])c2c(c([H])nn2[H])C1([H])[H]
16,16,1,[H]C([H])(C#N)C1([H])OC(=O)C([H])([H])C1([H])[H]
23,23,1,[H]C([H])([H])C([H])([H])C1([H])OC([H])([H])C([H])([H])OC([H])([H])C1([H])[H]
14,10,0,
16,16,1,[H]C#CC1([H])C(=O)C([H])([H])C1([H])C([H])([H])[H]
17,17,1,[H]C([H])([H])C(=O)C([H])([H])C1([H])OC(=O)C1([H])[H]
17,17,1,[H]C#CC12OC1(C([H])([H])O[H])C([H])([H])C2([H])[H]
15,15,1,[H]N=c1nc(N([H])C([H])([H])[H])nc([H])o1
18,17,0,[H]OC(C(=O)C(=O)C([H])([H])C([H])([H])[H])C([H])([H])[H]
16,16,1,[H]C1([H])OC12C([H])([H])C1([H])OC2([H])C1([H])[H]
15,15,1,[H]C12OC3([H])C([H])([H])C3([H])C1([H])OC2=O
17,16,0,[H]OC([H])([H])C([H])([H])C([H])(O)C([H])([H])C([H])=O
19,19,1,[H]N1C([H])([H])C([H])([H])C1(C#CC([H])([H])[H])C([H])([H])[H]
19,19,1,[H]OC1([H])C([H])([H])N2C1([H])C2([H])C1([H])N([H])C1([H])[H]
21,21,1,[H]OC1([H])C([H])([H])OC([H])([H])C1([H])C([H])([H])OC([H])([H])[H]
19,19,1,[H]C([H])([H])C#CC([H])([H])OC(=O)C([H])([H])C([H])([H])[H]
14,14,1,[H]OC1([H])c2oc([H])nc2OC1([H])[H]
12,12,1,[H]C#CC1=C([H])C(=O)OC1([H])[H]
20,20,1,[H]OC([H])([H])C([H])(C([H])([H])[H])C1([H])C([H])([H])OC1([H])[H]
22,22,1,[H]N1C2([H])C([H])([H])OC([H])([H])C([H])([H])C12C([H])([H])C([H])([H])[H]
20,20,1,[H]N=C1C2([H])OC([H])(C2([H])[H])C1([H])C([H])([H])C([H])([H])[H]
10,10,1,[H]c1nc([H])c(=O)oc1F
23,23,1,[H]C1=NC(C([H])([H])[H])(C([H])([H])[H])C([H])([H])N1C([H])([H])C([H])([H])[H]
17,17,1,[H]OC([H])([H])C([H])([H])C1([H])C(=O)N=C([H])N1[H]
19,19,1,[H]OC12C(=O)C([H])([H])C([H])([H])C([H])([H])C1([H])C2([H])[H]
21,21,1,[H]OC1([H])C2([H])OC([H])(C([H])([H])C2([H])[H])C1([H])C([H])([H])[H]
23,23,1,[H]N([H])C([H])(C#N)C([H])(C([H])([H])[H])C([H])([H])C([H])([H])C([H])([H])[H]
15,15,1,[H]ON=C1C([H])=C([H])C([H])(C#N)C1([H])[H]
20,20,1,[H]N=C([H])OC([H])(N([H])C([H])([H])[H])C1([H])N([H])C1([H])[H]
15,15,1,[H]N=C1N([H])C2(N([H])[H])C(=N[H])OC12[H]
14,14,1,[H]OC1([H])C([H])([H])C1([H])C(=O)C([H])=O
19,19,1,[H]N1OC([H])([H])C([H])([H])OC([H])(C([H])([H])[H])C1([H])[H]
20,20,1,[H]N1C2([H])C3([H])C4([H])C2([H])C1(C([H])([H])C([H])([H])[H])C34[H]
15,15,1,[H]C#CC1([H])C([H])([H])N([H])C1([H])C([H])=O
17,17,1,[H]N=C1OC([H])([H])C([H])(C([H])=O)N([H])C1([H])[H]
17,17,1,[H]N=C1C(=O)C([H])([H])C(C([H])([H])[H])=C([H])N1[H]
20,20,1,[H]N1C2([H])C1([H])C1([H])C([H])([H])OC([H])([H])C2([H])C1([H])[H]
18,18,1,[H]C([H])(C#N)C12OC([H])([H])C([H])(C1([H])[H])C2([H])[H]
24,24,1,[H]N1C2([H])C([H])([H])C([H])(C([H])(C([H])([H])[H])C([H])([H])[H])C12C([H])([H])[H]
19,19,1,[H]OC12N3C([H])([H])C([H])(N([H])C3([H])C1([H])[H])C2([H])[H]
20,20,1,[H]N=C(C(=O)C([H])([H])N([H])[H])N(C([H])([H])[H])C([H])([H])[H]
16,16,1,[H]N1C([H])([H])C12C([H])([H])C1([H])C([H])([H])C12[H]
19,19,1,[H]OC1(C([H])([H])[H])C([H])([H])C12N([H])C1([H])N([H])C12[H]
16,16,1,[H]OC1([H])C([H])=C([H])C2([H])N([H])C12C([H])=O
21,21,1,[H]N1N2C([H])(C1([H])[H])C2([H])C1(C([H])([H])[H])C([H])([H])C1([H])[H]
19,15,0,
18,18,1,[H]C1=C(C([H])([H])[H])C([H])([H])C12C([H])([H])C2([H])C#N
19,19,1,[H]C1([H])OC2([H])C1([H])OC2([H])C1([H])C([H])([H])C1([H])[H]
22,22,1,[H]C1=C([H])C([H])([H])C(C([H])([H])[H])=C1N([H])C([H])([H])C([H])([H])[H]
19,19,1,[H]C([H])([H])OC1([H])C(=O)C2([H])C([H])([H])C2([H])C1([H])[H]
23,23,1,[H]C1=C(C([H])([H])C([H])([H])[H])C2([H])C([H])(C([H])([H])[H])C2([H])C1([H])[H]
17,17,1,[H]N1C([H])([H])C1([H])C12OC1([H])C1([H])N([H])C12[H]
15,15,1,[H]N=C([H])OC([H])([H])C(=O)N([H])C([H])=O
20,20,1,[H]C#CC1([H])C(=NC([H])([H])C([H])([H])[H])C([H])([H])C1([H])[H]
18,18,1,[H]OC([H])([H])C1([H])OC1(C([H])([H])[H])C([H])([H])O[H]
17,17,1,[H]C1([H])OC([H])([H])C2([H])OC([H])([H])OC2([H])O1
16,12,0,
17,17,1,[H]N1C([H])([H])C([H])([H])C1([H])C1([H])C(=O)C1([H])[H]
14,14,1,[H]C#Cc1nn(C([H])=N[H])c([H])c1[H]
18,17,0,
16,16,1,[H]C(=O)OC1([H])C([H])([H])C1([H])OC([H])([H])[H]
14,14,1,[H]N([H])c1nonc1C1([H])OC1([H])[H]
16,16,1,[H]OC1([H])C2([H])C([H])([H])C1(O[H])C2([H])C#N
17,17,1,[H]C1=NC2([H])C3([H])C([H])(N1[H])C1([H])C2([H])C31[H]
19,19,1,[H]N(C([H])([H])C#N)C([H])([H])C#CC([H])([H])C([H])([H])[H]
13,13,1,[H]C(=O)C(C#N)(N([H])[H])C([H])([H])[H]
19,19,1,[H]C1=C([H])C2([H])C([H])(C(=O)C([H])([H])[H])C2([H])C1([H])[H]
12,12,1,[H]N([H])C(=O)OC(=O)C([H])([H])[H]
15,13,0,
23,23,1,[H]C([H])([H])C1=C(C2([H])C([H])([H])C2([H])[H])C([H])([H])C1([H])C([H])([H])[H]
23,23,1,[H]N1C([H])([H])C1([H])N(C([H])([H])C([H])([H])[H])C1([H])C([H])([H])C1([H])[H]
20,20,1,[H]C(=O)N1C([H])([H])C2([H])C([H])([H])C1([H])C2([H])C([H])([H])[H]
22,22,1,[H]C([H])([H])C(=O)C(=NC([H])([H])C([H])([H])[H])C([H])([H])C([H])([H])[H]
22,22,1,[H]C#CC([H])([H])C([H])([H])N=C(C([H])([H])[H])C([H])([H])C([H])([H])[H]
22,22,1,[H]N1C([H])([H])C([H])([H])C2(OC2(C([H])([H])[H])C([H])([H])[H])C1([H])[H]
19,19,1,[H]N1C([H])([H])C2([H])C(=O)C([H])(N2C([H])([H])[H])C1([H])[H]
20,20,1,[H]C([H])([H])N=C1OC2([H])C([H])([H])C([H])([H])C([H])([H])C12[H]
20,20,1,[H]C1=C(C([H])([H])[H])N2C3([H])C1([H])C2([H])C3([H])C([H])([H])[H]
18,18,1,[H]C(=O)C12N(C1([H])[H])C1([H])C([H])([H])C1([H])C2([H])[H]
21,21,1,[H]C([H])([H])C([H])([H])N1C2([H])N3C([H])([H])C([H])([H])C1([H])C32[H]
18,18,1,[H]N1C([H])([H])C([H])([H])C2([H])C13OC([H])([H])C2([H])O3
17,17,1,[H]OC12C([H])([H])C34C([H])=C([H])C3([H])C1([H])C24[H]
23,20,0,[H]C(=O)C([H])(C([H])N(C([H])[H])C([H])([H])[H])C([H])([H])C([H])([H])[H]
20,19,0,[H]C([H])([H])C1([H])C2([H])C([H])([H])C3([H])C([H])([H])C2([H])C31O
16,15,0,[H]N=C1OC2([H])C1C([H])([H])C1([H])N2C1([H])[H]
13,13,1,[H]N=C([H])C(=O)n1nc([H])c([H])n1
21,21,1,[H]OC([H])([H])C1(C([H])([H])[H])C2([H])OC([H])(C([H])([H])[H])C21[H]
18,18,1,[H]C1([H])OC([H])([H])C2([H])C1([H])C21C([H])([H])C1([H])[H]
18,17,0,[H]C1=C(C([H])([H])[H])C(=O)C([H])([H])C([H])([H])C1([H])O
17,16,0,[H]N=C1OC([H])([H])C2(O)C([H])([H])C2([H])C1([H])[H]
19,17,0,
23,23,1,[H]C([H])([H])OC1([H])N2C([H])([H])C([H])([H])C3([H])C([H])([H])C1([H])C23[H]
18,18,1,[H]N1C(=O)N([H])C2([H])N(C([H])([H])[H])C2([H])C1([H])[H]
19,19,1,[H]C([H])([H])C12OC3([H])C([H])([H])OC1([H])C([H])([H])C32[H]
19,19,1,[H]C([H])([H])C([H])([H])C12C(=O)C([H])([H])C3([H])C1([H])C32[H]
17,17,1,[H]N=C([H])n1nc([H])c(C([H])([H])C([H])([H])[H])n1
16,16,1,[H]C#CC1=NC([H])([H])C([H])([H])C(=N[H])N1[H]
15,14,0,
15,15,1,[H]Oc1nc(OC([H])([H])[H])c(O[H])n1[H]
19,18,0,[H]N=C([H])C1C([H])([H])OC([H])(C([H])([H])[H])C1([H])O[H]
21,21,1,[H]OC1(C(C([H])([H])[H])(C([H])([H])[H])C([H])([H])[H])N([H])C1([H])[H]
13,13,1,[H]N=C([H])C(=O)C([H])=NC([H])([H])[H]
18,18,1,[H]C1=C([H])C([H])([H])C([H])([H])C2([H])N(C1=O)C2([H])[H]
16,15,0,[H]C1([H])OC(C#N)C([H])([H])C2([H])N1C2([H])[H]
13,13,1,[H]c1onc2c1N1OC1([H])C2([H])[H]
20,20,1,[H]OC1([H])C2([H])C([H])=C([H])C([H])([H])C1([H])C([H])([H])N2[H]
18,18,1,[H]N1C([H])([H])C(=O)C1(C([H])([H])[H])C1([H])OC1([H])[H]
23,23,1,[H]C([H])([H])OC([H])([H])C([H])([H])C1(C([H])([H])[H])OC([H])([H])C1([H])[H]
18,18,1,[H]C1=NC23C([H])([H])C2([H])C([H])([H])C3([H])OC1([H])[H]
18,18,1,[H]C#CC1([H])C([H])([H])C12C([H])=NC([H])([H])C2([H])[H]
18,18,1,[H]C#CC([H])([H])C([H])(C#N)C([H])(O[H])C([H])([H])[H]
18,18,1,[H]OC1([H])C2([H])C([H])=C([H])C1([H])C2([H])C([H])([H])[H]
23,23,1,[H]C([H])([H])C1([H])C2([H])C([H])([H])C3([H])C1([H])C3(C([H])([H])[H])C2([H])[H]
20,20,1,[H]N1C(=O)C([H])([H])OC1([H])C([H])(C([H])([H])[H])C([H])([H])[H]
21,21,1,[H]C#CC([H])([H])C1([H])OC1([H])C([H])([H])C([H])([H])C([H])([H])[H]
16,16,1,[H]OC([H])(C#N)N1C([H])([H])C1([H])C([H])([H])[H]
15,15,1,[H]N=c1c([H])c(C([H])([H])O[H])nnn1[H]
26,23,0,[H]C([H])C([H])(C([H])([H])[H])C12C([H])([H])C([H])([H])C([H])(C1([H])[H])C2([H])[H]
18,18,1,[H]OC1([H])C([H])([H])C([H])([H])OC([H])([H])C1([H])C#N
19,19,1,[H]C(=O)N1C([H])([H])C([H])([H])C([H])([H])C2([H])N([H])C12[H]
17,17,1,[H]N=C([H])C1([H])OC1([H])C([H])(C#N)C([H])([H])[H]
20,20,1,[H]OC1([H])C([H])([H])C([H])(C([H])([H])[H])C1([H])C([H])([H])C#N
13,9,0,
21,21,1,[H]C([H])([H])C1([H])OC2([H])C([H])([H])C3([H])C([H])(C2([H])[H])C13[H]
18,17,0,[H]C1C([H])([H])N=C2C1([H])N1C([H])([H])C1([H])C2([H])[H]
17,17,1,[H]C1=C(C#N)C2([H])N(C([H])([H])[H])C2([H])C1([H])[H]
20,20,1,[H]C(=O)C([H])([H])OC1(C([H])([H])C([H])([H])[H])N([H])C1([H])[H]
15,15,1,[H]C1([H])c2nonc2C12C([H])([H])C2([H])[H]
19,19,1,[H]c1nc([H])n([H])c1C([H])([H])C([H])([H])OC([H])([H])[H]
18,18,1,[H]N=C1OC2([H])C3([H])C1([H])C([H])(C([H])([H])[H])C23[H]
17,17,1,[H]OC1([H])C2([H])OC3([H])C([H])([H])C2([H])C31O[H]
18,16,0,
22,22,1,[H]C([H])([H])C([H])([H])C12N3C1([H])C([H])([H])C([H])([H])C32C([H])([H])[H]
17,17,1,[H]OC1([H])N([H])C([H])([H])C2([H])C([H])(C#N)C12[H]
17,17,1,[H]OC1([H])C([H])=C(C([H])([H])[H])C2([H])N([H])C12[H]
19,19,1,[H]N([H])C1([H])C(=O)C([H])(C([H])([H])[H])N2C([H])([H])C21[H]
20,20,1,[H]C1([H])OC([H])([H])C1([H])N1C([H])([H])C2([H])C([H])([H])C12[H]
15,15,1,[H]Oc1c([H])c([H])c(C([H])([H])C#N)n1[H]
17,17,1,[H]N([H])C([H])([H])C([H])([H])C(=O)C#CC([H])([H])[H]
19,19,1,[H]C1=C2C3([H])C([H])([H])OC3([H])C2([H])C([H])([H])C1([H])[H]
17,17,1,[H]C#CC1([H])C([H])(OC([H])([H])[H])C12OC2([H])[H]
21,20,0,[H]N=C1C([H])([H])C([H])([H])C1([H])C([H])(C([H])([H])[H])C([H])([H])O
21,21,1,[H]N(C([H])([H])C([H])([H])OC([H])([H])[H])C([H])(C#N)C([H])([H])[H]
20,20,1,[H]C1=NC(N([H])C([H])([H])[H])(C([H])([H])[H])C([H])=NC1([H])[H]
20,20,1,[H]N=C([H])C([H])([H])C(=O)C([H])(O[H])C([H])([H])C([H])([H])[H]
10,10,1,[H]Oc1nnc([H])nc1[H]
19,19,1,[H]OC([H])([H])N1C([H])([H])C1([H])C([H])([H])C([H])([H])O[H]
17,17,1,[H]OC([H])(N1C([H])([H])C1([H])[H])C([H])([H])C([H])=O
15,15,1,[H]C12OC3([H])C([H])(OC3([H])C1([H])[H])C2=O
23,23,1,[H]C(=O)C([H])(C([H])([H])[H])C([H])(C([H])([H])[H])C([H])([H])OC([H])([H])[H]
22,22,1,[H]N(C([H])([H])[H])C1([H])C2([H])OC2(C([H])([H])[H])C1([H])C([H])([H])[H]
16,16,1,[H]C([H])([H])C12C3([H])OC4([H])C([H])(C41[H])C32[H]
15,15,1,[H]C1([H])OC23C(=O)C4([H])C2([H])C4([H])C13[H]
21,21,1,[H]OC([H])([H])C([H])([H])C1([H])OC2([H])C([H])([H])C1([H])C2([H])[H]
17,17,1,[H]N1C([H])([H])C1([H])C1([H])C([H])([H])OC1([H])C#N
23,23,1,[H]OC([H])([H])C([H])([H])C(=O)C([H])([H])C([H])([H])C([H])([H])C([H])([H])[H]
22,22,1,[H]C([H])([H])C1([H])C([H])([H])N2OC([H])(C2([H])[H])C([H])([H])C1([H])[H]
19,19,1,[H]N(C([H])([H])N1C([H])([H])C1([H])[H])C([H])([H])C([H])([H])[H]
17,17,1,[H]OC1([H])C2(C#N)C([H])(C([H])([H])[H])C12N([H])[H]
19,19,1,[H]C#CC([H])(C([H])=O)C([H])([H])C([H])([H])OC([H])([H])[H]
21,21,1,[H]OC1([H])C([H])([H])C2([H])C([H])([H])C([H])([H])OC([H])([H])C12[H]
21,21,1,[H]N1C([H])([H])C([H])([H])OC2(N([H])C([H])([H])[H])C([H])([H])C12[H]
16,16,1,[H]c1c(N([H])[H])c([H])n([H])c1C([H])([H])C#N
14,14,1,[H]c1nn([H])c(=O)c(C([H])([H])[H])c1[H]
14,13,0,
18,18,1,[H]OC([H])([H])C1([H])C2([H])C(=O)C1(N([H])[H])C2([H])[H]
17,17,1,[H]C#CC([H])(C([H])([H])[H])C([H])([H])OC([H])=N[H]
15,15,1,[H]c1nc2c(o1)OC([H])([H])N([H])C2([H])[H]
15,15,1,[H]ON=C1C([H])([H])C2(C#N)C([H])([H])C12[H]
21,21,1,[H]N([H])C(OC([H])([H])[H])(C([H])([H])[H])C([H])([H])C([H])([H])C#N
19,19,1,[H]C(=O)C1([H])C2([H])C([H])([H])C3([H])C([H])(C2([H])[H])C13[H]
15,15,1,[H]C1([H])N=C2C(=NC1=O)C([H])([H])C2([H])[H]
17,17,1,[H]N=C1N([H])C(=NO[H])C([H])([H])N1C([H])([H])[H]
18,18,1,[H]C1=C([H])C([H])(C([H])([H])[H])n2c([H])c([H])c([H])c21
23,23,1,[H]C#CC1([H])C([H])([H])C([H])(C([H])([H])[H])C([H])(C([H])([H])[H])C1([H])[H]
12,12,1,[H]c1nc2c(c(=O)on2[H])n1[H]
14,14,1,[H]C(=O)C1([H])C([H])=C([H])C(C#N)=C1[H]
19,19,1,[H]OC([H])([H])C12N(C([H])=NC1([H])C([H])([H])[H])C2([H])[H]
20,20,1,[H]OC12C([H])([H])N([H])C1([H])C2(OC([H])([H])[H])C([H])([H])[H]
21,21,1,[H]N([H])C([H])(C([H])([H])[H])C12C3([H])N([H])C1(C([H])([H])[H])C32[H]
20,20,1,[H]C1=C(C([H])([H])[H])C2([H])C3([H])N([H])C3([H])C2([H])C1([H])[H]
22,22,1,[H]C1=C2C([H])([H])C([H])([H])C([H])([H])C2([H])C([H])(C([H])([H])[H])N1[H]
19,19,1,[H]C1([H])OC([H])(C([H])([H])[H])C2=NC([H])([H])C([H])([H])N21
19,19,1,[H]C([H])([H])C([H])([H])OC(=O)C1([H])OC([H])([H])C1([H])[H]
18,18,1,[H]OC12C3([H])N([H])C([H])([H])C31C1([H])C([H])([H])C12[H]
18,17,0,[H]OC1([H])C(N2N([H])C2([H])[H])C2([H])C([H])([H])C12[H]
19,17,0,[H]C([H])C([H])([H])C1C([H])([H])N(C([H])([H])[H])C1([H])C#N
21,21,1,[H]C([H])([H])OC([H])([H])C12C([H])([H])C3([H])C([H])([H])C1([H])C32[H]
15,13,0,[H]C1=C(C(=O)N([H])C([H])([H])[H])N([H])NN1
17,17,1,[H]N=C1N=C([H])C2([H])C1([H])C2([H])C([H])([H])O[H]
16,16,1,[H]C(=O)C1=C([H])C([H])(C([H])([H])[H])C(=O)N1[H]
20,20,1,[H]C1=C(C2([H])N([H])C2([H])[H])C([H])([H])C([H])=C1C([H])([H])[H]
18,18,1,[H]C(=O)C([H])(C#N)C([H])([H])OC([H])([H])C([H])([H])[H]
19,19,1,[H]OC1([H])C([H])(O[H])C1([H])C1([H])C([H])([H])OC1([H])[H]
21,21,1,[H]C([H])([H])C12C([H])([H])OC1([H])C1([H])C([H])([H])C1([H])C2([H])[H]
16,16,1,[H]N1N=NC2(C1=O)C([H])([H])C2([H])C([H])([H])[H]
22,22,1,[H]OC1([H])C([H])([H])C1(C([H])([H])C([H])([H])[H])C1([H])N([H])C1([H])[H]
17,17,1,[H]N1C(=O)C2([H])N3C([H])([H])C3([H])C12C([H])([H])[H]
20,20,1,[H]OC12C([H])([H])C3([H])C1([H])N([H])C32C([H])([H])C([H])([H])[H]
21,21,1,[H]C([H])([H])C1([H])C([H])([H])C(=O)C2([H])C([H])([H])C21C([H])([H])[H]
17,17,1,[H]C#CC([H])(C([H])([H])[H])C([H])(C#N)C([H])([H])[H]
18,18,1,[H]N1C([H])([H])C2(C([H])([H])[H])OC3([H])OC1([H])C32[H]
12,12,1,[H]C1=C(C([H])([H])[H])C(=O)OC1=O
18,16,0,[H]OC([H])([H])C([H])(C1NN([H])N=C1[H])C([H])([H])[H]
21,21,1,[H]N1C([H])([H])C1([H])OC([H])(C([H])([H])[H])C1([H])N([H])C1([H])[H]
18,17,0,[H]OC([H])([H])C(O)(C([H])([H])[H])C([H])([H])C([H])([H])[H]
13,13,1,[H]N=C([H])c1c([H])nc([H])oc1=O
25,25,1,[H]N([H])C([H])([H])C([H])([H])C([H])(C([H])([H])[H])C([H])(C([H])([H])[H])C([H])([H])[H]
20,20,1,[H]OC([H])([H])C1([H])N([H])C12C([H])=C([H])C([H])([H])C2([H])[H]
18,18,1,[H]N=C([H])C12N([H])C3([H])N([H])C3([H])C1([H])C2([H])[H]
16,16,1,[H]N=C1OC([H])([H])C(=O)C1([H])OC([H])([H])[H]
19,19,1,[H]OC1([H])C([H])(C([H])([H])[H])OC2(C([H])([H])[H])OC12[H]
16,16,1,[H]N=C1C2([H])C(=O)C3(C([H])([H])[H])C1([H])C23[H]
18,17,0,[H]C1=C([H])C([H])([H])C([H])([H])C(=O)C1([H])OC([H])[H]
18,18,1,[H]c1nn([H])c(=O)n1C([H])([H])C([H])([H])C([H])([H])[H]
14,10,0,
17,16,0,[H]C#CC([H])([H])C([H])([H])C([H])(C#N)C([H])([H])O
21,21,1,[H]OC(C#N)(C([H])([H])[H])C([H])(C([H])([H])[H])C([H])([H])N([H])[H]
15,15,1,[H]OC1(C([H])=O)C(=O)C([H])([H])OC1([H])[H]
20,20,1,[H]C(=C(N=O)C1([H])C([H])([H])C1([H])[H])C([H])([H])C([H])([H])[H]
18,18,1,[H]OC([H])([H])C12C([H])([H])C3([H])C1([H])N=C([H])C32[H]
16,16,1,[H]OC12C3([H])OC([H])([H])C14N([H])C4([H])C32[H]
16,16,1,[H]OC1([H])C([H])([H])C1(C#CC([H])=O)N([H])[H]
19,19,1,[H]OC([H])([H])C1([H])C([H])([H])OC([H])([H])C2([H])OC21[H]
17,17,1,[H]C(=O)C([H])(C([H])([H])[H])C1([H])OC2([H])OC21[H]
23,22,0,[H]C([H])([H])N1C([H])(C([H])([H])[H])C([H])([H])C([H])(O)C1([H])C([H])([H])[H]
16,16,1,[H]C1=NC23C([H])(O1)OC([H])(C2([H])[H])C3([H])[H]
8,6,0,[H]C1=C([H])N([H])NN1
19,19,1,[H]N=C1OC([H])(N(C([H])([H])[H])C([H])([H])[H])C([H])=C1[H]
17,16,0,
19,19,1,[H]OC([H])([H])C1=C([H])C([H])([H])OC([H])(C([H])([H])[H])O1
20,20,1,[H]N=C1N([H])C(C([H])([H])[H])(C([H])([H])[H])C2([H])N([H])C12[H]
23,23,1,[H]OC1([H])C([H])(C([H])([H])[H])C([H])(C([H])([H])[H])C2([H])C([H])([H])C12[H]
17,15,0,[H]C(=O)C1C(N([H])[H])C([H])=C([H])N1C([H])([H])[H]
19,19,1,[H]C([H])([H])C12OC([H])([H])C3([H])C([H])(O1)C3([H])C2([H])[H]
17,17,1,[H]C#CC1([H])C([H])([H])C1([H])N1C([H])([H])C1([H])[H]
17,17,1,[H]C#CC1(OC([H])=O)C([H])([H])C([H])([H])C1([H])[H]
23,23,1,[H]C([H])([H])OC1([H])C([H])([H])C([H])([H])C([H])([H])C12C([H])([H])C2([H])[H]
13,13,1,[H]c1c(N([H])[H])nc(F)n([H])c1=O
18,18,1,[H]OC1(C([H])([H])[H])C2([H])C(=O)C1(C([H])([H])[H])N2[H]
20,20,1,[H]C1=C([H])C([H])(C([H])([H])C([H])([H])[H])C([H])(C#N)C1([H])[H]
15,13,0,
15,15,1,[H]C1=NC2([H])C3(C#N)C1([H])C23C([H])([H])[H]
20,20,1,[H]C([H])([H])OC(=O)C1([H])N(C([H])([H])[H])C([H])([H])C1([H])[H]
11,11,1,[H]c1c(C#N)c(=O)nnn1[H]
23,23,1,[H]OC(C([H])=O)(C([H])([H])C([H])([H])[H])C([H])([H])C([H])([H])C([H])([H])[H]
19,19,1,[H]N=C([H])N(C([H])=O)C([H])([H])C([H])(O[H])C([H])([H])[H]
21,21,1,[H]C1=C2C([H])(C([H])([H])[H])C([H])([H])C2([H])C([H])([H])OC1([H])[H]
20,20,1,[H]C([H])([H])OC12N3C([H])([H])C([H])(C1([H])[H])C2([H])C3([H])[H]
16,16,1,[H]c1nc([H])c(=O)n(C([H])([H])C([H])([H])[H])n1
18,18,1,[H]C1=C([H])C([H])(C([H])([H])OC([H])([H])[H])N([H])C1=O
22,22,1,[H]OC([H])(C1([H])OC([H])([H])N1[H])C([H])(C([H])([H])[H])C([H])([H])[H]
19,18,0,[H]C1=C(C([H])([H])[H])C([H])C(=O)C([H])(C([H])([H])[H])N1[H]
19,19,1,[H]OC([H])([H])C1([H])OC2([H])C([H])([H])C([H])=C([H])C12[H]
18,17,0,[H]OC([H])([H])C1(O)C([H])(O[H])C2([H])C([H])([H])C21[H]
18,18,1,[H]N1C([H])([H])C2([H])OC([H])([H])C([H])([H])C(=O)C12[H]
20,20,1,[H]C([H])([H])C12C3([H])N(C3([H])[H])C13C([H])([H])C([H])([H])C32[H]
14,14,1,[H]C(=O)OC12C3([H])N4C3([H])C1([H])C42[H]
19,19,1,[H]OC([H])([H])C12OC3([H])C([H])([H])C3([H])C1([H])C2([H])[H]
22,22,1,[H]C([H])([H])C1(C([H])([H])[H])C2([H])C([H])([H])N3C([H])([H])C3([H])C21[H]
21,21,1,[H]OC([H])([H])C([H])([H])C([H])([H])N([H])C([H])(C#N)C([H])([H])[H]
15,14,0,[H]ON=C(C1OC([H])([H])N1[H])C([H])([H])[H]
17,17,1,[H]C([H])([H])C12C(=O)OC3([H])C1([H])C32C([H])([H])[H]
19,19,1,[H]OC1([H])C(=O)C([H])([H])N(N([H])[H])C1([H])C([H])([H])[H]
17,17,1,[H]N1C2([H])C(=O)C3(N([H])C([H])([H])C3([H])[H])C12[H]
17,17,1,[H]C#CC1([H])C([H])([H])OC1([H])C([H])([H])C([H])=O
11,11,1,[H]c1on([H])c(=O)c1N([H])[H]
15,15,1,[H]N1C(=O)C2(C(=O)C1([H])[H])N([H])C2([H])[H]
18,18,1,[H]C([H])([H])N1C([H])([H])C23C(=O)C([H])([H])C2([H])C13[H]
12,12,1,[H]c1nnoc1C#CC([H])([H])[H]
20,20,1,[H]C1([H])C(=O)C([H])(C([H])([H])[H])N1C1([H])C([H])([H])C1([H])[H]
17,17,1,[H]OC12C3([H])OC4([H])C1([H])C4([H])C32C([H])([H])[H]
18,18,1,[H]C#CC([H])(N([H])[H])C1([H])OC([H])([H])C1([H])O[H]
25,25,1,[H]OC([H])(C([H])([H])[H])C([H])([H])C1([H])C([H])(C([H])([H])[H])C1([H])C([H])([H])[H]
23,23,1,[H]OC([H])(C([H])([H])[H])C([H])([H])C1(O[H])C([H])([H])C([H])([H])C1([H])[H]
19,19,1,[H]N1N2C1([H])C([H])(C(=O)C([H])([H])[H])C2([H])C([H])([H])[H]
14,14,1,[H]N=C1OC([H])([H])C(=O)N1C([H])([H])[H]
21,21,1,[H]C1=C(C([H])([H])[H])C2([H])C([H])([H])C3([H])C2([H])C13C([H])([H])[H]
21,21,1,[H]N=C(N1C([H])([H])C1(C([H])([H])[H])C([H])([H])[H])C([H])([H])O[H]
21,21,1,[H]OC1([H])C([H])=C([H])C([H])(C([H])([H])[H])C12C([H])([H])C2([H])[H]
19,18,0,[H]OC([H])(C#N)C([H])(O)C([H])([H])C([H])([H])C([H])([H])[H]
15,15,1,[H]N1C(=O)OC([H])([H])C([H])(C#N)C1([H])[H]
15,15,1,[H]N=C1OC2([H])C([H])([H])C2(O[H])C1=N[H]
23,23,1,[H]OC12C([H])(C([H])([H])[H])C([H])([H])C1([H])C2([H])C([H])([H])C([H])([H])[H]
21,21,1,[H]OC([H])([H])C([H])(C([H])=O)C([H])([H])OC([H])([H])C([H])([H])[H]
14,14,1,[H]C1=NOC(=O)N=C([H])C1([H])N([H])[H]
22,22,1,[H]C1([H])N2C([H])(C([H])([H])C1([H])[H])C21C([H])([H])C([H])([H])C1([H])[H]
16,16,1,[H]c1noc([H])c1N([H])C([H])([H])C([H])([H])[H]
17,17,1,[H]N1C2(C#N)C3([H])C1(C([H])([H])[H])C23C([H])([H])[H]
18,18,1,[H]OC([H])([H])C([H])(C#N)C1([H])C([H])([H])C1([H])O[H]
20,20,1,[H]N1C2([H])C([H])([H])C3([H])OC([H])(C([H])([H])[H])C3([H])C12[H]
17,17,1,[H]OC12C(=O)C([H])=C([H])C1([H])C2([H])C([H])([H])[H]
17,17,1,[H]c1nn([H])c([H])c(C([H])([H])[H])c1=NN([H])[H]
18,18,1,[H]OC1(C([H])([H])[H])C(=NC([H])([H])[H])C2([H])OC21[H]
20,20,1,[H]N=C1OC([H])([H])OC1([H])C([H])([H])C([H])([H])C([H])([H])[H]
18,18,1,[H]C(=O)C1(C([H])([H])[H])OC([H])=NC([H])([H])C1([H])[H]
13,13,1,[H]C#CC([H])(C(=O)C#N)C([H])=N[H]
16,16,1,[H]C#CC1([H])N2C([H])(C([H])=O)C2([H])C1([H])[H]
20,20,1,[H]N=C([H])C([H])([H])C1(OC([H])([H])[H])C([H])([H])C1([H])O[H]
19,19,1,[H]OC12C([H])([H])C([H])([H])C3([H])C([H])=C([H])C31C2([H])[H]
13,13,1,[H]C12C(=O)C3([H])C4([H])N1C2([H])C34[H]
19,19,1,[H]OC([H])(C([H])([H])OC([H])([H])[H])C1([H])N([H])C1([H])[H]
16,16,1,[H]OC([H])(C#N)C1([H])N(C([H])([H])[H])C1([H])[H]
19,19,1,[H]c1c(N([H])C([H])([H])[H])c(N([H])[H])c(N([H])[H])n1[H]
21,21,1,[H]N1C2([H])C([H])(C([H])([H])[H])C([H])(C([H])([H])[H])C12C([H])([H])[H]
16,16,1,[H]C1=C([H])C2([H])C([H])([H])C2([H])C2([H])OC12[H]
12,12,1,[H]C(=O)N([H])c1c([H])noc1[H]
23,23,1,[H]N1C([H])([H])N2C([H])([H])C([H])(C([H])([H])[H])C1(C([H])([H])[H])C2([H])[H]
29,26,0,[H]C([H])C(N(C([H])([H])C([H])([H])[H])C([H])([H])C([H])([H])[H])(C([H])([H])[H])C([H])([H])[H]
21,21,1,[H]C(=O)OC([H])(C([H])([H])[H])C([H])([H])OC([H])([H])C([H])([H])[H]
16,16,1,[H]C#Cc1oc(C([H])([H])[H])c([H])c1N([H])[H]
21,21,1,[H]C([H])([H])C1([H])C([H])([H])OC2([H])C3([H])C([H])([H])C3([H])C21[H]
16,16,1,[H]C([H])([H])C([H])([H])C([H])([H])C([H])(C#N)C#N
16,16,1,[H]OC([H])([H])C([H])([H])Oc1noc([H])c1[H]
16,16,1,[H]OC(=O)C([H])([H])C1([H])C([H])([H])OC1([H])[H]
20,20,1,[H]N=C(N(C#N)C([H])([H])[H])C([H])([H])C([H])([H])C([H])([H])[H]
18,18,1,[H]OC([H])([H])C([H])(C(=NN=O)N([H])[H])C([H])([H])[H]
14,12,0,
21,21,1,[H]N1C2([H])C([H])(C([H])([H])C([H])([H])[H])N3C2([H])C13C([H])([H])[H]
18,17,0,
15,15,1,[H]C(=O)C([H])(C(=O)C([H])([H])C#N)N([H])[H]
17,17,1,[H]OC([H])([H])C1(C#N)N([H])C2([H])C([H])([H])C21[H]
19,19,1,[H]N1C([H])([H])C12C([H])([H])C1([H])N3C([H])(C1([H])[H])C32[H]
16,16,1,[H]OC1([H])C2([H])C([H])=C([H])N([H])C12C([H])=O
20,20,1,[H]C([H])([H])C1(C([H])([H])[H])C2([H])C([H])([H])OC([H])([H])C21[H]
21,21,1,[H]OC1([H])C([H])([H])C([H])([H])C2([H])C([H])([H])C([H])(O[H])C12[H]
17,17,1,[H]N=C1OC([H])([H])C(=NC([H])([H])[H])OC1([H])[H]
18,18,1,[H]N([H])C([H])(C#N)C1([H])C([H])([H])C1([H])C([H])([H])[H]
18,17,0,[H]c1c(N([H])[H])c(C([H])(O)C([H])([H])[H])c([H])n1[H]
19,18,0,
15,15,1,[H]C1=C([H])C([H])(C#N)N([H])C([H])([H])C1=O
19,19,1,[H]OC([H])([H])C1(C([H])([H])C(=O)C([H])([H])[H])OC1([H])[H]
23,23,1,[H]C([H])([H])C#CC([H])([H])C([H])([H])C([H])([H])C1([H])C([H])([H])C1([H])[H]
22,22,1,[H]OC([H])([H])C([H])(C([H])([H])N([H])C([H])([H])[H])C1([H])OC1([H])[H]
24,24,1,[H]OC1(C([H])([H])C([H])([H])C([H])([H])[H])N(C([H])([H])[H])C1([H])C([H])([H])[H]
15,15,1,[H]ON=C1N(C([H])=O)C2([H])C([H])([H])C12[H]
21,21,1,[H]OC1([H])C([H])([H])N2N([H])C2([H])C1([H])C([H])([H])C([H])([H])[H]
19,19,1,[H]OC1([H])C2([H])OC([H])([H])C1(C([H])([H])[H])OC2([H])[H]
18,18,1,[H]N1C([H])([H])C1([H])C1(C#N)C([H])([H])C1([H])N([H])[H]
25,25,1,[H]C([H])([H])C1(C([H])([H])[H])C2([H])C([H])([H])C([H])([H])C([H])([H])C21C([H])([H])[H]
21,21,1,[H]N=C([H])C1([H])C([H])([H])C1(N([H])[H])C1([H])C([H])([H])C1([H])[H]
15,15,1,[H]C1=NC2([H])OC3([H])C([H])([H])C23C1([H])[H]
20,20,1,[H]C1([H])N2C3([H])C([H])([H])C([H])(C13[H])C21C([H])([H])C1([H])[H]
19,19,1,[H]N=C([H])C([H])(C([H])([H])[H])C1(C#N)C([H])([H])C1([H])[H]
13,9,0,[H]C1=NNC(N=C([H])N([H])[H])NN1
16,16,1,[H]N=c1nnn([H])nc1C([H])([H])C([H])([H])[H]
19,19,1,[H]N1C2([H])C([H])(C([H])([H])[H])C3([H])C1([H])C([H])([H])C23[H]
14,14,1,[H]OC(=O)C([H])([H])OC([H])(C#N)O[H]
21,21,1,[H]C([H])([H])C1=NC([H])([H])C2([H])N1C2([H])C([H])([H])C([H])([H])[H]
24,24,1,[H]OC1([H])C([H])([H])N([H])C([H])([H])C([H])([H])C1(C([H])([H])[H])C([H])([H])[H]
11,11,1,[H]N=c1oc(F)c([H])nc1F
15,14,0,
19,19,1,[H]C1=C([H])C2(C([H])([H])[H])OC3([H])C1([H])C([H])([H])C32[H]
12,12,1,[H]N([H])C1([H])C([H])([H])C1([H])C#N
22,22,1,[H]C1=C([H])C([H])(C2([H])N([H])C2([H])C([H])([H])[H])C([H])([H])C1([H])[H]
15,15,1,[H]C(=O)C1([H])C2(C([H])=O)OC([H])([H])C12[H]
18,18,1,[H]OC([H])(C#N)C1(OC([H])([H])[H])C([H])([H])C1([H])[H]
23,22,0,[H]OC(C([H])([H])[H])C([H])(C([H])([H])O[H])C([H])([H])N([H])C([H])([H])[H]
23,23,1,[H]C([H])([H])C([H])([H])C1([H])C2([H])C([H])([H])C3([H])C([H])([H])C1([H])C32[H]
20,20,1,[H]N1C([H])([H])C2([H])C1([H])C1(C([H])([H])[H])OC21C([H])([H])[H]
18,18,1,[H]c1c([H])c(C(=O)C([H])([H])[H])n(C([H])([H])[H])c1[H]
15,15,1,[H]N1C([H])([H])C12C([H])([H])OC(=O)C2([H])[H]
21,21,1,[H]C1=C([H])C2(C([H])([H])[H])OC1([H])C([H])(C([H])([H])[H])C2([H])[H]
15,14,0,
18,18,1,[H]OC12C3([H])C([H])([H])C1([H])C1(N([H])C1([H])[H])C32[H]
19,19,1,[H]C([H])([H])C12OC(C([H])([H])[H])(C([H])([H])C1=O)C2([H])[H]
14,12,0,[H]C1=C(F)C([H])C(N([H])[H])C([H])=C1F
16,16,1,[H]C#CC1([H])C(=O)C([H])([H])N([H])C1([H])O[H]
18,18,1,[H]N([H])C(=O)C1(C(=O)C([H])([H])[H])C([H])([H])C1([H])[H]
21,21,1,[H]OC([H])(C([H])([H])[H])C1([H])C(=O)C([H])(C([H])([H])[H])C1([H])[H]
10,8,0,
21,21,1,[H]N(C([H])([H])C([H])([H])C([H])([H])[H])C1([H])C([H])([H])C1([H])C#N
15,14,0,
17,17,1,[H]C([H])([H])N1C2([H])C(=O)N3C1([H])C32C([H])([H])[H]
16,15,0,[H]C([H])([H])C1([H])C([H])(O)C2([H])N3C2([H])C31[H]
20,19,0,[H]C([H])([H])C1(C([H])([H])[H])C([H])([H])C1(O)C1([H])OC1([H])[H]
21,21,1,[H]N(C([H])([H])[H])C([H])([H])C#CN1C([H])([H])C1([H])C([H])([H])[H]
15,14,0,
15,15,1,[H]ON=C1C([H])=NC([H])([H])C([H])=C1O[H]
17,17,1,[H]C(=O)C1([H])OC2([H])C([H])([H])OC([H])([H])C12[H]
21,21,1,[H]C(=O)C12C([H])([H])C1([H])C([H])([H])C([H])([H])C2([H])C([H])([H])[H]
25,25,1,[H]C(=O)C(C([H])([H])[H])(C([H])([H])[H])C([H])(C([H])([H])[H])C([H])([H])C([H])([H])[H]
21,21,1,[H]N1C2([H])C([H])(C([H])([H])[H])C3([H])N(C([H])([H])[H])C([H])([H])C132
23,22,0,[H]N1C(C([H])([H])[H])C([H])([H])C([H])([H])C([H])(OC([H])([H])[H])C1([H])[H]
16,16,1,[H]N=C([H])C1=C([H])C([H])([H])C([H])([H])OC1=O
17,17,1,[H]C1=C([H])N2C(=NC([H])(C([H])([H])[H])C2([H])[H])O1
25,25,1,[H]OC1(C([H])(C([H])([H])[H])C([H])([H])[H])C([H])([H])C([H])(C([H])([H])[H])C1([H])[H]
19,18,0,[H]OC([H])C1([H])C([H])=C([H])C2(C([H])([H])[H])N1C2([H])[H]
11,8,0,
16,16,1,[H]C([H])([H])C1([H])C([H])([H])C2([H])C(=O)OC21[H]
19,18,0,
18,18,1,[H]C1([H])C(=O)C2([H])N3C1([H])C3([H])C([H])([H])C2([H])[H]
18,18,1,[H]Oc1c([H])c(N([H])C([H])([H])[H])nn1C([H])([H])[H]
18,16,0,[H]C1=C([H])C([H])([H])C([H])=C2NC([H])([H])C2([H])C1[H]
15,15,1,[H]C#CC1([H])C(OC([H])=N[H])=NC1([H])[H]
17,17,1,[H]C(=O)C1=C(C([H])=O)C([H])([H])C([H])([H])C1([H])[H]
17,17,1,[H]C([H])([H])N=C1OC([H])([H])C([H])([H])C1([H])C#N
18,18,1,[H]N=C([H])C([H])(O[H])C1([H])OC1([H])C([H])([H])O[H]
16,15,0,[H]N=C([H])OC1C2([H])N([H])C1([H])C2([H])O[H]
18,18,1,[H]ON=C1OC([H])([H])C([H])([H])OC([H])([H])C1([H])[H]
21,21,1,[H]C([H])([H])C12C(=O)C([H])([H])C([H])([H])C1(C([H])([H])[H])C2([H])[H]
19,19,1,[H]C([H])([H])OC([H])([H])C1([H])OC(=O)C([H])([H])C1([H])[H]
16,16,1,[H]N1C(=O)C([H])([H])OC(=O)C1([H])C([H])([H])[H]
19,19,1,[H]N(C1=NC([H])([H])C([H])(C([H])([H])[H])N1[H])C([H])([H])[H]
19,19,1,[H]N1C(=O)OC(N([H])[H])(C([H])([H])C([H])([H])[H])C1([H])[H]
18,18,1,[H]C([H])([H])N1C([H])([H])C2([H])C(=O)C3([H])C1([H])C23[H]
18,18,1,[H]C1=C([H])C([H])([H])C([H])([H])C([H])([H])N([H])C1([H])[H]
21,21,1,[H]C([H])([H])C1([H])OC2([H])C([H])([H])C2([H])C12C([H])([H])C2([H])[H]
19,19,1,[H]C(=O)C1=C([H])N([H])C1([H])C([H])([H])N([H])C([H])([H])[H]
20,20,1,[H]OC([H])(C([H])([H])[H])C12C([H])([H])C([H])([H])C1([H])C2([H])[H]
11,11,1,[H]C(=O)c1oc([H])nc1C#N
19,19,1,[H]Oc1c([H])c(N([H])[H])c(C([H])([H])[H])n1C([H])([H])[H]
17,17,1,[H]OC([H])([H])c1c([H])oc(OC([H])([H])[H])c1[H]
15,15,1,[H]C(=O)C(=O)C1([H])N(C([H])([H])[H])C1([H])[H]
16,16,1,[H]N=C1OC2([H])OC([H])([H])C([H])([H])C12O[H]
20,20,1,[H]OC1(C([H])([H])[H])N([H])C1([H])C([H])([H])C(=O)C([H])([H])[H]
15,15,1,[H]N=C([H])OC1(C#N)C([H])([H])OC1([H])[H]
13,13,1,[H]C#Cc1c([H])noc1C([H])([H])[H]
18,18,1,[H]Oc1nc([H])n([H])c1N(C([H])([H])[H])C([H])([H])[H]
18,18,1,[H]OC12C([H])([H])C3([H])C([H])=NC1([H])C32C([H])([H])[H]
16,16,1,[H]C#CC12C([H])=C([H])C3([H])C([H])(N1[H])C23[H]
21,21,1,[H]OC1(C([H])([H])C([H])([H])C([H])([H])[H])C([H])([H])C1([H])C([H])=O
18,18,1,[H]c1nnc(C(N([H])[H])(C([H])([H])[H])C([H])([H])[H])o1
15,15,1,[H]C([H])([H])C([H])(C#N)C1([H])OC1([H])C#N
15,15,1,[H]C1=C([H])C([H])(C([H])([H])C#N)C1([H])C#N
14,14,1,[H]c1nnn(C([H])([H])C([H])([H])[H])c1[H]
16,16,1,[H]N=C1OC([H])([H])C2([H])OC([H])([H])C2([H])O1
18,18,1,[H]OC([H])([H])c1oc([H])nc1C([H])([H])C([H])([H])[H]
25,25,1,[H]C(=O)C([H])(C([H])([H])C([H])([H])C([H])([H])[H])C([H])(C([H])([H])[H])C([H])([H])[H]
16,16,1,[H]N=C1OC([H])([H])C([H])([H])C([H])(C([H])=O)O1
17,17,1,[H]C1([H])OC2([H])C(=O)C3([H])C([H])([H])C1([H])C23[H]
17,17,1,[H]OC1([H])C([H])=C(C([H])([H])[H])C2([H])N([H])C12[H]
13,13,1,[H]c1nc2c([H])nc([H])n2nc1[H]
18,18,1,[H]OC12C(=O)C1([H])N(C([H])([H])C([H])([H])[H])C2([H])[H]
16,16,1,[H]OC1([H])C(=O)N2C([H])([H])OC([H])([H])C21[H]
23,23,1,[H]OC([H])([H])C([H])([H])C([H])(O[H])C1([H])C([H])([H])C1([H])C([H])([H])[H]
22,22,1,[H]OC([H])([H])C1([H])N([H])C([H])([H])C12C([H])([H])C2([H])C([H])([H])[H]
21,20,0,[H]C(=O)C([H])N([H])C([H])([H])C([H])([H])OC([H])([H])C([H])([H])[H]
16,16,1,[H]C#CC([H])(C([H])=O)C([H])([H])C(=O)N([H])[H]
16,15,0,[H]C1=C(N([H])[H])C([H])(O)C([H])([H])N([H])C1=O
17,17,1,[H]OC1([H])C([H])(O[H])C1([H])N([H])C([H])([H])C#N
13,13,1,[H]OC([H])([H])C#Cc1nnoc1[H]
21,21,1,[H]C1([H])OC12C([H])([H])C1([H])C([H])([H])C([H])([H])C2([H])C1([H])[H]
13,13,1,[H]C(=O)C12C(=O)C([H])([H])C1([H])N2[H]
22,22,1,[H]C([H])([H])OC([H])([H])C([H])([H])C([H])([H])C([H])([H])C([H])([H])C#N
21,21,1,[H]OC1([H])C([H])([H])C([H])([H])N2C([H])([H])C([H])(N([H])[H])C21[H]
19,18,0,[H]N1C2([H])C1([H])C1(O)C([H])(C([H])([H])[H])C([H])([H])C21[H]
25,22,0,[H]C([H])C1(C([H])([H])[H])C([H])(C([H])([H])[H])C1([H])C([H])([H])[H]
21,21,1,[H]OC1([H])C([H])([H])C2(C([H])([H])[H])C([H])([H])C([H])=C([H])C12[H]
20,20,1,[H]OC1([H])C([H])([H])OC([H])([H])C12N([H])C2([H])C([H])([H])[H]
11,11,1,[H]c1c(C#N)noc(=O)c1[H]
25,25,1,[H]OC1([H])C([H])([H])C([H])([H])C1([H])C([H])([H])C([H])([H])C([H])([H])C([H])([H])[H]
10,8,0,
18,18,1,[H]N1C([H])([H])C2([H])C([H])([H])C34OC([H])([H])C13C24[H]
17,17,1,[H]N1c2nc(C([H])([H])[H])nn2C([H])([H])C1([H])[H]
15,15,1,[H]C#CC([H])([H])C1([H])OC1([H])C([H])=N[H]
15,15,1,[H]N([H])c1noc2c1C([H])([H])OC2([H])[H]
20,20,1,[H]C([H])([H])N=C1C([H])([H])C2([H])OC2([H])C1([H])C([H])([H])[H]
21,21,1,[H]OC([H])([H])C12C([H])(C([H])([H])[H])C3([H])C([H])([H])C1([H])C32[H]
20,20,1,[H]C(=O)C1([H])C([H])([H])C12C([H])([H])N(C([H])([H])[H])C2([H])[H]
19,19,1,[H]C1([H])OC(=O)C([H])([H])C2([H])C([H])([H])C([H])([H])C12[H]
19,19,1,[H]C(=O)C([H])([H])C1([H])C([H])([H])C([H])([H])C2([H])OC21[H]
16,16,1,[H]N1C2(OC2([H])[H])C(=O)C2([H])C([H])([H])C12[H]
20,20,1,[H]OC([H])([H])C1([H])OC2(C([H])([H])C([H])([H])[H])N1C2([H])[H]
17,17,1,[H]C(=O)n1c([H])nc([H])c1C([H])([H])C([H])([H])[H]
18,14,0,[H]OC1C([H])=C([H])C(C([H])([H])[H])C(N([H])[H])C1[H]
23,23,1,[H]OC([H])([H])C1([H])C([H])([H])C([H])(O[H])C1([H])C([H])([H])C([H])([H])[H]
27,27,1,[H]C([H])([H])C([H])([H])C([H])([H])C1(C([H])([H])[H])C([H])(C([H])([H])[H])C1([H])C([H])([H])[H]
21,21,1,[H]N1C([H])([H])C2(C([H])([H])C2([H])C([H])([H])[H])C1([H])C([H])([H])[H]
20,20,1,[H]C([H])([H])C12N3C([H])([H])C([H])([H])C1([H])C1([H])C3([H])C12[H]
18,18,1,[H]C#CC([H])([H])C12N3C([H])([H])C([H])(C1([H])[H])C32[H]
18,18,1,[H]C1=NC(C([H])([H])[H])(C([H])([H])N([H])[H])C([H])([H])O1
22,22,1,[H]OC([H])([H])C([H])(N([H])C([H])=O)C([H])(C([H])([H])[H])C([H])([H])[H]
22,22,1,[H]C([H])([H])C12N3C([H])([H])C3([H])C1([H])C2(C([H])([H])[H])C([H])([H])[H]
19,19,1,[H]C([H])([H])C12OC3([H])OC1([H])C([H])([H])C32C([H])([H])[H]
27,27,1,[H]OC(C([H])([H])C([H])([H])[H])(C([H])([H])C([H])([H])[H])C([H])(C([H])([H])[H])C([H])([H])[H]
18,18,1,[H]C1([H])N2OC(=O)C2([H])C([H])([H])C([H])([H])C1([H])[H]
22,22,1,[H]OC1(C([H])([H])OC([H])([H])[H])C([H])([H])N(C([H])([H])[H])C1([H])[H]
15,15,1,[H]N=C1N(C([H])=O)C2([H])C([H])([H])C12O[H]
17,17,1,[H]C(=O)OC1=NC([H])([H])C([H])([H])C1([H])N([H])[H]
15,15,1,[H]C1=NN=C2C([H])([H])OC([H])([H])C2([H])O1
11,11,1,[H]Oc1nc(ON=O)c([H])o1
21,21,1,[H]OC12C([H])([H])C1(C([H])([H])[H])C([H])([H])C1([H])C([H])([H])C12[H]
18,18,1,[H]OC([H])([H])C1([H])N([H])C1(C([H])=O)C([H])([H])O[H]
18,17,0,[H]C(=O)C([H])C([H])=C([H])C([H])([H])C1([H])OC1([H])[H]
16,16,1,[H]c1nnoc(=NC([H])([H])C([H])([H])[H])c1[H]
18,18,1,[H]C(=O)N([H])C([H])([H])C12C([H])([H])OC1([H])C2([H])[H]
18,18,1,[H]C1=C2C(=O)C([H])([H])N2C([H])([H])C1([H])C([H])([H])[H]
18,18,1,[H]OC1([H])C([H])([H])C12OC([H])(C([H])([H])[H])C2([H])[H]
19,19,1,[H]C([H])(C#N)C([H])([H])C([H])([H])C1([H])C([H])([H])C1([H])[H]
20,20,1,[H]C1=C([H])C2(OC([H])([H])C1([H])[H])N(C([H])([H])[H])C2([H])[H]
20,19,0,[H]C#CC(N([H])[H])C([H])([H])C([H])(C([H])([H])[H])C([H])([H])[H]
21,21,1,[H]N=C1N(C([H])([H])[H])C2([H])C([H])(C([H])([H])[H])C12C([H])([H])[H]
20,18,0,[H]C=C=CC([H])([H])C1([H])N([H])C([H])([H])C([H])([H])C1([H])[H]
18,18,1,[H]OC1([H])C([H])([H])C2([H])C3([H])C([H])([H])C1([H])C23[H]
22,22,1,[H]C1=C([H])C2([H])N(C([H])([H])C([H])([H])C1([H])[H])C2([H])C([H])([H])[H]
17,17,1,[H]N=C(C#N)C([H])(C([H])([H])[H])C([H])([H])C([H])=O
20,20,1,[H]OC1([H])N([H])C([H])([H])C1([H])OC1([H])C([H])([H])C1([H])[H]
16,16,1,[H]c1c([H])n([H])c(=NC([H])([H])[H])n([H])c1=O
22,22,1,[H]C1=C2C([H])([H])C([H])([H])C([H])([H])C2([H])C([H])(C([H])([H])[H])N1[H]
17,17,1,[H]C(=O)C([H])([H])N=C1N=C([H])C([H])([H])C1([H])[H]
15,15,1,[H]C1=NC2([H])C([H])([H])C3([H])C(=O)N1C23[H]
21,21,1,[H]N1C2([H])C([H])([H])N3C([H])([H])C([H])([H])C3(C([H])([H])[H])C12[H]
19,18,0,
18,18,1,[H]N1C([H])([H])C2([H])C3([H])N([H])C2(C([H])([H])[H])C13[H]
19,19,1,[H]OC([H])([H])C1=C([H])C2([H])C([H])([H])C2([H])C1([H])O[H]
19,19,1,[H]N=C([H])C([H])(N([H])C(=O)C([H])([H])[H])C([H])([H])O[H]
16,16,1,[H]C1=NC2([H])N(C(=NC([H])([H])[H])O1)C2([H])[H]
20,20,1,[H]OC([H])(N([H])C([H])([H])[H])C1([H])C([H])([H])C2([H])OC21[H]
12,12,1,[H]N=C1OC2([H])C([H])([H])OC12[H]
18,18,1,[H]C1([H])N2C3([H])C(=O)C([H])(C([H])([H])C1([H])[H])C23[H]
19,19,1,[H]N=C1N([H])C2=C([H])C([H])([H])C([H])([H])C2([H])C1([H])[H]
18,18,1,[H]C#CC([H])([H])C(C#N)(OC([H])([H])[H])C([H])([H])[H]
19,19,1,[H]C([H])([H])N1C2([H])C1(C#N)C([H])([H])C2([H])C([H])([H])[H]
21,21,1,[H]N=C1C([H])([H])N2C([H])(C([H])([H])[H])C([H])([H])C12C([H])([H])[H]
17,17,1,[H]C1([H])C(=O)N2C([H])([H])C3(C([H])([H])[H])N1C23[H]
17,17,1,[H]C1([H])OC2([H])C([H])([H])C2([H])N2C([H])([H])C21[H]
19,19,1,[H]OC(=O)N([H])C1(C([H])([H])[H])N([H])C1([H])C([H])([H])[H]
17,17,1,[H]C1=C2C3([H])C([H])([H])C4([H])OC([H])(C14[H])C23[H]
22,22,1,[H]N1C([H])([H])C2(C1([H])[H])C([H])([H])C([H])([H])C2([H])OC([H])([H])[H]
17,17,1,[H]C#CC1([H])OC([H])(C([H])([H])[H])C12OC2([H])[H]
16,16,1,[H]c1c2c(nn1[H])C([H])([H])C([H])([H])C2([H])[H]
20,20,1,[H]OC1([H])C2([H])N(C([H])([H])[H])C3([H])C([H])([H])C2([H])C13[H]
20,20,1,[H]OC([H])(C([H])([H])[H])C1([H])N2C([H])([H])OC([H])([H])C21[H]
18,18,1,[H]C1=C([H])C2(N([H])C2([H])[H])C2([H])OC2([H])C1([H])[H]
16,16,1,[H]C1=C([H])C23N(C1([H])N([H])C2([H])[H])C3([H])[H]
17,17,1,[H]OC([H])([H])C12C(=O)OC1([H])C2([H])C([H])([H])[H]
12,12,1,[H]C([H])([H])Oc1noc(C#N)n1
16,16,1,[H]OC([H])([H])C1([H])N=C([H])C(C([H])=O)=C1[H]
18,18,1,[H]OC1(C([H])([H])[H])C([H])=NC([H])([H])C2([H])OC21[H]
16,16,1,[H]Oc1nc([H])c(C([H])([H])[H])nc1N([H])[H]
17,17,1,[H]C#CC([H])(O[H])C([H])([H])C#CC([H])([H])O[H]
22,22,1,[H]C(=O)C([H])(N([H])C1([H])C([H])([H])C1([H])C([H])([H])[H])C([H])([H])[H]
18,17,0,[H]OC12C([H])C3(N([H])C3([H])[H])N(C1([H])[H])C2([H])[H]
17,17,1,[H]N=C1OC([H])([H])C2(N1[H])C([H])([H])OC2([H])[H]
11,10,0,[H]C1N2C(=O)C(=O)C(=O)C12[H]
23,23,1,[H]OC([H])([H])C([H])(OC([H])([H])OC([H])([H])C([H])([H])[H])C([H])([H])[H]
21,21,1,[H]C(=O)C([H])(N1N([H])C1([H])[H])C([H])(C([H])([H])[H])C([H])([H])[H]
21,21,1,[H]C([H])([H])C(=O)C1([H])OC([H])([H])C1([H])C([H])([H])C([H])([H])[H]
12,8,0,
17,17,1,[H]OC1(C2([H])OC2([H])[H])C(=O)C1([H])C([H])([H])[H]
23,23,1,[H]N1C([H])([H])C([H])(C([H])([H])[H])C([H])([H])C([H])([H])C1([H])C([H])([H])[H]
19,19,1,[H]OC([H])([H])C([H])(O[H])C([H])([H])OC([H])([H])C([H])=O
22,22,1,[H]C#CC([H])([H])N1C([H])([H])C1(C([H])([H])[H])C([H])([H])C([H])([H])[H]
16,13,0,[H]C1C([H])C([H])(N([H])[H])C2([H])C(=O)NC12[H]
16,16,1,[H]N=C([H])OC([H])([H])C(=NO[H])C([H])=N[H]
20,20,1,[H]C([H])([H])C12C([H])([H])OC([H])([H])C([H])([H])C1([H])C2([H])[H]
18,18,1,[H]Oc1c(C([H])([H])[H])nn(C([H])([H])[H])c1N([H])[H]
18,18,1,[H]OC([H])([H])C1([H])C([H])([H])C([H])=C([H])C1([H])C#N
20,20,1,[H]N1C2([H])C([H])(OC([H])([H])[H])OC([H])(C([H])([H])[H])C12[H]
21,21,1,[H]C(=O)C([H])([H])OC1(C([H])([H])[H])C([H])([H])C1([H])C([H])([H])[H]
20,20,1,[H]OC1([H])C([H])(C([H])([H])[H])OC2(C([H])([H])[H])N([H])C12[H]
21,21,1,[H]N1C2(C([H])([H])[H])C([H])([H])C1(C([H])([H])[H])C2([H])C([H])([H])[H]
18,18,1,[H]N=C1OC([H])([H])C2(N([H])C2([H])[H])C1([H])N([H])[H]
20,20,1,[H]N1C2([H])C1([H])C1(C([H])([H])C([H])([H])[H])OC21C([H])([H])[H]
17,17,1,[H]C(=O)C1=C([H])C([H])(C([H])([H])[H])C2([H])OC12[H]
21,21,1,[H]OC12C([H])([H])C3([H])C([H])([H])C([H])([H])C1(C([H])([H])[H])C32[H]
19,19,1,[H]C#CC1([H])C2([H])C([H])([H])C([H])(C([H])([H])O[H])C12[H]
17,17,1,[H]N1C2([H])C(=O)C([H])([H])C3([H])N2C3([H])C1([H])[H]
16,15,0,[H]C1([H])C2([H])C(=O)C3([H])C1([H])C([H])(O)C23[H]
21,21,1,[H]C1([H])OC([H])(C([H])([H])[H])C(C([H])([H])[H])(C([H])([H])[H])C1=O
19,19,1,[H]N([H])C1([H])C(=O)C([H])(C([H])([H])OC([H])([H])[H])N1[H]
19,19,1,[H]N=C1C([H])([H])N([H])C1([H])C1([H])C([H])([H])C1([H])O[H]
19,19,1,[H]OC12C([H])([H])C3([H])C4([H])C1([H])C4([H])C32C([H])([H])[H]
15,15,1,[H]N=C([H])n1c([H])nn(C([H])([H])[H])c1=O
23,23,1,[H]OC12C([H])([H])C([H])([H])C1([H])C(C([H])([H])[H])(C([H])([H])[H])C2([H])[H]
18,18,1,[H]c1oc([H])c(C(=NC([H])([H])[H])C([H])([H])[H])c1[H]
19,18,0,[H]C1OC2([H])C1([H])C([H])([H])C([H])([H])N1C([H])([H])C12[H]
19,19,1,[H]C#CC(=NC([H])([H])C([H])([H])C([H])=N[H])C([H])([H])[H]
19,19,1,[H]OC12C3([H])C([H])([H])C1(OC([H])([H])[H])C([H])([H])C32[H]
20,20,1,[H]C1=C([H])C2(OC2([H])C([H])([H])C([H])([H])[H])C([H])([H])N1[H]
19,19,1,[H]C1=C(C([H])([H])[H])C2([H])C([H])([H])C3([H])OC2([H])C13[H]
19,19,1,[H]N=C(N([H])C(=O)N([H])[H])N(C([H])([H])[H])C([H])([H])[H]
16,14,0,[H]N([H])C1([H])C2C3OC4([H])C3([H])C1([H])C24[H]
15,15,1,[H]C(=O)C1([H])OC2([H])C3([H])OC1([H])C23[H]
20,19,0,
16,14,0,
17,17,1,[H]N1C([H])([H])C23C([H])([H])C4([H])N5C([H])(C52[H])C143
16,15,0,
17,17,1,[H]N1C2([H])C(=O)C([H])([H])C3([H])N([H])C3([H])C12[H]
23,23,1,[H]OC1([H])C([H])([H])C1(C([H])([H])[H])C([H])(OC([H])([H])[H])C([H])([H])[H]
17,17,1,[H]C(=O)N([H])C1(C#N)C([H])([H])C([H])([H])C1([H])[H]
18,18,1,[H]c1c2c(c(C([H])([H])[H])n1[H])N([H])C([H])([H])N2[H]
16,16,1,[H]C(=O)C12OC([H])([H])C1(C([H])([H])[H])C2([H])[H]
16,14,0,[H]C(=O)C1C([H])=C([H])N=C([H])C1C([H])([H])[H]
15,15,1,[H]C(=O)C([H])([H])C1([H])C([H])([H])C1([H])C#N
16,16,1,[H]N=C1C(=O)C([H])([H])C2([H])OC12C([H])([H])[H]
19,19,1,[H]OC1([H])C2([H])C([H])=C([H])C([H])([H])OC12C([H])([H])[H]
21,21,1,[H]C([H])([H])C1([H])C2([H])C([H])([H])C2([H])C1([H])C1([H])OC1([H])[H]
25,25,1,[H]C([H])([H])C([H])([H])C([H])([H])OC([H])(C([H])([H])[H])C1([H])C([H])([H])C1([H])[H]
18,18,1,[H]C1=NC([H])(C([H])([H])[H])C([H])([H])N([H])C([H])([H])O1
18,18,1,[H]C(=O)C([H])([H])C1([H])C([H])([H])C([H])([H])C1([H])C#N
13,13,1,[H]c1nn2c(N([H])[H])c([H])nc2o1
19,19,1,[H]C([H])([H])OC([H])([H])C([H])([H])C([H])([H])C([H])([H])C#N
18,18,1,[H]OC([H])([H])C(C#N)(C([H])([H])O[H])C([H])([H])O[H]
14,14,1,[H]C(=O)C12C(=O)OC1([H])C2([H])N([H])[H]
17,17,1,[H]N=C1C(=O)N([H])C(C([H])([H])[H])=C([H])C1([H])[H]
22,21,0,
19,19,1,[H]C([H])([H])OC1([H])C2([H])OC3([H])C1([H])C([H])([H])C23[H]
19,19,1,[H]C(=O)C([H])([H])N1N2C([H])([H])C2([H])C1([H])C([H])([H])[H]
19,19,1,[H]OC1(C([H])([H])[H])N2C3([H])N(C([H])([H])[H])C1([H])C23[H]
15,13,0,
19,19,1,[H]OC([H])(C([H])([H])[H])C1([H])C(=O)C([H])=C([H])C1([H])[H]
15,15,1,[H]C#CC1=C([H])C([H])=C(N([H])[H])C1([H])[H]
21,21,1,[H]OC([H])([H])C([H])([H])C([H])([H])C1([H])OC([H])([H])C([H])=C1[H]
19,19,1,[H]C([H])([H])C([H])([H])OC1([H])C2([H])C(=O)C([H])([H])C12[H]
16,16,1,[H]C#CC1([H])C([H])([H])C1(O[H])C([H])([H])C#N
15,15,1,[H]C(=O)C1([H])C(=NC([H])([H])C#N)C1([H])[H]
17,17,1,[H]OC1([H])C2([H])OC1([H])C([H])([H])C([H])([H])C2=O
21,21,1,[H]C1([H])OC([H])([H])C12C([H])([H])C1([H])C([H])([H])C([H])([H])C12[H]
19,19,1,[H]C(=O)C([H])(C(=O)N([H])[H])N([H])C([H])([H])C([H])([H])[H]
14,14,1,[H]Oc1c([H])nn(C([H])=O)c1N([H])[H]
15,15,1,[H]C1=C(N([H])[H])C2([H])OC1([H])C2([H])C#N
18,18,1,[H]C1([H])C(=O)C2([H])N1C1([H])C([H])(C([H])([H])[H])C21[H]
19,19,1,[H]OC([H])([H])C1(C(=O)C([H])([H])C([H])([H])[H])N([H])N1[H]
21,21,1,[H]OC([H])([H])C(O[H])(C([H])([H])O[H])C([H])(O[H])C([H])([H])[H]
15,11,0,
21,21,1,[H]OC1(C([H])([H])N2N([H])C2([H])C([H])([H])[H])C([H])([H])C1([H])[H]
17,15,0,[H]N=C([H])C1C(N([H])[H])C([H])=NN1C([H])([H])[H]
19,19,1,[H]C(=O)C1(C([H])=O)C([H])([H])C1([H])C1([H])N([H])C1([H])[H]
18,18,1,[H]N1C([H])([H])C2([H])C([H])([H])C1([H])C2([H])C([H])([H])[H]
14,14,1,[H]C1=NC(=O)C([H])(C([H])([H])[H])C1([H])[H]
18,18,1,[H]N(C(=O)OC1([H])C([H])([H])OC1([H])[H])C([H])([H])[H]
18,17,0,
19,19,1,[H]OC1(C([H])([H])[H])C([H])([H])C([H])([H])C1([H])OC([H])=O
13,13,1,[H]N=c1oc([H])c(N([H])C([H])=O)o1
15,15,1,[H]c1noc(C([H])([H])N2OC2([H])[H])c1[H]
14,12,0,[H]C1=NN([H])C2C1C(N([H])[H])=NN2[H]
18,16,0,[H]C(=NC1C([H])C([H])=C([H])N1[H])N([H])C([H])([H])[H]
11,11,1,[H]N=c1oc([H])nn([H])c1=O
17,17,1,[H]OC12C([H])(C#N)N([H])C([H])(C1([H])[H])C2([H])[H]
23,23,1,[H]C([H])([H])C(=O)C1([H])C([H])([H])C([H])([H])C1(C([H])([H])[H])C([H])([H])[H]
12,12,1,[H]C(=O)c1c([H])nc(=O)oc1[H]
23,23,1,[H]C([H])([H])OC([H])([H])C([H])([H])C1([H])C([H])([H])C1([H])OC([H])([H])[H]
16,16,1,[H]C#CC([H])([H])C1([H])C([H])([H])OC1([H])C#N
20,20,1,[H]N([H])C1(C([H])([H])C2([H])OC([H])([H])C2([H])[H])OC1([H])[H]
17,17,1,[H]C(=O)C([H])([H])N([H])C1(C([H])=O)N([H])C1([H])[H]
19,19,1,[H]C#CC12C([H])([H])C3([H])C([H])(C([H])([H])[H])C1([H])C32[H]
18,18,1,[H]C1=C2C3([H])N(C3([H])[H])C23C([H])([H])C3([H])C1([H])[H]
17,17,1,[H]OC1([H])C([H])([H])OC2([H])N(C([H])([H])[H])C21[H]
16,16,1,[H]C(=O)N(c1c([H])nn([H])c1[H])C([H])([H])[H]
17,17,1,[H]OC([H])(c1c([H])n([H])c(=O)n1[H])C([H])([H])[H]
18,18,1,[H]N1C([H])([H])C2([H])C([H])([H])C2([H])C1([H])C([H])([H])[H]
16,15,0,
13,13,1,[H]C1=NC([H])([H])N(C([H])([H])[H])C1=O
17,17,1,[H]C(=O)C12N(C1([H])[H])C([H])([H])C2([H])C([H])([H])[H]
21,21,1,[H]N1C([H])([H])N2C3(C([H])([H])[H])C([H])([H])C1([H])C23C([H])([H])[H]
20,20,1,[H]C(=O)C([H])([H])N([H])C1([H])C([H])([H])OC1([H])C([H])([H])[H]
14,13,0,[H]OC1([H])C2N3C(=C([H])C2([H])[H])C31[H]
20,20,1,[H]C([H])([H])C#CC12N(C([H])([H])C1([H])[H])C2([H])C([H])([H])[H]
19,19,1,[H]N=C1OC([H])(C([H])([H])[H])C([H])(OC([H])([H])[H])N1[H]
20,20,1,[H]C#CC1(OC([H])([H])N([H])[H])C([H])([H])C1([H])C([H])([H])[H]
22,22,1,[H]OC([H])([H])C([H])([H])C1([H])C([H])([H])N([H])C12C([H])([H])C2([H])[H]
20,20,1,[H]C#CN(C([H])([H])[H])C([H])(C([H])=O)C([H])([H])C([H])([H])[H]
19,19,1,[H]OC([H])(C([H])=O)C([H])([H])C([H])([H])C(=O)C([H])([H])[H]
16,16,1,[H]C1=NC([H])([H])C23C([H])(O1)OC2([H])C3([H])[H]
16,16,1,[H]C(=O)C1(OC([H])([H])[H])C([H])([H])C1([H])C#N
21,21,1,[H]C1=C([H])C2(C3([H])C([H])([H])C3([H])[H])C([H])([H])C2([H])C1([H])[H]
23,23,1,[H]C([H])([H])C([H])(OC1([H])C([H])([H])C1([H])[H])C1([H])C([H])([H])C1([H])[H]
14,14,1,[H]N=c1oc([H])nc([H])c1C([H])([H])[H]
17,16,0,[H]OC([H])([H])C1=C([H])N(C([H])([H])[H])C([H])C1=O
12,12,1,[H]N=c1c([H])noc([H])c1O[H]
21,21,1,[H]N1C2([H])C([H])([H])C1(C([H])([H])[H])C1([H])C([H])([H])C21N([H])[H]
19,19,1,[H]OC1([H])C(=O)C([H])(OC([H])([H])C([H])([H])[H])C1([H])[H]
23,23,1,[H]C([H])([H])C12C([H])([H])C1([H])C([H])([H])C1([H])C([H])([H])C([H])([H])C12[H]
22,22,1,[H]C([H])([H])C1([H])N2OC1([H])C(C([H])([H])[H])(C([H])([H])[H])C2([H])[H]
22,22,1,[H]N(C(=O)C(OC([H])([H])[H])(C([H])([H])[H])C([H])([H])[H])C([H])([H])[H]
20,20,1,[H]OC([H])([H])C(O[H])(C([H])([H])[H])C([H])([H])C([H])([H])C#N
19,19,1,[H]OC12C([H])([H])C3([H])OC1([H])C3([H])C2([H])C([H])([H])[H]
20,20,1,[H]C([H])([H])C1([H])N2C([H])([H])C3([H])C([H])([H])C2([H])OC13[H]
16,16,1,[H]OC1([H])C([H])([H])N([H])C(=O)N([H])C1([H])[H]
14,12,0,[H]C1OC([H])([H])C(C#N)C(=O)C1([H])[H]
21,21,1,[H]C(=O)C1=C([H])C([H])([H])C([H])([H])C([H])([H])C1([H])C([H])([H])[H]
17,17,1,[H]C(=O)N([H])C1=NC(C([H])([H])[H])=C([H])C1([H])[H]
19,19,1,[H]OC12C([H])([H])N3N(C1([H])[H])C2([H])C3([H])C([H])([H])[H]
19,19,1,[H]N([H])C12C3([H])N4C([H])(C3([H])[H])C1([H])C([H])([H])C42[H]
19,19,1,[H]C([H])([H])C12OC([H])(C1([H])[H])C1(O2)C([H])([H])C1([H])[H]
18,18,1,[H]OC1([H])C2([H])N([H])C1(C([H])=O)C2([H])C([H])([H])[H]
21,21,1,[H]C([H])([H])C1([H])OC12C([H])([H])C([H])([H])C1([H])C([H])([H])C12[H]
17,17,1,[H]OC1(C#N)C2([H])N([H])C2([H])C1([H])C([H])([H])[H]
20,20,1,[H]C([H])([H])C([H])([H])N1C2([H])C([H])([H])C(=O)C([H])([H])C12[H]
15,15,1,[H]C#CC([H])([H])C1(C([H])=O)N([H])C1([H])[H]
23,23,1,[H]C([H])([H])C([H])([H])C1([H])OC([H])([H])C([H])([H])OC1([H])C([H])([H])[H]
21,21,1,[H]OC1([H])C([H])([H])C(O[H])(C([H])([H])[H])C1(O[H])C([H])([H])[H]
15,15,1,[H]N1C2([H])C([H])([H])C(=O)C3([H])C1([H])C32[H]
15,15,1,[H]Oc1nnc(N([H])C([H])([H])[H])nc1[H]
18,18,1,[H]C1=C([H])C([H])([H])C2([H])N1C(N([H])[H])=NC2([H])[H]
22,22,1,[H]C1=C([H])C([H])(C([H])([H])[H])C2([H])N([H])C([H])([H])C2([H])C1([H])[H]
21,21,1,[H]C([H])([H])OC([H])([H])C1([H])OC2([H])C([H])([H])C2([H])C1([H])[H]
20,20,1,[H]N1C2([H])C1([H])C(N([H])[H])(C([H])([H])[H])C2([H])C([H])([H])[H]
22,22,1,[H]OC([H])([H])C1([H])C2([H])N(C([H])([H])[H])C1(C([H])([H])[H])C2([H])[H]
17,17,1,[H]N(C([H])([H])C([H])([H])[H])C([H])(C#N)C([H])([H])[H]
16,16,1,[H]C(=O)OC1([H])C(=O)N([H])C1([H])C([H])([H])[H]
18,18,1,[H]OC12C(=O)C([H])([H])C([H])([H])N([H])C1([H])C2([H])[H]
19,18,0,
19,19,1,[H]C1([H])OC2([H])C([H])([H])C3([H])OC3([H])C([H])([H])C12[H]
21,21,1,[H]C1([H])OC2([H])C([H])([H])C([H])([H])C([H])([H])C3([H])C1([H])C23[H]
18,18,1,[H]C#CC([H])(C([H])([H])O[H])C([H])([H])C(=O)N([H])[H]
23,23,1,[H]N1C2([H])C([H])(C([H])([H])[H])N(C([H])([H])[H])C([H])(C([H])([H])[H])C12[H]
14,12,0,[H]C(=O)C1C([H])=C([H])C([H])C([H])=C1F
24,24,1,[H]N=C([H])C([H])([H])C([H])(C([H])([H])O[H])C([H])([H])C([H])([H])C([H])([H])[H]
17,17,1,[H]C1([H])OC([H])([H])C12C1([H])C(=O)C([H])([H])C12[H]
18,18,1,[H]C1=NC2([H])C([H])([H])C([H])(O1)C21C([H])([H])C1([H])[H]
14,14,1,[H]C#CC1([H])C(=O)C([H])(C#C[H])N1[H]
18,18,1,[H]C1=NC([H])([H])C2(C([H])([H])[H])N(C1([H])[H])C2([H])[H]
25,25,1,[H]C([H])([H])C1([H])OC([H])([H])C([H])([H])C([H])([H])C([H])([H])C1([H])C([H])([H])[H]
21,21,1,[H]OC(C([H])([H])[H])(C([H])([H])[H])C1([H])N(C([H])([H])[H])C1([H])[H]
19,19,1,[H]OC12C([H])=C(C([H])([H])[H])C([H])([H])C1([H])OC2([H])[H]
18,18,1,[H]OC([H])(C#N)C1([H])C([H])([H])OC1([H])C([H])([H])[H]
14,10,0,
19,17,0,[H]C([H])([H])C([H])(O)OC1([H])C([H])([H])C1([H])C([H])([H])O
22,22,1,[H]OC([H])([H])C12N(C([H])([H])C1([H])C([H])([H])[H])C2([H])C([H])([H])[H]
23,23,1,[H]C([H])([H])OC([H])(C([H])([H])[H])C([H])(C([H])([H])[H])C1([H])OC1([H])[H]
18,18,1,[H]N1C([H])([H])C2([H])C(=O)C3([H])C1([H])C23C([H])([H])[H]
18,18,1,[H]C1=C2N(C([H])([H])C1([H])[H])C1([H])C([H])([H])OC21[H]
13,11,0,
19,19,1,[H]C([H])([H])C1([H])C2([H])OC1(C([H])([H])[H])C([H])([H])C2=O
19,19,1,[H]C([H])([H])C1([H])C2([H])N3C([H])([H])C([H])([H])C1([H])C32[H]
21,21,1,[H]C(=NC([H])([H])[H])OC1([H])N([H])C([H])([H])C1([H])C([H])([H])[H]
17,17,1,[H]C1=C([H])C([H])([H])C2(OC([H])([H])C2([H])[H])C1=O
19,19,1,[H]N([H])C1([H])N2C3([H])OC([H])(C([H])([H])C3([H])[H])C21[H]
15,15,1,[H]N=C1C([H])=C(C#N)C([H])(O[H])C1([H])[H]
25,22,0,[H]C(OC([H])([H])[H])C([H])([H])OC([H])([H])C([H])(N([H])[H])C([H])([H])[H]
19,19,1,[H]N=C([H])C([H])=NC(C([H])=O)(C([H])([H])[H])C([H])([H])[H]
18,18,1,[H]C([H])([H])OC12N(C3([H])OC3([H])[H])C1([H])C2([H])[H]
18,18,1,[H]OC([H])([H])C(=O)C1([H])C([H])([H])C1([H])C([H])([H])[H]
14,14,1,[H]N=C1N([H])C(=O)C([H])([H])C1([H])O[H]
18,18,1,[H]N=C1OC2([H])C([H])([H])C([H])([H])C2(C([H])([H])[H])O1
20,20,1,[H]c1c(N([H])[H])oc(C([H])(C([H])([H])[H])C([H])([H])[H])c1[H]
19,19,1,[H]N=C([H])N1C2([H])C([H])(O[H])C([H])(C([H])([H])[H])C12[H]
21,21,1,[H]C([H])([H])C12OC1([H])C([H])([H])C([H])([H])C([H])([H])OC2([H])[H]
19,19,1,[H]C1([H])N2C3([H])N4C1([H])C([H])([H])C([H])([H])C2([H])C43[H]
14,14,1,[H]OC1([H])C(=O)N([H])C([H])=NC1([H])[H]
19,19,1,[H]OC1([H])C(=O)C2(C([H])([H])[H])C([H])([H])C2([H])C1([H])[H]
18,18,1,[H]C1=C([H])C2(C(=O)N1[H])C([H])([H])C2([H])C([H])([H])[H]
20,20,1,[H]N1C([H])([H])C([H])([H])C12C(=O)C([H])([H])C2([H])C([H])([H])[H]
21,21,1,[H]N([H])C([H])(C([H])([H])[H])C12C3([H])N([H])C1([H])C32C([H])([H])[H]
19,19,1,[H]ON=C1C([H])([H])C2([H])C1([H])N([H])C([H])([H])C2([H])[H]
16,14,0,[H]OC1=NC([H])=NC(C([H])([H])[H])C1N([H])[H]
17,17,1,[H]C#CC1([H])C([H])([H])C2(C([H])=O)C([H])([H])C12[H]
17,17,1,[H]C1=C([H])C([H])([H])C([H])(OC([H])([H])[H])OC1=O
20,20,1,[H]C1=C([H])C2([H])N(C([H])([H])C1([H])[H])C2([H])OC([H])([H])[H]
22,22,1,[H]C([H])([H])C([H])([H])C([H])([H])C1([H])C2([H])C([H])([H])C12C([H])([H])[H]
21,21,1,[H]N1C2([H])C([H])([H])C2([H])C([H])([H])C12N(C([H])([H])[H])C2([H])[H]
17,17,1,[H]C1=NC2([H])C([H])([H])C2([H])C([H])([H])C1([H])C#N
18,18,1,[H]C([H])([H])C#CC1([H])C(=O)C([H])([H])N1C([H])([H])[H]
16,16,1,[H]OC(=O)C([H])([H])C([H])(C#N)C([H])([H])O[H]
